# out.obj
#
# This file contains a triangle mesh in Wavefront OBJ format.
# It also includes a tangent vector field, encoded in comment
# lines at the end of the file.  The degree of the field is
# specified by a line of the form
#
#    degree n
#
# where (for instance) n=1 is a unit vector field, n=2 is a
# line field, and n=4 is a cross field.  Individual vectors
# are then specified by lines of the form
#
#    field i x y z
#
# where i is the index of the vertex, and x y z are the three
# components of the tangent vector.  In the case where these
# vectors encode an n-direction field this vector is just one
# of the n possible vectors.  The other vectors can be obtained
# by rotating this one around the corresponding  vertex normal,
# which is given in the usual vn line.  Singularities in the
# field, which are associated with faces, are indicated by lines
#
#    singularity i s
#
# where i is the index of the triangle, and s is the degree of
# the singularity.  All indices are 1-based rather than 0-based.
#
# This field was generated using the fieldgen program:
#
#    https://github.com/GeometryCollective/fieldgen
#

v -0.707969 -0.706243 0
v 0.703106 -0.706243 0
v 0.703106 0.704832 0
v -0.707969 0.704832 0
v -0.0165785 -0.490363 0
v -0.627632 -0.076248 0
v -0.672692 -0.706243 0
v -0.637416 -0.706243 0
v -0.602139 -0.706243 0
v -0.566862 -0.706243 0
v -0.531585 -0.706243 0
v -0.496308 -0.706243 0
v -0.461031 -0.706243 0
v -0.425754 -0.706243 0
v -0.390477 -0.706243 0
v -0.355201 -0.706243 0
v -0.319924 -0.706243 0
v -0.284647 -0.706243 0
v -0.24937 -0.706243 0
v -0.214093 -0.706243 0
v -0.178816 -0.706243 0
v -0.143539 -0.706243 0
v -0.108262 -0.706243 0
v -0.0729855 -0.706243 0
v -0.0377086 -0.706243 0
v -0.00243172 -0.706243 0
v 0.0328451 -0.706243 0
v 0.0681221 -0.706243 0
v 0.103399 -0.706243 0
v 0.138676 -0.706243 0
v 0.173953 -0.706243 0
v 0.20923 -0.706243 0
v 0.244506 -0.706243 0
v 0.279783 -0.706243 0
v 0.31506 -0.706243 0
v 0.350337 -0.706243 0
v 0.385614 -0.706243 0
v 0.420891 -0.706243 0
v 0.456168 -0.706243 0
v 0.491445 -0.706243 0
v 0.526721 -0.706243 0
v 0.561998 -0.706243 0
v 0.597275 -0.706243 0
v 0.632552 -0.706243 0
v 0.667829 -0.706243 0
v 0.703106 -0.670966 0
v 0.703106 -0.635689 0
v 0.703106 -0.600413 0
v 0.703106 -0.565136 0
v 0.703106 -0.529859 0
v 0.703106 -0.494582 0
v 0.703106 -0.459305 0
v 0.703106 -0.424028 0
v 0.703106 -0.388751 0
v 0.703106 -0.353474 0
v 0.703106 -0.318198 0
v 0.703106 -0.282921 0
v 0.703106 -0.247644 0
v 0.703106 -0.212367 0
v 0.703106 -0.17709 0
v 0.703106 -0.141813 0
v 0.703106 -0.106536 0
v 0.703106 -0.0712594 0
v 0.703106 -0.0359825 0
v 0.703106 -0.000705617 0
v 0.703106 0.0345712 0
v 0.703106 0.0698482 0
v 0.703106 0.105125 0
v 0.703106 0.140402 0
v 0.703106 0.175679 0
v 0.703106 0.210956 0
v 0.703106 0.246233 0
v 0.703106 0.281509 0
v 0.703106 0.316786 0
v 0.703106 0.352063 0
v 0.703106 0.38734 0
v 0.703106 0.422617 0
v 0.703106 0.457894 0
v 0.703106 0.493171 0
v 0.703106 0.528448 0
v 0.703106 0.563724 0
v 0.703106 0.599001 0
v 0.703106 0.634278 0
v 0.703106 0.669555 0
v 0.667829 0.704832 0
v 0.632552 0.704832 0
v 0.597275 0.704832 0
v 0.561998 0.704832 0
v 0.526721 0.704832 0
v 0.491445 0.704832 0
v 0.456168 0.704832 0
v 0.420891 0.704832 0
v 0.385614 0.704832 0
v 0.350337 0.704832 0
v 0.31506 0.704832 0
v 0.279783 0.704832 0
v 0.244506 0.704832 0
v 0.20923 0.704832 0
v 0.173953 0.704832 0
v 0.138676 0.704832 0
v 0.103399 0.704832 0
v 0.0681221 0.704832 0
v 0.0328451 0.704832 0
v -0.00243172 0.704832 0
v -0.0377086 0.704832 0
v -0.0729855 0.704832 0
v -0.108262 0.704832 0
v -0.143539 0.704832 0
v -0.178816 0.704832 0
v -0.214093 0.704832 0
v -0.24937 0.704832 0
v -0.284647 0.704832 0
v -0.319924 0.704832 0
v -0.355201 0.704832 0
v -0.390477 0.704832 0
v -0.425754 0.704832 0
v -0.461031 0.704832 0
v -0.496308 0.704832 0
v -0.531585 0.704832 0
v -0.566862 0.704832 0
v -0.602139 0.704832 0
v -0.637416 0.704832 0
v -0.672692 0.704832 0
v -0.707969 0.669555 0
v -0.707969 0.634278 0
v -0.707969 0.599001 0
v -0.707969 0.563724 0
v -0.707969 0.528448 0
v -0.707969 0.493171 0
v -0.707969 0.457894 0
v -0.707969 0.422617 0
v -0.707969 0.38734 0
v -0.707969 0.352063 0
v -0.707969 0.316786 0
v -0.707969 0.281509 0
v -0.707969 0.246233 0
v -0.707969 0.210956 0
v -0.707969 0.175679 0
v -0.707969 0.140402 0
v -0.707969 0.105125 0
v -0.707969 0.0698482 0
v -0.707969 0.0345712 0
v -0.707969 -0.000705617 0
v -0.707969 -0.0359825 0
v -0.707969 -0.0712594 0
v -0.707969 -0.106536 0
v -0.707969 -0.141813 0
v -0.707969 -0.17709 0
v -0.707969 -0.212367 0
v -0.707969 -0.247644 0
v -0.707969 -0.282921 0
v -0.707969 -0.318198 0
v -0.707969 -0.353474 0
v -0.707969 -0.388751 0
v -0.707969 -0.424028 0
v -0.707969 -0.459305 0
v -0.707969 -0.494582 0
v -0.707969 -0.529859 0
v -0.707969 -0.565136 0
v -0.707969 -0.600413 0
v -0.707969 -0.635689 0
v -0.707969 -0.670966 0
v -0.0475884 -0.503258 0
v -0.0827257 -0.500739 0
v -0.117214 -0.493391 0
v -0.150902 -0.482944 0
v -0.183742 -0.470073 0
v -0.215701 -0.455144 0
v -0.246747 -0.438398 0
v -0.276852 -0.420013 0
v -0.30599 -0.40013 0
v -0.334266 -0.379035 0
v -0.361938 -0.357152 0
v -0.389028 -0.334555 0
v -0.415553 -0.311295 0
v -0.441521 -0.287417 0
v -0.466941 -0.262954 0
v -0.491814 -0.237936 0
v -0.51614 -0.212386 0
v -0.539915 -0.186322 0
v -0.563129 -0.159758 0
v -0.58577 -0.132703 0
v -0.607819 -0.105164 0
v -0.0329147 -0.462444 0
v -0.0602778 -0.44264 0
v -0.0891735 -0.425104 0
v -0.118583 -0.408439 0
v -0.148154 -0.392061 0
v -0.177702 -0.375642 0
v -0.207105 -0.358966 0
v -0.236274 -0.341884 0
v -0.265134 -0.324283 0
v -0.293817 -0.306397 0
v -0.322439 -0.288412 0
v -0.350967 -0.270279 0
v -0.379376 -0.251959 0
v -0.407645 -0.233425 0
v -0.435758 -0.214656 0
v -0.463704 -0.195637 0
v -0.491473 -0.176361 0
v -0.519061 -0.156828 0
v -0.546467 -0.13704 0
v -0.573693 -0.117005 0
v -0.600745 -0.0967359 0
v -0.15128 -0.357323 0
v 0.121882 0.674773 0
v 0.672538 0.122728 0
v -0.322123 -0.258986 0
v -0.0559329 0.667473 0
v -0.489408 -0.142276 0
v -0.0298082 -0.429347 0
v 0.67272 -0.0498627 0
v -0.231739 0.676223 0
v -0.682231 0.227554 0
v 0.673825 0.296623 0
v 0.672955 -0.23068 0
v 0.294145 0.674153 0
v 0.332785 -0.67726 0
v -0.373041 0.677432 0
v 0.672555 -0.371113 0
v -0.676196 0.368418 0
v 0.674445 0.4419 0
v -0.596414 -0.0631583 0
v 0.437143 0.67593 0
v 0.469695 -0.674434 0
v 0.19732 -0.676671 0
v -0.396365 -0.372151 0
v -0.678724 0.507052 0
v -0.677419 0.122763 0
v 0.674654 -0.472298 0
v -0.477182 0.67591 0
v -0.513946 -0.675693 0
v -0.406366 -0.201025 0
v -0.235462 -0.308091 0
v -0.68054 -0.47971 0
v -0.409102 -0.676262 0
v 0.542608 0.675356 0
v -0.475337 -0.297102 0
v -0.309973 -0.436365 0
v 0.081323 -0.675682 0
v -0.307231 -0.673764 0
v 0.67357 0.545446 0
v -0.677419 -0.371113 0
v 0.66944 -0.588976 0
v -0.584499 0.675943 0
v -0.677347 -0.585345 0
v -0.178468 -0.504948 0
v -0.0196796 -0.523481 0
v 0.00966913 -0.510753 0
v -0.241974 -0.47452 0
v -0.123445 -0.677142 0
v -0.552041 -0.219846 0
v 0.00527825 -0.543604 0
v 0.0356113 -0.530867 0
v 0.0399574 -0.498062 0
v 0.0662058 -0.518199 0
v 0.0707242 -0.485634 0
v 0.0970743 -0.505498 0
v 0.101599 -0.472812 0
v 0.128039 -0.492737 0
v 0.132375 -0.459482 0
v 0.158995 -0.479772 0
v 0.163342 -0.446423 0
v 0.190135 -0.46688 0
v 0.194433 -0.43344 0
v 0.167659 -0.413001 0
v 0.198783 -0.399949 0
v 0.171757 -0.37941 0
v 0.20303 -0.366346 0
v 0.175992 -0.345753 0
v 0.20737 -0.332659 0
v 0.17914 -0.311879 0
v 0.211478 -0.298861 0
v 0.18311 -0.278084 0
v 0.215753 -0.265023 0
v 0.188643 -0.244375 0
v 0.22026 -0.231145 0
v 0.193241 -0.210416 0
v 0.224713 -0.197189 0
v 0.19764 -0.176422 0
v 0.229369 -0.163208 0
v 0.202102 -0.142393 0
v 0.233834 -0.129159 0
v 0.206492 -0.108307 0
v 0.23825 -0.0950467 0
v 0.21088 -0.074189 0
v 0.179132 -0.0874711 0
v 0.183502 -0.0533287 0
v 0.151755 -0.06662 0
v 0.156105 -0.0324637 0
v 0.187891 -0.019159 0
v 0.160466 0.00172069 0
v 0.128699 -0.0116035 0
v 0.133023 0.0225937 0
v 0.10125 0.00926321 0
v 0.105574 0.0434763 0
v 0.138354 0.0564776 0
v 0.0737649 0.0301492 0
v 0.0781189 0.0643637 0
v 0.0462971 0.0510347 0
v 0.0506578 0.0852611 0
v 0.0188277 0.0719239 0
v 0.0231888 0.106153 0
v -0.00865001 0.0928163 0
v -0.00428702 0.127063 0
v -0.0360428 0.113703 0
v 0.0275677 0.140417 0
v -0.0317727 0.147971 0
v -0.0635376 0.134604 0
v -0.0592643 0.168912 0
v -0.0911736 0.155537 0
v -0.0868153 0.189876 0
v -0.118784 0.176463 0
v -0.114132 0.211258 0
v -0.146343 0.197503 0
v -0.0812529 0.224941 0
v -0.141759 0.232433 0
v -0.173967 0.218542 0
v -0.178371 0.184012 0
v -0.206007 0.205015 0
v -0.201656 0.239467 0
v 0.230026 -0.386355 0
v -0.233696 0.226003 0
v -0.0404817 0.0794642 0
v -0.229344 0.260507 0
v 0.247146 -0.250965 0
v 0.265618 -0.115924 0
v -0.210349 0.170576 0
v -0.261448 0.24702 0
v -0.257072 0.281576 0
v -0.289212 0.268067 0
v 0.160264 -0.223588 0
v -0.284794 0.302582 0
v -0.252252 0.3162 0
v -0.31696 0.28911 0
v -0.321352 0.254544 0
v -0.312245 0.323734 0
v 0.0695593 -0.00412766 0
v 0.27004 -0.0817536 0
v 0.297451 -0.102677 0
v 0.301876 -0.0684408 0
v 0.32937 -0.0894181 0
v 0.333787 -0.0550973 0
v -0.349102 0.275603 0
v -0.353471 0.24104 0
v 0.361305 -0.0760924 0
v 0.365732 -0.0417364 0
v -0.381244 0.262119 0
v -0.385605 0.227534 0
v 0.356876 -0.110445 0
v 0.388845 -0.0971107 0
v 0.384392 -0.131505 0
v 0.416407 -0.118154 0
v 0.411941 -0.152559 0
v 0.338182 -0.0207264 0
v 0.370167 -0.00734041 0
v 0.342566 0.0137089 0
v 0.374608 0.027106 0
v 0.346968 0.0481735 0
v 0.379051 0.0615887 0
v 0.351377 0.0826833 0
v 0.383496 0.0961113 0
v 0.355793 0.117224 0
v 0.387944 0.130669 0
v 0.360756 0.151605 0
v 0.392492 0.165222 0
v 0.365602 0.186595 0
v 0.39704 0.199902 0
v 0.369573 0.221509 0
v 0.401427 0.234623 0
v 0.373607 0.255817 0
v 0.342557 0.242945 0
v 0.346236 0.277466 0
v 0.378006 0.290465 0
v 0.350193 0.311681 0
v 0.318269 0.298623 0
v 0.322348 0.332887 0
v 0.290084 0.319385 0
v 0.354625 0.346212 0
v 0.294445 0.354 0
v 0.262174 0.340485 0
v 0.266588 0.37517 0
v 0.234313 0.361648 0
v 0.238738 0.396362 0
v 0.207461 0.383032 0
v 0.271035 0.409878 0
v 0.406592 0.0405049 0
v 0.258665 0.305067 0
v 0.243136 0.431101 0
v -0.413393 0.248603 0
v -0.409033 0.283225 0
v -0.417727 0.21402 0
v -0.389986 0.192988 0
v -0.422041 0.17949 0
v -0.394377 0.158504 0
v -0.426413 0.145017 0
v -0.398494 0.12408 0
v 0.429178 0.213357 0
v 0.275487 0.444634 0
v 0.147454 -0.3251 0
v 0.444008 -0.139216 0
v 0.439537 -0.173707 0
v -0.441251 0.269651 0
v -0.436867 0.304346 0
v -0.43066 0.110637 0
v -0.402795 0.0897633 0
v 0.247547 0.465877 0
v -0.454339 0.165849 0
v 0.330155 0.138197 0
v -0.46913 0.290742 0
v -0.464733 0.32549 0
v -0.434843 0.0763794 0
v -0.407358 0.0555657 0
v -0.37527 0.0687781 0
v -0.379917 0.0347347 0
v -0.3482 0.0480375 0
v -0.352558 0.0139568 0
v -0.320868 0.0272596 0
v -0.325194 -0.00679536 0
v -0.293542 0.00648491 0
v -0.297858 -0.0275357 0
v -0.266239 -0.0142713 0
v -0.270541 -0.0482652 0
v -0.238959 -0.0350078 0
v -0.24327 -0.068957 0
v -0.211704 -0.055722 0
v -0.216012 -0.0896468 0
v -0.184463 -0.0764242 0
v -0.188759 -0.110343 0
v -0.157239 -0.0971127 0
v -0.161548 -0.130987 0
v -0.130031 -0.117785 0
v -0.134339 -0.151643 0
v -0.101865 -0.138479 0
v -0.106959 -0.17233 0
v -0.0743236 -0.15954 0
v -0.0796869 -0.193045 0
v -0.0484608 -0.17977 0
v -0.0526981 -0.213627 0
v 0.279919 0.479435 0
v 0.47165 -0.160315 0
v 0.467173 -0.194825 0
v 0.476106 -0.125795 0
v 0.435056 -0.20821 0
v 0.462664 -0.229327 0
v 0.430641 -0.242695 0
v 0.458175 -0.263807 0
v 0.426186 -0.277155 0
v 0.453673 -0.298238 0
v 0.421661 -0.311571 0
v 0.449175 -0.332639 0
v 0.417275 -0.345975 0
v 0.444724 -0.367024 0
v 0.412824 -0.380352 0
v 0.44027 -0.401399 0
v 0.408261 -0.414723 0
v 0.435803 -0.435804 0
v 0.403761 -0.449111 0
v 0.467869 -0.422467 0
v 0.4634 -0.456956 0
v 0.251992 0.500682 0
v 0.219601 0.487113 0
v -0.207377 -0.0217583 0
v 0.485776 -0.28511 0
v -0.0964326 -0.104702 0
v -0.439191 0.0422016 0
v -0.466614 0.0629769 0
v 0.503802 -0.14693 0
v 0.508266 -0.112327 0
v -0.496991 0.311911 0
v -0.492612 0.346662 0
v -0.460333 0.360238 0
v -0.488235 0.381424 0
v -0.455913 0.395014 0
v -0.483852 0.416218 0
v -0.451503 0.429815 0
v -0.479412 0.451028 0
v -0.447091 0.464621 0
v -0.474937 0.485956 0
v -0.419147 0.443405 0
v -0.414736 0.478221 0
v -0.386789 0.457003 0
v -0.382371 0.491811 0
v -0.354428 0.470599 0
v -0.350016 0.505422 0
v -0.322058 0.484205 0
v -0.0212947 -0.200412 0
v -0.0255552 -0.234248 0
v -0.014638 -0.167 0
v 0.185753 -0.500333 0
v 0.217079 -0.487325 0
v -0.35701 -0.0201264 0
v -0.511638 0.437498 0
v 0.22406 0.521931 0
v 0.191668 0.508357 0
v -0.274813 -0.082239 0
v -0.501396 0.277122 0
v 0.49547 -0.4437 0
v 0.491077 -0.47818 0
v 0.307849 0.458173 0
v 0.312291 0.492997 0
v 0.340239 0.471705 0
v 0.34469 0.506541 0
v 0.372647 0.485253 0
v -0.317656 0.519021 0
v -0.289695 0.497801 0
v -0.193032 -0.144253 0
v 0.212616 -0.521135 0
v 0.2442 -0.507942 0
v -0.529259 0.298317 0
v -0.533637 0.263547 0
v 0.377062 0.520123 0
v 0.405047 0.498838 0
v 0.389658 -0.324914 0
v -0.111391 -0.206195 0
v 0.536026 -0.133539 0
v 0.239752 -0.541945 0
v 0.271442 -0.528797 0
v -0.470935 0.0288435 0
v -0.498322 0.0496072 0
v 0.584971 -0.672098 0
v 0.00598568 -0.221048 0
v 0.00157925 -0.254869 0
v -0.0239687 -0.556528 0
v -0.029818 -0.268051 0
v -0.00271103 -0.28863 0
v 0.540497 -0.0988804 0
v 0.512709 -0.0776851 0
v 0.544956 -0.0642182 0
v -0.377885 0.526617 0
v 0.376206 -0.428032 0
v -0.316024 0.061398 0
v -0.285295 0.532614 0
v -0.257345 0.511383 0
v -0.261689 0.476554 0
v -0.229393 0.490155 0
v -0.224988 0.524961 0
v -0.197064 0.503722 0
v -0.201473 0.468942 0
v -0.169155 0.482494 0
v -0.173557 0.447742 0
v -0.141255 0.461291 0
v -0.14566 0.426551 0
v -0.113359 0.440091 0
v -0.10895 0.474836 0
v -0.0810524 0.453628 0
v -0.0766339 0.488391 0
v -0.0487498 0.467172 0
v -0.0531699 0.432425 0
v -0.021288 0.445429 0
v -0.0253774 0.41115 0
v -0.0177501 0.480187 0
v 0.00647728 0.424127 0
v 0.00245824 0.389936 0
v -0.192645 0.538536 0
v 0.0346895 0.403447 0
v 0.03035 0.368853 0
v -0.0297122 0.376543 0
v 0.402626 -0.221061 0
v -0.677181 0.0536778 0
v -0.36198 0.172036 0
v -0.182764 0.149619 0
v 0.0145415 0.0377006 0
v 0.202775 0.347866 0
v 0.14739 -0.100731 0
v 0.672555 -0.300559 0
v 0.672566 0.0169124 0
v 0.0210148 0.671189 0
v -0.126881 0.674102 0
v 0.191591 0.674667 0
v 0.405154 -0.674066 0
v 0.672818 0.192971 0
v -0.674577 0.444121 0
v -0.197048 0.273896 0
v 0.369832 0.675615 0
v 0.66822 0.368513 0
v -0.198654 -0.67452 0
v 0.107365 -0.439834 0
v 0.319495 0.0685436 0
v -0.678377 0.579789 0
v -0.5845 -0.675693 0
v -0.678396 -0.300559 0
v 0.400605 0.463949 0
v 0.433027 0.477533 0
v 0.437468 0.512428 0
v 0.465468 0.491113 0
v 0.460992 0.456221 0
v 0.493448 0.469789 0
v 0.488966 0.434898 0
v 0.497934 0.504693 0
v -0.0953477 0.121144 0
v 0.433615 0.248064 0
v 0.461446 0.226819 0
v 0.465905 0.261575 0
v 0.493766 0.240311 0
v 0.48934 0.205894 0
v 0.498252 0.275108 0
v 0.526167 0.25381 0
v 0.530643 0.288652 0
v 0.525928 0.483356 0
v 0.530415 0.518275 0
v -0.261899 0.0197546 0
v 0.0367652 0.437474 0
v -0.152924 -0.0631879 0
v 0.494807 -0.216087 0
v 0.415578 0.109539 0
v -0.520509 0.367831 0
v 0.0824945 0.09861 0
v 0.238575 -0.31878 0
v 0.470341 0.296358 0
v -0.027381 0.182275 0
v 0.25639 -0.183081 0
v 0.458852 -0.491541 0
v 0.486557 -0.512804 0
v 0.45427 -0.526194 0
v 0.518857 -0.499385 0
v 0.51434 -0.534105 0
v 0.192283 0.0150561 0
v 0.47668 -0.353946 0
v 0.517153 -0.0430164 0
v 0.123229 -0.526157 0
v 0.316783 0.527791 0
v -0.10765 -0.529238 0
v -0.543749 -0.10299 0
v 0.502407 0.539618 0
v -0.677419 0.299148 0
v 0.669119 0.615379 0
v 0.549421 -0.0295242 0
v 0.521596 -0.00829965 0
v 0.553037 0.00530229 0
v 0.525902 0.0264498 0
v 0.557342 0.0400626 0
v 0.530298 0.0612096 0
v 0.0625732 0.382375 0
v 0.0581505 0.347745 0
v 0.0259807 0.334247 0
v 0.0537322 0.313141 0
v -0.304371 0.674982 0
v 0.546713 -0.520655 0
v 0.551206 -0.48588 0
v -0.0340789 -0.301794 0
v 0.673181 -0.1604 0
v 0.00103474 -0.576828 0
v 0.263572 -0.678134 0
v 0.0286565 -0.275476 0
v 0.0243726 -0.309216 0
v 0.196109 0.543193 0
v 0.163723 0.529607 0
v 0.159292 0.49478 0
v 0.131344 0.516019 0
v 0.228506 0.556782 0
v 0.208041 -0.555071 0
v 0.534901 0.55321 0
v 0.0615596 -0.551234 0
v 0.558423 0.496927 0
v 0.55393 0.461999 0
v 0.0215881 0.299665 0
v 0.0493215 0.278583 0
v 0.0814413 0.292037 0
v 0.0770231 0.257506 0
v 0.109128 0.270938 0
v 0.104712 0.236431 0
v 0.136805 0.249854 0
v 0.13239 0.215362 0
v 0.164471 0.228783 0
v 0.160058 0.194299 0
v 0.192133 0.207718 0
v 0.187709 0.173235 0
v -0.214689 0.136196 0
v -0.186875 0.115078 0
v -0.0301354 -0.589729 0
v -0.205795 0.434154 0
v -0.326473 0.449385 0
v 0.456521 0.421334 0
v -0.313259 0.55386 0
v 0.560928 0.0749389 0
v -0.427964 0.373826 0
v -0.502457 0.0156715 0
v -0.475226 -0.00518173 0
v -0.5299 0.0364162 0
v -0.525761 0.0704724 0
v 0.135768 0.550857 0
v 0.103381 0.53726 0
v 0.27585 -0.494677 0
v 0.303244 -0.515564 0
v 0.298844 -0.549727 0
v 0.330739 -0.536487 0
v -0.676576 -0.226568 0
v 0.542169 -0.55544 0
v 0.558571 0.267347 0
v 0.554094 0.23249 0
v 0.563059 0.302205 0
v 0.219803 0.186638 0
v 0.215372 0.15216 0
v -0.242271 0.157129 0
v -0.557563 0.0569923 0
v -0.553295 0.0912587 0
v 0.506871 0.574562 0
v 0.397697 -0.0283729 0
v 0.310664 0.000150504 0
v 0.535155 0.323402 0
v 0.567553 0.336978 0
v -0.280883 0.56746 0
v 0.534595 0.096006 0
v 0.567311 0.109471 0
v -0.561534 0.284735 0
v -0.565885 0.249977 0
v 0.509755 -0.568891 0
v -0.538003 0.228816 0
v -0.570227 0.215243 0
v -0.0611678 -0.281245 0
v -0.117787 0.405372 0
v -0.150042 0.391845 0
v -0.122216 0.370693 0
v 0.12004 -0.0799151 0
v 0.115681 -0.113991 0
v 0.0883519 -0.0932024 0
v 0.084002 -0.127244 0
v 0.0566911 -0.106464 0
v 0.352389 -0.144796 0
v -0.104537 0.509613 0
v -0.0721909 0.523174 0
v -0.100112 0.544411 0
v -0.0677394 0.557988 0
v 0.568297 -0.120084 0
v 0.563805 -0.154794 0
v 0.090372 0.36124 0
v 0.0948144 0.395903 0
v -0.542286 0.194233 0
v -0.574473 0.180659 0
v 0.1078 0.572107 0
v 0.0754091 0.558507 0
v -0.622924 -0.0418606 0
v -0.0889418 -0.391825 0
v 0.326326 -0.570837 0
v 0.574598 -0.541969 0
v 0.357876 -0.55817 0
v 0.586523 0.246034 0
v 0.581919 0.211428 0
v 0.0798242 0.59337 0
v 0.0474164 0.579759 0
v 0.235287 -0.576015 0
v 0.14058 0.584771 0
v 0.0164834 -0.67416 0
v 0.0557195 -0.296075 0
v 0.0514046 -0.329774 0
v 0.0600364 -0.262312 0
v 0.0201281 -0.342882 0
v -0.600318 -0.166101 0
v 0.570057 -0.576812 0
v 0.0463469 -0.36155 0
v -0.585226 0.0777549 0
v 0.585444 -0.012306 0
v -0.0956565 0.579242 0
v 0.155631 0.159839 0
v 0.100119 0.20198 0
v 0.0462157 -0.464054 0
v 0.0448435 0.24407 0
v -0.506501 -0.0191171 0
v -0.479446 -0.0392632 0
v -0.589502 0.0433862 0
v 0.353866 -0.592112 0
v 0.386094 -0.578631 0
v -0.246594 0.122785 0
v -0.154432 0.357173 0
v -0.126628 0.336058 0
v -0.274158 0.143703 0
v -0.447982 -0.0259116 0
v -0.452256 -0.0598166 0
v 0.203471 -0.589124 0
v 0.586435 0.475569 0
v 0.581937 0.44063 0
v 0.590929 0.510513 0
v 0.111303 -0.148026 0
v 0.0796648 -0.161255 0
v 0.615485 0.676803 0
v 0.335777 0.436886 0
v 0.168897 0.263285 0
v 0.539386 0.588158 0
v 0.22422 0.221158 0
v 0.251914 0.200055 0
v 0.489341 -0.0218115 0
v 0.219696 -0.00585631 0
v 0.224139 0.0283891 0
v 0.12731 0.481713 0
v 0.155082 0.460257 0
v 0.498121 0.0476808 0
v 0.0710096 0.523661 0
v -0.521544 0.104589 0
v 0.484363 0.400036 0
v 0.452045 0.386461 0
v -0.055347 -0.675693 0
v 0.589528 0.0543099 0
v 0.541448 0.129784 0
v 0.507338 0.117067 0
v -0.309237 0.588228 0
v 0.307464 -0.481393 0
v 0.280196 -0.460564 0
v -0.593828 0.271144 0
v -0.589468 0.305945 0
v -0.0632959 0.592837 0
v 0.361907 -0.525947 0
v -0.0646812 -0.31399 0
v -0.0924938 -0.294441 0
v 0.511355 0.609518 0
v 0.478833 0.595916 0
v 0.122623 0.374735 0
v -0.275843 0.599258 0
v -0.0353329 0.571559 0
v -0.0308904 0.606423 0
v 0.321684 -0.605422 0
v 0.0785675 -0.348909 0
v 0.0871172 -0.282939 0
v 0.091647 -0.249609 0
v -0.602419 0.201666 0
v -0.606654 0.167092 0
v -0.592062 -0.0294965 0
v -0.674285 -0.163755 0
v 0.596123 -0.141325 0
v 0.591614 -0.176066 0
v 0.600622 -0.106578 0
v 0.595513 0.315752 0
v 0.600066 0.350422 0
v -0.655296 0.670505 0
v -0.678206 -0.651964 0
v 0.649556 -0.675406 0
v 0.618955 0.489147 0
v 0.256021 0.234198 0
v -0.420633 -0.0465715 0
v -0.425055 -0.0804192 0
v 0.105972 -0.18247 0
v -0.39341 -0.0672684 0
v -0.39786 -0.101034 0
v -0.366457 -0.0878213 0
v -0.370723 -0.121614 0
v -0.339307 -0.108405 0
v -0.343587 -0.142188 0
v -0.312186 -0.128994 0
v -0.316465 -0.162754 0
v -0.285098 -0.149576 0
v -0.289376 -0.18331 0
v -0.258011 -0.170136 0
v -0.262278 -0.203863 0
v -0.230934 -0.190699 0
v -0.235185 -0.224408 0
v -0.203849 -0.211243 0
v -0.20812 -0.244941 0
v -0.176799 -0.231793 0
v -0.181052 -0.265476 0
v -0.325719 0.219984 0
v -0.0944458 0.349558 0
v -0.0987472 0.315087 0
v -0.131529 0.301399 0
v -0.0359313 -0.33452 0
v -0.149614 -0.25237 0
v -0.153295 -0.286208 0
v -0.0665813 0.328458 0
v -0.0709609 0.294028 0
v -0.510157 0.207705 0
v -0.182255 0.3783 0
v -0.186632 0.343646 0
v -0.21444 0.364756 0
v 0.424106 0.407767 0
v 0.419639 0.372929 0
v -0.391194 0.422196 0
v 0.0610408 -0.0724241 0
v 0.0293736 -0.0856888 0
v 0.118151 0.340084 0
v 0.549384 0.427177 0
v -0.404635 0.317888 0
v 0.567413 0.566797 0
v 0.571905 0.601756 0
v 0.601819 0.580254 0
v -0.265678 0.212475 0
v 0.200542 0.578057 0
v 0.232957 0.591656 0
v -0.220574 0.559788 0
v -0.188205 0.573384 0
v -0.341319 0.575033 0
v 0.293113 -0.136231 0
v 0.139246 -0.392744 0
v 0.260914 0.57036 0
v 0.265403 0.605241 0
v 0.293372 0.583951 0
v 0.559304 -0.189487 0
v 0.586752 -0.21075 0
v 0.554745 -0.224249 0
v 0.582163 -0.245471 0
v 0.55023 -0.258969 0
v 0.577971 -0.280227 0
v 0.545741 -0.293635 0
v 0.573511 -0.314932 0
v -0.215918 0.594076 0
v -0.183716 0.608159 0
v 0.196797 0.0489802 0
v 0.228737 0.0622716 0
v 0.203021 0.0830768 0
v 0.0656975 -0.229201 0
v 0.0337111 -0.0516547 0
v 0.00204553 -0.0649121 0
v 0.0062586 -0.0308528 0
v -0.0252869 -0.0441447 0
v -0.0296114 -0.0781749 0
v -0.0570257 -0.0575532 0
v -0.0526363 -0.0234203 0
v -0.0843743 -0.0368247 0
v -0.0799876 -0.00267977 0
v -0.111621 -0.0159307 0
v -0.107316 0.0181209 0
v -0.138965 0.00486931 0
v -0.13463 0.0389753 0
v -0.166322 0.0256656 0
v -0.337314 0.609407 0
v -0.369298 0.59636 0
v 0.420786 -0.0836856 0
v 0.311759 -0.447282 0
v 0.541252 -0.328315 0
v 0.568994 -0.349642 0
v 0.601352 -0.336206 0
v 0.596817 -0.370968 0
v 0.56451 -0.384318 0
v 0.59228 -0.405727 0
v 0.274428 -0.0475508 0
v 0.499807 -0.409597 0
v 0.391666 0.394252 0
v 0.230783 -0.610223 0
v -0.0485439 0.0107341 0
v 0.176391 -0.568136 0
v 0.171673 -0.602167 0
v 0.144619 -0.58118 0
v 0.139868 -0.615186 0
v 0.284573 -0.426629 0
v 0.316064 -0.413228 0
v 0.288914 -0.392601 0
v 0.320444 -0.379199 0
v 0.112908 -0.594249 0
v 0.256087 0.0417269 0
v -0.103074 0.0522592 0
v 0.60252 -0.56332 0
v 0.597978 -0.598207 0
v 0.606869 -0.528703 0
v 0.56639 -0.610511 0
v 0.0158955 -0.37651 0
v 0.0454132 -0.395509 0
v 0.479689 0.365276 0
v -0.130314 0.0731213 0
v -0.514252 0.173169 0
v 0.53975 0.357914 0
v 0.610484 -0.264923 0
v 0.29328 -0.358612 0
v 0.324824 -0.345162 0
v 0.297611 -0.324559 0
v 0.329131 -0.311084 0
v 0.261562 0.0750867 0
v -0.5653 -0.0501564 0
v -0.401845 -0.134658 0
v 0.301949 -0.29052 0
v 0.333532 -0.276988 0
v 0.306279 -0.256397 0
v 0.337654 -0.243212 0
v -0.483626 -0.0729364 0
v 0.31076 -0.222095 0
v 0.549579 0.197634 0
v 0.580068 0.17704 0
v 0.55979 -0.418531 0
v 0.5875 -0.439899 0
v 0.62011 -0.426976 0
v -0.619166 -0.00870878 0
v 0.0518348 0.614638 0
v -0.00355673 -0.610381 0
v 0.0272099 -0.597195 0
v -0.0908729 0.613235 0
v -0.0576336 -0.564478 0
v -0.0621175 -0.602008 0
v -0.0892508 -0.581539 0
v 0.119755 -0.270065 0
v 0.426929 -0.504921 0
v 0.342742 -0.210384 0
v 0.283362 0.213517 0
v -0.0944585 -0.615118 0
v -0.121738 -0.594398 0
v -0.347293 -0.175998 0
v 0.237822 0.624843 0
v 0.614099 0.225641 0
v 0.617808 0.25988 0
v 0.614795 -0.461136 0
v 0.226687 0.255112 0
v 0.279273 0.179497 0
v 0.381476 -0.613904 0
v 0.413958 -0.599842 0
v 0.0250286 -0.119714 0
v -0.647522 -0.108636 0
v 0.371267 -0.460739 0
v 0.618939 -0.197207 0
v -0.0932747 -0.326021 0
v 0.483583 0.630242 0
v 0.450797 0.617274 0
v 0.446316 0.582317 0
v 0.417978 0.604517 0
v 0.352223 -0.365919 0
v 0.365442 -0.265357 0
v -0.617222 0.0642956 0
v -0.613452 0.0985418 0
v -0.63426 0.187178 0
v -0.265563 -0.237686 0
v -0.278465 0.109399 0
v -0.250538 0.0884407 0
v -0.306029 0.130285 0
v -0.562325 -0.0150596 0
v -0.17231 -0.198115 0
v -0.253734 -0.136383 0
v -0.334789 -0.0746502 0
v -0.0385928 0.307352 0
v -0.0433195 0.272805 0
v 0.604145 0.614545 0
v -0.416133 -0.012623 0
v 0.138433 -0.168984 0
v -0.155226 0.128651 0
v -0.0891904 -0.260367 0
v -0.30174 0.164597 0
v -0.549532 0.125429 0
v 0.413788 0.568849 0
v 0.385816 0.59016 0
v 0.252919 -0.440293 0
v -0.132426 0.530841 0
v -0.155795 0.586955 0
v -0.650825 -0.0220266 0
v 0.262588 -0.597042 0
v 0.577124 0.406 0
v 0.611141 0.416726 0
v 0.0823894 0.630904 0
v -0.150936 0.620684 0
v -0.180336 0.644658 0
v 0.285255 0.248727 0
v 0.298365 0.61765 0
v 0.325879 0.597544 0
v 0.512351 0.151335 0
v 0.479433 0.137456 0
v 0.474819 0.102901 0
v 0.126488 0.409874 0
v 0.096145 0.431432 0
v 0.644518 0.243185 0
v -0.184388 -0.300226 0
v 0.316216 -0.189309 0
v 0.330337 0.632476 0
v -0.621122 0.293105 0
v -0.617076 0.327613 0
v -0.58502 0.340829 0
v -0.612962 0.362131 0
v -0.580657 0.375615 0
v -0.609916 0.397109 0
v -0.576226 0.410575 0
v -0.605735 0.432036 0
v -0.572085 0.445449 0
v -0.600524 0.466836 0
v -0.567513 0.480413 0
v -0.595956 0.501748 0
v -0.563076 0.515341 0
v -0.590519 0.536554 0
v -0.55848 0.550258 0
v -0.585907 0.571477 0
v -0.55379 0.584687 0
v -0.525998 0.563825 0
v -0.52137 0.598248 0
v -0.493535 0.577443 0
v -0.579992 0.606283 0
v -0.489557 0.611805 0
v -0.461178 0.591062 0
v -0.465541 0.556227 0
v -0.433206 0.569579 0
v -0.428804 0.604452 0
v -0.516794 0.632342 0
v -0.619081 0.590072 0
v -0.437674 0.534757 0
v -0.535024 0.49396 0
v -0.624722 0.258516 0
v -0.608045 0.625756 0
v -0.623492 0.522968 0
v 0.627004 -0.127646 0
v 0.634272 -0.094004 0
v 0.605079 -0.0717523 0
v 0.623449 0.524107 0
v 0.627097 0.32943 0
v 0.390257 0.625006 0
v 0.309232 0.193903 0
v 0.108169 -0.626901 0
v 0.13314 -0.648199 0
v 0.0820862 -0.605965 0
v 0.421579 -0.537974 0
v 0.449703 -0.560876 0
v -0.00372557 -0.4494 0
v 0.650734 0.501585 0
v 0.150414 0.353561 0
v 0.144712 0.318608 0
v 0.634258 -0.54811 0
v -0.642606 0.61523 0
v -0.647366 0.00899701 0
v -0.00291512 0.585134 0
v -0.00737336 0.550268 0
v -0.00102873 0.619416 0
v 0.639127 -0.516323 0
v -0.644932 0.0777701 0
v 0.576388 0.636728 0
v -0.645624 0.150607 0
v 0.055495 0.649926 0
v -0.127853 -0.626253 0
v -0.154539 -0.606961 0
v -0.153007 -0.570905 0
v -0.183935 -0.587227 0
v -0.186469 -0.619665 0
v -0.214869 -0.599181 0
v -0.211605 -0.565785 0
v -0.242735 -0.577736 0
v -0.247265 -0.61237 0
v -0.275107 -0.590713 0
v -0.270215 -0.555822 0
v -0.302853 -0.568976 0
v -0.297925 -0.534047 0
v -0.330621 -0.547245 0
v -0.335535 -0.582169 0
v -0.363322 -0.560448 0
v -0.358406 -0.525521 0
v -0.391111 -0.538726 0
v -0.386195 -0.503797 0
v -0.418903 -0.517004 0
v -0.423819 -0.551934 0
v -0.451611 -0.530212 0
v -0.446695 -0.495282 0
v -0.479404 -0.508489 0
v -0.474488 -0.473558 0
v -0.507198 -0.486767 0
v -0.502282 -0.451835 0
v -0.512114 -0.521698 0
v -0.534991 -0.465043 0
v -0.530075 -0.430111 0
v -0.562786 -0.44332 0
v -0.557869 -0.408387 0
v -0.567702 -0.478252 0
v -0.456527 -0.565142 0
v -0.497365 -0.416903 0
v -0.59058 -0.421596 0
v -0.585664 -0.386663 0
v -0.552953 -0.373455 0
v -0.580747 -0.351731 0
v -0.442202 -0.459264 0
v -0.429094 -0.585971 0
v -0.461863 -0.599032 0
v -0.548947 -0.339688 0
v -0.576306 -0.317406 0
v -0.544353 -0.309157 0
v -0.608621 -0.330108 0
v -0.604041 -0.295605 0
v -0.516915 -0.361637 0
v -0.368236 -0.595375 0
v -0.489306 -0.578177 0
v -0.352636 -0.489502 0
v -0.381136 -0.468686 0
v -0.340444 -0.617094 0
v -0.494455 -0.612533 0
v -0.522008 -0.591405 0
v -0.462906 -0.637507 0
v -0.618086 -0.399913 0
v -0.623242 -0.434811 0
v -0.370702 -0.632888 0
v -0.527112 -0.624561 0
v -0.554708 -0.60442 0
v -0.549759 -0.569752 0
v -0.582462 -0.582972 0
v -0.577534 -0.548112 0
v -0.610246 -0.561308 0
v -0.615433 -0.594385 0
v -0.605328 -0.526387 0
v -0.639307 -0.538981 0
v -0.279732 -0.624517 0
v -0.254761 -0.646381 0
v -0.631715 -0.50479 0
v -0.651371 -0.418198 0
v -0.266244 -0.52217 0
v -0.292993 -0.499114 0
v -0.3417 -0.652923 0
v -0.658007 -0.0774819 0
v -0.636407 0.454339 0
v 0.635156 0.595743 0
v 0.0227184 -0.632461 0
v 0.593026 -0.633472 0
v 0.625199 -0.619525 0
v 0.63528 -0.35942 0
v -0.348569 -0.455661 0
v -0.376338 -0.433906 0
v 0.636312 -0.320336 0
v 0.257032 -0.628754 0
v 0.222819 -0.645421 0
v -0.66189 -0.511522 0
v -0.0272454 0.640985 0
v -0.364075 0.629368 0
v -0.560365 -0.642758 0
v -0.00362313 -0.414983 0
v -0.0323965 -0.396396 0
v 0.115048 -0.303789 0
v -0.0096931 -0.644789 0
v 0.0499 -0.65436 0
v 0.660919 -0.114355 0
v 0.126604 -0.237095 0
v 0.409474 -0.634618 0
v 0.44002 -0.624968 0
v 0.437385 -0.655977 0
v -0.32977 0.64464 0
v -0.633601 -0.307233 0
v -0.628974 -0.271993 0
v -0.59783 -0.261605 0
v -0.623965 -0.238621 0
v -0.644918 -0.343688 0
v -0.592454 -0.226097 0
v -0.621588 -0.203483 0
v 0.63249 0.364254 0
v -0.152909 -0.32222 0
v -0.0619577 -0.0915938 0
v -0.0348671 -0.112564 0
v 0.519493 0.647195 0
v -0.666905 0.174438 0
v -0.144252 -0.516364 0
v -0.116398 -0.0499855 0
v -0.167878 -0.537887 0
v -0.171079 -0.00842926 0
v 0.377144 -0.647572 0
v -0.0679791 -0.641492 0
v -0.341097 -0.41735 0
v -0.0699835 -0.53131 0
v -0.210238 -0.490542 0
v 0.48852 0.66464 0
v -0.621165 -0.137428 0
v 0.636969 0.628959 0
v 0.666093 0.651205 0
v -0.643419 0.383353 0
v -0.278575 -0.461749 0
v -0.123239 -0.306666 0
v 0.646719 -0.449724 0
v 0.651709 -0.414932 0
v -0.369027 -0.395301 0
v -0.403531 -0.409659 0
v -0.429792 -0.383492 0
v -0.436329 -0.421901 0
v -0.467708 -0.397076 0
v -0.454896 -0.358889 0
v 0.646984 0.467762 0
v -0.203733 -0.530663 0
v -0.283302 0.0750064 0
v -0.316898 -0.473369 0
v -0.198452 0.0123449 0
v -0.193868 0.0463341 0
v -0.226928 0.0331455 0
v -0.222166 0.06729 0
v -0.159143 0.0941994 0
v -0.219322 0.329977 0
v -0.121428 -0.273091 0
v -0.0600445 -0.410022 0
v -0.0613317 -0.378386 0
v 0.148004 -0.290796 0
v 0.112197 -0.337734 0
v -0.448889 -0.321951 0
v -0.48751 -0.335336 0
v -0.501204 -0.271026 0
v -0.526767 -0.244883 0
v -0.563422 -0.251803 0
v -0.575662 -0.194134 0
v -0.247162 0.350986 0
v -0.242361 0.385826 0
v -0.274817 0.372139 0
v -0.270204 0.406949 0
v -0.302415 0.393423 0
v -0.57804 0.146313 0
v 0.669268 0.58009 0
v 0.638297 0.557962 0
v 0.118299 -0.560062 0
v -0.0757287 0.259813 0
v -0.0485081 0.2383 0
v -0.0157222 0.251743 0
v -0.108913 0.246082 0
v -0.0211829 0.217086 0
v -0.137057 0.266783 0
v 0.0256616 -0.432727 0
v 0.0604164 -0.427003 0
v 0.0789425 -0.398154 0
v -0.0687722 -0.125856 0
v 0.261646 -0.37266 0
v 0.2703 -0.30484 0
v 0.0119069 0.230708 0
v 0.00634338 0.196058 0
v 0.07534 -0.195239 0
v 0.0470565 -0.174395 0
v 0.66753 -0.536284 0
v -0.255434 0.0542005 0
v 0.279137 -0.236573 0
v 0.154397 -0.257334 0
v -0.192077 0.308599 0
v -0.333962 0.151134 0
v -0.338388 0.116572 0
v -0.470093 0.521221 0
v 0.350025 -0.625626 0
v 0.317874 -0.643541 0
v -0.653995 -0.452817 0
v -0.00621626 0.320779 0
v 0.513516 -0.306672 0
v 0.13405 -0.203331 0
v -0.307393 0.35851 0
v -0.33517 0.37981 0
v -0.298083 0.428175 0
v 0.619067 -0.653932 0
v -0.0985575 0.0864613 0
v -0.0620498 0.363059 0
v -0.127192 0.107642 0
v -0.48239 0.186624 0
v -0.477918 0.221299 0
v -0.486185 0.152161 0
v -0.458299 0.131393 0
v 0.248562 -0.473838 0
v 0.170344 -0.15564 0
v -0.00809987 -0.354437 0
v 0.522521 -0.237451 0
v -0.218998 0.101781 0
v -0.0881046 -0.675526 0
v 0.637482 -0.0582126 0
v -0.12007 -0.374485 0
v -0.123192 0.142069 0
v 0.387065 0.359564 0
v 0.414953 0.338262 0
v 0.407438 -0.187106 0
v -0.089767 -0.0711358 0
v 0.0395148 0.209689 0
v 0.0338878 0.175077 0
v 0.0671049 0.188687 0
v 0.0624971 0.154232 0
v -0.411773 0.0214297 0
v -0.384299 0.000667592 0
v -0.456366 -0.0934226 0
v -0.486682 -0.107409 0
v -0.429091 -0.113974 0
v -0.431818 -0.147892 0
v -0.357679 0.206521 0
v -0.373995 -0.155277 0
v -0.0847326 -0.226664 0
v 0.380741 -0.39366 0
v 0.393972 -0.289887 0
v 0.0653726 -0.0383538 0
v 0.298834 -0.676592 0
v 0.50258 0.082285 0
v 0.47033 0.0682432 0
v 0.465932 0.033598 0
v -0.320211 -0.195715 0
v -0.349054 -0.207698 0
v -0.291986 -0.216267 0
v 0.0170946 0.265135 0
v -0.366143 0.137556 0
v -0.370784 0.103045 0
v -0.510543 -0.0540459 0
v -0.010701 0.286217 0
v -0.293481 0.233491 0
v 0.396164 0.429029 0
v 0.363702 0.415573 0
v -0.31097 0.0956971 0
v -0.0341569 0.341921 0
v -0.0576268 0.397709 0
v -0.0855025 0.418905 0
v 0.380229 -0.165591 0
v -0.680093 0.2637 0
v 0.127968 0.180892 0
v 0.123607 0.146454 0
v 0.151051 0.125794 0
v 0.119223 0.112047 0
v 0.09033 0.133051 0
v 0.144397 0.0911257 0
v 0.18308 0.139224 0
v 0.20936 0.117812 0
v 0.241982 0.130754 0
v -0.238612 -0.256696 0
v -0.265627 -0.267407 0
v -0.21319 -0.282095 0
v -0.302121 -0.0615468 0
v -0.159489 0.322232 0
v 0.042052 0.0167659 0
v 0.0103797 0.00338432 0
v -0.220274 -0.12359 0
v -0.138594 -0.185555 0
v -0.0129187 0.05858 0
v -0.0445301 0.0450709 0
v 0.673673 -0.196663 0
v 0.672567 -0.0183238 0
v 0.642412 -9.91244e-05 0
v 0.64341 0.0346037 0
v 0.611061 0.01966 0
v 0.672784 0.0521761 0
v 0.643584 0.0697582 0
v 0.672845 0.0874296 0
v 0.642293 0.105002 0
v 0.641997 0.140247 0
v 0.605944 0.118486 0
v 0.610228 0.157112 0
v 0.641302 0.174484 0
v 0.614277 0.081526 0
v -0.150782 0.162989 0
v -0.00234063 -0.0989514 0
v -0.00699564 -0.133086 0
v 0.0189532 -0.153591 0
v 0.0109678 -0.186865 0
v 0.0520138 -0.140456 0
v -0.143971 -0.0291915 0
v 0.0833422 -0.316537 0
v 0.104638 -0.373603 0
v -0.358727 0.435797 0
v -0.363092 0.401009 0
v -0.395577 0.387413 0
v -0.367654 0.36625 0
v -0.400064 0.352653 0
v -0.372257 0.331469 0
v 0.230085 0.326846 0
v 0.200378 0.311558 0
v 0.226721 0.291427 0
v 0.0954629 0.167533 0
v -0.423549 0.408612 0
v 0.672638 -0.265387 0
v 0.642549 -0.248679 0
v 0.64006 -0.283564 0
v 0.667876 -0.336187 0
v 0.484927 -0.0564711 0
v 0.45717 -0.0355373 0
v 0.46156 -0.00105525 0
v 0.493742 0.0127604 0
v 0.480532 -0.0911553 0
v 0.38148 0.55506 0
v -0.329746 -0.0408286 0
v -0.233681 0.455313 0
v 0.287747 0.284067 0
v 0.187255 0.473592 0
v 0.183004 0.439019 0
v 0.215238 0.452375 0
v 0.0724049 0.223037 0
v -0.0946633 0.67173 0
v -0.267107 0.674404 0
v -0.246666 0.6449 0
v -0.286284 0.646465 0
v 0.156457 0.674439 0
v 0.174352 0.638011 0
v 0.138687 0.643767 0
v -0.637704 -0.168182 0
v -0.656345 -0.19649 0
v -0.388919 -0.033385 0
v -0.449989 0.200393 0
v -0.498028 0.542574 0
v 0.113421 0.305438 0
v 0.44733 0.351772 0
v 0.247256 0.165585 0
v 0.274021 0.145093 0
v 0.269356 0.109701 0
v -0.530534 0.528933 0
v -0.237974 0.191536 0
v -0.196715 0.67669 0
v -0.161743 0.67591 0
v -0.67722 0.333364 0
v 0.0990339 0.502519 0
v 0.0677801 0.487961 0
v 0.0390979 0.509871 0
v 0.035437 0.474533 0
v 0.0973783 0.46696 0
v 0.0436153 0.544691 0
v 0.124358 -0.0457676 0
v -0.00605339 -0.321913 0
v -0.44565 0.234973 0
v -0.473549 0.255974 0
v 0.181032 -0.534173 0
v 0.672478 0.157752 0
v 0.0843168 0.67023 0
v -0.039792 0.536721 0
v 0.32474 0.102837 0
v 0.174743 -0.121556 0
v 0.315016 0.0345187 0
v 0.226861 0.676295 0
v 0.261558 0.674612 0
v 0.441889 0.547376 0
v 0.474376 0.560967 0
v 0.368189 0.450399 0
v 0.331261 0.402113 0
v 0.303375 0.423391 0
v -0.177896 0.412996 0
v 0.428569 0.442639 0
v -0.676808 0.404685 0
v -0.642702 0.419226 0
v -0.661055 0.477715 0
v -0.628336 0.487626 0
v -0.310052 -0.637703 0
v 0.142983 -0.134821 0
v 0.165662 -0.18973 0
v -0.458695 0.624054 0
v -0.426806 0.642295 0
v 0.141881 -0.359057 0
v -0.40842 0.675314 0
v -0.44337 0.676072 0
v 0.332224 0.668809 0
v 0.673989 0.331256 0
v -0.16104 -0.672472 0
v 0.674387 0.261689 0
v 0.403485 0.676213 0
v 0.420441 0.642812 0
v 0.6729 0.405853 0
v -0.51408 0.66926 0
v -0.55066 0.67454 0
v -0.573405 0.643136 0
v 0.508388 -0.675484 0
v 0.491686 -0.64641 0
v 0.525459 -0.646151 0
v 0.508364 -0.613228 0
v 0.544835 -0.675346 0
v -0.678828 0.545197 0
v -0.645796 0.559068 0
v 0.674121 -0.620261 0
v -0.619817 0.676064 0
v 0.578766 0.670395 0
v -0.595487 -0.456529 0
v -0.677419 -0.618051 0
v -0.647304 -0.636278 0
v -0.650551 -0.67387 0
v -0.616317 -0.653328 0
v -0.549223 -0.675693 0
v -0.443393 -0.675693 0
v -0.425754 -0.645142 0
v -0.479032 -0.670822 0
v -0.371591 -0.67208 0
v -0.677923 -0.335411 0
v -0.678897 -0.26499 0
v -0.58711 -0.616983 0
v -0.678802 -0.126645 0
v -0.642955 -0.574529 0
v -0.613663 -0.365042 0
v -0.539907 -0.499975 0
v -0.525789 -0.396926 0
v -0.484332 -0.543391 0
v -0.469572 -0.438627 0
v -0.414034 -0.481863 0
v -0.396087 -0.573506 0
v -0.517043 -0.556591 0
v -0.324913 -0.511466 0
v 0.531527 -0.168215 0
v -0.408928 -0.44588 0
v -0.544829 -0.534885 0
v -0.217194 -0.639572 0
v -0.403154 -0.613983 0
v -0.572618 -0.513178 0
v -0.600176 -0.491478 0
v -0.62597 -0.470789 0
v -0.307287 -0.603529 0
v 0.516748 0.413678 0
v -0.00188275 0.35538 0
v 0.456665 0.192379 0
v 0.152706 0.389597 0
v 0.614849 0.452075 0
v -0.505777 0.242378 0
v 0.54387 0.623112 0
v 0.469924 0.526032 0
v 0.521425 0.448461 0
v 0.562918 0.531862 0
v 0.438054 0.282676 0
v -0.294019 0.462984 0
v 0.136623 -0.426078 0
v 0.536681 -0.362699 0
v -0.0571937 -0.247367 0
v -0.0899379 0.384216 0
v -0.0125948 0.515522 0
v 0.521827 0.219232 0
v -0.0443159 0.501935 0
v -0.561807 0.0226648 0
v -0.432433 0.339073 0
v 0.20458 0.612983 0
v -0.30783 -0.0951753 0
v -0.213908 0.6266 0
v 0.168217 0.564302 0
v 0.50274 0.309878 0
v 0.0149527 -0.476761 0
v 0.211394 0.418127 0
v -0.0588411 0.627515 0
v -0.252932 0.546205 0
v 0.284367 0.514238 0
v 0.256432 0.535503 0
v -0.524877 0.333066 0
v -0.345609 0.540244 0
v 0.325193 -0.123274 0
v 0.0656905 0.416551 0
v 0.590825 0.280947 0
v -0.136839 0.496046 0
v 0.424447 0.178759 0
v 0.0858781 0.326614 0
v 0.597471 0.545249 0
v -0.597898 0.236546 0
v 0.114955 0.612355 0
v 0.579024 -0.50729 0
v -0.234643 -0.00103704 0
v -0.124744 -0.0839426 0
v -0.224519 0.295126 0
v -0.289214 0.0405267 0
v 0.140717 0.283888 0
v -0.180158 -0.0425003 0
v 0.537618 -0.59025 0
v 0.477962 -0.585887 0
v 0.251585 0.00744827 0
v 0.321296 0.562651 0
v -0.247609 -0.102823 0
v 0.632866 -0.583759 0
v -0.330533 0.414601 0
v 0.405796 0.269229 0
v -0.516082 0.402619 0
v 0.215258 -0.0400436 0
v 0.196377 0.242066 0
v 0.165151 0.0354927 0
v -0.162266 0.0597175 0
v 0.0927023 -0.0591557 0
v 0.0332039 -0.241845 0
v 0.452809 -0.0701814 0
v 0.306305 -0.0341869 0
v 7.62596e-05 0.16131 0
v 0.0550175 0.119489 0
v 0.572772 -0.0853747 0
v -0.539546 0.458877 0
v 0.11136 0.0776834 0
v 0.523267 -0.464847 0
v 0.419849 0.144134 0
v -0.0540674 0.203565 0
v -0.557151 0.319515 0
v -0.269871 0.17804 0
v 0.393231 -0.062739 0
v 0.172579 0.599328 0
v -0.37685 0.296743 0
v 0.411047 0.0750073 0
v -0.44354 0.00812642 0
v 0.624653 -0.3923 0
v -0.373587 0.561494 0
v 0.409456 0.533779 0
v 0.260978 -0.149422 0
v 0.242642 -0.0609271 0
v 0.621897 -0.162319 0
v 0.499326 -0.181499 0
v -0.329631 0.185527 0
v -0.2101 0.399407 0
v 0.298859 0.388665 0
v -0.248322 0.58044 0
v 0.402041 0.00605874 0
v 0.606615 -0.300031 0
v 0.197741 -0.62199 0
v 0.482098 -0.548126 0
v -0.226479 -0.157007 0
v 0.448441 -0.104698 0
v -0.16475 0.517255 0
v 0.621947 0.294666 0
v 0.0970214 -0.0249667 0
v -0.160319 0.552118 0
v -0.462378 0.0971062 0
v -0.628868 0.222329 0
v -0.280831 -0.115844 0
v 0.288861 0.549082 0
v 0.398912 -0.482629 0
v 0.431276 -0.47016 0
v -0.502613 0.507522 0
v 0.334355 -0.503279 0
v -0.199393 -0.177588 0
v 0.326734 0.367459 0
v -0.23834 -0.543965 0
v -0.16967 0.252845 0
v 0.527038 -0.202831 0
v -0.127977 0.565658 0
v 0.577884 -0.0500467 0
v -0.442594 0.499468 0
v 0.472181 -0.388261 0
v -0.16591 -0.164729 0
v -0.49407 0.0837146 0
v -0.410159 0.513063 0
v -0.552759 0.354311 0
v -0.237974 0.420522 0
v -0.233513 -0.675082 0
v 0.221248 -0.453923 0
v 0.272441 0.642326 0
v 0.490339 -0.250659 0
v 0.0378889 -0.0174731 0
v -0.145278 -0.218753 0
v 0.267064 -0.562895 0
v 0.518041 -0.272108 0
v 0.349143 0.541405 0
v -0.645522 0.348394 0
v 0.61127 -0.0387579 0
v -0.117704 -0.239429 0
v 0.359175 0.380862 0
v -0.548358 0.389114 0
v -0.123391 0.60013 0
v -0.265942 0.441749 0
v -0.34458 0.310292 0
v 0.247051 -0.0267568 0
v 0.154516 -0.513281 0
v -0.297626 0.198973 0
v -0.339935 0.345034 0
v 0.481328 -0.319682 0
v 0.375088 -0.198811 0
v 0.382485 0.324985 0
v -0.0211279 -0.00999763 0
v -0.543989 0.424022 0
v 0.0311781 -0.563824 0
v -0.676466 0.615574 0
v 0.41025 0.30377 0
v 0.508866 -0.341074 0
v 0.398343 -0.255356 0
v 0.165031 -0.635421 0
v 0.278878 -0.0134031 0
v -0.0170062 0.0242648 0
v 0.353603 0.576336 0
v 0.0379035 -0.208147 0
v -0.570273 -0.0834563 0
v 0.360855 -0.298334 0
v 0.35774 0.610774 0
v -0.507195 0.472474 0
v 0.225821 -0.420071 0
v 0.425186 -0.0492447 0
v 0.356472 -0.332424 0
v -0.075878 0.0315325 0
v -0.116758 -0.562534 0
v 0.149681 -0.547165 0
v -0.116532 0.639195 0
v -0.42234 -0.346627 0
v 0.294385 -0.583988 0
v -0.0350151 -0.623206 0
v 0.385746 -0.359359 0
v 0.429569 -0.0147907 0
v 0.283221 0.0208607 0
v -0.361722 -0.0540133 0
v 0.109087 -0.408387 0
v -0.0674325 0.100286 0
v -0.54604 0.159697 0
v 0.442657 0.317239 0
v 0.159597 -0.671265 0
v 0.532312 -0.397188 0
v 0.544458 0.392502 0
v -0.279777 0.337359 0
v 0.257316 -0.406435 0
v 0.347578 -0.400528 0
v -0.434023 -0.18171 0
v 0.572294 0.371432 0
v 0.287988 0.0545721 0
v -0.490022 0.117891 0
v -0.207196 -0.325677 0
v 0.475019 0.330646 0
v 0.433966 0.0197184 0
v 0.289802 -0.618007 0
v 0.092349 -0.538691 0
v -0.405522 0.547946 0
v -0.0210832 -0.676573 0
v -0.58168 0.112044 0
v -0.511297 -0.303162 0
v 0.507377 0.344237 0
v -0.0716589 0.0658457 0
v 0.512064 0.378941 0
v 0.0872627 -0.572236 0
v -0.40111 0.582817 0
v 0.34309 -0.434539 0
v -0.396857 0.61725 0
v -0.343273 0.0822546 0
v -0.611217 0.132309 0
v -0.51375 -0.0886694 0
v 0.438385 0.054255 0
v 0.234497 -0.352582 0
v 0.606333 0.383494 0
v -0.0168142 0.673035 0
v 0.504421 -0.375461 0
v -0.103823 0.280532 0
v -0.644293 0.113774 0
v 0.338599 -0.46898 0
v 0.44283 0.0888413 0
v 0.558746 -0.642734 0
v -0.190376 0.0804808 0
v -0.516519 -0.122535 0
v 0.265985 -0.338672 0
v -0.164478 0.287626 0
v -0.517929 0.138823 0
v 0.527338 -0.430976 0
v -0.159272 -0.640148 0
v 0.447285 0.12341 0
v 0.0781545 -0.639856 0
v 0.24305 -0.284883 0
v 0.451973 0.158013 0
v 0.577185 0.141912 0
v -0.533419 0.00136223 0
v -0.485828 -0.368662 0
v 0.48463 0.171721 0
v -0.45921 -0.128061 0
v 0.518019 0.185252 0
v 0.27476 -0.270735 0
v -0.678121 0.0885822 0
v 0.546442 0.163826 0
v 0.252074 -0.216712 0
v 0.643927 0.426082 0
v 0.554844 -0.452392 0
v 0.394692 -0.516873 0
v -0.589666 0.00532693 0
v 0.611416 0.192139 0
v -0.646902 -0.382439 0
v 0.582648 -0.473695 0
v 0.283687 -0.202783 0
v -0.267008 -0.677533 0
v -0.675379 -0.54537 0
v -0.461606 -0.161989 0
v 0.610423 -0.495064 0
v -0.0911026 -0.358756 0
v 0.674624 -0.652724 0
v -0.680626 0.650381 0
v -0.678418 0.0186299 0
v 0.231073 -0.677871 0
v -0.615951 0.0239539 0
v 0.614203 -0.230573 0
v 0.213282 0.646659 0
v -0.403995 -0.168351 0
v 0.288724 -0.169484 0
v 0.170927 0.0702944 0
v -0.648335 0.314286 0
v -0.179594 -0.341863 0
v 0.176973 0.104555 0
v 0.321673 -0.156239 0
v 0.0567946 -0.584663 0
v 0.23567 0.0964503 0
v 0.349115 -0.177168 0
v -0.0413429 -0.146303 0
v 0.118372 -0.677232 0
v -0.632965 0.646054 0
v 0.370316 -0.232363 0
v -0.338338 0.677156 0
v 0.0781069 -0.452428 0
v -0.571355 -0.284767 0
v 0.339175 0.207358 0
v 0.315407 0.263212 0
v 0.256849 0.269766 0
v 0.098013 -0.217422 0
v -0.376903 -0.187972 0
v 0.293136 0.0879069 0
v 0.198877 0.274739 0
v -0.681053 -0.0536209 0
v -0.547571 0.618889 0
v 0.171264 0.29638 0
v 0.64354 -0.483604 0
v -0.501506 -0.645857 0
v 0.180789 0.406872 0
v 0.304577 0.158686 0
v -0.540611 -0.0697211 0
v -0.612959 0.556028 0
v -0.242716 0.612486 0
v 0.299075 0.123675 0
v -0.645149 0.0418315 0
v 0.0528106 -0.619083 0
v 0.360546 0.643124 0
v 0.152744 0.428213 0
v -0.303749 0.61977 0
v 0.125858 0.446408 0
v 0.334916 0.172724 0
v 0.674528 -0.0854804 0
v 0.0665327 0.452485 0
v 0.312498 0.228277 0
v -0.121979 -0.340912 0
v -0.350775 -0.238993 0
v 0.00876792 0.457435 0
v 0.643521 0.209502 0
v -0.536708 -0.0350912 0
v 0.457354 0.650782 0
v -0.378353 -0.220179 0
v -0.682001 -0.018344 0
v -0.487391 0.643983 0
v 0.674547 0.227757 0
v -0.650883 0.279167 0
v -0.680958 -0.405652 0
v 0.644474 -0.215421 0
v 0.365955 -0.492847 0
v 0.174303 0.332712 0
v 0.676937 0.476743 0
v -0.106403 -0.648017 0
v 0.178074 0.36894 0
v 0.648335 0.678329 0
v -0.387507 0.649474 0
v 0.0263637 0.634312 0
v 0.367356 -0.679104 0
v -0.236084 -0.51097 0
v 0.388018 -0.547953 0
v -0.648725 -0.60501 0
v 0.27935 -0.649923 0
v 0.579282 0.0214058 0
v 0.0113629 0.494537 0
v -0.084074 0.643979 0
v 0.416526 -0.569323 0
v 0.0152201 0.529672 0
v 0.0504836 0.679703 0
v 0.67701 -0.43889 0
v 0.0198991 0.56474 0
v 0.444514 -0.592812 0
v 0.471744 -0.619804 0
v 0.0237286 0.599594 0
v 0.6428 0.392869 0
v -0.652557 -0.141583 0
v -0.339129 -0.682251 0
v 0.108446 0.646406 0
v -0.436342 -0.61636 0
v -0.321037 -0.228189 0
v -0.293903 -0.247806 0
v 0.675524 -0.507078 0
v 0.607306 0.647007 0
v -0.659132 0.207273 0
v -0.649077 -0.053488 0
v -0.653796 0.528145 0
v 0.146959 0.614932 0
v -0.5364 -0.277466 0
v -0.654322 0.24309 0
v 0.646596 -0.179999 0
v -0.0882775 -0.553355 0
v 0.513757 0.679371 0
v -0.0378235 -0.65235 0
v 0.64605 0.276521 0
v -0.396225 -0.64831 0
v 0.64464 -0.0297468 0
v -0.618185 -0.683075 0
v -0.146395 0.650749 0
v 0.678438 0.511458 0
v -0.683517 -0.44122 0
v 0.647666 -0.638908 0
v 0.615375 -0.682945 0
v -0.65418 -0.247644 0
v -0.684992 -0.194728 0
v -0.589524 -0.645834 0
v -0.0633124 -0.346969 0
v 0.00141827 0.648898 0
v -0.618189 -0.625131 0
v -0.266132 -0.294625 0
v 0.30531 0.646632 0
v 0.620372 0.0519715 0
v 0.677547 -0.404749 0
v -0.283757 -0.65198 0
v 0.538571 -0.619719 0
v -0.294007 -0.277272 0
v 0.676415 0.678747 0
v -0.184526 -0.649275 0
v 0.438529 -0.684192 0
v -0.681596 0.15113 0
v -0.521056 -0.331654 0
v -0.531585 -0.654027 0
v -0.263927 -0.493497 0
v 0.46381 -0.647544 0
v 0.650188 -0.146885 0
v 0.616199 -0.010312 0
v -0.0344976 -0.366581 0
v -0.685204 0.197753 0
v 0.647749 0.310682 0
v 0.387407 0.652416 0
v -0.681743 -0.095593 0
v 0.244487 0.653155 0
v 0.0870486 -0.423661 0
v 0.677281 -0.680419 0
v -0.682145 0.679008 0
v -0.682145 -0.680419 0
v 0.103832 -0.653574 0
v -0.458689 0.652463 0
v 0.650218 0.530145 0
v -0.139879 -0.546009 0
v 0.190117 -0.649188 0
v -0.540502 0.647633 0
v -0.650822 -0.483925 0
v 0.649333 -0.607601 0
v 0.0499487 -0.684044 0
v -0.655935 -0.284479 0
v -0.602139 0.653697 0
v 0.349531 -0.654609 0
v 0.55228 0.649123 0
v 0.650874 -0.386839 0
v 0.464774 0.679496 0
v 0.586837 0.0882535 0
v -0.646531 -0.222561 0
v -0.652373 0.590428 0
v -0.0431191 -0.536381 0
v -0.652583 0.50215 0
v -0.239669 -0.283272 0
v 0.678197 -0.133946 0
v 0.634837 0.656461 0
v 0.660638 -0.563399 0
v -0.214097 0.655318 0
v -0.499339 -0.390329 0
v -0.687921 0.475699 0
v 0.64912 0.343467 0
v -0.355842 0.655187 0
v -0.136576 -0.652567 0
v -0.00784692 -0.381914 0
v -0.267008 0.625731 0
v 0.0697931 -0.373539 0
v -0.658052 0.63791 0
v 0.250769 -0.656021 0
v -0.659468 -0.318198 0
v -0.688446 -0.512214 0
v 0.0170772 -0.40027 0
v -0.184606 -0.560225 0
vt 0 0
vn 0 0 1
vn 0 0 1
vn 0 0 1
vn 0 0 1
vn 0 0 1
vn 0 0 1
vn 0 0 1
vn 0 0 1
vn 0 0 1
vn 0 0 1
vn 0 0 1
vn 0 0 1
vn 0 0 1
vn 0 0 1
vn 0 0 1
vn 0 0 1
vn 0 0 1
vn 0 0 1
vn 0 0 1
vn 0 0 1
vn 0 0 1
vn 0 0 1
vn 0 0 1
vn 0 0 1
vn 0 0 1
vn 0 0 1
vn 0 0 1
vn 0 0 1
vn 0 0 1
vn 0 0 1
vn 0 0 1
vn 0 0 1
vn 0 0 1
vn 0 0 1
vn 0 0 1
vn 0 0 1
vn 0 0 1
vn 0 0 1
vn 0 0 1
vn 0 0 1
vn 0 0 1
vn 0 0 1
vn 0 0 1
vn 0 0 1
vn 0 0 1
vn 0 0 1
vn 0 0 1
vn 0 0 1
vn 0 0 1
vn 0 0 1
vn 0 0 1
vn 0 0 1
vn 0 0 1
vn 0 0 1
vn 0 0 1
vn 0 0 1
vn 0 0 1
vn 0 0 1
vn 0 0 1
vn 0 0 1
vn 0 0 1
vn 0 0 1
vn 0 0 1
vn 0 0 1
vn 0 0 1
vn 0 0 1
vn 0 0 1
vn 0 0 1
vn 0 0 1
vn 0 0 1
vn 0 0 1
vn 0 0 1
vn 0 0 1
vn 0 0 1
vn 0 0 1
vn 0 0 1
vn 0 0 1
vn 0 0 1
vn 0 0 1
vn 0 0 1
vn 0 0 1
vn 0 0 1
vn 0 0 1
vn 0 0 1
vn 0 0 1
vn 0 0 1
vn 0 0 1
vn 0 0 1
vn 0 0 1
vn 0 0 1
vn 0 0 1
vn 0 0 1
vn 0 0 1
vn 0 0 1
vn 0 0 1
vn 0 0 1
vn 0 0 1
vn 0 0 1
vn 0 0 1
vn 0 0 1
vn 0 0 1
vn 0 0 1
vn 0 0 1
vn 0 0 1
vn 0 0 1
vn 0 0 1
vn 0 0 1
vn 0 0 1
vn 0 0 1
vn 0 0 1
vn 0 0 1
vn 0 0 1
vn 0 0 1
vn 0 0 1
vn 0 0 1
vn 0 0 1
vn 0 0 1
vn 0 0 1
vn 0 0 1
vn 0 0 1
vn 0 0 1
vn 0 0 1
vn 0 0 1
vn 0 0 1
vn 0 0 1
vn 0 0 1
vn 0 0 1
vn 0 0 1
vn 0 0 1
vn 0 0 1
vn 0 0 1
vn 0 0 1
vn 0 0 1
vn 0 0 1
vn 0 0 1
vn 0 0 1
vn 0 0 1
vn 0 0 1
vn 0 0 1
vn 0 0 1
vn 0 0 1
vn 0 0 1
vn 0 0 1
vn 0 0 1
vn 0 0 1
vn 0 0 1
vn 0 0 1
vn 0 0 1
vn 0 0 1
vn 0 0 1
vn 0 0 1
vn 0 0 1
vn 0 0 1
vn 0 0 1
vn 0 0 1
vn 0 0 1
vn 0 0 1
vn 0 0 1
vn 0 0 1
vn 0 0 1
vn 0 0 1
vn 0 0 1
vn 0 0 1
vn 0 0 1
vn 0 0 1
vn 0 0 1
vn 0 0 1
vn 0 0 1
vn 0 0 1
vn 0 0 1
vn 0 0 1
vn 0 0 1
vn 0 0 1
vn 0 0 1
vn 0 0 1
vn 0 0 1
vn 0 0 1
vn 0 0 1
vn 0 0 1
vn 0 0 1
vn 0 0 1
vn 0 0 1
vn 0 0 1
vn 0 0 1
vn 0 0 1
vn 0 0 1
vn 0 0 1
vn 0 0 1
vn 0 0 1
vn 0 0 1
vn 0 0 1
vn 0 0 1
vn 0 0 1
vn 0 0 1
vn 0 0 1
vn 0 0 1
vn 0 0 1
vn 0 0 1
vn 0 0 1
vn 0 0 1
vn 0 0 1
vn 0 0 1
vn 0 0 1
vn 0 0 1
vn 0 0 1
vn 0 0 1
vn 0 0 1
vn 0 0 1
vn 0 0 1
vn 0 0 1
vn 0 0 1
vn 0 0 1
vn 0 0 1
vn 0 0 1
vn 0 0 1
vn 0 0 1
vn 0 0 1
vn 0 0 1
vn 0 0 1
vn 0 0 1
vn 0 0 1
vn 0 0 1
vn 0 0 1
vn 0 0 1
vn 0 0 1
vn 0 0 1
vn 0 0 1
vn 0 0 1
vn 0 0 1
vn 0 0 1
vn 0 0 1
vn 0 0 1
vn 0 0 1
vn 0 0 1
vn 0 0 1
vn 0 0 1
vn 0 0 1
vn 0 0 1
vn 0 0 1
vn 0 0 1
vn 0 0 1
vn 0 0 1
vn 0 0 1
vn 0 0 1
vn 0 0 1
vn 0 0 1
vn 0 0 1
vn 0 0 1
vn 0 0 1
vn 0 0 1
vn 0 0 1
vn 0 0 1
vn 0 0 1
vn 0 0 1
vn 0 0 1
vn 0 0 1
vn 0 0 1
vn 0 0 1
vn 0 0 1
vn 0 0 1
vn 0 0 1
vn 0 0 1
vn 0 0 1
vn 0 0 1
vn 0 0 1
vn 0 0 1
vn 0 0 1
vn 0 0 1
vn 0 0 1
vn 0 0 1
vn 0 0 1
vn 0 0 1
vn 0 0 1
vn 0 0 1
vn 0 0 1
vn 0 0 1
vn 0 0 1
vn 0 0 1
vn 0 0 1
vn 0 0 1
vn 0 0 1
vn 0 0 1
vn 0 0 1
vn 0 0 1
vn 0 0 1
vn 0 0 1
vn 0 0 1
vn 0 0 1
vn 0 0 1
vn 0 0 1
vn 0 0 1
vn 0 0 1
vn 0 0 1
vn 0 0 1
vn 0 0 1
vn 0 0 1
vn 0 0 1
vn 0 0 1
vn 0 0 1
vn 0 0 1
vn 0 0 1
vn 0 0 1
vn 0 0 1
vn 0 0 1
vn 0 0 1
vn 0 0 1
vn 0 0 1
vn 0 0 1
vn 0 0 1
vn 0 0 1
vn 0 0 1
vn 0 0 1
vn 0 0 1
vn 0 0 1
vn 0 0 1
vn 0 0 1
vn 0 0 1
vn 0 0 1
vn 0 0 1
vn 0 0 1
vn 0 0 1
vn 0 0 1
vn 0 0 1
vn 0 0 1
vn 0 0 1
vn 0 0 1
vn 0 0 1
vn 0 0 1
vn 0 0 1
vn 0 0 1
vn 0 0 1
vn 0 0 1
vn 0 0 1
vn 0 0 1
vn 0 0 1
vn 0 0 1
vn 0 0 1
vn 0 0 1
vn 0 0 1
vn 0 0 1
vn 0 0 1
vn 0 0 1
vn 0 0 1
vn 0 0 1
vn 0 0 1
vn 0 0 1
vn 0 0 1
vn 0 0 1
vn 0 0 1
vn 0 0 1
vn 0 0 1
vn 0 0 1
vn 0 0 1
vn 0 0 1
vn 0 0 1
vn 0 0 1
vn 0 0 1
vn 0 0 1
vn 0 0 1
vn 0 0 1
vn 0 0 1
vn 0 0 1
vn 0 0 1
vn 0 0 1
vn 0 0 1
vn 0 0 1
vn 0 0 1
vn 0 0 1
vn 0 0 1
vn 0 0 1
vn 0 0 1
vn 0 0 1
vn 0 0 1
vn 0 0 1
vn 0 0 1
vn 0 0 1
vn 0 0 1
vn 0 0 1
vn 0 0 1
vn 0 0 1
vn 0 0 1
vn 0 0 1
vn 0 0 1
vn 0 0 1
vn 0 0 1
vn 0 0 1
vn 0 0 1
vn 0 0 1
vn 0 0 1
vn 0 0 1
vn 0 0 1
vn 0 0 1
vn 0 0 1
vn 0 0 1
vn 0 0 1
vn 0 0 1
vn 0 0 1
vn 0 0 1
vn 0 0 1
vn 0 0 1
vn 0 0 1
vn 0 0 1
vn 0 0 1
vn 0 0 1
vn 0 0 1
vn 0 0 1
vn 0 0 1
vn 0 0 1
vn 0 0 1
vn 0 0 1
vn 0 0 1
vn 0 0 1
vn 0 0 1
vn 0 0 1
vn 0 0 1
vn 0 0 1
vn 0 0 1
vn 0 0 1
vn 0 0 1
vn 0 0 1
vn 0 0 1
vn 0 0 1
vn 0 0 1
vn 0 0 1
vn 0 0 1
vn 0 0 1
vn 0 0 1
vn 0 0 1
vn 0 0 1
vn 0 0 1
vn 0 0 1
vn 0 0 1
vn 0 0 1
vn 0 0 1
vn 0 0 1
vn 0 0 1
vn 0 0 1
vn 0 0 1
vn 0 0 1
vn 0 0 1
vn 0 0 1
vn 0 0 1
vn 0 0 1
vn 0 0 1
vn 0 0 1
vn 0 0 1
vn 0 0 1
vn 0 0 1
vn 0 0 1
vn 0 0 1
vn 0 0 1
vn 0 0 1
vn 0 0 1
vn 0 0 1
vn 0 0 1
vn 0 0 1
vn 0 0 1
vn 0 0 1
vn 0 0 1
vn 0 0 1
vn 0 0 1
vn 0 0 1
vn 0 0 1
vn 0 0 1
vn 0 0 1
vn 0 0 1
vn 0 0 1
vn 0 0 1
vn 0 0 1
vn 0 0 1
vn 0 0 1
vn 0 0 1
vn 0 0 1
vn 0 0 1
vn 0 0 1
vn 0 0 1
vn 0 0 1
vn 0 0 1
vn 0 0 1
vn 0 0 1
vn 0 0 1
vn 0 0 1
vn 0 0 1
vn 0 0 1
vn 0 0 1
vn 0 0 1
vn 0 0 1
vn 0 0 1
vn 0 0 1
vn 0 0 1
vn 0 0 1
vn 0 0 1
vn 0 0 1
vn 0 0 1
vn 0 0 1
vn 0 0 1
vn 0 0 1
vn 0 0 1
vn 0 0 1
vn 0 0 1
vn 0 0 1
vn 0 0 1
vn 0 0 1
vn 0 0 1
vn 0 0 1
vn 0 0 1
vn 0 0 1
vn 0 0 1
vn 0 0 1
vn 0 0 1
vn 0 0 1
vn 0 0 1
vn 0 0 1
vn 0 0 1
vn 0 0 1
vn 0 0 1
vn 0 0 1
vn 0 0 1
vn 0 0 1
vn 0 0 1
vn 0 0 1
vn 0 0 1
vn 0 0 1
vn 0 0 1
vn 0 0 1
vn 0 0 1
vn 0 0 1
vn 0 0 1
vn 0 0 1
vn 0 0 1
vn 0 0 1
vn 0 0 1
vn 0 0 1
vn 0 0 1
vn 0 0 1
vn 0 0 1
vn 0 0 1
vn 0 0 1
vn 0 0 1
vn 0 0 1
vn 0 0 1
vn 0 0 1
vn 0 0 1
vn 0 0 1
vn 0 0 1
vn 0 0 1
vn 0 0 1
vn 0 0 1
vn 0 0 1
vn 0 0 1
vn 0 0 1
vn 0 0 1
vn 0 0 1
vn 0 0 1
vn 0 0 1
vn 0 0 1
vn 0 0 1
vn 0 0 1
vn 0 0 1
vn 0 0 1
vn 0 0 1
vn 0 0 1
vn 0 0 1
vn 0 0 1
vn 0 0 1
vn 0 0 1
vn 0 0 1
vn 0 0 1
vn 0 0 1
vn 0 0 1
vn 0 0 1
vn 0 0 1
vn 0 0 1
vn 0 0 1
vn 0 0 1
vn 0 0 1
vn 0 0 1
vn 0 0 1
vn 0 0 1
vn 0 0 1
vn 0 0 1
vn 0 0 1
vn 0 0 1
vn 0 0 1
vn 0 0 1
vn 0 0 1
vn 0 0 1
vn 0 0 1
vn 0 0 1
vn 0 0 1
vn 0 0 1
vn 0 0 1
vn 0 0 1
vn 0 0 1
vn 0 0 1
vn 0 0 1
vn 0 0 1
vn 0 0 1
vn 0 0 1
vn 0 0 1
vn 0 0 1
vn 0 0 1
vn 0 0 1
vn 0 0 1
vn 0 0 1
vn 0 0 1
vn 0 0 1
vn 0 0 1
vn 0 0 1
vn 0 0 1
vn 0 0 1
vn 0 0 1
vn 0 0 1
vn 0 0 1
vn 0 0 1
vn 0 0 1
vn 0 0 1
vn 0 0 1
vn 0 0 1
vn 0 0 1
vn 0 0 1
vn 0 0 1
vn 0 0 1
vn 0 0 1
vn 0 0 1
vn 0 0 1
vn 0 0 1
vn 0 0 1
vn 0 0 1
vn 0 0 1
vn 0 0 1
vn 0 0 1
vn 0 0 1
vn 0 0 1
vn 0 0 1
vn 0 0 1
vn 0 0 1
vn 0 0 1
vn 0 0 1
vn 0 0 1
vn 0 0 1
vn 0 0 1
vn 0 0 1
vn 0 0 1
vn 0 0 1
vn 0 0 1
vn 0 0 1
vn 0 0 1
vn 0 0 1
vn 0 0 1
vn 0 0 1
vn 0 0 1
vn 0 0 1
vn 0 0 1
vn 0 0 1
vn 0 0 1
vn 0 0 1
vn 0 0 1
vn 0 0 1
vn 0 0 1
vn 0 0 1
vn 0 0 1
vn 0 0 1
vn 0 0 1
vn 0 0 1
vn 0 0 1
vn 0 0 1
vn 0 0 1
vn 0 0 1
vn 0 0 1
vn 0 0 1
vn 0 0 1
vn 0 0 1
vn 0 0 1
vn 0 0 1
vn 0 0 1
vn 0 0 1
vn 0 0 1
vn 0 0 1
vn 0 0 1
vn 0 0 1
vn 0 0 1
vn 0 0 1
vn 0 0 1
vn 0 0 1
vn 0 0 1
vn 0 0 1
vn 0 0 1
vn 0 0 1
vn 0 0 1
vn 0 0 1
vn 0 0 1
vn 0 0 1
vn 0 0 1
vn 0 0 1
vn 0 0 1
vn 0 0 1
vn 0 0 1
vn 0 0 1
vn 0 0 1
vn 0 0 1
vn 0 0 1
vn 0 0 1
vn 0 0 1
vn 0 0 1
vn 0 0 1
vn 0 0 1
vn 0 0 1
vn 0 0 1
vn 0 0 1
vn 0 0 1
vn 0 0 1
vn 0 0 1
vn 0 0 1
vn 0 0 1
vn 0 0 1
vn 0 0 1
vn 0 0 1
vn 0 0 1
vn 0 0 1
vn 0 0 1
vn 0 0 1
vn 0 0 1
vn 0 0 1
vn 0 0 1
vn 0 0 1
vn 0 0 1
vn 0 0 1
vn 0 0 1
vn 0 0 1
vn 0 0 1
vn 0 0 1
vn 0 0 1
vn 0 0 1
vn 0 0 1
vn 0 0 1
vn 0 0 1
vn 0 0 1
vn 0 0 1
vn 0 0 1
vn 0 0 1
vn 0 0 1
vn 0 0 1
vn 0 0 1
vn 0 0 1
vn 0 0 1
vn 0 0 1
vn 0 0 1
vn 0 0 1
vn 0 0 1
vn 0 0 1
vn 0 0 1
vn 0 0 1
vn 0 0 1
vn 0 0 1
vn 0 0 1
vn 0 0 1
vn 0 0 1
vn 0 0 1
vn 0 0 1
vn 0 0 1
vn 0 0 1
vn 0 0 1
vn 0 0 1
vn 0 0 1
vn 0 0 1
vn 0 0 1
vn 0 0 1
vn 0 0 1
vn 0 0 1
vn 0 0 1
vn 0 0 1
vn 0 0 1
vn 0 0 1
vn 0 0 1
vn 0 0 1
vn 0 0 1
vn 0 0 1
vn 0 0 1
vn 0 0 1
vn 0 0 1
vn 0 0 1
vn 0 0 1
vn 0 0 1
vn 0 0 1
vn 0 0 1
vn 0 0 1
vn 0 0 1
vn 0 0 1
vn 0 0 1
vn 0 0 1
vn 0 0 1
vn 0 0 1
vn 0 0 1
vn 0 0 1
vn 0 0 1
vn 0 0 1
vn 0 0 1
vn 0 0 1
vn 0 0 1
vn 0 0 1
vn 0 0 1
vn 0 0 1
vn 0 0 1
vn 0 0 1
vn 0 0 1
vn 0 0 1
vn 0 0 1
vn 0 0 1
vn 0 0 1
vn 0 0 1
vn 0 0 1
vn 0 0 1
vn 0 0 1
vn 0 0 1
vn 0 0 1
vn 0 0 1
vn 0 0 1
vn 0 0 1
vn 0 0 1
vn 0 0 1
vn 0 0 1
vn 0 0 1
vn 0 0 1
vn 0 0 1
vn 0 0 1
vn 0 0 1
vn 0 0 1
vn 0 0 1
vn 0 0 1
vn 0 0 1
vn 0 0 1
vn 0 0 1
vn 0 0 1
vn 0 0 1
vn 0 0 1
vn 0 0 1
vn 0 0 1
vn 0 0 1
vn 0 0 1
vn 0 0 1
vn 0 0 1
vn 0 0 1
vn 0 0 1
vn 0 0 1
vn 0 0 1
vn 0 0 1
vn 0 0 1
vn 0 0 1
vn 0 0 1
vn 0 0 1
vn 0 0 1
vn 0 0 1
vn 0 0 1
vn 0 0 1
vn 0 0 1
vn 0 0 1
vn 0 0 1
vn 0 0 1
vn 0 0 1
vn 0 0 1
vn 0 0 1
vn 0 0 1
vn 0 0 1
vn 0 0 1
vn 0 0 1
vn 0 0 1
vn 0 0 1
vn 0 0 1
vn 0 0 1
vn 0 0 1
vn 0 0 1
vn 0 0 1
vn 0 0 1
vn 0 0 1
vn 0 0 1
vn 0 0 1
vn 0 0 1
vn 0 0 1
vn 0 0 1
vn 0 0 1
vn 0 0 1
vn 0 0 1
vn 0 0 1
vn 0 0 1
vn 0 0 1
vn 0 0 1
vn 0 0 1
vn 0 0 1
vn 0 0 1
vn 0 0 1
vn 0 0 1
vn 0 0 1
vn 0 0 1
vn 0 0 1
vn 0 0 1
vn 0 0 1
vn 0 0 1
vn 0 0 1
vn 0 0 1
vn 0 0 1
vn 0 0 1
vn 0 0 1
vn 0 0 1
vn 0 0 1
vn 0 0 1
vn 0 0 1
vn 0 0 1
vn 0 0 1
vn 0 0 1
vn 0 0 1
vn 0 0 1
vn 0 0 1
vn 0 0 1
vn 0 0 1
vn 0 0 1
vn 0 0 1
vn 0 0 1
vn 0 0 1
vn 0 0 1
vn 0 0 1
vn 0 0 1
vn 0 0 1
vn 0 0 1
vn 0 0 1
vn 0 0 1
vn 0 0 1
vn 0 0 1
vn 0 0 1
vn 0 0 1
vn 0 0 1
vn 0 0 1
vn 0 0 1
vn 0 0 1
vn 0 0 1
vn 0 0 1
vn 0 0 1
vn 0 0 1
vn 0 0 1
vn 0 0 1
vn 0 0 1
vn 0 0 1
vn 0 0 1
vn 0 0 1
vn 0 0 1
vn 0 0 1
vn 0 0 1
vn 0 0 1
vn 0 0 1
vn 0 0 1
vn 0 0 1
vn 0 0 1
vn 0 0 1
vn 0 0 1
vn 0 0 1
vn 0 0 1
vn 0 0 1
vn 0 0 1
vn 0 0 1
vn 0 0 1
vn 0 0 1
vn 0 0 1
vn 0 0 1
vn 0 0 1
vn 0 0 1
vn 0 0 1
vn 0 0 1
vn 0 0 1
vn 0 0 1
vn 0 0 1
vn 0 0 1
vn 0 0 1
vn 0 0 1
vn 0 0 1
vn 0 0 1
vn 0 0 1
vn 0 0 1
vn 0 0 1
vn 0 0 1
vn 0 0 1
vn 0 0 1
vn 0 0 1
vn 0 0 1
vn 0 0 1
vn 0 0 1
vn 0 0 1
vn 0 0 1
vn 0 0 1
vn 0 0 1
vn 0 0 1
vn 0 0 1
vn 0 0 1
vn 0 0 1
vn 0 0 1
vn 0 0 1
vn 0 0 1
vn 0 0 1
vn 0 0 1
vn 0 0 1
vn 0 0 1
vn 0 0 1
vn 0 0 1
vn 0 0 1
vn 0 0 1
vn 0 0 1
vn 0 0 1
vn 0 0 1
vn 0 0 1
vn 0 0 1
vn 0 0 1
vn 0 0 1
vn 0 0 1
vn 0 0 1
vn 0 0 1
vn 0 0 1
vn 0 0 1
vn 0 0 1
vn 0 0 1
vn 0 0 1
vn 0 0 1
vn 0 0 1
vn 0 0 1
vn 0 0 1
vn 0 0 1
vn 0 0 1
vn 0 0 1
vn 0 0 1
vn 0 0 1
vn 0 0 1
vn 0 0 1
vn 0 0 1
vn 0 0 1
vn 0 0 1
vn 0 0 1
vn 0 0 1
vn 0 0 1
vn 0 0 1
vn 0 0 1
vn 0 0 1
vn 0 0 1
vn 0 0 1
vn 0 0 1
vn 0 0 1
vn 0 0 1
vn 0 0 1
vn 0 0 1
vn 0 0 1
vn 0 0 1
vn 0 0 1
vn 0 0 1
vn 0 0 1
vn 0 0 1
vn 0 0 1
vn 0 0 1
vn 0 0 1
vn 0 0 1
vn 0 0 1
vn 0 0 1
vn 0 0 1
vn 0 0 1
vn 0 0 1
vn 0 0 1
vn 0 0 1
vn 0 0 1
vn 0 0 1
vn 0 0 1
vn 0 0 1
vn 0 0 1
vn 0 0 1
vn 0 0 1
vn 0 0 1
vn 0 0 1
vn 0 0 1
vn 0 0 1
vn 0 0 1
vn 0 0 1
vn 0 0 1
vn 0 0 1
vn 0 0 1
vn 0 0 1
vn 0 0 1
vn 0 0 1
vn 0 0 1
vn 0 0 1
vn 0 0 1
vn 0 0 1
vn 0 0 1
vn 0 0 1
vn 0 0 1
vn 0 0 1
vn 0 0 1
vn 0 0 1
vn 0 0 1
vn 0 0 1
vn 0 0 1
vn 0 0 1
vn 0 0 1
vn 0 0 1
vn 0 0 1
vn 0 0 1
vn 0 0 1
vn 0 0 1
vn 0 0 1
vn 0 0 1
vn 0 0 1
vn 0 0 1
vn 0 0 1
vn 0 0 1
vn 0 0 1
vn 0 0 1
vn 0 0 1
vn 0 0 1
vn 0 0 1
vn 0 0 1
vn 0 0 1
vn 0 0 1
vn 0 0 1
vn 0 0 1
vn 0 0 1
vn 0 0 1
vn 0 0 1
vn 0 0 1
vn 0 0 1
vn 0 0 1
vn 0 0 1
vn 0 0 1
vn 0 0 1
vn 0 0 1
vn 0 0 1
vn 0 0 1
vn 0 0 1
vn 0 0 1
vn 0 0 1
vn 0 0 1
vn 0 0 1
vn 0 0 1
vn 0 0 1
vn 0 0 1
vn 0 0 1
vn 0 0 1
vn 0 0 1
vn 0 0 1
vn 0 0 1
vn 0 0 1
vn 0 0 1
vn 0 0 1
vn 0 0 1
vn 0 0 1
vn 0 0 1
vn 0 0 1
vn 0 0 1
vn 0 0 1
vn 0 0 1
vn 0 0 1
vn 0 0 1
vn 0 0 1
vn 0 0 1
vn 0 0 1
vn 0 0 1
vn 0 0 1
vn 0 0 1
vn 0 0 1
vn 0 0 1
vn 0 0 1
vn 0 0 1
vn 0 0 1
vn 0 0 1
vn 0 0 1
vn 0 0 1
vn 0 0 1
vn 0 0 1
vn 0 0 1
vn 0 0 1
vn 0 0 1
vn 0 0 1
vn 0 0 1
vn 0 0 1
vn 0 0 1
vn 0 0 1
vn 0 0 1
vn 0 0 1
vn 0 0 1
vn 0 0 1
vn 0 0 1
vn 0 0 1
vn 0 0 1
vn 0 0 1
vn 0 0 1
vn 0 0 1
vn 0 0 1
vn 0 0 1
vn 0 0 1
vn 0 0 1
vn 0 0 1
vn 0 0 1
vn 0 0 1
vn 0 0 1
vn 0 0 1
vn 0 0 1
vn 0 0 1
vn 0 0 1
vn 0 0 1
vn 0 0 1
vn 0 0 1
vn 0 0 1
vn 0 0 1
vn 0 0 1
vn 0 0 1
vn 0 0 1
vn 0 0 1
vn 0 0 1
vn 0 0 1
vn 0 0 1
vn 0 0 1
vn 0 0 1
vn 0 0 1
vn 0 0 1
vn 0 0 1
vn 0 0 1
vn 0 0 1
vn 0 0 1
vn 0 0 1
vn 0 0 1
vn 0 0 1
vn 0 0 1
vn 0 0 1
vn 0 0 1
vn 0 0 1
vn 0 0 1
vn 0 0 1
vn 0 0 1
vn 0 0 1
vn 0 0 1
vn 0 0 1
vn 0 0 1
vn 0 0 1
vn 0 0 1
vn 0 0 1
vn 0 0 1
vn 0 0 1
vn 0 0 1
vn 0 0 1
vn 0 0 1
vn 0 0 1
vn 0 0 1
vn 0 0 1
vn 0 0 1
vn 0 0 1
vn 0 0 1
vn 0 0 1
vn 0 0 1
vn 0 0 1
vn 0 0 1
vn 0 0 1
vn 0 0 1
vn 0 0 1
vn 0 0 1
vn 0 0 1
vn 0 0 1
vn 0 0 1
vn 0 0 1
vn 0 0 1
vn 0 0 1
vn 0 0 1
vn 0 0 1
vn 0 0 1
vn 0 0 1
vn 0 0 1
vn 0 0 1
vn 0 0 1
vn 0 0 1
vn 0 0 1
vn 0 0 1
vn 0 0 1
vn 0 0 1
vn 0 0 1
vn 0 0 1
vn 0 0 1
vn 0 0 1
vn 0 0 1
vn 0 0 1
vn 0 0 1
vn 0 0 1
vn 0 0 1
vn 0 0 1
vn 0 0 1
vn 0 0 1
vn 0 0 1
vn 0 0 1
vn 0 0 1
vn 0 0 1
vn 0 0 1
vn 0 0 1
vn 0 0 1
vn 0 0 1
vn 0 0 1
vn 0 0 1
vn 0 0 1
vn 0 0 1
vn 0 0 1
vn 0 0 1
vn 0 0 1
vn 0 0 1
vn 0 0 1
vn 0 0 1
vn 0 0 1
vn 0 0 1
vn 0 0 1
vn 0 0 1
vn 0 0 1
vn 0 0 1
vn 0 0 1
vn 0 0 1
vn 0 0 1
vn 0 0 1
vn 0 0 1
vn 0 0 1
vn 0 0 1
vn 0 0 1
vn 0 0 1
vn 0 0 1
vn 0 0 1
vn 0 0 1
vn 0 0 1
vn 0 0 1
vn 0 0 1
vn 0 0 1
vn 0 0 1
vn 0 0 1
vn 0 0 1
vn 0 0 1
vn 0 0 1
vn 0 0 1
vn 0 0 1
vn 0 0 1
vn 0 0 1
vn 0 0 1
vn 0 0 1
vn 0 0 1
vn 0 0 1
vn 0 0 1
vn 0 0 1
vn 0 0 1
vn 0 0 1
vn 0 0 1
vn 0 0 1
vn 0 0 1
vn 0 0 1
vn 0 0 1
vn 0 0 1
vn 0 0 1
vn 0 0 1
vn 0 0 1
vn 0 0 1
vn 0 0 1
vn 0 0 1
vn 0 0 1
vn 0 0 1
vn 0 0 1
vn 0 0 1
vn 0 0 1
vn 0 0 1
vn 0 0 1
vn 0 0 1
vn 0 0 1
vn 0 0 1
vn 0 0 1
vn 0 0 1
vn 0 0 1
vn 0 0 1
vn 0 0 1
vn 0 0 1
vn 0 0 1
vn 0 0 1
vn 0 0 1
vn 0 0 1
vn 0 0 1
vn 0 0 1
vn 0 0 1
vn 0 0 1
vn 0 0 1
vn 0 0 1
vn 0 0 1
vn 0 0 1
vn 0 0 1
vn 0 0 1
vn 0 0 1
vn 0 0 1
vn 0 0 1
vn 0 0 1
vn 0 0 1
vn 0 0 1
vn 0 0 1
vn 0 0 1
vn 0 0 1
vn 0 0 1
vn 0 0 1
vn 0 0 1
vn 0 0 1
vn 0 0 1
vn 0 0 1
vn 0 0 1
vn 0 0 1
vn 0 0 1
vn 0 0 1
vn 0 0 1
vn 0 0 1
vn 0 0 1
vn 0 0 1
vn 0 0 1
vn 0 0 1
vn 0 0 1
vn 0 0 1
vn 0 0 1
vn 0 0 1
vn 0 0 1
vn 0 0 1
vn 0 0 1
vn 0 0 1
vn 0 0 1
vn 0 0 1
vn 0 0 1
vn 0 0 1
vn 0 0 1
vn 0 0 1
vn 0 0 1
vn 0 0 1
vn 0 0 1
vn 0 0 1
vn 0 0 1
vn 0 0 1
vn 0 0 1
vn 0 0 1
vn 0 0 1
vn 0 0 1
vn 0 0 1
vn 0 0 1
vn 0 0 1
vn 0 0 1
vn 0 0 1
vn 0 0 1
vn 0 0 1
vn 0 0 1
vn 0 0 1
vn 0 0 1
vn 0 0 1
vn 0 0 1
vn 0 0 1
vn 0 0 1
vn 0 0 1
vn 0 0 1
vn 0 0 1
vn 0 0 1
vn 0 0 1
vn 0 0 1
vn 0 0 1
vn 0 0 1
vn 0 0 1
vn 0 0 1
vn 0 0 1
vn 0 0 1
vn 0 0 1
vn 0 0 1
vn 0 0 1
vn 0 0 1
vn 0 0 1
vn 0 0 1
vn 0 0 1
vn 0 0 1
vn 0 0 1
vn 0 0 1
vn 0 0 1
vn 0 0 1
vn 0 0 1
vn 0 0 1
vn 0 0 1
vn 0 0 1
vn 0 0 1
vn 0 0 1
vn 0 0 1
vn 0 0 1
vn 0 0 1
vn 0 0 1
vn 0 0 1
vn 0 0 1
vn 0 0 1
vn 0 0 1
vn 0 0 1
vn 0 0 1
vn 0 0 1
vn 0 0 1
vn 0 0 1
vn 0 0 1
vn 0 0 1
vn 0 0 1
vn 0 0 1
vn 0 0 1
vn 0 0 1
vn 0 0 1
vn 0 0 1
vn 0 0 1
vn 0 0 1
vn 0 0 1
vn 0 0 1
vn 0 0 1
vn 0 0 1
vn 0 0 1
vn 0 0 1
vn 0 0 1
vn 0 0 1
vn 0 0 1
vn 0 0 1
vn 0 0 1
vn 0 0 1
vn 0 0 1
vn 0 0 1
vn 0 0 1
vn 0 0 1
vn 0 0 1
vn 0 0 1
vn 0 0 1
vn 0 0 1
vn 0 0 1
vn 0 0 1
vn 0 0 1
vn 0 0 1
vn 0 0 1
vn 0 0 1
vn 0 0 1
vn 0 0 1
vn 0 0 1
vn 0 0 1
vn 0 0 1
vn 0 0 1
vn 0 0 1
vn 0 0 1
vn 0 0 1
vn 0 0 1
vn 0 0 1
vn 0 0 1
vn 0 0 1
vn 0 0 1
vn 0 0 1
vn 0 0 1
vn 0 0 1
vn 0 0 1
vn 0 0 1
vn 0 0 1
vn 0 0 1
vn 0 0 1
vn 0 0 1
vn 0 0 1
vn 0 0 1
vn 0 0 1
vn 0 0 1
vn 0 0 1
vn 0 0 1
vn 0 0 1
vn 0 0 1
vn 0 0 1
vn 0 0 1
vn 0 0 1
vn 0 0 1
vn 0 0 1
vn 0 0 1
vn 0 0 1
vn 0 0 1
vn 0 0 1
vn 0 0 1
vn 0 0 1
vn 0 0 1
vn 0 0 1
vn 0 0 1
vn 0 0 1
vn 0 0 1
vn 0 0 1
vn 0 0 1
vn 0 0 1
vn 0 0 1
vn 0 0 1
vn 0 0 1
vn 0 0 1
vn 0 0 1
vn 0 0 1
vn 0 0 1
vn 0 0 1
vn 0 0 1
vn 0 0 1
vn 0 0 1
vn 0 0 1
vn 0 0 1
vn 0 0 1
vn 0 0 1
vn 0 0 1
vn 0 0 1
vn 0 0 1
vn 0 0 1
vn 0 0 1
vn 0 0 1
vn 0 0 1
vn 0 0 1
vn 0 0 1
vn 0 0 1
vn 0 0 1
vn 0 0 1
vn 0 0 1
vn 0 0 1
vn 0 0 1
vn 0 0 1
vn 0 0 1
vn 0 0 1
vn 0 0 1
vn 0 0 1
vn 0 0 1
vn 0 0 1
vn 0 0 1
vn 0 0 1
vn 0 0 1
vn 0 0 1
vn 0 0 1
vn 0 0 1
vn 0 0 1
vn 0 0 1
vn 0 0 1
vn 0 0 1
vn 0 0 1
vn 0 0 1
vn 0 0 1
vn 0 0 1
vn 0 0 1
vn 0 0 1
vn 0 0 1
vn 0 0 1
vn 0 0 1
vn 0 0 1
vn 0 0 1
vn 0 0 1
vn 0 0 1
vn 0 0 1
vn 0 0 1
vn 0 0 1
vn 0 0 1
vn 0 0 1
vn 0 0 1
vn 0 0 1
vn 0 0 1
vn 0 0 1
vn 0 0 1
vn 0 0 1
vn 0 0 1
vn 0 0 1
vn 0 0 1
vn 0 0 1
vn 0 0 1
vn 0 0 1
vn 0 0 1
vn 0 0 1
vn 0 0 1
vn 0 0 1
vn 0 0 1
vn 0 0 1
vn 0 0 1
vn 0 0 1
vn 0 0 1
vn 0 0 1
vn 0 0 1
vn 0 0 1
vn 0 0 1
vn 0 0 1
vn 0 0 1
vn 0 0 1
vn 0 0 1
vn 0 0 1
vn 0 0 1
vn 0 0 1
vn 0 0 1
vn 0 0 1
vn 0 0 1
vn 0 0 1
vn 0 0 1
vn 0 0 1
vn 0 0 1
vn 0 0 1
vn 0 0 1
vn 0 0 1
vn 0 0 1
vn 0 0 1
vn 0 0 1
vn 0 0 1
vn 0 0 1
vn 0 0 1
vn 0 0 1
vn 0 0 1
vn 0 0 1
vn 0 0 1
vn 0 0 1
vn 0 0 1
vn 0 0 1
vn 0 0 1
vn 0 0 1
vn 0 0 1
vn 0 0 1
vn 0 0 1
vn 0 0 1
vn 0 0 1
vn 0 0 1
vn 0 0 1
vn 0 0 1
vn 0 0 1
vn 0 0 1
vn 0 0 1
vn 0 0 1
vn 0 0 1
vn 0 0 1
vn 0 0 1
vn 0 0 1
vn 0 0 1
vn 0 0 1
vn 0 0 1
vn 0 0 1
vn 0 0 1
vn 0 0 1
vn 0 0 1
vn 0 0 1
vn 0 0 1
vn 0 0 1
vn 0 0 1
vn 0 0 1
vn 0 0 1
vn 0 0 1
vn 0 0 1
vn 0 0 1
vn 0 0 1
vn 0 0 1
vn 0 0 1
vn 0 0 1
vn 0 0 1
vn 0 0 1
vn 0 0 1
vn 0 0 1
vn 0 0 1
vn 0 0 1
vn 0 0 1
vn 0 0 1
vn 0 0 1
vn 0 0 1
vn 0 0 1
vn 0 0 1
vn 0 0 1
vn 0 0 1
vn 0 0 1
vn 0 0 1
vn 0 0 1
vn 0 0 1
vn 0 0 1
vn 0 0 1
vn 0 0 1
vn 0 0 1
vn 0 0 1
vn 0 0 1
vn 0 0 1
vn 0 0 1
vn 0 0 1
vn 0 0 1
vn 0 0 1
vn 0 0 1
vn 0 0 1
vn 0 0 1
vn 0 0 1
vn 0 0 1
vn 0 0 1
vn 0 0 1
vn 0 0 1
vn 0 0 1
vn 0 0 1
vn 0 0 1
vn 0 0 1
vn 0 0 1
vn 0 0 1
vn 0 0 1
vn 0 0 1
vn 0 0 1
vn 0 0 1
vn 0 0 1
vn 0 0 1
vn 0 0 1
vn 0 0 1
vn 0 0 1
vn 0 0 1
vn 0 0 1
vn 0 0 1
vn 0 0 1
vn 0 0 1
vn 0 0 1
vn 0 0 1
vn 0 0 1
vn 0 0 1
vn 0 0 1
vn 0 0 1
vn 0 0 1
vn 0 0 1
vn 0 0 1
vn 0 0 1
vn 0 0 1
vn 0 0 1
vn 0 0 1
vn 0 0 1
vn 0 0 1
vn 0 0 1
vn 0 0 1
vn 0 0 1
vn 0 0 1
vn 0 0 1
vn 0 0 1
vn 0 0 1
vn 0 0 1
vn 0 0 1
vn 0 0 1
vn 0 0 1
vn 0 0 1
vn 0 0 1
vn 0 0 1
vn 0 0 1
vn 0 0 1
vn 0 0 1
vn 0 0 1
vn 0 0 1
vn 0 0 1
vn 0 0 1
vn 0 0 1
vn 0 0 1
vn 0 0 1
vn 0 0 1
vn 0 0 1
vn 0 0 1
vn 0 0 1
vn 0 0 1
vn 0 0 1
vn 0 0 1
vn 0 0 1
vn 0 0 1
vn 0 0 1
vn 0 0 1
vn 0 0 1
vn 0 0 1
vn 0 0 1
vn 0 0 1
vn 0 0 1
vn 0 0 1
vn 0 0 1
vn 0 0 1
vn 0 0 1
vn 0 0 1
vn 0 0 1
vn 0 0 1
vn 0 0 1
vn 0 0 1
vn 0 0 1
vn 0 0 1
vn 0 0 1
vn 0 0 1
vn 0 0 1
vn 0 0 1
vn 0 0 1
vn 0 0 1
vn 0 0 1
vn 0 0 1
vn 0 0 1
vn 0 0 1
vn 0 0 1
vn 0 0 1
vn 0 0 1
vn 0 0 1
vn 0 0 1
vn 0 0 1
vn 0 0 1
vn 0 0 1
vn 0 0 1
vn 0 0 1
vn 0 0 1
vn 0 0 1
vn 0 0 1
vn 0 0 1
vn 0 0 1
vn 0 0 1
vn 0 0 1
vn 0 0 1
vn 0 0 1
vn 0 0 1
vn 0 0 1
vn 0 0 1
vn 0 0 1
vn 0 0 1
vn 0 0 1
vn 0 0 1
vn 0 0 1
vn 0 0 1
vn 0 0 1
vn 0 0 1
vn 0 0 1
vn 0 0 1
vn 0 0 1
vn 0 0 1
vn 0 0 1
vn 0 0 1
vn 0 0 1
vn 0 0 1
vn 0 0 1
vn 0 0 1
vn 0 0 1
vn 0 0 1
vn 0 0 1
vn 0 0 1
vn 0 0 1
vn 0 0 1
vn 0 0 1
vn 0 0 1
vn 0 0 1
vn 0 0 1
vn 0 0 1
vn 0 0 1
vn 0 0 1
vn 0 0 1
vn 0 0 1
vn 0 0 1
vn 0 0 1
vn 0 0 1
vn 0 0 1
vn 0 0 1
vn 0 0 1
vn 0 0 1
vn 0 0 1
vn 0 0 1
vn 0 0 1
vn 0 0 1
vn 0 0 1
vn 0 0 1
vn 0 0 1
vn 0 0 1
vn 0 0 1
vn 0 0 1
vn 0 0 1
vn 0 0 1
vn 0 0 1
vn 0 0 1
vn 0 0 1
vn 0 0 1
vn 0 0 1
vn 0 0 1
vn 0 0 1
vn 0 0 1
vn 0 0 1
vn 0 0 1
vn 0 0 1
vn 0 0 1
vn 0 0 1
vn 0 0 1
vn 0 0 1
vn 0 0 1
vn 0 0 1
vn 0 0 1
vn 0 0 1
vn 0 0 1
vn 0 0 1
vn 0 0 1
vn 0 0 1
vn 0 0 1
vn 0 0 1
vn 0 0 1
vn 0 0 1
vn 0 0 1
vn 0 0 1
vn 0 0 1
vn 0 0 1
vn 0 0 1
vn 0 0 1
vn 0 0 1
vn 0 0 1
vn 0 0 1
vn 0 0 1
vn 0 0 1
vn 0 0 1
vn 0 0 1
vn 0 0 1
vn 0 0 1
vn 0 0 1
vn 0 0 1
vn 0 0 1
vn 0 0 1
vn 0 0 1
vn 0 0 1
vn 0 0 1
vn 0 0 1
vn 0 0 1
f 749/1/749 1214/1/1214 1265/1/1265 
f 1185/1/1185 521/1/521 1308/1/1308 
f 229/1/229 1104/1/1104 1939/1/1939 
f 1377/1/1377 234/1/234 1743/1/1743 
f 577/1/577 1544/1/1544 1675/1/1675 
f 1104/1/1104 229/1/229 1768/1/1768 
f 1180/1/1180 241/1/241 1489/1/1489 
f 241/1/241 1180/1/1180 1897/1/1897 
f 638/1/638 1207/1/1207 1440/1/1440 
f 1043/1/1043 1377/1/1377 1743/1/1743 
f 1194/1/1194 209/1/209 1578/1/1578 
f 1102/1/1102 560/1/560 1848/1/1848 
f 1437/1/1437 569/1/569 1721/1/1721 
f 1273/1/1273 873/1/873 1590/1/1590 
f 1768/1/1768 229/1/229 1790/1/1790 
f 1102/1/1102 1768/1/1768 1790/1/1790 
f 1437/1/1437 1721/1/1721 1886/1/1886 
f 1187/1/1187 220/1/220 1423/1/1423 
f 1161/1/1161 1523/1/1523 1524/1/1524 
f 1444/1/1444 818/1/818 1445/1/1445 
f 1105/1/1105 568/1/568 1878/1/1878 
f 1322/1/1322 1080/1/1080 1855/1/1855 
f 1281/1/1281 1091/1/1091 1576/1/1576 
f 573/1/573 1182/1/1182 1487/1/1487 
f 757/1/757 1281/1/1281 1576/1/1576 
f 1245/1/1245 1554/1/1554 1793/1/1793 
f 1182/1/1182 573/1/573 1486/1/1486 
f 1571/1/1571 1442/1/1442 1628/1/1628 
f 568/1/568 1105/1/1105 1889/1/1889 
f 560/1/560 1808/1/1808 1848/1/1848 
f 1184/1/1184 744/1/744 1201/1/1201 
f 1440/1/1440 1207/1/1207 1852/1/1852 
f 1077/1/1077 1066/1/1066 1506/1/1506 
f 1578/1/1578 209/1/209 1886/1/1886 
f 1179/1/1179 1235/1/1235 1248/1/1248 
f 1510/1/1510 708/1/708 1601/1/1601 
f 252/1/252 1213/1/1213 1264/1/1264 
f 1243/1/1243 1140/1/1140 1536/1/1536 
f 1544/1/1544 577/1/577 1937/1/1937 
f 792/1/792 1226/1/1226 1321/1/1321 
f 184/1/184 5/1/5 1091/1/1091 
f 1091/1/1091 5/1/5 1576/1/1576 
f 794/1/794 1783/1/1783 1791/1/1791 
f 744/1/744 1184/1/1184 1200/1/1200 
f 1090/1/1090 1601/1/1601 1646/1/1646 
f 1808/1/1808 1097/1/1097 1848/1/1848 
f 1027/1/1027 1097/1/1097 1865/1/1865 
f 1097/1/1097 1808/1/1808 1865/1/1865 
f 49/1/49 1291/1/1291 1979/1/1979 
f 1105/1/1105 1031/1/1031 1471/1/1471 
f 1214/1/1214 1213/1/1213 1265/1/1265 
f 1523/1/1523 1161/1/1161 1525/1/1525 
f 1043/1/1043 1743/1/1743 1817/1/1817 
f 226/1/226 1192/1/1192 1960/1/1960 
f 1190/1/1190 566/1/566 1422/1/1422 
f 1192/1/1192 226/1/226 1809/1/1809 
f 1513/1/1513 1078/1/1078 1845/1/1845 
f 1183/1/1183 627/1/627 1232/1/1232 
f 1216/1/1216 1043/1/1043 1817/1/1817 
f 1078/1/1078 1513/1/1513 1906/1/1906 
f 171/1/171 172/1/172 1227/1/1227 
f 708/1/708 1510/1/1510 1600/1/1600 
f 1798/1/1798 243/1/243 1869/1/1869 
f 1261/1/1261 1153/1/1153 1785/1/1785 
f 1396/1/1396 705/1/705 1971/1/1971 
f 1323/1/1323 1805/1/1805 1858/1/1858 
f 1248/1/1248 1156/1/1156 1540/1/1540 
f 1308/1/1308 521/1/521 1922/1/1922 
f 1030/1/1030 1764/1/1764 1895/1/1895 
f 627/1/627 1183/1/1183 1272/1/1272 
f 1531/1/1531 1173/1/1173 1802/1/1802 
f 172/1/172 173/1/173 1239/1/1239 
f 1082/1/1082 1273/1/1273 1590/1/1590 
f 1177/1/1177 1798/1/1798 1869/1/1869 
f 1408/1/1408 881/1/881 1494/1/1494 
f 1460/1/1460 1462/1/1462 1856/1/1856 
f 560/1/560 1102/1/1102 1790/1/1790 
f 1227/1/1227 172/1/172 1239/1/1239 
f 272/1/272 274/1/274 1258/1/1258 
f 243/1/243 1212/1/1212 1527/1/1527 
f 49/1/49 50/1/50 1291/1/1291 
f 1242/1/1242 1243/1/1243 1536/1/1536 
f 83/1/83 84/1/84 1233/1/1233 
f 332/1/332 1203/1/1203 1294/1/1294 
f 1153/1/1153 1261/1/1261 1940/1/1940 
f 1051/1/1051 1053/1/1053 1486/1/1486 
f 705/1/705 1396/1/1396 1783/1/1783 
f 1281/1/1281 757/1/757 1282/1/1282 
f 1188/1/1188 239/1/239 1227/1/1227 
f 1751/1/1751 1262/1/1262 1908/1/1908 
f 1240/1/1240 227/1/227 1241/1/1241 
f 1180/1/1180 1164/1/1164 1526/1/1526 
f 1077/1/1077 1506/1/1506 1966/1/1966 
f 1592/1/1592 1443/1/1443 1898/1/1898 
f 222/1/222 1245/1/1245 1793/1/1793 
f 212/1/212 1322/1/1322 1855/1/1855 
f 1183/1/1183 873/1/873 1273/1/1273 
f 1471/1/1471 1031/1/1031 1898/1/1898 
f 239/1/239 1188/1/1188 1248/1/1248 
f 818/1/818 1444/1/1444 1896/1/1896 
f 1212/1/1212 243/1/243 1798/1/1798 
f 1601/1/1601 708/1/708 1646/1/1646 
f 1203/1/1203 976/1/976 1294/1/1294 
f 1321/1/1321 1226/1/1226 1874/1/1874 
f 1213/1/1213 1210/1/1210 1264/1/1264 
f 566/1/566 1190/1/1190 1423/1/1423 
f 1242/1/1242 1145/1/1145 1542/1/1542 
f 812/1/812 1259/1/1259 1407/1/1407 
f 12/1/12 13/1/13 1525/1/1525 
f 1239/1/1239 227/1/227 1240/1/1240 
f 388/1/388 1417/1/1417 1832/1/1832 
f 1196/1/1196 581/1/581 1522/1/1522 
f 944/1/944 1281/1/1281 1282/1/1282 
f 1628/1/1628 1442/1/1442 1907/1/1907 
f 1443/1/1443 1592/1/1592 1907/1/1907 
f 220/1/220 1187/1/1187 1969/1/1969 
f 1214/1/1214 749/1/749 1444/1/1444 
f 81/1/81 82/1/82 1272/1/1272 
f 1526/1/1526 1164/1/1164 1915/1/1915 
f 521/1/521 1185/1/1185 1771/1/1771 
f 400/1/400 1199/1/1199 1259/1/1259 
f 1545/1/1545 1524/1/1524 1915/1/1915 
f 1235/1/1235 1179/1/1179 1942/1/1942 
f 1497/1/1497 1045/1/1045 1850/1/1850 
f 1190/1/1190 1422/1/1422 1644/1/1644 
f 7/1/7 8/1/8 1520/1/1520 
f 1706/1/1706 1733/1/1733 1960/1/1960 
f 239/1/239 171/1/171 1227/1/1227 
f 173/1/173 227/1/227 1239/1/1239 
f 221/1/221 1234/1/1234 1485/1/1485 
f 1282/1/1282 757/1/757 1828/1/1828 
f 1213/1/1213 252/1/252 1265/1/1265 
f 1805/1/1805 995/1/995 1858/1/1858 
f 1462/1/1462 603/1/603 1856/1/1856 
f 217/1/217 1477/1/1477 1677/1/1677 
f 1204/1/1204 571/1/571 1206/1/1206 
f 1190/1/1190 1187/1/1187 1423/1/1423 
f 1217/1/1217 465/1/465 1284/1/1284 
f 465/1/465 434/1/434 1284/1/1284 
f 1837/1/1837 145/1/145 1950/1/1950 
f 1783/1/1783 964/1/964 1791/1/1791 
f 794/1/794 705/1/705 1783/1/1783 
f 209/1/209 1194/1/1194 1765/1/1765 
f 753/1/753 1390/1/1390 1884/1/1884 
f 1235/1/1235 239/1/239 1248/1/1248 
f 1259/1/1259 1408/1/1408 1494/1/1494 
f 55/1/55 56/1/56 1423/1/1423 
f 1544/1/1544 1175/1/1175 1675/1/1675 
f 571/1/571 1204/1/1204 1225/1/1225 
f 244/1/244 49/1/49 1979/1/1979 
f 1150/1/1150 1751/1/1751 1908/1/1908 
f 1837/1/1837 1027/1/1027 1865/1/1865 
f 1304/1/1304 831/1/831 1833/1/1833 
f 1390/1/1390 753/1/753 1945/1/1945 
f 999/1/999 997/1/997 1502/1/1502 
f 1027/1/1027 1837/1/1837 1905/1/1905 
f 1442/1/1442 1571/1/1571 1812/1/1812 
f 1179/1/1179 1248/1/1248 1540/1/1540 
f 1188/1/1188 1156/1/1156 1248/1/1248 
f 1485/1/1485 1234/1/1234 1486/1/1486 
f 1259/1/1259 1199/1/1199 1407/1/1407 
f 246/1/246 1531/1/1531 1802/1/1802 
f 218/1/218 1300/1/1300 1345/1/1345 
f 1181/1/1181 1837/1/1837 1950/1/1950 
f 1524/1/1524 1545/1/1545 1899/1/1899 
f 1199/1/1199 400/1/400 1258/1/1258 
f 1177/1/1177 1869/1/1869 1920/1/1920 
f 400/1/400 272/1/272 1258/1/1258 
f 1402/1/1402 1218/1/1218 1823/1/1823 
f 1258/1/1258 274/1/274 1294/1/1294 
f 1793/1/1793 1030/1/1030 1895/1/1895 
f 1259/1/1259 812/1/812 1408/1/1408 
f 1795/1/1795 1657/1/1657 1871/1/1871 
f 1904/1/1904 1654/1/1654 1909/1/1909 
f 1840/1/1840 1101/1/1101 1902/1/1902 
f 1554/1/1554 1030/1/1030 1793/1/1793 
f 1234/1/1234 1051/1/1051 1486/1/1486 
f 1203/1/1203 332/1/332 1304/1/1304 
f 1301/1/1301 1177/1/1177 1920/1/1920 
f 1053/1/1053 1182/1/1182 1486/1/1486 
f 1184/1/1184 1201/1/1201 1849/1/1849 
f 217/1/217 1677/1/1677 1930/1/1930 
f 627/1/627 83/1/83 1233/1/1233 
f 581/1/581 1196/1/1196 1925/1/1925 
f 1073/1/1073 1513/1/1513 1845/1/1845 
f 1417/1/1417 987/1/987 1832/1/1832 
f 1289/1/1289 1290/1/1290 1710/1/1710 
f 1244/1/1244 1260/1/1260 1261/1/1261 
f 166/1/166 247/1/247 1221/1/1221 
f 759/1/759 1784/1/1784 1862/1/1862 
f 1504/1/1504 1072/1/1072 1866/1/1866 
f 1453/1/1453 1374/1/1374 1821/1/1821 
f 1221/1/1221 247/1/247 1223/1/1223 
f 854/1/854 1926/1/1926 1946/1/1946 
f 7/1/7 1520/1/1520 1955/1/1955 
f 1216/1/1216 205/1/205 1858/1/1858 
f 1145/1/1145 1242/1/1242 1536/1/1536 
f 1861/1/1861 572/1/572 1867/1/1867 
f 602/1/602 1251/1/1251 1292/1/1292 
f 898/1/898 1289/1/1289 1710/1/1710 
f 976/1/976 1258/1/1258 1294/1/1294 
f 1202/1/1202 62/1/62 1855/1/1855 
f 1733/1/1733 226/1/226 1960/1/1960 
f 13/1/13 1523/1/1523 1525/1/1525 
f 232/1/232 12/1/12 1525/1/1525 
f 1240/1/1240 1242/1/1242 1542/1/1542 
f 881/1/881 1408/1/1408 1729/1/1729 
f 1513/1/1513 1073/1/1073 1973/1/1973 
f 1201/1/1201 1780/1/1780 1849/1/1849 
f 1402/1/1402 489/1/489 1403/1/1403 
f 1241/1/1241 227/1/227 1722/1/1722 
f 1256/1/1256 1198/1/1198 1257/1/1257 
f 1403/1/1403 489/1/489 1404/1/1404 
f 1493/1/1493 1495/1/1495 1496/1/1496 
f 1926/1/1926 1257/1/1257 1946/1/1946 
f 1201/1/1201 240/1/240 1780/1/1780 
f 242/1/242 81/1/81 1272/1/1272 
f 82/1/82 627/1/627 1272/1/1272 
f 1705/1/1705 559/1/559 1826/1/1826 
f 434/1/434 436/1/436 1284/1/1284 
f 1370/1/1370 1332/1/1332 1618/1/1618 
f 1706/1/1706 1087/1/1087 1733/1/1733 
f 1234/1/1234 221/1/221 1684/1/1684 
f 604/1/604 1222/1/1222 1406/1/1406 
f 1222/1/1222 604/1/604 1595/1/1595 
f 1045/1/1045 1497/1/1497 1930/1/1930 
f 1601/1/1601 1892/1/1892 1893/1/1893 
f 1002/1/1002 1102/1/1102 1848/1/1848 
f 514/1/514 1717/1/1717 1725/1/1725 
f 1422/1/1422 949/1/949 1644/1/1644 
f 1207/1/1207 638/1/638 1827/1/1827 
f 1406/1/1406 1224/1/1224 1599/1/1599 
f 1244/1/1244 1261/1/1261 1785/1/1785 
f 1717/1/1717 1000/1/1000 1725/1/1725 
f 604/1/604 1406/1/1406 1599/1/1599 
f 1601/1/1601 1090/1/1090 1892/1/1892 
f 993/1/993 531/1/531 1757/1/1757 
f 1530/1/1530 992/1/992 1950/1/1950 
f 1290/1/1290 1404/1/1404 1710/1/1710 
f 1445/1/1445 818/1/818 1924/1/1924 
f 531/1/531 1342/1/1342 1738/1/1738 
f 1080/1/1080 1202/1/1202 1855/1/1855 
f 463/1/463 1224/1/1224 1249/1/1249 
f 1224/1/1224 463/1/463 1599/1/1599 
f 1104/1/1104 1220/1/1220 1939/1/1939 
f 465/1/465 1217/1/1217 1328/1/1328 
f 993/1/993 1757/1/1757 1769/1/1769 
f 62/1/62 1202/1/1202 1977/1/1977 
f 1249/1/1249 1251/1/1251 1594/1/1594 
f 463/1/463 1249/1/1249 1594/1/1594 
f 1290/1/1290 1403/1/1403 1404/1/1404 
f 531/1/531 1738/1/1738 1757/1/1757 
f 193/1/193 1929/1/1929 1935/1/1935 
f 856/1/856 1216/1/1216 1236/1/1236 
f 1371/1/1371 1369/1/1369 1621/1/1621 
f 214/1/214 1904/1/1904 1909/1/1909 
f 1173/1/1173 1193/1/1193 1802/1/1802 
f 749/1/749 182/1/182 1231/1/1231 
f 1084/1/1084 999/1/999 1502/1/1502 
f 608/1/608 1369/1/1369 1370/1/1370 
f 1000/1/1000 1342/1/1342 1725/1/1725 
f 230/1/230 1840/1/1840 1902/1/1902 
f 1251/1/1251 602/1/602 1594/1/1594 
f 56/1/56 566/1/566 1423/1/1423 
f 1390/1/1390 793/1/793 1884/1/1884 
f 220/1/220 55/1/55 1423/1/1423 
f 297/1/297 1371/1/1371 1621/1/1621 
f 1328/1/1328 1222/1/1222 1595/1/1595 
f 1369/1/1369 608/1/608 1621/1/1621 
f 608/1/608 1370/1/1370 1618/1/1618 
f 1019/1/1019 1341/1/1341 1686/1/1686 
f 514/1/514 1343/1/1343 1712/1/1712 
f 168/1/168 250/1/250 1229/1/1229 
f 1281/1/1281 944/1/944 1993/1/1993 
f 209/1/209 1437/1/1437 1886/1/1886 
f 744/1/744 1200/1/1200 1749/1/1749 
f 575/1/575 1497/1/1497 1850/1/1850 
f 1342/1/1342 1000/1/1000 1738/1/1738 
f 489/1/489 1402/1/1402 1823/1/1823 
f 514/1/514 1712/1/1712 1717/1/1717 
f 205/1/205 1216/1/1216 1817/1/1817 
f 235/1/235 1193/1/1193 1962/1/1962 
f 1569/1/1569 761/1/761 1796/1/1796 
f 1001/1/1001 1343/1/1343 1705/1/1705 
f 793/1/793 1390/1/1390 1931/1/1931 
f 1193/1/1193 235/1/235 1992/1/1992 
f 1929/1/1929 1376/1/1376 1935/1/1935 
f 1203/1/1203 1304/1/1304 1833/1/1833 
f 761/1/761 1002/1/1002 1810/1/1810 
f 1161/1/1161 1524/1/1524 1899/1/1899 
f 1351/1/1351 1900/1/1900 1901/1/1901 
f 1343/1/1343 1001/1/1001 1712/1/1712 
f 573/1/573 1485/1/1485 1486/1/1486 
f 465/1/465 1328/1/1328 1595/1/1595 
f 856/1/856 1236/1/1236 1255/1/1255 
f 317/1/317 314/1/314 1278/1/1278 
f 1229/1/1229 250/1/250 1880/1/1880 
f 170/1/170 239/1/239 1235/1/1235 
f 1796/1/1796 761/1/761 1810/1/1810 
f 1255/1/1255 1019/1/1019 1686/1/1686 
f 853/1/853 1379/1/1379 1775/1/1775 
f 196/1/196 1859/1/1859 1864/1/1864 
f 1399/1/1399 1396/1/1396 1971/1/1971 
f 1892/1/1892 1205/1/1205 1893/1/1893 
f 1233/1/1233 84/1/84 1936/1/1936 
f 1605/1/1605 244/1/244 1979/1/1979 
f 1569/1/1569 1009/1/1009 1784/1/1784 
f 1336/1/1336 1761/1/1761 1773/1/1773 
f 164/1/164 623/1/623 1228/1/1228 
f 954/1/954 1453/1/1453 1821/1/1821 
f 1330/1/1330 307/1/307 1332/1/1332 
f 1251/1/1251 1252/1/1252 1292/1/1292 
f 1252/1/1252 1007/1/1007 1292/1/1292 
f 1244/1/1244 1241/1/1241 1722/1/1722 
f 1330/1/1330 1288/1/1288 1617/1/1617 
f 1332/1/1332 307/1/307 1618/1/1618 
f 30/1/30 1733/1/1733 1824/1/1824 
f 1761/1/1761 624/1/624 1773/1/1773 
f 307/1/307 1330/1/1330 1617/1/1617 
f 804/1/804 1019/1/1019 1255/1/1255 
f 802/1/802 1795/1/1795 1871/1/1871 
f 1204/1/1204 989/1/989 1225/1/1225 
f 1279/1/1279 611/1/611 1288/1/1288 
f 1009/1/1009 1569/1/1569 1796/1/1796 
f 1288/1/1288 611/1/611 1617/1/1617 
f 1279/1/1279 1276/1/1276 1624/1/1624 
f 1223/1/1223 247/1/247 1246/1/1246 
f 853/1/853 1280/1/1280 1767/1/1767 
f 749/1/749 1231/1/1231 1444/1/1444 
f 1042/1/1042 1861/1/1861 1867/1/1867 
f 1397/1/1397 964/1/964 1783/1/1783 
f 992/1/992 1181/1/1181 1950/1/1950 
f 1055/1/1055 1057/1/1057 1488/1/1488 
f 611/1/611 1279/1/1279 1624/1/1624 
f 1236/1/1236 1216/1/1216 1858/1/1858 
f 1275/1/1275 316/1/316 1276/1/1276 
f 1276/1/1276 316/1/316 1624/1/1624 
f 1784/1/1784 1009/1/1009 1862/1/1862 
f 1371/1/1371 1815/1/1815 1818/1/1818 
f 225/1/225 1206/1/1206 1938/1/1938 
f 1815/1/1815 897/1/897 1818/1/1818 
f 211/1/211 1198/1/1198 1256/1/1256 
f 1553/1/1553 1842/1/1842 1851/1/1851 
f 1506/1/1506 1066/1/1066 1838/1/1838 
f 1260/1/1260 1244/1/1244 1722/1/1722 
f 244/1/244 1605/1/1605 1963/1/1963 
f 1232/1/1232 627/1/627 1233/1/1233 
f 1463/1/1463 1460/1/1460 1856/1/1856 
f 1040/1/1040 1851/1/1851 1853/1/1853 
f 1573/1/1573 1439/1/1439 1846/1/1846 
f 1240/1/1240 1241/1/1241 1242/1/1242 
f 1502/1/1502 997/1/997 1863/1/1863 
f 1041/1/1041 1040/1/1040 1853/1/1853 
f 1001/1/1001 1705/1/1705 1826/1/1826 
f 1220/1/1220 138/1/138 1939/1/1939 
f 1040/1/1040 1553/1/1553 1851/1/1851 
f 1280/1/1280 1278/1/1278 1767/1/1767 
f 317/1/317 1278/1/1278 1280/1/1280 
f 221/1/221 1458/1/1458 1684/1/1684 
f 1236/1/1236 804/1/804 1255/1/1255 
f 1360/1/1360 1297/1/1297 1759/1/1759 
f 240/1/240 1201/1/1201 1964/1/1964 
f 1225/1/1225 989/1/989 1299/1/1299 
f 1408/1/1408 1283/1/1283 1729/1/1729 
f 1493/1/1493 1496/1/1496 1957/1/1957 
f 237/1/237 1219/1/1219 1968/1/1968 
f 1292/1/1292 1247/1/1247 1597/1/1597 
f 670/1/670 1320/1/1320 1772/1/1772 
f 1487/1/1487 1182/1/1182 1488/1/1488 
f 231/1/231 1504/1/1504 1866/1/1866 
f 602/1/602 1292/1/1292 1597/1/1597 
f 314/1/314 316/1/316 1278/1/1278 
f 1215/1/1215 576/1/576 1895/1/1895 
f 385/1/385 1842/1/1842 1875/1/1875 
f 944/1/944 1282/1/1282 1283/1/1283 
f 165/1/165 166/1/166 1221/1/1221 
f 1417/1/1417 1416/1/1416 1836/1/1836 
f 397/1/397 406/1/406 1354/1/1354 
f 1247/1/1247 532/1/532 1597/1/1597 
f 1280/1/1280 853/1/853 1775/1/1775 
f 532/1/532 1247/1/1247 1360/1/1360 
f 1836/1/1836 1416/1/1416 1839/1/1839 
f 1266/1/1266 1268/1/1268 1736/1/1736 
f 1792/1/1792 1293/1/1293 1800/1/1800 
f 1295/1/1295 1254/1/1254 1596/1/1596 
f 1764/1/1764 1215/1/1215 1895/1/1895 
f 574/1/574 1295/1/1295 1596/1/1596 
f 180/1/180 181/1/181 1265/1/1265 
f 1432/1/1432 388/1/388 1832/1/1832 
f 1338/1/1338 1787/1/1787 1803/1/1803 
f 964/1/964 1397/1/1397 1797/1/1797 
f 612/1/612 1792/1/1792 1800/1/1800 
f 1007/1/1007 1252/1/1252 1320/1/1320 
f 1787/1/1787 210/1/210 1803/1/1803 
f 1341/1/1341 515/1/515 1686/1/1686 
f 1332/1/1332 1370/1/1370 1418/1/1418 
f 1254/1/1254 334/1/334 1596/1/1596 
f 1010/1/1010 1383/1/1383 1670/1/1670 
f 1309/1/1309 591/1/591 1311/1/1311 
f 334/1/334 1254/1/1254 1266/1/1266 
f 515/1/515 1383/1/1383 1680/1/1680 
f 1219/1/1219 237/1/237 1912/1/1912 
f 182/1/182 183/1/183 1231/1/1231 
f 1421/1/1421 949/1/949 1422/1/1422 
f 1900/1/1900 208/1/208 1901/1/1901 
f 515/1/515 1680/1/1680 1686/1/1686 
f 1112/1/1112 1246/1/1246 1663/1/1663 
f 1331/1/1331 1332/1/1332 1418/1/1418 
f 1072/1/1072 1504/1/1504 1961/1/1961 
f 756/1/756 1331/1/1331 1418/1/1418 
f 1810/1/1810 1002/1/1002 1848/1/1848 
f 1297/1/1297 1296/1/1296 1353/1/1353 
f 372/1/372 1831/1/1831 1857/1/1857 
f 1182/1/1182 1055/1/1055 1488/1/1488 
f 1057/1/1057 1078/1/1078 1488/1/1488 
f 1296/1/1296 561/1/561 1353/1/1353 
f 185/1/185 211/1/211 1256/1/1256 
f 367/1/367 1830/1/1830 1854/1/1854 
f 1383/1/1383 1010/1/1010 1680/1/1680 
f 400/1/400 1259/1/1259 1494/1/1494 
f 1011/1/1011 1382/1/1382 1604/1/1604 
f 1345/1/1345 1300/1/1300 1883/1/1883 
f 1733/1/1733 1087/1/1087 1824/1/1824 
f 1661/1/1661 1010/1/1010 1670/1/1670 
f 1253/1/1253 946/1/946 1311/1/1311 
f 1516/1/1516 1103/1/1103 1903/1/1903 
f 252/1/252 180/1/180 1265/1/1265 
f 181/1/181 749/1/749 1265/1/1265 
f 167/1/167 168/1/168 1229/1/1229 
f 532/1/532 1360/1/1360 1759/1/1759 
f 507/1/507 1382/1/1382 1647/1/1647 
f 1263/1/1263 252/1/252 1264/1/1264 
f 179/1/179 252/1/252 1263/1/1263 
f 621/1/621 1274/1/1274 1720/1/1720 
f 1140/1/1140 1243/1/1243 1981/1/1981 
f 992/1/992 1530/1/1530 1896/1/1896 
f 904/1/904 906/1/906 1328/1/1328 
f 946/1/946 1253/1/1253 1612/1/1612 
f 507/1/507 1661/1/1661 1670/1/1670 
f 1206/1/1206 225/1/225 1943/1/1943 
f 334/1/334 1266/1/1266 1736/1/1736 
f 1272/1/1272 1183/1/1183 1273/1/1273 
f 946/1/946 1309/1/1309 1311/1/1311 
f 507/1/507 1647/1/1647 1661/1/1661 
f 1031/1/1031 1592/1/1592 1898/1/1898 
f 1339/1/1339 561/1/561 1639/1/1639 
f 1164/1/1164 1545/1/1545 1915/1/1915 
f 561/1/561 1296/1/1296 1639/1/1639 
f 1223/1/1223 1246/1/1246 1994/1/1994 
f 175/1/175 1260/1/1260 1722/1/1722 
f 1382/1/1382 1011/1/1011 1647/1/1647 
f 169/1/169 170/1/170 1235/1/1235 
f 1604/1/1604 496/1/496 1655/1/1655 
f 1399/1/1399 793/1/793 1931/1/1931 
f 1439/1/1439 1573/1/1573 1980/1/1980 
f 406/1/406 414/1/414 1354/1/1354 
f 26/1/26 744/1/744 1749/1/1749 
f 1274/1/1274 930/1/930 1720/1/1720 
f 1011/1/1011 1604/1/1604 1655/1/1655 
f 316/1/316 1275/1/1275 1278/1/1278 
f 1430/1/1430 492/1/492 1728/1/1728 
f 1510/1/1510 1601/1/1601 1893/1/1893 
f 855/1/855 856/1/856 1255/1/1255 
f 1012/1/1012 1378/1/1378 1430/1/1430 
f 268/1/268 270/1/270 1494/1/1494 
f 959/1/959 1293/1/1293 1789/1/1789 
f 1271/1/1271 1021/1/1021 1731/1/1731 
f 1218/1/1218 1284/1/1284 1823/1/1823 
f 1353/1/1353 397/1/397 1354/1/1354 
f 831/1/831 1289/1/1289 1833/1/1833 
f 1016/1/1016 829/1/829 1446/1/1446 
f 337/1/337 1305/1/1305 1695/1/1695 
f 1878/1/1878 568/1/568 1927/1/1927 
f 1285/1/1285 322/1/322 1737/1/1737 
f 496/1/496 1378/1/1378 1572/1/1572 
f 1246/1/1246 1112/1/1112 1994/1/1994 
f 1306/1/1306 1410/1/1410 1412/1/1412 
f 688/1/688 1445/1/1445 1924/1/1924 
f 1320/1/1320 1252/1/1252 1772/1/1772 
f 138/1/138 1220/1/1220 1947/1/1947 
f 1305/1/1305 1306/1/1306 1695/1/1695 
f 1013/1/1013 1014/1/1014 1356/1/1356 
f 1409/1/1409 1410/1/1410 1606/1/1606 
f 496/1/496 1572/1/1572 1655/1/1655 
f 734/1/734 1256/1/1256 1257/1/1257 
f 487/1/487 522/1/522 1404/1/1404 
f 1336/1/1336 210/1/210 1787/1/1787 
f 1410/1/1410 1306/1/1306 1606/1/1606 
f 1302/1/1302 1013/1/1013 1356/1/1356 
f 952/1/952 1286/1/1286 1774/1/1774 
f 1264/1/1264 1210/1/1210 1829/1/1829 
f 1331/1/1331 756/1/756 1436/1/1436 
f 1378/1/1378 1012/1/1012 1572/1/1572 
f 489/1/489 487/1/487 1404/1/1404 
f 1286/1/1286 609/1/609 1774/1/1774 
f 408/1/408 1312/1/1312 1314/1/1314 
f 1843/1/1843 1452/1/1452 1847/1/1847 
f 1334/1/1334 1016/1/1016 1446/1/1446 
f 408/1/408 1314/1/1314 1315/1/1315 
f 762/1/762 811/1/811 1299/1/1299 
f 989/1/989 762/1/762 1299/1/1299 
f 205/1/205 1323/1/1323 1858/1/1858 
f 934/1/934 1285/1/1285 1737/1/1737 
f 1456/1/1456 1033/1/1033 1457/1/1457 
f 1442/1/1442 1443/1/1443 1907/1/1907 
f 274/1/274 276/1/276 1294/1/1294 
f 1293/1/1293 326/1/326 1789/1/1789 
f 1734/1/1734 1563/1/1563 1766/1/1766 
f 1217/1/1217 904/1/904 1328/1/1328 
f 276/1/276 332/1/332 1294/1/1294 
f 1379/1/1379 1295/1/1295 1775/1/1775 
f 1835/1/1835 1473/1/1473 1847/1/1847 
f 1747/1/1747 654/1/654 1755/1/1755 
f 758/1/758 1329/1/1329 1436/1/1436 
f 1297/1/1297 1353/1/1353 1354/1/1354 
f 906/1/906 1222/1/1222 1328/1/1328 
f 1287/1/1287 758/1/758 1352/1/1352 
f 1329/1/1329 1331/1/1331 1436/1/1436 
f 1374/1/1374 1373/1/1373 1821/1/1821 
f 1859/1/1859 1350/1/1350 1864/1/1864 
f 251/1/251 1321/1/1321 1874/1/1874 
f 210/1/210 1336/1/1336 1773/1/1773 
f 1312/1/1312 408/1/408 1447/1/1447 
f 1310/1/1310 857/1/857 1361/1/1361 
f 758/1/758 1287/1/1287 1329/1/1329 
f 163/1/163 164/1/164 1228/1/1228 
f 1003/1/1003 1750/1/1750 1760/1/1760 
f 183/1/183 6/1/6 992/1/992 
f 1380/1/1380 1381/1/1381 1679/1/1679 
f 793/1/793 1399/1/1399 1971/1/1971 
f 1226/1/1226 792/1/792 1913/1/1913 
f 1017/1/1017 1304/1/1304 1491/1/1491 
f 1277/1/1277 1352/1/1352 1356/1/1356 
f 881/1/881 268/1/268 1494/1/1494 
f 1340/1/1340 1813/1/1813 1834/1/1834 
f 242/1/242 1272/1/1272 1273/1/1273 
f 464/1/464 1303/1/1303 1682/1/1682 
f 1242/1/1242 1241/1/1241 1243/1/1243 
f 829/1/829 832/1/832 1446/1/1446 
f 880/1/880 1814/1/1814 1819/1/1819 
f 734/1/734 186/1/186 1256/1/1256 
f 479/1/479 1298/1/1298 1659/1/1659 
f 1277/1/1277 1287/1/1287 1352/1/1352 
f 1306/1/1306 1412/1/1412 1695/1/1695 
f 1017/1/1017 831/1/831 1304/1/1304 
f 558/1/558 1310/1/1310 1361/1/1361 
f 1620/1/1620 1054/1/1054 1700/1/1700 
f 730/1/730 1271/1/1271 1731/1/1731 
f 1313/1/1313 1312/1/1312 1447/1/1447 
f 238/1/238 1262/1/1262 1751/1/1751 
f 973/1/973 1228/1/1228 1911/1/1911 
f 1333/1/1333 1016/1/1016 1334/1/1334 
f 405/1/405 396/1/396 1315/1/1315 
f 947/1/947 1731/1/1731 1776/1/1776 
f 278/1/278 280/1/280 1491/1/1491 
f 1012/1/1012 1430/1/1430 1728/1/1728 
f 1014/1/1014 1277/1/1277 1356/1/1356 
f 1013/1/1013 1302/1/1302 1361/1/1361 
f 90/1/90 1230/1/1230 1912/1/1912 
f 1074/1/1074 1298/1/1298 1668/1/1668 
f 1206/1/1206 571/1/571 1938/1/1938 
f 270/1/270 400/1/400 1494/1/1494 
f 175/1/175 176/1/176 1260/1/1260 
f 609/1/609 1763/1/1763 1774/1/1774 
f 1659/1/1659 1075/1/1075 1714/1/1714 
f 238/1/238 177/1/177 1262/1/1262 
f 1297/1/1297 1354/1/1354 1759/1/1759 
f 1313/1/1313 1447/1/1447 1467/1/1467 
f 178/1/178 179/1/179 1263/1/1263 
f 1381/1/1381 901/1/901 1679/1/1679 
f 1304/1/1304 332/1/332 1491/1/1491 
f 1074/1/1074 1668/1/1668 1672/1/1672 
f 396/1/396 408/1/408 1315/1/1315 
f 552/1/552 1860/1/1860 1885/1/1885 
f 1268/1/1268 1305/1/1305 1736/1/1736 
f 1357/1/1357 850/1/850 1694/1/1694 
f 326/1/326 1781/1/1781 1789/1/1789 
f 1325/1/1325 925/1/925 1687/1/1687 
f 857/1/857 1013/1/1013 1361/1/1361 
f 1696/1/1696 619/1/619 1704/1/1704 
f 673/1/673 1409/1/1409 1606/1/1606 
f 673/1/673 1307/1/1307 1561/1/1561 
f 850/1/850 1339/1/1339 1639/1/1639 
f 1313/1/1313 1467/1/1467 1468/1/1468 
f 1274/1/1274 1747/1/1747 1755/1/1755 
f 535/1/535 1561/1/1561 1690/1/1690 
f 1311/1/1311 591/1/591 1324/1/1324 
f 1298/1/1298 479/1/479 1668/1/1668 
f 309/1/309 591/1/591 1730/1/1730 
f 1021/1/1021 1271/1/1271 1750/1/1750 
f 491/1/491 509/1/509 1316/1/1316 
f 1384/1/1384 1385/1/1385 1708/1/1708 
f 1299/1/1299 811/1/811 1300/1/1300 
f 1385/1/1385 927/1/927 1708/1/1708 
f 1017/1/1017 1317/1/1317 1490/1/1490 
f 5/1/5 248/1/248 249/1/249 
f 605/1/605 1319/1/1319 1665/1/1665 
f 1750/1/1750 1271/1/1271 1760/1/1760 
f 509/1/509 684/1/684 1316/1/1316 
f 1428/1/1428 1615/1/1615 1648/1/1648 
f 5/1/5 163/1/163 248/1/248 
f 1303/1/1303 891/1/891 1682/1/1682 
f 403/1/403 410/1/410 1468/1/1468 
f 5/1/5 249/1/249 1576/1/1576 
f 1310/1/1310 558/1/558 1362/1/1362 
f 1333/1/1333 466/1/466 1631/1/1631 
f 596/1/596 1786/1/1786 1788/1/1788 
f 854/1/854 1318/1/1318 1466/1/1466 
f 855/1/855 1255/1/1255 1686/1/1686 
f 572/1/572 1398/1/1398 1470/1/1470 
f 1413/1/1413 870/1/870 1414/1/1414 
f 205/1/205 188/1/188 1323/1/1323 
f 1105/1/1105 1471/1/1471 1889/1/1889 
f 591/1/591 1309/1/1309 1730/1/1730 
f 1788/1/1788 1037/1/1037 1791/1/1791 
f 1319/1/1319 887/1/887 1665/1/1665 
f 936/1/936 930/1/930 1274/1/1274 
f 332/1/332 278/1/278 1491/1/1491 
f 1303/1/1303 1696/1/1696 1704/1/1704 
f 379/1/379 1325/1/1325 1687/1/1687 
f 1316/1/1316 1024/1/1024 1676/1/1676 
f 1413/1/1413 677/1/677 1570/1/1570 
f 1016/1/1016 1333/1/1333 1631/1/1631 
f 28/1/28 29/1/29 240/1/240 
f 1307/1/1307 673/1/673 1606/1/1606 
f 956/1/956 833/1/833 1337/1/1337 
f 185/1/185 184/1/184 211/1/211 
f 230/1/230 1237/1/1237 1840/1/1840 
f 492/1/492 417/1/417 1334/1/1334 
f 1414/1/1414 870/1/870 1629/1/1629 
f 317/1/317 1280/1/1280 1664/1/1664 
f 227/1/227 174/1/174 1722/1/1722 
f 956/1/956 1337/1/1337 1338/1/1338 
f 322/1/322 1715/1/1715 1737/1/1737 
f 31/1/31 32/1/32 226/1/226 
f 1298/1/1298 1448/1/1448 1659/1/1659 
f 1383/1/1383 433/1/433 1670/1/1670 
f 280/1/280 1317/1/1317 1491/1/1491 
f 870/1/870 1413/1/1413 1570/1/1570 
f 669/1/669 764/1/764 1320/1/1320 
f 992/1/992 6/1/6 1181/1/1181 
f 1341/1/1341 1019/1/1019 1564/1/1564 
f 493/1/493 1620/1/1620 1700/1/1700 
f 26/1/26 27/1/27 744/1/744 
f 1615/1/1615 915/1/915 1648/1/1648 
f 1037/1/1037 794/1/794 1791/1/1791 
f 1317/1/1317 1474/1/1474 1490/1/1490 
f 24/1/24 25/1/25 792/1/792 
f 1678/1/1678 464/1/464 1682/1/1682 
f 1359/1/1359 777/1/777 1481/1/1481 
f 393/1/393 561/1/561 1339/1/1339 
f 1398/1/1398 1395/1/1395 1470/1/1470 
f 1005/1/1005 843/1/843 1351/1/1351 
f 581/1/581 1521/1/1521 1917/1/1917 
f 1022/1/1022 1429/1/1429 1634/1/1634 
f 439/1/439 1341/1/1341 1564/1/1564 
f 1395/1/1395 207/1/207 1470/1/1470 
f 798/1/798 932/1/932 1024/1/1024 
f 1382/1/1382 427/1/427 1604/1/1604 
f 349/1/349 393/1/393 1339/1/1339 
f 504/1/504 502/1/502 1480/1/1480 
f 1378/1/1378 421/1/421 1430/1/1430 
f 764/1/764 1007/1/1007 1320/1/1320 
f 1394/1/1394 207/1/207 1395/1/1395 
f 1094/1/1094 868/1/868 1449/1/1449 
f 251/1/251 23/1/23 1321/1/1321 
f 1393/1/1393 207/1/207 1394/1/1394 
f 1303/1/1303 464/1/464 1696/1/1696 
f 1043/1/1043 849/1/849 1377/1/1377 
f 1467/1/1467 403/1/403 1468/1/1468 
f 497/1/497 511/1/511 1555/1/1555 
f 338/1/338 1344/1/1344 1651/1/1651 
f 1253/1/1253 670/1/670 1772/1/1772 
f 1317/1/1317 1017/1/1017 1491/1/1491 
f 1348/1/1348 1426/1/1426 1427/1/1427 
f 188/1/188 187/1/187 1323/1/1323 
f 295/1/295 338/1/338 1651/1/1651 
f 1403/1/1403 1290/1/1290 1405/1/1405 
f 949/1/949 1421/1/1421 1811/1/1811 
f 139/1/139 140/1/140 229/1/229 
f 410/1/410 497/1/497 1468/1/1468 
f 146/1/146 147/1/147 1530/1/1530 
f 670/1/670 669/1/669 1320/1/1320 
f 147/1/147 818/1/818 1530/1/1530 
f 982/1/982 837/1/837 1340/1/1340 
f 1327/1/1327 354/1/354 1364/1/1364 
f 554/1/554 558/1/558 1551/1/1551 
f 1411/1/1411 677/1/677 1413/1/1413 
f 417/1/417 415/1/415 1334/1/1334 
f 1310/1/1310 1362/1/1362 1565/1/1565 
f 991/1/991 867/1/867 1401/1/1401 
f 508/1/508 490/1/490 1469/1/1469 
f 874/1/874 329/1/329 1357/1/1357 
f 1018/1/1018 1311/1/1311 1324/1/1324 
f 775/1/775 718/1/718 1405/1/1405 
f 1561/1/1561 1307/1/1307 1690/1/1690 
f 641/1/641 854/1/854 1466/1/1466 
f 24/1/24 792/1/792 1321/1/1321 
f 402/1/402 354/1/354 1327/1/1327 
f 352/1/352 720/1/720 1364/1/1364 
f 991/1/991 1401/1/1401 1402/1/1402 
f 850/1/850 1639/1/1639 1694/1/1694 
f 787/1/787 633/1/633 1346/1/1346 
f 782/1/782 629/1/629 1427/1/1427 
f 833/1/833 830/1/830 1337/1/1337 
f 531/1/531 456/1/456 1342/1/1342 
f 338/1/338 1380/1/1380 1679/1/1679 
f 1346/1/1346 1039/1/1039 1347/1/1347 
f 1452/1/1452 1374/1/1374 1453/1/1453 
f 1243/1/1243 1241/1/1241 1244/1/1244 
f 415/1/415 1333/1/1333 1334/1/1334 
f 1401/1/1401 1218/1/1218 1402/1/1402 
f 1429/1/1429 512/1/512 1634/1/1634 
f 777/1/777 1359/1/1359 1480/1/1480 
f 1199/1/1199 813/1/813 1407/1/1407 
f 519/1/519 678/1/678 679/1/679 
f 924/1/924 1734/1/1734 1766/1/1766 
f 1362/1/1362 1363/1/1363 1565/1/1565 
f 514/1/514 450/1/450 1343/1/1343 
f 961/1/961 760/1/760 1355/1/1355 
f 492/1/492 1334/1/1334 1446/1/1446 
f 830/1/830 1335/1/1335 1337/1/1337 
f 389/1/389 407/1/407 1435/1/1435 
f 591/1/591 311/1/311 1324/1/1324 
f 787/1/787 1346/1/1346 1347/1/1347 
f 929/1/929 928/1/928 930/1/930 
f 544/1/544 712/1/712 1363/1/1363 
f 1603/1/1603 884/1/884 1656/1/1656 
f 136/1/136 214/1/214 1365/1/1365 
f 1018/1/1018 1324/1/1324 1400/1/1400 
f 684/1/684 798/1/798 1316/1/1316 
f 694/1/694 1372/1/1372 1373/1/1373 
f 934/1/934 950/1/950 1285/1/1285 
f 756/1/756 662/1/662 1436/1/1436 
f 755/1/755 1366/1/1366 1367/1/1367 
f 329/1/329 331/1/331 1357/1/1357 
f 68/1/68 207/1/207 1393/1/1393 
f 502/1/502 777/1/777 1480/1/1480 
f 798/1/798 1024/1/1024 1316/1/1316 
f 977/1/977 613/1/613 1658/1/1658 
f 1094/1/1094 1449/1/1449 1598/1/1598 
f 853/1/853 766/1/766 1379/1/1379 
f 1324/1/1324 313/1/313 1400/1/1400 
f 1290/1/1290 775/1/775 1405/1/1405 
f 679/1/679 678/1/678 759/1/759 
f 1370/1/1370 1367/1/1367 1418/1/1418 
f 311/1/311 313/1/313 1324/1/1324 
f 1367/1/1367 1366/1/1366 1418/1/1418 
f 751/1/751 943/1/943 944/1/944 
f 415/1/415 413/1/413 1333/1/1333 
f 830/1/830 769/1/769 1335/1/1335 
f 679/1/679 759/1/759 760/1/760 
f 677/1/677 1411/1/1411 1419/1/1419 
f 755/1/755 666/1/666 1366/1/1366 
f 956/1/956 1338/1/1338 1813/1/1813 
f 1335/1/1335 961/1/961 1336/1/1336 
f 694/1/694 668/1/668 1372/1/1372 
f 342/1/342 340/1/340 1584/1/1584 
f 583/1/583 1358/1/1358 1484/1/1484 
f 35/1/35 218/1/218 1345/1/1345 
f 479/1/479 1659/1/1659 1714/1/1714 
f 313/1/313 315/1/315 1400/1/1400 
f 323/1/323 874/1/874 1455/1/1455 
f 496/1/496 423/1/423 1378/1/1378 
f 843/1/843 841/1/841 1351/1/1351 
f 1008/1/1008 1297/1/1297 1360/1/1360 
f 33/1/33 34/1/34 644/1/644 
f 1468/1/1468 497/1/497 1555/1/1555 
f 1420/1/1420 216/1/216 1421/1/1421 
f 1326/1/1326 1325/1/1325 1698/1/1698 
f 868/1/868 727/1/727 1589/1/1589 
f 397/1/397 396/1/396 405/1/405 
f 395/1/395 394/1/394 396/1/396 
f 338/1/338 298/1/298 1380/1/1380 
f 1319/1/1319 1678/1/1678 1682/1/1682 
f 406/1/406 405/1/405 412/1/412 
f 769/1/769 760/1/760 961/1/961 
f 1426/1/1426 782/1/782 1427/1/1427 
f 413/1/413 412/1/412 466/1/466 
f 388/1/388 1415/1/1415 1417/1/1417 
f 760/1/760 759/1/759 1355/1/1355 
f 393/1/393 394/1/394 395/1/395 
f 576/1/576 1215/1/1215 1983/1/1983 
f 859/1/859 729/1/729 947/1/947 
f 769/1/769 961/1/961 1335/1/1335 
f 652/1/652 508/1/508 1469/1/1469 
f 345/1/345 349/1/349 1339/1/1339 
f 558/1/558 1361/1/1361 1551/1/1551 
f 766/1/766 765/1/765 1379/1/1379 
f 1312/1/1312 947/1/947 1314/1/1314 
f 413/1/413 466/1/466 1333/1/1333 
f 446/1/446 444/1/444 559/1/559 
f 407/1/407 462/1/462 1435/1/1435 
f 798/1/798 916/1/916 932/1/932 
f 450/1/450 448/1/448 1343/1/1343 
f 395/1/395 396/1/396 397/1/397 
f 1435/1/1435 1434/1/1434 1577/1/1577 
f 354/1/354 352/1/352 1364/1/1364 
f 770/1/770 652/1/652 928/1/928 
f 633/1/633 704/1/704 1346/1/1346 
f 931/1/931 930/1/930 936/1/936 
f 583/1/583 504/1/504 1480/1/1480 
f 849/1/849 847/1/847 1377/1/1377 
f 1391/1/1391 67/1/67 1393/1/1393 
f 563/1/563 302/1/302 1384/1/1384 
f 507/1/507 429/1/429 1382/1/1382 
f 141/1/141 142/1/142 560/1/560 
f 1222/1/1222 908/1/908 1406/1/1406 
f 456/1/456 454/1/454 1342/1/1342 
f 216/1/216 59/1/59 1386/1/1386 
f 746/1/746 748/1/748 751/1/751 
f 841/1/841 1349/1/1349 1351/1/1351 
f 1691/1/1691 337/1/337 1695/1/1695 
f 1394/1/1394 1395/1/1395 1396/1/1396 
f 397/1/397 405/1/405 406/1/406 
f 486/1/486 673/1/673 1561/1/1561 
f 212/1/212 64/1/64 1387/1/1387 
f 1451/1/1451 1374/1/1374 1452/1/1452 
f 406/1/406 412/1/412 413/1/413 
f 718/1/718 719/1/719 1405/1/1405 
f 1318/1/1318 748/1/748 1466/1/1466 
f 748/1/748 646/1/646 1466/1/1466 
f 452/1/452 450/1/450 514/1/514 
f 684/1/684 797/1/797 798/1/798 
f 867/1/867 900/1/900 1401/1/1401 
f 515/1/515 435/1/435 1383/1/1383 
f 500/1/500 399/1/399 1482/1/1482 
f 282/1/282 284/1/284 1474/1/1474 
f 837/1/837 835/1/835 1340/1/1340 
f 644/1/644 34/1/34 1345/1/1345 
f 340/1/340 880/1/880 1584/1/1584 
f 336/1/336 345/1/345 850/1/850 
f 443/1/443 469/1/469 1428/1/1428 
f 419/1/419 417/1/417 492/1/492 
f 315/1/315 319/1/319 1400/1/1400 
f 709/1/709 729/1/729 859/1/859 
f 393/1/393 392/1/392 394/1/394 
f 421/1/421 419/1/419 1430/1/1430 
f 519/1/519 520/1/520 678/1/678 
f 546/1/546 544/1/544 1363/1/1363 
f 709/1/709 710/1/710 729/1/729 
f 917/1/917 891/1/891 1303/1/1303 
f 388/1/388 381/1/381 1415/1/1415 
f 319/1/319 328/1/328 562/1/562 
f 746/1/746 646/1/646 748/1/748 
f 458/1/458 456/1/456 531/1/531 
f 1317/1/1317 282/1/282 1474/1/1474 
f 1392/1/1392 1394/1/1394 1399/1/1399 
f 859/1/859 947/1/947 1312/1/1312 
f 528/1/528 1424/1/1424 1428/1/1428 
f 673/1/673 484/1/484 1409/1/1409 
f 787/1/787 1347/1/1347 1348/1/1348 
f 58/1/58 216/1/216 1420/1/1420 
f 1007/1/1007 1247/1/1247 1292/1/1292 
f 889/1/889 887/1/887 1319/1/1319 
f 847/1/847 1375/1/1375 1377/1/1377 
f 558/1/558 551/1/551 1362/1/1362 
f 569/1/569 108/1/108 1457/1/1457 
f 835/1/835 833/1/833 956/1/956 
f 349/1/349 392/1/392 393/1/393 
f 562/1/562 669/1/669 670/1/670 
f 414/1/414 413/1/413 415/1/415 
f 952/1/952 957/1/957 1286/1/1286 
f 841/1/841 839/1/839 1349/1/1349 
f 1449/1/1449 868/1/868 1589/1/1589 
f 764/1/764 1006/1/1006 1007/1/1007 
f 758/1/758 658/1/658 1352/1/1352 
f 66/1/66 67/1/67 1391/1/1391 
f 1007/1/1007 1006/1/1006 1247/1/1247 
f 444/1/444 402/1/402 1327/1/1327 
f 1349/1/1349 982/1/982 1350/1/1350 
f 562/1/562 328/1/328 669/1/669 
f 781/1/781 693/1/693 1451/1/1451 
f 835/1/835 956/1/956 1340/1/1340 
f 629/1/629 631/1/631 1427/1/1427 
f 991/1/991 1402/1/1402 1403/1/1403 
f 745/1/745 646/1/646 746/1/746 
f 423/1/423 421/1/421 1378/1/1378 
f 416/1/416 415/1/415 417/1/417 
f 839/1/839 837/1/837 982/1/982 
f 1424/1/1424 782/1/782 1425/1/1425 
f 469/1/469 528/1/528 1428/1/1428 
f 768/1/768 760/1/760 769/1/769 
f 928/1/928 652/1/652 1469/1/1469 
f 988/1/988 781/1/781 1451/1/1451 
f 730/1/730 816/1/816 1271/1/1271 
f 136/1/136 137/1/137 214/1/214 
f 927/1/927 1699/1/1699 1708/1/1708 
f 213/1/213 1438/1/1438 1439/1/1439 
f 449/1/449 448/1/448 450/1/450 
f 447/1/447 446/1/446 448/1/448 
f 439/1/439 437/1/437 1341/1/1341 
f 1478/1/1478 585/1/585 1557/1/1557 
f 751/1/751 748/1/748 943/1/943 
f 425/1/425 423/1/423 496/1/496 
f 785/1/785 1459/1/1459 1463/1/1463 
f 476/1/476 474/1/474 1419/1/1419 
f 322/1/322 1285/1/1285 1763/1/1763 
f 1426/1/1426 1348/1/1348 1745/1/1745 
f 850/1/850 345/1/345 1339/1/1339 
f 1347/1/1347 1039/1/1039 1770/1/1770 
f 847/1/847 845/1/845 1375/1/1375 
f 1479/1/1479 1478/1/1478 1557/1/1557 
f 839/1/839 982/1/982 1349/1/1349 
f 1439/1/1439 1438/1/1438 1440/1/1440 
f 67/1/67 68/1/68 1393/1/1393 
f 331/1/331 336/1/336 1357/1/1357 
f 1375/1/1375 1005/1/1005 1376/1/1376 
f 213/1/213 111/1/111 1438/1/1438 
f 1060/1/1060 1058/1/1058 1454/1/1454 
f 319/1/319 562/1/562 1400/1/1400 
f 598/1/598 595/1/595 1567/1/1567 
f 466/1/466 467/1/467 519/1/519 
f 1387/1/1387 567/1/567 1388/1/1388 
f 700/1/700 357/1/357 1475/1/1475 
f 620/1/620 782/1/782 1424/1/1424 
f 1441/1/1441 206/1/206 1443/1/1443 
f 209/1/209 106/1/106 1437/1/1437 
f 561/1/561 395/1/395 1353/1/1353 
f 645/1/645 526/1/526 646/1/646 
f 418/1/418 417/1/417 419/1/419 
f 1058/1/1058 1075/1/1075 1454/1/1454 
f 429/1/429 427/1/427 1382/1/1382 
f 445/1/445 444/1/444 446/1/446 
f 696/1/696 761/1/761 1569/1/1569 
f 845/1/845 843/1/843 1005/1/1005 
f 462/1/462 495/1/495 1433/1/1433 
f 755/1/755 1367/1/1367 1368/1/1368 
f 658/1/658 657/1/657 1352/1/1352 
f 831/1/831 775/1/775 1289/1/1289 
f 526/1/526 525/1/525 641/1/641 
f 662/1/662 660/1/660 1436/1/1436 
f 1352/1/1352 657/1/657 1356/1/1356 
f 1274/1/1274 621/1/621 1747/1/1747 
f 1368/1/1368 1367/1/1367 1369/1/1369 
f 431/1/431 429/1/429 507/1/507 
f 641/1/641 803/1/803 854/1/854 
f 551/1/551 549/1/549 1362/1/1362 
f 1442/1/1442 1441/1/1441 1443/1/1443 
f 1014/1/1014 1275/1/1275 1276/1/1276 
f 637/1/637 657/1/657 658/1/658 
f 405/1/405 1315/1/1315 1653/1/1653 
f 910/1/910 1224/1/1224 1406/1/1406 
f 579/1/579 361/1/361 1473/1/1473 
f 399/1/399 386/1/386 1482/1/1482 
f 774/1/774 718/1/718 775/1/775 
f 528/1/528 620/1/620 1424/1/1424 
f 523/1/523 488/1/488 525/1/525 
f 1392/1/1392 1393/1/1393 1394/1/1394 
f 637/1/637 636/1/636 657/1/657 
f 526/1/526 641/1/641 1466/1/1466 
f 1018/1/1018 670/1/670 1253/1/1253 
f 437/1/437 435/1/435 515/1/515 
f 523/1/523 525/1/525 526/1/526 
f 829/1/829 769/1/769 830/1/830 
f 435/1/435 433/1/433 1383/1/1383 
f 1358/1/1358 583/1/583 1480/1/1480 
f 1394/1/1394 1396/1/1396 1399/1/1399 
f 420/1/420 419/1/419 421/1/421 
f 932/1/932 933/1/933 934/1/934 
f 566/1/566 1420/1/1420 1422/1/1422 
f 864/1/864 1326/1/1326 1450/1/1450 
f 511/1/511 707/1/707 709/1/709 
f 1218/1/1218 1217/1/1217 1284/1/1284 
f 959/1/959 962/1/962 1293/1/1293 
f 100/1/100 206/1/206 1441/1/1441 
f 845/1/845 1005/1/1005 1375/1/1375 
f 462/1/462 1433/1/1433 1435/1/1435 
f 1420/1/1420 1421/1/1421 1422/1/1422 
f 714/1/714 765/1/765 766/1/766 
f 666/1/666 664/1/664 1366/1/1366 
f 635/1/635 636/1/636 637/1/637 
f 626/1/626 135/1/135 1365/1/1365 
f 1014/1/1014 858/1/858 1275/1/1275 
f 856/1/856 849/1/849 1043/1/1043 
f 466/1/466 519/1/519 1631/1/1631 
f 1392/1/1392 1391/1/1391 1393/1/1393 
f 422/1/422 421/1/421 423/1/423 
f 712/1/712 713/1/713 714/1/714 
f 795/1/795 1038/1/1038 1039/1/1039 
f 1380/1/1380 563/1/563 1381/1/1381 
f 474/1/474 677/1/677 1419/1/1419 
f 437/1/437 515/1/515 1341/1/1341 
f 908/1/908 910/1/910 1406/1/1406 
f 557/1/557 554/1/554 1551/1/1551 
f 451/1/451 450/1/450 452/1/452 
f 393/1/393 395/1/395 561/1/561 
f 1388/1/1388 1389/1/1389 1390/1/1390 
f 664/1/664 662/1/662 756/1/756 
f 565/1/565 715/1/715 716/1/716 
f 1384/1/1384 324/1/324 1385/1/1385 
f 1366/1/1366 756/1/756 1418/1/1418 
f 660/1/660 658/1/658 758/1/758 
f 635/1/635 557/1/557 636/1/636 
f 554/1/554 551/1/551 558/1/558 
f 824/1/824 1807/1/1807 1989/1/1989 
f 419/1/419 492/1/492 1430/1/1430 
f 672/1/672 539/1/539 1431/1/1431 
f 453/1/453 452/1/452 454/1/454 
f 716/1/716 717/1/717 718/1/718 
f 552/1/552 1566/1/1566 1568/1/1568 
f 785/1/785 650/1/650 1459/1/1459 
f 791/1/791 864/1/864 1450/1/1450 
f 729/1/729 710/1/710 730/1/730 
f 774/1/774 775/1/775 831/1/831 
f 595/1/595 596/1/596 1567/1/1567 
f 668/1/668 666/1/666 755/1/755 
f 1508/1/1508 1509/1/1509 1510/1/1510 
f 832/1/832 830/1/830 833/1/833 
f 206/1/206 101/1/101 1471/1/1471 
f 1735/1/1735 1550/1/1550 1754/1/1754 
f 298/1/298 300/1/300 1380/1/1380 
f 1415/1/1415 564/1/564 1416/1/1416 
f 903/1/903 1217/1/1217 1218/1/1218 
f 857/1/857 852/1/852 858/1/858 
f 856/1/856 1043/1/1043 1216/1/1216 
f 713/1/713 543/1/543 1483/1/1483 
f 803/1/803 804/1/804 995/1/995 
f 851/1/851 766/1/766 852/1/852 
f 584/1/584 583/1/583 1484/1/1484 
f 625/1/625 698/1/698 1479/1/1479 
f 903/1/903 904/1/904 1217/1/1217 
f 287/1/287 289/1/289 565/1/565 
f 60/1/60 642/1/642 1386/1/1386 
f 852/1/852 766/1/766 853/1/853 
f 716/1/716 718/1/718 774/1/774 
f 860/1/860 713/1/713 1483/1/1483 
f 716/1/716 774/1/774 1490/1/1490 
f 1481/1/1481 777/1/777 1482/1/1482 
f 764/1/764 767/1/767 1006/1/1006 
f 834/1/834 833/1/833 835/1/835 
f 641/1/641 711/1/711 803/1/803 
f 615/1/615 613/1/613 977/1/977 
f 622/1/622 1603/1/1603 1656/1/1656 
f 304/1/304 324/1/324 1384/1/1384 
f 1368/1/1368 1369/1/1369 1371/1/1371 
f 836/1/836 838/1/838 1572/1/1572 
f 664/1/664 756/1/756 1366/1/1366 
f 669/1/669 695/1/695 764/1/764 
f 861/1/861 1254/1/1254 1295/1/1295 
f 336/1/336 344/1/344 345/1/345 
f 714/1/714 713/1/713 765/1/765 
f 302/1/302 304/1/304 1384/1/1384 
f 559/1/559 444/1/444 1327/1/1327 
f 1428/1/1428 1424/1/1424 1615/1/1615 
f 424/1/424 423/1/423 425/1/425 
f 65/1/65 567/1/567 1387/1/1387 
f 774/1/774 1017/1/1017 1490/1/1490 
f 712/1/712 543/1/543 713/1/713 
f 295/1/295 298/1/298 338/1/338 
f 480/1/480 476/1/476 1419/1/1419 
f 319/1/319 320/1/320 328/1/328 
f 1013/1/1013 858/1/858 1014/1/1014 
f 1415/1/1415 1416/1/1416 1417/1/1417 
f 1277/1/1277 1276/1/1276 1279/1/1279 
f 550/1/550 549/1/549 551/1/551 
f 225/1/225 1507/1/1507 1508/1/1508 
f 988/1/988 1451/1/1451 1452/1/1452 
f 1287/1/1287 1279/1/1279 1288/1/1288 
f 395/1/395 397/1/397 1353/1/1353 
f 910/1/910 912/1/912 1224/1/1224 
f 352/1/352 350/1/350 720/1/720 
f 300/1/300 302/1/302 563/1/563 
f 300/1/300 563/1/563 1380/1/1380 
f 1396/1/1396 1395/1/1395 1397/1/1397 
f 719/1/719 867/1/867 991/1/991 
f 414/1/414 415/1/415 416/1/416 
f 620/1/620 629/1/629 782/1/782 
f 355/1/355 700/1/700 1616/1/1616 
f 541/1/541 672/1/672 1483/1/1483 
f 795/1/795 1037/1/1037 1038/1/1038 
f 42/1/42 521/1/521 1511/1/1511 
f 777/1/777 500/1/500 1482/1/1482 
f 660/1/660 758/1/758 1436/1/1436 
f 1329/1/1329 1288/1/1288 1330/1/1330 
f 516/1/516 468/1/468 1541/1/1541 
f 544/1/544 543/1/543 712/1/712 
f 1086/1/1086 936/1/936 1088/1/1088 
f 304/1/304 306/1/306 324/1/324 
f 900/1/900 902/1/902 903/1/903 
f 1363/1/1363 712/1/712 1565/1/1565 
f 836/1/836 835/1/835 837/1/837 
f 562/1/562 1018/1/1018 1400/1/1400 
f 426/1/426 425/1/425 427/1/427 
f 765/1/765 861/1/861 1379/1/1379 
f 58/1/58 59/1/59 216/1/216 
f 63/1/63 64/1/64 212/1/212 
f 378/1/378 381/1/381 388/1/388 
f 1438/1/1438 638/1/638 1440/1/1440 
f 1412/1/1412 1413/1/1413 1414/1/1414 
f 864/1/864 925/1/925 1325/1/1325 
f 556/1/556 554/1/554 557/1/557 
f 542/1/542 541/1/541 543/1/543 
f 553/1/553 551/1/551 554/1/554 
f 1459/1/1459 1460/1/1460 1463/1/1463 
f 1715/1/1715 1024/1/1024 1737/1/1737 
f 1369/1/1369 1367/1/1367 1370/1/1370 
f 135/1/135 136/1/136 1365/1/1365 
f 381/1/381 383/1/383 1415/1/1415 
f 1409/1/1409 865/1/865 1410/1/1410 
f 906/1/906 908/1/908 1222/1/1222 
f 869/1/869 656/1/656 1558/1/1558 
f 1819/1/1819 1044/1/1044 1822/1/1822 
f 1388/1/1388 567/1/567 1389/1/1389 
f 1410/1/1410 1411/1/1411 1412/1/1412 
f 541/1/541 539/1/539 672/1/672 
f 657/1/657 1302/1/1302 1356/1/1356 
f 634/1/634 557/1/557 635/1/635 
f 60/1/60 61/1/61 642/1/642 
f 791/1/791 863/1/863 864/1/864 
f 1474/1/1474 565/1/565 1490/1/1490 
f 416/1/416 417/1/417 418/1/418 
f 1508/1/1508 1507/1/1507 1509/1/1509 
f 649/1/649 785/1/785 786/1/786 
f 428/1/428 427/1/427 429/1/429 
f 888/1/888 887/1/887 889/1/889 
f 679/1/679 760/1/760 768/1/768 
f 570/1/570 1441/1/1441 1442/1/1442 
f 698/1/698 806/1/806 1479/1/1479 
f 484/1/484 482/1/482 1409/1/1409 
f 631/1/631 633/1/633 787/1/787 
f 566/1/566 57/1/57 1420/1/1420 
f 383/1/383 564/1/564 1415/1/1415 
f 659/1/659 658/1/658 660/1/660 
f 376/1/376 378/1/378 1432/1/1432 
f 1459/1/1459 788/1/788 1460/1/1460 
f 709/1/709 707/1/707 710/1/710 
f 838/1/838 837/1/837 839/1/839 
f 378/1/378 388/1/388 1432/1/1432 
f 406/1/406 413/1/413 414/1/414 
f 565/1/565 289/1/289 715/1/715 
f 1063/1/1063 1060/1/1060 1454/1/1454 
f 886/1/886 885/1/885 887/1/887 
f 861/1/861 1295/1/1295 1379/1/1379 
f 540/1/540 539/1/539 541/1/541 
f 482/1/482 480/1/480 865/1/865 
f 336/1/336 850/1/850 1357/1/1357 
f 486/1/486 484/1/484 673/1/673 
f 1289/1/1289 775/1/775 1290/1/1290 
f 284/1/284 287/1/287 1474/1/1474 
f 562/1/562 670/1/670 1018/1/1018 
f 704/1/704 795/1/795 1346/1/1346 
f 65/1/65 66/1/66 567/1/567 
f 704/1/704 794/1/794 795/1/795 
f 840/1/840 839/1/839 841/1/841 
f 863/1/863 674/1/674 1484/1/1484 
f 522/1/522 488/1/488 523/1/523 
f 1331/1/1331 1330/1/1330 1332/1/1332 
f 1008/1/1008 1296/1/1296 1297/1/1297 
f 716/1/716 715/1/715 717/1/717 
f 1298/1/1298 1069/1/1069 1448/1/1448 
f 1326/1/1326 1698/1/1698 1703/1/1703 
f 430/1/430 429/1/429 431/1/431 
f 539/1/539 536/1/536 1431/1/1431 
f 487/1/487 439/1/439 488/1/488 
f 1358/1/1358 863/1/863 1484/1/1484 
f 110/1/110 111/1/111 213/1/213 
f 458/1/458 531/1/531 993/1/993 
f 536/1/536 535/1/535 1431/1/1431 
f 715/1/715 289/1/289 1465/1/1465 
f 511/1/511 709/1/709 1555/1/1555 
f 548/1/548 546/1/546 549/1/549 
f 438/1/438 437/1/437 439/1/439 
f 110/1/110 213/1/213 1456/1/1456 
f 724/1/724 722/1/722 1472/1/1472 
f 383/1/383 385/1/385 564/1/564 
f 646/1/646 526/1/526 1466/1/1466 
f 718/1/718 717/1/717 719/1/719 
f 864/1/864 863/1/863 925/1/925 
f 890/1/890 889/1/889 891/1/891 
f 683/1/683 788/1/788 1459/1/1459 
f 221/1/221 133/1/133 1458/1/1458 
f 680/1/680 696/1/696 1569/1/1569 
f 345/1/345 348/1/348 349/1/349 
f 107/1/107 569/1/569 1437/1/1437 
f 1566/1/1566 1472/1/1472 1568/1/1568 
f 995/1/995 804/1/804 1236/1/1236 
f 1070/1/1070 1069/1/1069 1074/1/1074 
f 432/1/432 431/1/431 433/1/433 
f 1093/1/1093 868/1/868 1094/1/1094 
f 842/1/842 841/1/841 843/1/843 
f 442/1/442 402/1/402 444/1/444 
f 790/1/790 674/1/674 791/1/791 
f 661/1/661 660/1/660 662/1/662 
f 549/1/549 546/1/546 1363/1/1363 
f 649/1/649 650/1/650 785/1/785 
f 217/1/217 96/1/96 1477/1/1477 
f 436/1/436 435/1/435 437/1/437 
f 534/1/534 506/1/506 535/1/535 
f 357/1/357 359/1/359 1475/1/1475 
f 791/1/791 674/1/674 863/1/863 
f 207/1/207 69/1/69 1470/1/1470 
f 482/1/482 865/1/865 1409/1/1409 
f 112/1/112 638/1/638 1438/1/1438 
f 714/1/714 766/1/766 851/1/851 
f 650/1/650 683/1/683 1459/1/1459 
f 434/1/434 433/1/433 435/1/435 
f 105/1/105 106/1/106 209/1/209 
f 109/1/109 1456/1/1456 1457/1/1457 
f 538/1/538 536/1/536 539/1/539 
f 641/1/641 525/1/525 711/1/711 
f 846/1/846 845/1/845 847/1/847 
f 418/1/418 419/1/419 420/1/420 
f 976/1/976 813/1/813 1199/1/1199 
f 844/1/844 843/1/843 845/1/845 
f 668/1/668 755/1/755 1372/1/1372 
f 809/1/809 724/1/724 1472/1/1472 
f 427/1/427 425/1/425 1604/1/1604 
f 1412/1/1412 1411/1/1411 1413/1/1413 
f 1099/1/1099 809/1/809 1472/1/1472 
f 803/1/803 711/1/711 804/1/804 
f 746/1/746 751/1/751 812/1/812 
f 1460/1/1460 1461/1/1461 1462/1/1462 
f 1018/1/1018 1253/1/1253 1311/1/1311 
f 663/1/663 662/1/662 664/1/664 
f 331/1/331 335/1/335 336/1/336 
f 420/1/420 421/1/421 422/1/422 
f 787/1/787 1348/1/1348 1427/1/1427 
f 865/1/865 480/1/480 1419/1/1419 
f 570/1/570 99/1/99 1441/1/1441 
f 1425/1/1425 782/1/782 1426/1/1426 
f 1022/1/1022 1023/1/1023 1429/1/1429 
f 807/1/807 727/1/727 868/1/868 
f 23/1/23 24/1/24 1321/1/1321 
f 1433/1/1433 786/1/786 1434/1/1434 
f 719/1/719 991/1/991 1405/1/1405 
f 1410/1/1410 865/1/865 1411/1/1411 
f 903/1/903 902/1/902 904/1/904 
f 892/1/892 891/1/891 917/1/917 
f 100/1/100 101/1/101 206/1/206 
f 108/1/108 109/1/109 1457/1/1457 
f 1068/1/1068 1065/1/1065 1069/1/1069 
f 361/1/361 363/1/363 1473/1/1473 
f 851/1/851 852/1/852 857/1/857 
f 848/1/848 847/1/847 849/1/849 
f 134/1/134 135/1/135 626/1/626 
f 726/1/726 516/1/516 1541/1/1541 
f 820/1/820 726/1/726 885/1/885 
f 1448/1/1448 1063/1/1063 1454/1/1454 
f 631/1/631 787/1/787 1427/1/1427 
f 59/1/59 60/1/60 1386/1/1386 
f 64/1/64 65/1/65 1387/1/1387 
f 945/1/945 791/1/791 1450/1/1450 
f 677/1/677 472/1/472 1570/1/1570 
f 855/1/855 849/1/849 856/1/856 
f 765/1/765 860/1/860 861/1/861 
f 1065/1/1065 1063/1/1063 1448/1/1448 
f 534/1/534 535/1/535 536/1/536 
f 998/1/998 999/1/999 1022/1/1022 
f 1074/1/1074 1069/1/1069 1298/1/1298 
f 1411/1/1411 865/1/865 1419/1/1419 
f 363/1/363 409/1/409 1473/1/1473 
f 739/1/739 691/1/691 963/1/963 
f 1098/1/1098 809/1/809 1099/1/1099 
f 359/1/359 579/1/579 1475/1/1475 
f 665/1/665 664/1/664 666/1/666 
f 900/1/900 903/1/903 1401/1/1401 
f 41/1/41 42/1/42 1511/1/1511 
f 589/1/589 587/1/587 674/1/674 
f 495/1/495 648/1/648 649/1/649 
f 422/1/422 423/1/423 424/1/424 
f 57/1/57 58/1/58 1420/1/1420 
f 101/1/101 102/1/102 1471/1/1471 
f 798/1/798 797/1/797 916/1/916 
f 797/1/797 685/1/685 1660/1/1660 
f 768/1/768 769/1/769 829/1/829 
f 857/1/857 858/1/858 1013/1/1013 
f 1069/1/1069 1065/1/1065 1448/1/1448 
f 134/1/134 626/1/626 1458/1/1458 
f 587/1/587 584/1/584 1484/1/1484 
f 488/1/488 439/1/439 1564/1/1564 
f 864/1/864 1325/1/1325 1326/1/1326 
f 107/1/107 108/1/108 569/1/569 
f 1068/1/1068 1069/1/1069 1070/1/1070 
f 56/1/56 57/1/57 566/1/566 
f 1014/1/1014 1276/1/1276 1277/1/1277 
f 683/1/683 732/1/732 788/1/788 
f 548/1/548 549/1/549 550/1/550 
f 693/1/693 694/1/694 1451/1/1451 
f 103/1/103 104/1/104 568/1/568 
f 323/1/323 329/1/329 874/1/874 
f 315/1/315 318/1/318 319/1/319 
f 495/1/495 649/1/649 1433/1/1433 
f 98/1/98 570/1/570 1476/1/1476 
f 349/1/349 390/1/390 392/1/392 
f 350/1/350 342/1/342 1584/1/1584 
f 1483/1/1483 672/1/672 1640/1/1640 
f 1550/1/1550 869/1/869 1558/1/1558 
f 287/1/287 565/1/565 1474/1/1474 
f 934/1/934 935/1/935 950/1/950 
f 492/1/492 1446/1/1446 1728/1/1728 
f 657/1/657 636/1/636 1302/1/1302 
f 34/1/34 35/1/35 1345/1/1345 
f 918/1/918 917/1/917 1563/1/1563 
f 1362/1/1362 549/1/549 1363/1/1363 
f 795/1/795 1039/1/1039 1346/1/1346 
f 672/1/672 1431/1/1431 1674/1/1674 
f 111/1/111 112/1/112 1438/1/1438 
f 1763/1/1763 1285/1/1285 1774/1/1774 
f 1224/1/1224 912/1/912 1249/1/1249 
f 98/1/98 99/1/99 570/1/570 
f 772/1/772 656/1/656 869/1/869 
f 70/1/70 572/1/572 1470/1/1470 
f 112/1/112 113/1/113 638/1/638 
f 645/1/645 646/1/646 745/1/745 
f 567/1/567 66/1/66 1391/1/1391 
f 542/1/542 543/1/543 544/1/544 
f 70/1/70 71/1/71 572/1/572 
f 1461/1/1461 788/1/788 1464/1/1464 
f 106/1/106 107/1/107 1437/1/1437 
f 1277/1/1277 1279/1/1279 1287/1/1287 
f 540/1/540 541/1/541 542/1/542 
f 355/1/355 357/1/357 700/1/700 
f 637/1/637 658/1/658 659/1/659 
f 790/1/790 791/1/791 945/1/945 
f 309/1/309 311/1/311 591/1/591 
f 550/1/550 551/1/551 553/1/553 
f 799/1/799 1076/1/1076 1591/1/1591 
f 861/1/861 862/1/862 1254/1/1254 
f 795/1/795 794/1/794 1037/1/1037 
f 389/1/389 1435/1/1435 1577/1/1577 
f 359/1/359 361/1/361 579/1/579 
f 363/1/363 365/1/365 409/1/409 
f 447/1/447 448/1/448 449/1/449 
f 667/1/667 666/1/666 668/1/668 
f 543/1/543 541/1/541 1483/1/1483 
f 998/1/998 1022/1/1022 1478/1/1478 
f 538/1/538 539/1/539 540/1/540 
f 1247/1/1247 1006/1/1006 1360/1/1360 
f 1006/1/1006 1008/1/1008 1360/1/1360 
f 625/1/625 1479/1/1479 1557/1/1557 
f 99/1/99 100/1/100 1441/1/1441 
f 1478/1/1478 1022/1/1022 1634/1/1634 
f 1058/1/1058 1056/1/1056 1075/1/1075 
f 1022/1/1022 999/1/999 1023/1/1023 
f 921/1/921 918/1/918 1563/1/1563 
f 589/1/589 674/1/674 790/1/790 
f 1287/1/1287 1288/1/1288 1329/1/1329 
f 694/1/694 1373/1/1373 1374/1/1374 
f 424/1/424 425/1/425 426/1/426 
f 711/1/711 525/1/525 1564/1/1564 
f 806/1/806 997/1/997 998/1/998 
f 669/1/669 328/1/328 695/1/695 
f 922/1/922 921/1/921 965/1/965 
f 483/1/483 482/1/482 484/1/484 
f 553/1/553 554/1/554 556/1/556 
f 1158/1/1158 1489/1/1489 1549/1/1549 
f 481/1/481 480/1/480 482/1/482 
f 97/1/97 1476/1/1476 1477/1/1477 
f 714/1/714 851/1/851 1565/1/1565 
f 164/1/164 165/1/165 623/1/623 
f 932/1/932 916/1/916 933/1/933 
f 925/1/925 1358/1/1358 1359/1/1359 
f 1460/1/1460 788/1/788 1461/1/1461 
f 445/1/445 446/1/446 447/1/447 
f 376/1/376 377/1/377 378/1/378 
f 693/1/693 668/1/668 694/1/694 
f 649/1/649 648/1/648 650/1/650 
f 1455/1/1455 874/1/874 1626/1/1626 
f 523/1/523 526/1/526 645/1/645 
f 885/1/885 726/1/726 1541/1/1541 
f 1505/1/1505 245/1/245 1506/1/1506 
f 829/1/829 830/1/830 832/1/832 
f 109/1/109 110/1/110 1456/1/1456 
f 674/1/674 587/1/587 1484/1/1484 
f 1012/1/1012 836/1/836 1572/1/1572 
f 991/1/991 1403/1/1403 1405/1/1405 
f 224/1/224 1501/1/1501 1502/1/1502 
f 35/1/35 36/1/36 218/1/218 
f 1448/1/1448 1454/1/1454 1659/1/1659 
f 556/1/556 557/1/557 634/1/634 
f 485/1/485 484/1/484 486/1/486 
f 1319/1/1319 605/1/605 1678/1/1678 
f 832/1/832 833/1/833 834/1/834 
f 132/1/132 221/1/221 1485/1/1485 
f 1329/1/1329 1330/1/1330 1331/1/1331 
f 369/1/369 371/1/371 372/1/372 
f 73/1/73 215/1/215 1500/1/1500 
f 1361/1/1361 1302/1/1302 1551/1/1551 
f 565/1/565 716/1/716 1490/1/1490 
f 1489/1/1489 1174/1/1174 1549/1/1549 
f 813/1/813 745/1/745 1407/1/1407 
f 649/1/649 786/1/786 1433/1/1433 
f 426/1/426 427/1/427 428/1/428 
f 772/1/772 869/1/869 1029/1/1029 
f 396/1/396 394/1/394 408/1/408 
f 72/1/72 73/1/73 1500/1/1500 
f 96/1/96 97/1/97 1477/1/1477 
f 68/1/68 69/1/69 207/1/207 
f 634/1/634 635/1/635 727/1/727 
f 998/1/998 997/1/997 999/1/999 
f 219/1/219 115/1/115 1495/1/1495 
f 691/1/691 598/1/598 1567/1/1567 
f 834/1/834 835/1/835 836/1/836 
f 449/1/449 450/1/450 451/1/451 
f 247/1/247 1229/1/1229 1246/1/1246 
f 1064/1/1064 1063/1/1063 1065/1/1065 
f 788/1/788 732/1/732 1464/1/1464 
f 1327/1/1327 1364/1/1364 1697/1/1697 
f 97/1/97 98/1/98 1476/1/1476 
f 474/1/474 472/1/472 677/1/677 
f 225/1/225 40/1/40 1507/1/1507 
f 806/1/806 998/1/998 1479/1/1479 
f 287/1/287 288/1/288 289/1/289 
f 502/1/502 500/1/500 777/1/777 
f 40/1/40 41/1/41 1507/1/1507 
f 378/1/378 380/1/380 381/1/381 
f 920/1/920 918/1/918 921/1/921 
f 373/1/373 375/1/375 376/1/376 
f 455/1/455 454/1/454 456/1/456 
f 428/1/428 429/1/429 430/1/430 
f 1067/1/1067 1065/1/1065 1068/1/1068 
f 266/1/266 881/1/881 1562/1/1562 
f 807/1/807 868/1/868 1093/1/1093 
f 1062/1/1062 1060/1/1060 1063/1/1063 
f 739/1/739 963/1/963 964/1/964 
f 69/1/69 70/1/70 1470/1/1470 
f 117/1/117 231/1/231 1496/1/1496 
f 506/1/506 486/1/486 1561/1/1561 
f 280/1/280 282/1/282 1317/1/1317 
f 580/1/580 1512/1/1512 1513/1/1513 
f 284/1/284 286/1/286 287/1/287 
f 478/1/478 476/1/476 480/1/480 
f 115/1/115 116/1/116 1495/1/1495 
f 1433/1/1433 1434/1/1434 1435/1/1435 
f 659/1/659 660/1/660 661/1/661 
f 1268/1/1268 1270/1/1270 1305/1/1305 
f 903/1/903 1218/1/1218 1401/1/1401 
f 1019/1/1019 711/1/711 1564/1/1564 
f 133/1/133 134/1/134 1458/1/1458 
f 37/1/37 38/1/38 571/1/571 
f 231/1/231 118/1/118 1504/1/1504 
f 640/1/640 639/1/639 1593/1/1593 
f 1481/1/1481 1482/1/1482 1641/1/1641 
f 132/1/132 133/1/133 221/1/221 
f 764/1/764 695/1/695 767/1/767 
f 930/1/930 928/1/928 1720/1/1720 
f 505/1/505 486/1/486 506/1/506 
f 1495/1/1495 116/1/116 1496/1/1496 
f 1006/1/1006 767/1/767 1008/1/1008 
f 300/1/300 301/1/301 302/1/302 
f 298/1/298 299/1/299 300/1/300 
f 573/1/573 131/1/131 1485/1/1485 
f 118/1/118 119/1/119 1504/1/1504 
f 295/1/295 296/1/296 298/1/298 
f 513/1/513 504/1/504 583/1/583 
f 120/1/120 245/1/245 1505/1/1505 
f 925/1/925 1359/1/1359 1687/1/1687 
f 293/1/293 294/1/294 295/1/295 
f 186/1/186 185/1/185 1256/1/1256 
f 442/1/442 444/1/444 445/1/445 
f 430/1/430 431/1/431 432/1/432 
f 1504/1/1504 119/1/119 1505/1/1505 
f 1389/1/1389 1391/1/1391 1392/1/1392 
f 765/1/765 713/1/713 860/1/860 
f 95/1/95 217/1/217 1497/1/1497 
f 48/1/48 244/1/244 1514/1/1514 
f 47/1/47 48/1/48 1514/1/1514 
f 615/1/615 977/1/977 1089/1/1089 
f 54/1/54 55/1/55 220/1/220 
f 131/1/131 132/1/132 1485/1/1485 
f 836/1/836 837/1/837 838/1/838 
f 215/1/215 74/1/74 1498/1/1498 
f 130/1/130 131/1/131 573/1/573 
f 466/1/466 412/1/412 467/1/467 
f 586/1/586 584/1/584 587/1/587 
f 943/1/943 748/1/748 1318/1/1318 
f 114/1/114 115/1/115 219/1/219 
f 661/1/661 662/1/662 663/1/663 
f 979/1/979 781/1/781 988/1/988 
f 719/1/719 866/1/866 867/1/867 
f 1463/1/1463 1041/1/1041 1853/1/1853 
f 838/1/838 839/1/839 840/1/840 
f 976/1/976 1199/1/1199 1258/1/1258 
f 22/1/22 251/1/251 1499/1/1499 
f 381/1/381 382/1/382 383/1/383 
f 1158/1/1158 1180/1/1180 1489/1/1489 
f 438/1/438 439/1/439 487/1/487 
f 774/1/774 831/1/831 1017/1/1017 
f 432/1/432 433/1/433 434/1/434 
f 95/1/95 96/1/96 217/1/217 
f 497/1/497 510/1/510 511/1/511 
f 533/1/533 506/1/506 534/1/534 
f 302/1/302 303/1/303 304/1/304 
f 487/1/487 488/1/488 522/1/522 
f 575/1/575 94/1/94 1497/1/1497 
f 840/1/840 841/1/841 842/1/842 
f 249/1/249 253/1/253 254/1/254 
f 73/1/73 74/1/74 215/1/215 
f 368/1/368 366/1/366 1588/1/1588 
f 851/1/851 1310/1/1310 1565/1/1565 
f 75/1/75 576/1/576 1498/1/1498 
f 22/1/22 23/1/23 251/1/251 
f 383/1/383 384/1/384 385/1/385 
f 116/1/116 117/1/117 1496/1/1496 
f 537/1/537 536/1/536 538/1/538 
f 577/1/577 21/1/21 1499/1/1499 
f 224/1/224 92/1/92 1501/1/1501 
f 94/1/94 95/1/95 1497/1/1497 
f 436/1/436 437/1/437 438/1/438 
f 51/1/51 52/1/52 230/1/230 
f 93/1/93 94/1/94 575/1/575 
f 77/1/77 222/1/222 1503/1/1503 
f 74/1/74 75/1/75 1498/1/1498 
f 117/1/117 118/1/118 231/1/231 
f 1120/1/1120 1158/1/1158 1549/1/1549 
f 75/1/75 76/1/76 576/1/576 
f 93/1/93 575/1/575 1501/1/1501 
f 925/1/925 863/1/863 1358/1/1358 
f 21/1/21 22/1/22 1499/1/1499 
f 410/1/410 470/1/470 497/1/497 
f 434/1/434 435/1/435 436/1/436 
f 576/1/576 76/1/76 1503/1/1503 
f 119/1/119 120/1/120 1505/1/1505 
f 867/1/867 899/1/899 900/1/900 
f 20/1/20 21/1/21 577/1/577 
f 166/1/166 167/1/167 247/1/247 
f 168/1/168 169/1/169 250/1/250 
f 39/1/39 40/1/40 225/1/225 
f 1142/1/1142 1144/1/1144 1532/1/1532 
f 1260/1/1260 238/1/238 1261/1/1261 
f 580/1/580 127/1/127 1512/1/1512 
f 1523/1/1523 236/1/236 1524/1/1524 
f 15/1/15 16/1/16 1526/1/1526 
f 1162/1/1162 1142/1/1142 1532/1/1532 
f 176/1/176 238/1/238 1260/1/1260 
f 128/1/128 129/1/129 228/1/228 
f 128/1/128 228/1/228 1512/1/1512 
f 181/1/181 182/1/182 749/1/749 
f 236/1/236 15/1/15 1526/1/1526 
f 1262/1/1262 178/1/178 1263/1/1263 
f 92/1/92 93/1/93 1501/1/1501 
f 177/1/177 178/1/178 1262/1/1262 
f 179/1/179 180/1/180 252/1/252 
f 76/1/76 77/1/77 1503/1/1503 
f 173/1/173 174/1/174 227/1/227 
f 176/1/176 177/1/177 238/1/238 
f 91/1/91 92/1/92 224/1/224 
f 1138/1/1138 1136/1/1136 1517/1/1517 
f 77/1/77 78/1/78 222/1/222 
f 13/1/13 14/1/14 1523/1/1523 
f 1151/1/1151 1208/1/1208 1212/1/1212 
f 17/1/17 18/1/18 241/1/241 
f 1144/1/1144 1151/1/1151 1532/1/1532 
f 126/1/126 127/1/127 580/1/580 
f 1126/1/1126 1146/1/1146 1538/1/1538 
f 127/1/127 128/1/128 1512/1/1512 
f 1151/1/1151 1152/1/1152 1208/1/1208 
f 245/1/245 121/1/121 1515/1/1515 
f 48/1/48 49/1/49 244/1/244 
f 42/1/42 43/1/43 521/1/521 
f 1518/1/1518 825/1/825 1519/1/1519 
f 14/1/14 236/1/236 1523/1/1523 
f 170/1/170 171/1/171 239/1/239 
f 120/1/120 121/1/121 245/1/245 
f 1519/1/1519 825/1/825 1520/1/1520 
f 1136/1/1136 1141/1/1141 1517/1/1517 
f 88/1/88 237/1/237 1516/1/1516 
f 122/1/122 824/1/824 1515/1/1515 
f 121/1/121 122/1/122 1515/1/1515 
f 1144/1/1144 1149/1/1149 1151/1/1151 
f 80/1/80 81/1/81 242/1/242 
f 88/1/88 89/1/89 237/1/237 
f 1519/1/1519 1520/1/1520 1521/1/1521 
f 776/1/776 87/1/87 1516/1/1516 
f 44/1/44 45/1/45 826/1/826 
f 87/1/87 88/1/88 1516/1/1516 
f 1208/1/1208 1152/1/1152 1209/1/1209 
f 122/1/122 123/1/123 824/1/824 
f 82/1/82 83/1/83 627/1/627 
f 86/1/86 87/1/87 776/1/776 
f 161/1/161 162/1/162 825/1/825 
f 289/1/289 290/1/290 1465/1/1465 
f 160/1/160 161/1/161 1518/1/1518 
f 161/1/161 825/1/825 1518/1/1518 
f 159/1/159 160/1/160 246/1/246 
f 246/1/246 160/1/160 1518/1/1518 
f 9/1/9 10/1/10 581/1/581 
f 1134/1/1134 1136/1/1136 1138/1/1138 
f 1166/1/1166 1160/1/1160 1167/1/1167 
f 10/1/10 11/1/11 1522/1/1522 
f 1151/1/1151 1149/1/1149 1152/1/1152 
f 1141/1/1141 1163/1/1163 1517/1/1517 
f 11/1/11 12/1/12 232/1/232 
f 14/1/14 15/1/15 236/1/236 
f 1163/1/1163 1177/1/1177 1301/1/1301 
f 581/1/581 10/1/10 1522/1/1522 
f 1141/1/1141 1162/1/1162 1163/1/1163 
f 156/1/156 157/1/157 235/1/235 
f 1168/1/1168 1167/1/1167 1169/1/1169 
f 1133/1/1133 1131/1/1131 1533/1/1533 
f 1131/1/1131 1134/1/1134 1533/1/1533 
f 1163/1/1163 1162/1/1162 1177/1/1177 
f 1170/1/1170 1169/1/1169 1172/1/1172 
f 11/1/11 232/1/232 1522/1/1522 
f 1141/1/1141 1142/1/1142 1162/1/1162 
f 153/1/153 154/1/154 243/1/243 
f 1141/1/1141 1137/1/1137 1142/1/1142 
f 1173/1/1173 1172/1/1172 1176/1/1176 
f 152/1/152 153/1/153 1527/1/1527 
f 1168/1/1168 1170/1/1170 1171/1/1171 
f 1170/1/1170 1172/1/1172 1173/1/1173 
f 1173/1/1173 1176/1/1176 1193/1/1193 
f 1168/1/1168 1169/1/1169 1170/1/1170 
f 151/1/151 152/1/152 582/1/582 
f 1166/1/1166 1167/1/1167 1168/1/1168 
f 150/1/150 151/1/151 1528/1/1528 
f 1136/1/1136 1137/1/1137 1141/1/1141 
f 149/1/149 150/1/150 688/1/688 
f 1209/1/1209 1210/1/1210 1211/1/1211 
f 1211/1/1211 1213/1/1213 1214/1/1214 
f 1151/1/1151 1212/1/1212 1532/1/1532 
f 443/1/443 1428/1/1428 1648/1/1648 
f 1209/1/1209 1152/1/1152 1210/1/1210 
f 250/1/250 169/1/169 1235/1/1235 
f 147/1/147 148/1/148 818/1/818 
f 1166/1/1166 1168/1/1168 1529/1/1529 
f 153/1/153 243/1/243 1527/1/1527 
f 1142/1/1142 1137/1/1137 1143/1/1143 
f 1137/1/1137 1135/1/1135 1534/1/1534 
f 1168/1/1168 1171/1/1171 1529/1/1529 
f 1148/1/1148 1143/1/1143 1153/1/1153 
f 1165/1/1165 1160/1/1160 1166/1/1166 
f 1171/1/1171 1170/1/1170 1531/1/1531 
f 1129/1/1129 1131/1/1131 1133/1/1133 
f 1170/1/1170 1173/1/1173 1531/1/1531 
f 1134/1/1134 1138/1/1138 1533/1/1533 
f 582/1/582 152/1/152 1527/1/1527 
f 1144/1/1144 1148/1/1148 1149/1/1149 
f 1165/1/1165 1166/1/1166 1196/1/1196 
f 1196/1/1196 1166/1/1166 1529/1/1529 
f 1142/1/1142 1143/1/1143 1144/1/1144 
f 904/1/904 905/1/905 906/1/906 
f 151/1/151 582/1/582 1528/1/1528 
f 1136/1/1136 1135/1/1135 1137/1/1137 
f 688/1/688 150/1/150 1528/1/1528 
f 1211/1/1211 1210/1/1210 1213/1/1213 
f 900/1/900 901/1/901 902/1/902 
f 1149/1/1149 1148/1/1148 1150/1/1150 
f 1147/1/1147 1159/1/1159 1161/1/1161 
f 1144/1/1144 1143/1/1143 1148/1/1148 
f 1159/1/1159 1160/1/1160 1165/1/1165 
f 1134/1/1134 1135/1/1135 1136/1/1136 
f 394/1/394 392/1/392 1447/1/1447 
f 1129/1/1129 1130/1/1130 1131/1/1131 
f 1159/1/1159 1155/1/1155 1160/1/1160 
f 1131/1/1131 1132/1/1132 1134/1/1134 
f 1135/1/1135 1140/1/1140 1534/1/1534 
f 1123/1/1123 1125/1/1125 1126/1/1126 
f 1153/1/1153 1143/1/1143 1534/1/1534 
f 732/1/732 741/1/741 1464/1/1464 
f 1143/1/1143 1137/1/1137 1534/1/1534 
f 1134/1/1134 1132/1/1132 1135/1/1135 
f 1126/1/1126 1139/1/1139 1146/1/1146 
f 1135/1/1135 1132/1/1132 1140/1/1140 
f 1131/1/1131 1130/1/1130 1132/1/1132 
f 1147/1/1147 1139/1/1139 1155/1/1155 
f 1126/1/1126 1127/1/1127 1139/1/1139 
f 1169/1/1169 1167/1/1167 1543/1/1543 
f 276/1/276 278/1/278 332/1/332 
f 1130/1/1130 1128/1/1128 1145/1/1145 
f 1126/1/1126 1125/1/1125 1127/1/1127 
f 1129/1/1129 1128/1/1128 1130/1/1130 
f 1127/1/1127 1128/1/1128 1129/1/1129 
f 1146/1/1146 1139/1/1139 1147/1/1147 
f 1147/1/1147 1155/1/1155 1159/1/1159 
f 1189/1/1189 1239/1/1239 1240/1/1240 
f 1127/1/1127 1125/1/1125 1128/1/1128 
f 1167/1/1167 1160/1/1160 1539/1/1539 
f 1129/1/1129 1133/1/1133 1535/1/1535 
f 1127/1/1127 1129/1/1129 1535/1/1535 
f 1157/1/1157 1156/1/1156 1188/1/1188 
f 1145/1/1145 1128/1/1128 1537/1/1537 
f 1172/1/1172 1169/1/1169 1546/1/1546 
f 1124/1/1124 1122/1/1122 1156/1/1156 
f 1189/1/1189 1188/1/1188 1227/1/1227 
f 1139/1/1139 1127/1/1127 1535/1/1535 
f 1535/1/1535 1133/1/1133 1539/1/1539 
f 1132/1/1132 1130/1/1130 1536/1/1536 
f 1123/1/1123 1124/1/1124 1125/1/1125 
f 1169/1/1169 1543/1/1543 1546/1/1546 
f 1130/1/1130 1145/1/1145 1536/1/1536 
f 1172/1/1172 1546/1/1546 1547/1/1547 
f 1157/1/1157 1188/1/1188 1189/1/1189 
f 1140/1/1140 1132/1/1132 1536/1/1536 
f 1189/1/1189 1227/1/1227 1239/1/1239 
f 1155/1/1155 1139/1/1139 1535/1/1535 
f 1176/1/1176 1172/1/1172 1547/1/1547 
f 663/1/663 664/1/664 665/1/665 
f 1176/1/1176 1547/1/1547 1548/1/1548 
f 247/1/247 167/1/167 1229/1/1229 
f 498/1/498 499/1/499 1622/1/1622 
f 1156/1/1156 1122/1/1122 1540/1/1540 
f 846/1/846 847/1/847 848/1/848 
f 1128/1/1128 1125/1/1125 1537/1/1537 
f 1124/1/1124 1156/1/1156 1157/1/1157 
f 290/1/290 292/1/292 293/1/293 
f 1125/1/1125 1124/1/1124 1537/1/1537 
f 1638/1/1638 605/1/605 1665/1/1665 
f 1155/1/1155 1535/1/1535 1539/1/1539 
f 844/1/844 845/1/845 846/1/846 
f 588/1/588 587/1/587 589/1/589 
f 842/1/842 843/1/843 844/1/844 
f 1160/1/1160 1155/1/1155 1539/1/1539 
f 1120/1/1120 1154/1/1154 1158/1/1158 
f 1167/1/1167 1539/1/1539 1543/1/1543 
f 1124/1/1124 1157/1/1157 1537/1/1537 
f 1123/1/1123 1122/1/1122 1124/1/1124 
f 1163/1/1163 1301/1/1301 1548/1/1548 
f 1189/1/1189 1240/1/1240 1542/1/1542 
f 1123/1/1123 1126/1/1126 1538/1/1538 
f 1120/1/1120 1121/1/1121 1154/1/1154 
f 1121/1/1121 1119/1/1119 1122/1/1122 
f 1158/1/1158 1164/1/1164 1180/1/1180 
f 1145/1/1145 1537/1/1537 1542/1/1542 
f 1121/1/1121 1122/1/1122 1123/1/1123 
f 1693/1/1693 621/1/621 1720/1/1720 
f 1133/1/1133 1533/1/1533 1543/1/1543 
f 1158/1/1158 1154/1/1154 1164/1/1164 
f 1537/1/1537 1157/1/1157 1542/1/1542 
f 755/1/755 1368/1/1368 1372/1/1372 
f 1121/1/1121 1123/1/1123 1538/1/1538 
f 1539/1/1539 1133/1/1133 1543/1/1543 
f 1157/1/1157 1189/1/1189 1542/1/1542 
f 1120/1/1120 1119/1/1119 1121/1/1121 
f 1154/1/1154 1121/1/1121 1538/1/1538 
f 320/1/320 323/1/323 1455/1/1455 
f 1117/1/1117 1119/1/1119 1120/1/1120 
f 1543/1/1543 1533/1/1533 1546/1/1546 
f 1538/1/1538 1146/1/1146 1545/1/1545 
f 1062/1/1062 1063/1/1063 1064/1/1064 
f 1533/1/1533 1138/1/1138 1546/1/1546 
f 290/1/290 293/1/293 1465/1/1465 
f 1546/1/1546 1138/1/1138 1547/1/1547 
f 1138/1/1138 1517/1/1517 1547/1/1547 
f 1118/1/1118 1116/1/1116 1178/1/1178 
f 1122/1/1122 1119/1/1119 1540/1/1540 
f 1547/1/1547 1517/1/1517 1548/1/1548 
f 771/1/771 656/1/656 772/1/772 
f 1164/1/1164 1154/1/1154 1545/1/1545 
f 1517/1/1517 1163/1/1163 1548/1/1548 
f 887/1/887 885/1/885 1665/1/1665 
f 1154/1/1154 1538/1/1538 1545/1/1545 
f 848/1/848 849/1/849 855/1/855 
f 1118/1/1118 1179/1/1179 1540/1/1540 
f 1119/1/1119 1118/1/1118 1540/1/1540 
f 1118/1/1118 1178/1/1178 1179/1/1179 
f 698/1/698 805/1/805 806/1/806 
f 304/1/304 305/1/305 306/1/306 
f 610/1/610 597/1/597 1575/1/1575 
f 861/1/861 860/1/860 862/1/862 
f 806/1/806 996/1/996 997/1/997 
f 1117/1/1117 1118/1/1118 1119/1/1119 
f 950/1/950 951/1/951 952/1/952 
f 1114/1/1114 1174/1/1174 1175/1/1175 
f 998/1/998 1478/1/1478 1479/1/1479 
f 1064/1/1064 1065/1/1065 1067/1/1067 
f 545/1/545 544/1/544 546/1/546 
f 481/1/481 482/1/482 483/1/483 
f 1055/1/1055 1054/1/1054 1056/1/1056 
f 1051/1/1051 1050/1/1050 1052/1/1052 
f 821/1/821 1080/1/1080 1081/1/1081 
f 1507/1/1507 41/1/41 1511/1/1511 
f 730/1/730 815/1/815 816/1/816 
f 596/1/596 593/1/593 1552/1/1552 
f 650/1/650 682/1/682 683/1/683 
f 1068/1/1068 1070/1/1070 1071/1/1071 
f 372/1/372 371/1/371 373/1/373 
f 1053/1/1053 1052/1/1052 1054/1/1054 
f 1117/1/1117 1116/1/1116 1118/1/1118 
f 1057/1/1057 1056/1/1056 1058/1/1058 
f 1397/1/1397 1395/1/1395 1398/1/1398 
f 1049/1/1049 1048/1/1048 1050/1/1050 
f 623/1/623 165/1/165 1221/1/1221 
f 495/1/495 647/1/647 648/1/648 
f 1359/1/1359 1358/1/1358 1480/1/1480 
f 1117/1/1117 1120/1/1120 1549/1/1549 
f 462/1/462 494/1/494 495/1/495 
f 655/1/655 600/1/600 656/1/656 
f 407/1/407 461/1/461 462/1/462 
f 727/1/727 635/1/635 1589/1/1589 
f 478/1/478 480/1/480 481/1/481 
f 820/1/820 885/1/885 886/1/886 
f 906/1/906 907/1/907 908/1/908 
f 886/1/886 887/1/887 888/1/888 
f 408/1/408 394/1/394 1447/1/1447 
f 483/1/483 484/1/484 485/1/485 
f 266/1/266 268/1/268 881/1/881 
f 1431/1/1431 535/1/535 1690/1/1690 
f 859/1/859 1312/1/1312 1313/1/1313 
f 801/1/801 724/1/724 809/1/809 
f 894/1/894 878/1/878 1026/1/1026 
f 376/1/376 375/1/375 377/1/377 
f 513/1/513 583/1/583 584/1/584 
f 1015/1/1015 1183/1/1183 1232/1/1232 
f 534/1/534 536/1/536 537/1/537 
f 319/1/319 318/1/318 320/1/320 
f 810/1/810 809/1/809 1098/1/1098 
f 485/1/485 486/1/486 505/1/505 
f 1115/1/1115 1117/1/1117 1549/1/1549 
f 1092/1/1092 827/1/827 1245/1/1245 
f 872/1/872 1015/1/1015 1103/1/1103 
f 547/1/547 546/1/546 548/1/548 
f 1015/1/1015 873/1/873 1183/1/1183 
f 665/1/665 666/1/666 667/1/667 
f 683/1/683 731/1/731 732/1/732 
f 1115/1/1115 1116/1/1116 1117/1/1117 
f 378/1/378 377/1/377 380/1/380 
f 637/1/637 659/1/659 1589/1/1589 
f 589/1/589 790/1/790 1550/1/1550 
f 586/1/586 587/1/587 588/1/588 
f 888/1/888 889/1/889 890/1/890 
f 336/1/336 335/1/335 344/1/344 
f 1305/1/1305 1270/1/1270 1306/1/1306 
f 806/1/806 805/1/805 996/1/996 
f 1111/1/1111 1114/1/1114 1544/1/1544 
f 1254/1/1254 862/1/862 1266/1/1266 
f 595/1/595 593/1/593 596/1/596 
f 908/1/908 909/1/909 910/1/910 
f 996/1/996 1219/1/1219 1230/1/1230 
f 779/1/779 653/1/653 871/1/871 
f 636/1/636 557/1/557 1551/1/1551 
f 1174/1/1174 1115/1/1115 1549/1/1549 
f 872/1/872 871/1/871 873/1/873 
f 872/1/872 873/1/873 1015/1/1015 
f 1447/1/1447 392/1/392 1467/1/1467 
f 1114/1/1114 1115/1/1115 1174/1/1174 
f 1023/1/1023 999/1/999 1084/1/1084 
f 593/1/593 398/1/398 1552/1/1552 
f 511/1/511 706/1/706 707/1/707 
f 1056/1/1056 1054/1/1054 1620/1/1620 
f 771/1/771 772/1/772 1554/1/1554 
f 1114/1/1114 1175/1/1175 1544/1/1544 
f 772/1/772 1029/1/1029 1030/1/1030 
f 1059/1/1059 1058/1/1058 1060/1/1060 
f 519/1/519 467/1/467 520/1/520 
f 451/1/451 452/1/452 453/1/453 
f 599/1/599 692/1/692 701/1/701 
f 592/1/592 594/1/594 1560/1/1560 
f 1082/1/1082 827/1/827 1092/1/1092 
f 732/1/732 740/1/740 741/1/741 
f 883/1/883 882/1/882 884/1/884 
f 1035/1/1035 884/1/884 1036/1/1036 
f 340/1/340 327/1/327 880/1/880 
f 773/1/773 827/1/827 1082/1/1082 
f 590/1/590 601/1/601 625/1/625 
f 1115/1/1115 1113/1/1113 1116/1/1116 
f 1047/1/1047 800/1/800 1048/1/1048 
f 597/1/597 599/1/599 1575/1/1575 
f 770/1/770 928/1/928 929/1/929 
f 779/1/779 871/1/871 872/1/872 
f 704/1/704 705/1/705 794/1/794 
f 631/1/631 632/1/632 633/1/633 
f 690/1/690 598/1/598 691/1/691 
f 505/1/505 506/1/506 533/1/533 
f 996/1/996 805/1/805 1219/1/1219 
f 1061/1/1061 1060/1/1060 1062/1/1062 
f 469/1/469 527/1/527 528/1/528 
f 633/1/633 676/1/676 704/1/704 
f 698/1/698 779/1/779 805/1/805 
f 535/1/535 506/1/506 1561/1/1561 
f 1313/1/1313 1468/1/1468 1555/1/1555 
f 629/1/629 630/1/630 631/1/631 
f 620/1/620 628/1/628 629/1/629 
f 655/1/655 656/1/656 771/1/771 
f 738/1/738 691/1/691 739/1/739 
f 667/1/667 668/1/668 693/1/693 
f 1061/1/1061 1066/1/1066 1073/1/1073 
f 1389/1/1389 567/1/567 1391/1/1391 
f 701/1/701 702/1/702 948/1/948 
f 698/1/698 653/1/653 779/1/779 
f 655/1/655 771/1/771 773/1/773 
f 1067/1/1067 1068/1/1068 1492/1/1492 
f 1073/1/1073 1077/1/1077 1096/1/1096 
f 1055/1/1055 1056/1/1056 1057/1/1057 
f 1509/1/1509 1507/1/1507 1511/1/1511 
f 625/1/625 653/1/653 698/1/698 
f 656/1/656 600/1/600 1558/1/1558 
f 1305/1/1305 337/1/337 1736/1/1736 
f 712/1/712 714/1/714 1565/1/1565 
f 1245/1/1245 827/1/827 1554/1/1554 
f 471/1/471 411/1/411 472/1/472 
f 876/1/876 651/1/651 882/1/882 
f 728/1/728 727/1/727 807/1/807 
f 381/1/381 380/1/380 382/1/382 
f 528/1/528 529/1/529 620/1/620 
f 497/1/497 470/1/470 510/1/510 
f 1061/1/1061 1062/1/1062 1066/1/1066 
f 773/1/773 771/1/771 827/1/827 
f 525/1/525 488/1/488 1564/1/1564 
f 696/1/696 752/1/752 761/1/761 
f 1057/1/1057 1058/1/1058 1059/1/1059 
f 890/1/890 891/1/891 892/1/892 
f 625/1/625 601/1/601 653/1/653 
f 1472/1/1472 722/1/722 1568/1/1568 
f 719/1/719 717/1/717 866/1/866 
f 1110/1/1110 1111/1/1111 1544/1/1544 
f 1073/1/1073 1066/1/1066 1077/1/1077 
f 821/1/821 1081/1/1081 1619/1/1619 
f 979/1/979 988/1/988 1085/1/1085 
f 650/1/650 648/1/648 682/1/682 
f 1099/1/1099 1472/1/1472 1566/1/1566 
f 1059/1/1059 1060/1/1060 1061/1/1061 
f 963/1/963 691/1/691 1567/1/1567 
f 816/1/816 1004/1/1004 1104/1/1104 
f 910/1/910 911/1/911 912/1/912 
f 1111/1/1111 1113/1/1113 1114/1/1114 
f 1064/1/1064 1067/1/1067 1072/1/1072 
f 601/1/601 600/1/600 655/1/655 
f 383/1/383 382/1/382 384/1/384 
f 440/1/440 399/1/399 500/1/500 
f 721/1/721 723/1/723 1025/1/1025 
f 501/1/501 500/1/500 502/1/502 
f 827/1/827 771/1/771 1554/1/1554 
f 590/1/590 600/1/600 601/1/601 
f 904/1/904 902/1/902 905/1/905 
f 1249/1/1249 1250/1/1250 1251/1/1251 
f 772/1/772 1030/1/1030 1554/1/1554 
f 548/1/548 550/1/550 552/1/552 
f 590/1/590 588/1/588 600/1/600 
f 872/1/872 1103/1/1103 1556/1/1556 
f 880/1/880 327/1/327 1635/1/1635 
f 287/1/287 286/1/286 288/1/288 
f 345/1/345 344/1/344 348/1/348 
f 1053/1/1053 1054/1/1054 1055/1/1055 
f 542/1/542 544/1/544 545/1/545 
f 679/1/679 768/1/768 1631/1/1631 
f 1676/1/1676 1024/1/1024 1715/1/1715 
f 270/1/270 272/1/272 400/1/400 
f 398/1/398 368/1/368 1588/1/1588 
f 289/1/289 288/1/288 290/1/290 
f 1114/1/1114 1113/1/1113 1115/1/1115 
f 804/1/804 711/1/711 1019/1/1019 
f 779/1/779 872/1/872 1556/1/1556 
f 1051/1/1051 1052/1/1052 1053/1/1053 
f 588/1/588 589/1/589 1558/1/1558 
f 392/1/392 390/1/390 1467/1/1467 
f 594/1/594 597/1/597 610/1/610 
f 462/1/462 461/1/461 494/1/494 
f 585/1/585 584/1/584 586/1/586 
f 952/1/952 953/1/953 957/1/957 
f 586/1/586 588/1/588 590/1/590 
f 537/1/537 538/1/538 555/1/555 
f 805/1/805 779/1/779 1556/1/1556 
f 892/1/892 917/1/917 918/1/918 
f 594/1/594 610/1/610 1560/1/1560 
f 1219/1/1219 805/1/805 1556/1/1556 
f 346/1/346 342/1/342 350/1/350 
f 589/1/589 1550/1/1550 1558/1/1558 
f 1414/1/1414 1691/1/1691 1695/1/1695 
f 503/1/503 502/1/502 504/1/504 
f 683/1/683 682/1/682 731/1/731 
f 351/1/351 350/1/350 352/1/352 
f 817/1/817 223/1/223 955/1/955 
f 879/1/879 913/1/913 914/1/914 
f 884/1/884 882/1/882 1656/1/1656 
f 555/1/555 1649/1/1649 1652/1/1652 
f 894/1/894 1026/1/1026 1032/1/1032 
f 639/1/639 736/1/736 1593/1/1593 
f 495/1/495 494/1/494 647/1/647 
f 300/1/300 299/1/299 301/1/301 
f 302/1/302 301/1/301 303/1/303 
f 298/1/298 296/1/296 299/1/299 
f 295/1/295 294/1/294 296/1/296 
f 962/1/962 978/1/978 1044/1/1044 
f 404/1/404 391/1/391 870/1/870 
f 616/1/616 639/1/639 640/1/640 
f 1111/1/1111 1109/1/1109 1112/1/1112 
f 187/1/187 186/1/186 734/1/734 
f 512/1/512 504/1/504 513/1/513 
f 545/1/545 546/1/546 547/1/547 
f 940/1/940 750/1/750 942/1/942 
f 293/1/293 295/1/295 1651/1/1651 
f 871/1/871 653/1/653 1559/1/1559 
f 477/1/477 476/1/476 478/1/478 
f 851/1/851 857/1/857 1310/1/1310 
f 1613/1/1613 1465/1/1465 1651/1/1651 
f 385/1/385 384/1/384 1577/1/1577 
f 1049/1/1049 1050/1/1050 1051/1/1051 
f 867/1/867 866/1/866 899/1/899 
f 1057/1/1057 1059/1/1059 1078/1/1078 
f 1035/1/1035 1036/1/1036 1045/1/1045 
f 534/1/534 537/1/537 1579/1/1579 
f 659/1/659 1449/1/1449 1589/1/1589 
f 900/1/900 899/1/899 901/1/901 
f 192/1/192 191/1/191 234/1/234 
f 799/1/799 1046/1/1046 1076/1/1076 
f 801/1/801 809/1/809 810/1/810 
f 293/1/293 292/1/292 294/1/294 
f 1492/1/1492 1071/1/1071 1493/1/1493 
f 653/1/653 601/1/601 1559/1/1559 
f 259/1/259 261/1/261 578/1/578 
f 373/1/373 374/1/374 375/1/375 
f 1068/1/1068 1071/1/1071 1492/1/1492 
f 473/1/473 472/1/472 474/1/474 
f 810/1/810 1098/1/1098 1100/1/1100 
f 513/1/513 584/1/584 585/1/585 
f 475/1/475 474/1/474 476/1/476 
f 957/1/957 958/1/958 959/1/959 
f 720/1/720 350/1/350 1584/1/1584 
f 655/1/655 773/1/773 1559/1/1559 
f 189/1/189 188/1/188 205/1/205 
f 934/1/934 933/1/933 935/1/935 
f 195/1/195 194/1/194 208/1/208 
f 675/1/675 796/1/796 879/1/879 
f 590/1/590 625/1/625 1557/1/1557 
f 304/1/304 303/1/303 305/1/305 
f 883/1/883 884/1/884 1035/1/1035 
f 585/1/585 586/1/586 1557/1/1557 
f 732/1/732 731/1/731 740/1/740 
f 601/1/601 655/1/655 1559/1/1559 
f 547/1/547 548/1/548 1568/1/1568 
f 959/1/959 960/1/960 962/1/962 
f 701/1/701 692/1/692 702/1/702 
f 499/1/499 616/1/616 1622/1/1622 
f 501/1/501 503/1/503 622/1/622 
f 675/1/675 533/1/533 703/1/703 
f 306/1/306 308/1/308 309/1/309 
f 553/1/553 556/1/556 603/1/603 
f 1559/1/1559 773/1/773 1590/1/1590 
f 440/1/440 500/1/500 501/1/501 
f 198/1/198 197/1/197 233/1/233 
f 871/1/871 1559/1/1559 1590/1/1590 
f 715/1/715 1465/1/1465 1613/1/1613 
f 501/1/501 502/1/502 503/1/503 
f 1268/1/1268 1269/1/1269 1270/1/1270 
f 876/1/876 882/1/882 883/1/883 
f 796/1/796 703/1/703 808/1/808 
f 600/1/600 588/1/588 1558/1/1558 
f 741/1/741 740/1/740 969/1/969 
f 682/1/682 648/1/648 1574/1/1574 
f 475/1/475 477/1/477 493/1/493 
f 369/1/369 370/1/370 371/1/371 
f 503/1/503 504/1/504 512/1/512 
f 1195/1/1195 913/1/913 1207/1/1207 
f 1657/1/1657 977/1/977 1658/1/1658 
f 586/1/586 590/1/590 1557/1/1557 
f 736/1/736 939/1/939 941/1/941 
f 367/1/367 368/1/368 369/1/369 
f 648/1/648 647/1/647 1574/1/1574 
f 920/1/920 921/1/921 922/1/922 
f 745/1/745 746/1/746 1407/1/1407 
f 1266/1/1266 1267/1/1267 1268/1/1268 
f 306/1/306 305/1/305 308/1/308 
f 690/1/690 691/1/691 738/1/738 
f 1186/1/1186 1185/1/1185 1308/1/1308 
f 922/1/922 965/1/965 966/1/966 
f 365/1/365 366/1/366 367/1/367 
f 1302/1/1302 636/1/636 1551/1/1551 
f 363/1/363 364/1/364 365/1/365 
f 906/1/906 905/1/905 907/1/907 
f 634/1/634 727/1/727 728/1/728 
f 1047/1/1047 1048/1/1048 1049/1/1049 
f 823/1/823 1083/1/1083 1215/1/1215 
f 477/1/477 478/1/478 479/1/479 
f 333/1/333 330/1/330 334/1/334 
f 876/1/876 883/1/883 983/1/983 
f 530/1/530 1583/1/1583 1633/1/1633 
f 731/1/731 682/1/682 743/1/743 
f 377/1/377 375/1/375 379/1/379 
f 328/1/328 320/1/320 1455/1/1455 
f 325/1/325 321/1/321 574/1/574 
f 505/1/505 533/1/533 675/1/675 
f 361/1/361 362/1/362 363/1/363 
f 807/1/807 1093/1/1093 1553/1/1553 
f 373/1/373 371/1/371 374/1/374 
f 969/1/969 740/1/740 1031/1/1031 
f 533/1/533 534/1/534 1579/1/1579 
f 201/1/201 200/1/200 210/1/210 
f 635/1/635 637/1/637 1589/1/1589 
f 647/1/647 494/1/494 651/1/651 
f 187/1/187 734/1/734 1323/1/1323 
f 433/1/433 431/1/431 1670/1/1670 
f 483/1/483 485/1/485 530/1/530 
f 647/1/647 651/1/651 875/1/875 
f 1053/1/1053 1055/1/1055 1182/1/1182 
f 475/1/475 476/1/476 477/1/477 
f 599/1/599 701/1/701 1575/1/1575 
f 738/1/738 739/1/739 984/1/984 
f 407/1/407 440/1/440 461/1/461 
f 875/1/875 876/1/876 1571/1/1571 
f 754/1/754 724/1/724 801/1/801 
f 384/1/384 386/1/386 389/1/389 
f 914/1/914 913/1/913 1195/1/1195 
f 425/1/425 496/1/496 1604/1/1604 
f 810/1/810 1100/1/1100 1194/1/1194 
f 1583/1/1583 879/1/879 1633/1/1633 
f 389/1/389 399/1/399 407/1/407 
f 599/1/599 690/1/690 692/1/692 
f 893/1/893 878/1/878 894/1/894 
f 702/1/702 822/1/822 823/1/823 
f 723/1/723 722/1/722 724/1/724 
f 780/1/780 828/1/828 987/1/987 
f 349/1/349 348/1/348 390/1/390 
f 728/1/728 807/1/807 1040/1/1040 
f 814/1/814 813/1/813 976/1/976 
f 343/1/343 347/1/347 355/1/355 
f 702/1/702 692/1/692 822/1/822 
f 1039/1/1039 1038/1/1038 1779/1/1779 
f 548/1/548 552/1/552 1568/1/1568 
f 1081/1/1081 1080/1/1080 1322/1/1322 
f 875/1/875 651/1/651 876/1/876 
f 882/1/882 651/1/651 1581/1/1581 
f 537/1/537 555/1/555 877/1/877 
f 877/1/877 555/1/555 878/1/878 
f 471/1/471 472/1/472 473/1/473 
f 721/1/721 547/1/547 722/1/722 
f 424/1/424 426/1/426 463/1/463 
f 675/1/675 703/1/703 796/1/796 
f 689/1/689 617/1/617 708/1/708 
f 384/1/384 382/1/382 386/1/386 
f 969/1/969 1031/1/1031 1105/1/1105 
f 985/1/985 984/1/984 1042/1/1042 
f 877/1/877 878/1/878 893/1/893 
f 545/1/545 547/1/547 721/1/721 
f 407/1/407 399/1/399 440/1/440 
f 470/1/470 411/1/411 471/1/471 
f 1048/1/1048 800/1/800 1625/1/1625 
f 894/1/894 1032/1/1032 1033/1/1033 
f 416/1/416 418/1/418 532/1/532 
f 1344/1/1344 1613/1/1613 1651/1/1651 
f 780/1/780 693/1/693 781/1/781 
f 1111/1/1111 1112/1/1112 1113/1/1113 
f 823/1/823 822/1/822 1083/1/1083 
f 738/1/738 984/1/984 985/1/985 
f 473/1/473 474/1/474 475/1/475 
f 747/1/747 745/1/745 813/1/813 
f 879/1/879 796/1/796 913/1/913 
f 537/1/537 877/1/877 1579/1/1579 
f 893/1/893 894/1/894 1573/1/1573 
f 941/1/941 1095/1/1095 1101/1/1101 
f 412/1/412 405/1/405 1653/1/1653 
f 314/1/314 312/1/312 316/1/316 
f 1270/1/1270 1269/1/1269 1307/1/1307 
f 389/1/389 386/1/386 399/1/399 
f 359/1/359 360/1/360 361/1/361 
f 357/1/357 358/1/358 359/1/359 
f 828/1/828 781/1/781 979/1/979 
f 471/1/471 473/1/473 607/1/607 
f 1054/1/1054 1052/1/1052 1700/1/1700 
f 1101/1/1101 1095/1/1095 1291/1/1291 
f 730/1/730 710/1/710 815/1/815 
f 908/1/908 907/1/907 909/1/909 
f 754/1/754 801/1/801 972/1/972 
f 723/1/723 724/1/724 754/1/754 
f 704/1/704 676/1/676 705/1/705 
f 891/1/891 889/1/889 1682/1/1682 
f 728/1/728 1040/1/1040 1041/1/1041 
f 1110/1/1110 1109/1/1109 1111/1/1111 
f 597/1/597 598/1/598 599/1/599 
f 599/1/599 598/1/598 690/1/690 
f 721/1/721 722/1/722 723/1/723 
f 659/1/659 661/1/661 1449/1/1449 
f 410/1/410 404/1/404 411/1/411 
f 633/1/633 632/1/632 676/1/676 
f 631/1/631 630/1/630 632/1/632 
f 472/1/472 411/1/411 1570/1/1570 
f 940/1/940 942/1/942 1185/1/1185 
f 511/1/511 510/1/510 706/1/706 
f 1214/1/1214 1444/1/1444 1445/1/1445 
f 1266/1/1266 862/1/862 1267/1/1267 
f 1008/1/1008 1020/1/1020 1296/1/1296 
f 1268/1/1268 1267/1/1267 1269/1/1269 
f 722/1/722 547/1/547 1568/1/1568 
f 1825/1/1825 824/1/824 1989/1/1989 
f 320/1/320 321/1/321 323/1/323 
f 353/1/353 352/1/352 354/1/354 
f 873/1/873 871/1/871 1590/1/1590 
f 629/1/629 628/1/628 630/1/630 
f 522/1/522 523/1/523 1614/1/1614 
f 940/1/940 1185/1/1185 1186/1/1186 
f 432/1/432 434/1/434 465/1/465 
f 420/1/420 422/1/422 602/1/602 
f 743/1/743 682/1/682 1574/1/1574 
f 457/1/457 456/1/456 458/1/458 
f 1404/1/1404 522/1/522 1710/1/1710 
f 453/1/453 454/1/454 455/1/455 
f 355/1/355 356/1/356 357/1/357 
f 663/1/663 665/1/665 778/1/778 
f 773/1/773 1082/1/1082 1590/1/1590 
f 540/1/540 542/1/542 1587/1/1587 
f 404/1/404 870/1/870 1570/1/1570 
f 1552/1/1552 398/1/398 1588/1/1588 
f 428/1/428 430/1/430 604/1/604 
f 694/1/694 1374/1/1374 1451/1/1451 
f 369/1/369 368/1/368 370/1/370 
f 339/1/339 341/1/341 923/1/923 
f 1249/1/1249 912/1/912 1250/1/1250 
f 620/1/620 529/1/529 628/1/628 
f 1424/1/1424 1425/1/1425 1615/1/1615 
f 876/1/876 983/1/983 1571/1/1571 
f 309/1/309 310/1/310 311/1/311 
f 284/1/284 285/1/285 286/1/286 
f 707/1/707 706/1/706 799/1/799 
f 282/1/282 283/1/283 284/1/284 
f 703/1/703 533/1/533 1579/1/1579 
f 438/1/438 487/1/487 489/1/489 
f 1040/1/1040 807/1/807 1553/1/1553 
f 331/1/331 333/1/333 335/1/335 
f 323/1/323 325/1/325 329/1/329 
f 367/1/367 366/1/366 368/1/368 
f 597/1/597 595/1/595 598/1/598 
f 329/1/329 330/1/330 331/1/331 
f 391/1/391 348/1/348 1629/1/1629 
f 442/1/442 445/1/445 605/1/605 
f 768/1/768 1016/1/1016 1631/1/1631 
f 528/1/528 527/1/527 529/1/529 
f 311/1/311 312/1/312 313/1/313 
f 365/1/365 364/1/364 366/1/366 
f 313/1/313 314/1/314 315/1/315 
f 910/1/910 909/1/909 911/1/911 
f 594/1/594 593/1/593 595/1/595 
f 363/1/363 362/1/362 364/1/364 
f 315/1/315 317/1/317 318/1/318 
f 594/1/594 595/1/595 597/1/597 
f 280/1/280 281/1/281 282/1/282 
f 667/1/667 693/1/693 780/1/780 
f 895/1/895 896/1/896 897/1/897 
f 370/1/370 368/1/368 398/1/398 
f 410/1/410 411/1/411 470/1/470 
f 1049/1/1049 1051/1/1051 1234/1/1234 
f 1050/1/1050 1048/1/1048 1673/1/1673 
f 1257/1/1257 1198/1/1198 1946/1/1946 
f 403/1/403 404/1/404 410/1/410 
f 721/1/721 1025/1/1025 1587/1/1587 
f 819/1/819 726/1/726 820/1/820 
f 335/1/335 333/1/333 337/1/337 
f 403/1/403 391/1/391 404/1/404 
f 941/1/941 939/1/939 1095/1/1095 
f 950/1/950 935/1/935 951/1/951 
f 647/1/647 875/1/875 1574/1/1574 
f 331/1/331 330/1/330 333/1/333 
f 687/1/687 737/1/737 802/1/802 
f 263/1/263 265/1/265 266/1/266 
f 411/1/411 404/1/404 1570/1/1570 
f 329/1/329 325/1/325 330/1/330 
f 364/1/364 362/1/362 606/1/606 
f 305/1/305 303/1/303 307/1/307 
f 592/1/592 593/1/593 594/1/594 
f 542/1/542 545/1/545 1587/1/1587 
f 384/1/384 389/1/389 1577/1/1577 
f 828/1/828 979/1/979 1034/1/1034 
f 846/1/846 848/1/848 1010/1/1010 
f 371/1/371 370/1/370 1607/1/1607 
f 780/1/780 781/1/781 828/1/828 
f 725/1/725 516/1/516 726/1/726 
f 290/1/290 291/1/291 292/1/292 
f 592/1/592 398/1/398 593/1/593 
f 323/1/323 321/1/321 325/1/325 
f 685/1/685 687/1/687 1660/1/1660 
f 485/1/485 505/1/505 1583/1/1583 
f 1306/1/1306 1270/1/1270 1606/1/1606 
f 874/1/874 1357/1/1357 1694/1/1694 
f 894/1/894 1033/1/1033 1573/1/1573 
f 346/1/346 350/1/350 351/1/351 
f 494/1/494 461/1/461 1581/1/1581 
f 390/1/390 391/1/391 403/1/403 
f 309/1/309 308/1/308 310/1/310 
f 585/1/585 1478/1/1478 1634/1/1634 
f 348/1/348 344/1/344 1629/1/1629 
f 899/1/899 866/1/866 1344/1/1344 
f 592/1/592 1560/1/1560 1607/1/1607 
f 1036/1/1036 884/1/884 1603/1/1603 
f 709/1/709 859/1/859 1555/1/1555 
f 315/1/315 314/1/314 317/1/317 
f 840/1/840 842/1/842 1011/1/1011 
f 313/1/313 312/1/312 314/1/314 
f 320/1/320 318/1/318 321/1/321 
f 311/1/311 310/1/310 312/1/312 
f 211/1/211 184/1/184 1091/1/1091 
f 361/1/361 360/1/360 362/1/362 
f 618/1/618 784/1/784 895/1/895 
f 896/1/896 784/1/784 937/1/937 
f 301/1/301 299/1/299 608/1/608 
f 939/1/939 750/1/750 940/1/940 
f 736/1/736 750/1/750 939/1/939 
f 499/1/499 460/1/460 613/1/613 
f 249/1/249 254/1/254 255/1/255 
f 401/1/401 354/1/354 402/1/402 
f 618/1/618 291/1/291 783/1/783 
f 717/1/717 715/1/715 1613/1/1613 
f 860/1/860 1483/1/1483 1640/1/1640 
f 801/1/801 810/1/810 1578/1/1578 
f 1270/1/1270 1307/1/1307 1606/1/1606 
f 907/1/907 905/1/905 927/1/927 
f 370/1/370 398/1/398 592/1/592 
f 866/1/866 717/1/717 1613/1/1613 
f 290/1/290 288/1/288 291/1/291 
f 501/1/501 622/1/622 1580/1/1580 
f 1075/1/1075 1056/1/1056 1620/1/1620 
f 278/1/278 279/1/279 280/1/280 
f 1107/1/1107 1109/1/1109 1110/1/1110 
f 440/1/440 501/1/501 1580/1/1580 
f 296/1/296 294/1/294 297/1/297 
f 1251/1/1251 1250/1/1250 1252/1/1252 
f 675/1/675 879/1/879 1583/1/1583 
f 441/1/441 402/1/402 442/1/442 
f 784/1/784 783/1/783 1602/1/1602 
f 684/1/684 685/1/685 797/1/797 
f 276/1/276 277/1/277 278/1/278 
f 1026/1/1026 878/1/878 1652/1/1652 
f 519/1/519 679/1/679 1631/1/1631 
f 461/1/461 440/1/440 1580/1/1580 
f 736/1/736 689/1/689 750/1/750 
f 1469/1/1469 1693/1/1693 1720/1/1720 
f 310/1/310 308/1/308 611/1/611 
f 676/1/676 632/1/632 793/1/793 
f 1046/1/1046 800/1/800 1047/1/1047 
f 459/1/459 498/1/498 924/1/924 
f 471/1/471 607/1/607 1582/1/1582 
f 967/1/967 1237/1/1237 1238/1/1238 
f 359/1/359 358/1/358 360/1/360 
f 614/1/614 613/1/613 615/1/615 
f 697/1/697 681/1/681 789/1/789 
f 834/1/834 836/1/836 1012/1/1012 
f 1481/1/1481 1641/1/1641 1662/1/1662 
f 799/1/799 706/1/706 800/1/800 
f 743/1/743 1574/1/1574 1628/1/1628 
f 972/1/972 801/1/801 1578/1/1578 
f 351/1/351 352/1/352 353/1/353 
f 912/1/912 911/1/911 1612/1/1612 
f 274/1/274 275/1/275 276/1/276 
f 556/1/556 634/1/634 1585/1/1585 
f 967/1/967 966/1/966 986/1/986 
f 263/1/263 264/1/264 265/1/265 
f 911/1/911 909/1/909 938/1/938 
f 1052/1/1052 1050/1/1050 1688/1/1688 
f 374/1/374 371/1/371 1607/1/1607 
f 1107/1/1107 981/1/981 1108/1/1108 
f 651/1/651 494/1/494 1581/1/1581 
f 901/1/901 1381/1/1381 1699/1/1699 
f 1699/1/1699 1381/1/1381 1708/1/1708 
f 822/1/822 692/1/692 1586/1/1586 
f 401/1/401 441/1/441 443/1/443 
f 942/1/942 750/1/750 1600/1/1600 
f 816/1/816 815/1/815 1004/1/1004 
f 513/1/513 585/1/585 1634/1/1634 
f 692/1/692 690/1/690 1586/1/1586 
f 736/1/736 941/1/941 1593/1/1593 
f 1008/1/1008 767/1/767 1020/1/1020 
f 1574/1/1574 875/1/875 1628/1/1628 
f 505/1/505 675/1/675 1583/1/1583 
f 747/1/747 814/1/814 898/1/898 
f 357/1/357 356/1/356 358/1/358 
f 814/1/814 976/1/976 1203/1/1203 
f 725/1/725 819/1/819 821/1/821 
f 1094/1/1094 1839/1/1839 1872/1/1872 
f 810/1/810 1194/1/1194 1578/1/1578 
f 261/1/261 263/1/263 1562/1/1562 
f 821/1/821 1079/1/1079 1080/1/1080 
f 808/1/808 703/1/703 1642/1/1642 
f 603/1/603 556/1/556 1585/1/1585 
f 639/1/639 689/1/689 736/1/736 
f 630/1/630 628/1/628 753/1/753 
f 530/1/530 485/1/485 1583/1/1583 
f 545/1/545 721/1/721 1587/1/1587 
f 446/1/446 559/1/559 1705/1/1705 
f 799/1/799 800/1/800 1046/1/1046 
f 443/1/443 468/1/468 469/1/469 
f 645/1/645 745/1/745 747/1/747 
f 360/1/360 358/1/358 387/1/387 
f 447/1/447 449/1/449 464/1/464 
f 731/1/731 743/1/743 1592/1/1592 
f 678/1/678 520/1/520 680/1/680 
f 946/1/946 938/1/938 1309/1/1309 
f 952/1/952 951/1/951 953/1/953 
f 259/1/259 260/1/260 261/1/261 
f 470/1/470 471/1/471 1582/1/1582 
f 1649/1/1649 1025/1/1025 1652/1/1652 
f 1031/1/1031 740/1/740 1592/1/1592 
f 469/1/469 516/1/516 527/1/527 
f 370/1/370 592/1/592 1607/1/1607 
f 740/1/740 731/1/731 1592/1/1592 
f 962/1/962 960/1/960 978/1/978 
f 355/1/355 347/1/347 356/1/356 
f 461/1/461 1580/1/1580 1581/1/1581 
f 261/1/261 262/1/262 263/1/263 
f 820/1/820 886/1/886 994/1/994 
f 919/1/919 1187/1/1187 1190/1/1190 
f 1325/1/1325 379/1/379 1698/1/1698 
f 768/1/768 829/1/829 1016/1/1016 
f 896/1/896 937/1/937 954/1/954 
f 634/1/634 728/1/728 1585/1/1585 
f 690/1/690 738/1/738 1586/1/1586 
f 911/1/911 938/1/938 946/1/946 
f 510/1/510 470/1/470 1582/1/1582 
f 695/1/695 328/1/328 1455/1/1455 
f 1178/1/1178 1116/1/1116 1663/1/1663 
f 285/1/285 283/1/283 327/1/327 
f 747/1/747 813/1/813 814/1/814 
f 895/1/895 784/1/784 896/1/896 
f 284/1/284 283/1/283 285/1/285 
f 1343/1/1343 448/1/448 1705/1/1705 
f 325/1/325 574/1/574 1596/1/1596 
f 661/1/661 663/1/663 1598/1/1598 
f 929/1/929 930/1/930 931/1/931 
f 282/1/282 281/1/281 283/1/283 
f 281/1/281 279/1/279 612/1/612 
f 334/1/334 330/1/330 1596/1/1596 
f 475/1/475 493/1/493 1608/1/1608 
f 1541/1/1541 1638/1/1638 1665/1/1665 
f 616/1/616 640/1/640 1622/1/1622 
f 738/1/738 985/1/985 1586/1/1586 
f 390/1/390 348/1/348 391/1/391 
f 1230/1/1230 90/1/90 1970/1/1970 
f 555/1/555 538/1/538 1649/1/1649 
f 707/1/707 799/1/799 1591/1/1591 
f 343/1/343 346/1/346 347/1/347 
f 356/1/356 347/1/347 699/1/699 
f 430/1/430 432/1/432 1595/1/1595 
f 639/1/639 617/1/617 689/1/689 
f 292/1/292 291/1/291 618/1/618 
f 919/1/919 918/1/918 920/1/920 
f 959/1/959 958/1/958 960/1/960 
f 689/1/689 708/1/708 1600/1/1600 
f 1107/1/1107 1108/1/1108 1109/1/1109 
f 957/1/957 953/1/953 958/1/958 
f 272/1/272 273/1/273 274/1/274 
f 426/1/426 428/1/428 1599/1/1599 
f 922/1/922 966/1/966 967/1/967 
f 1482/1/1482 386/1/386 1641/1/1641 
f 341/1/341 342/1/342 343/1/343 
f 967/1/967 986/1/986 1237/1/1237 
f 341/1/341 340/1/340 342/1/342 
f 390/1/390 403/1/403 1467/1/1467 
f 351/1/351 353/1/353 915/1/915 
f 728/1/728 1041/1/1041 1585/1/1585 
f 257/1/257 258/1/258 259/1/259 
f 353/1/353 354/1/354 401/1/401 
f 343/1/343 342/1/342 346/1/346 
f 862/1/862 860/1/860 1640/1/1640 
f 710/1/710 707/1/707 1591/1/1591 
f 725/1/725 726/1/726 819/1/819 
f 618/1/618 783/1/783 784/1/784 
f 1250/1/1250 912/1/912 1612/1/1612 
f 1674/1/1674 1431/1/1431 1690/1/1690 
f 203/1/203 202/1/202 624/1/624 
f 822/1/822 1586/1/1586 1650/1/1650 
f 401/1/401 402/1/402 441/1/441 
f 1344/1/1344 338/1/338 1679/1/1679 
f 422/1/422 424/1/424 1594/1/1594 
f 280/1/280 279/1/279 281/1/281 
f 937/1/937 784/1/784 1602/1/1602 
f 1344/1/1344 866/1/866 1613/1/1613 
f 418/1/418 420/1/420 1597/1/1597 
f 339/1/339 327/1/327 340/1/340 
f 1044/1/1044 978/1/978 1822/1/1822 
f 927/1/927 1385/1/1385 1718/1/1718 
f 473/1/473 475/1/475 1608/1/1608 
f 665/1/665 667/1/667 1610/1/1610 
f 607/1/607 473/1/473 1608/1/1608 
f 509/1/509 518/1/518 684/1/684 
f 780/1/780 987/1/987 1610/1/1610 
f 990/1/990 1204/1/1204 1205/1/1205 
f 888/1/888 890/1/890 949/1/949 
f 940/1/940 1186/1/1186 1605/1/1605 
f 339/1/339 340/1/340 341/1/341 
f 330/1/330 325/1/325 1596/1/1596 
f 273/1/273 271/1/271 609/1/609 
f 443/1/443 441/1/441 468/1/468 
f 870/1/870 391/1/391 1629/1/1629 
f 288/1/288 286/1/286 1609/1/1609 
f 616/1/616 617/1/617 639/1/639 
f 875/1/875 1571/1/1571 1628/1/1628 
f 821/1/821 819/1/819 1079/1/1079 
f 746/1/746 812/1/812 1407/1/1407 
f 294/1/294 292/1/292 1611/1/1611 
f 469/1/469 468/1/468 516/1/516 
f 1080/1/1080 1079/1/1079 1202/1/1202 
f 527/1/527 516/1/516 725/1/725 
f 386/1/386 382/1/382 1641/1/1641 
f 1095/1/1095 939/1/939 1605/1/1605 
f 512/1/512 513/1/513 1634/1/1634 
f 750/1/750 689/1/689 1600/1/1600 
f 939/1/939 940/1/940 1605/1/1605 
f 879/1/879 914/1/914 1633/1/1633 
f 859/1/859 1313/1/1313 1555/1/1555 
f 540/1/540 1587/1/1587 1649/1/1649 
f 278/1/278 277/1/277 279/1/279 
f 382/1/382 380/1/380 1641/1/1641 
f 523/1/523 645/1/645 1614/1/1614 
f 343/1/343 355/1/355 1616/1/1616 
f 455/1/455 456/1/456 457/1/457 
f 1449/1/1449 661/1/661 1598/1/1598 
f 463/1/463 426/1/426 1599/1/1599 
f 663/1/663 778/1/778 1598/1/1598 
f 753/1/753 1667/1/1667 1685/1/1685 
f 615/1/615 1089/1/1089 1090/1/1090 
f 892/1/892 918/1/918 919/1/919 
f 1586/1/1586 985/1/985 1650/1/1650 
f 1296/1/1296 1020/1/1020 1639/1/1639 
f 285/1/285 327/1/327 339/1/339 
f 616/1/616 614/1/614 617/1/617 
f 1113/1/1113 1112/1/1112 1663/1/1663 
f 303/1/303 301/1/301 1618/1/1618 
f 276/1/276 275/1/275 277/1/277 
f 432/1/432 465/1/465 1595/1/1595 
f 277/1/277 275/1/275 326/1/326 
f 923/1/923 341/1/341 1616/1/1616 
f 842/1/842 844/1/844 1647/1/1647 
f 19/1/19 20/1/20 1675/1/1675 
f 778/1/778 665/1/665 1610/1/1610 
f 604/1/604 430/1/430 1595/1/1595 
f 299/1/299 296/1/296 1621/1/1621 
f 424/1/424 463/1/463 1594/1/1594 
f 1579/1/1579 877/1/877 1642/1/1642 
f 499/1/499 613/1/613 614/1/614 
f 815/1/815 710/1/710 1591/1/1591 
f 1348/1/1348 1347/1/1347 1762/1/1762 
f 274/1/274 273/1/273 275/1/275 
f 428/1/428 604/1/604 1599/1/1599 
f 703/1/703 1579/1/1579 1642/1/1642 
f 270/1/270 271/1/271 272/1/272 
f 1640/1/1640 672/1/672 1674/1/1674 
f 316/1/316 312/1/312 1624/1/1624 
f 1587/1/1587 1025/1/1025 1649/1/1649 
f 667/1/667 780/1/780 1610/1/1610 
f 532/1/532 418/1/418 1597/1/1597 
f 499/1/499 614/1/614 616/1/616 
f 307/1/307 303/1/303 1618/1/1618 
f 1205/1/1205 1204/1/1204 1206/1/1206 
f 602/1/602 422/1/422 1594/1/1594 
f 708/1/708 617/1/617 1646/1/1646 
f 442/1/442 605/1/605 1638/1/1638 
f 618/1/618 895/1/895 1611/1/1611 
f 877/1/877 893/1/893 1642/1/1642 
f 1267/1/1267 862/1/862 1640/1/1640 
f 911/1/911 946/1/946 1612/1/1612 
f 919/1/919 920/1/920 1187/1/1187 
f 960/1/960 958/1/958 1001/1/1001 
f 458/1/458 993/1/993 1657/1/1657 
f 420/1/420 602/1/602 1597/1/1597 
f 538/1/538 540/1/540 1649/1/1649 
f 318/1/318 317/1/317 1664/1/1664 
f 308/1/308 305/1/305 1617/1/1617 
f 1588/1/1588 366/1/366 1623/1/1623 
f 301/1/301 608/1/608 1618/1/1618 
f 366/1/366 364/1/364 1623/1/1623 
f 364/1/364 606/1/606 1623/1/1623 
f 529/1/529 527/1/527 1619/1/1619 
f 312/1/312 310/1/310 1624/1/1624 
f 574/1/574 321/1/321 1664/1/1664 
f 783/1/783 291/1/291 1609/1/1609 
f 608/1/608 299/1/299 1621/1/1621 
f 291/1/291 288/1/288 1609/1/1609 
f 563/1/563 1384/1/1384 1708/1/1708 
f 838/1/838 840/1/840 1655/1/1655 
f 1541/1/1541 468/1/468 1638/1/1638 
f 1603/1/1603 622/1/622 1683/1/1683 
f 292/1/292 618/1/618 1611/1/1611 
f 297/1/297 294/1/294 1611/1/1611 
f 377/1/377 379/1/379 1662/1/1662 
f 1104/1/1104 1004/1/1004 1220/1/1220 
f 951/1/951 935/1/935 1000/1/1000 
f 1572/1/1572 838/1/838 1655/1/1655 
f 479/1/479 478/1/478 1668/1/1668 
f 1197/1/1197 1091/1/1091 1281/1/1281 
f 305/1/305 307/1/307 1617/1/1617 
f 296/1/296 297/1/297 1621/1/1621 
f 1425/1/1425 1426/1/1426 1726/1/1726 
f 606/1/606 362/1/362 1630/1/1630 
f 341/1/341 343/1/343 1616/1/1616 
f 1011/1/1011 842/1/842 1647/1/1647 
f 931/1/931 936/1/936 1086/1/1086 
f 1662/1/1662 379/1/379 1687/1/1687 
f 706/1/706 510/1/510 1625/1/1625 
f 459/1/459 460/1/460 498/1/498 
f 510/1/510 1582/1/1582 1625/1/1625 
f 272/1/272 271/1/271 273/1/273 
f 767/1/767 695/1/695 1626/1/1626 
f 1454/1/1454 1075/1/1075 1659/1/1659 
f 820/1/820 994/1/994 1637/1/1637 
f 697/1/697 789/1/789 1021/1/1021 
f 286/1/286 285/1/285 1636/1/1636 
f 763/1/763 989/1/989 990/1/990 
f 498/1/498 460/1/460 499/1/499 
f 819/1/819 820/1/820 1637/1/1637 
f 310/1/310 611/1/611 1624/1/1624 
f 800/1/800 706/1/706 1625/1/1625 
f 339/1/339 923/1/923 1636/1/1636 
f 578/1/578 261/1/261 1562/1/1562 
f 362/1/362 360/1/360 1630/1/1630 
f 645/1/645 747/1/747 1614/1/1614 
f 459/1/459 457/1/457 460/1/460 
f 1050/1/1050 1673/1/1673 1688/1/1688 
f 268/1/268 269/1/269 270/1/270 
f 623/1/623 1221/1/1221 1959/1/1959 
f 725/1/725 821/1/821 1619/1/1619 
f 467/1/467 412/1/412 1653/1/1653 
f 451/1/451 453/1/453 619/1/619 
f 1025/1/1025 723/1/723 1666/1/1666 
f 611/1/611 308/1/308 1617/1/1617 
f 747/1/747 898/1/898 1614/1/1614 
f 441/1/441 442/1/442 1638/1/1638 
f 269/1/269 267/1/267 322/1/322 
f 1083/1/1083 822/1/822 1650/1/1650 
f 527/1/527 725/1/725 1619/1/1619 
f 920/1/920 922/1/922 1632/1/1632 
f 1552/1/1552 1782/1/1782 1786/1/1786 
f 1075/1/1075 1620/1/1620 1714/1/1714 
f 699/1/699 347/1/347 1627/1/1627 
f 878/1/878 555/1/555 1652/1/1652 
f 263/1/263 266/1/266 1562/1/1562 
f 347/1/347 346/1/346 1627/1/1627 
f 346/1/346 351/1/351 1627/1/1627 
f 1609/1/1609 286/1/286 1636/1/1636 
f 360/1/360 387/1/387 1630/1/1630 
f 967/1/967 1238/1/1238 1632/1/1632 
f 1591/1/1591 1076/1/1076 1654/1/1654 
f 270/1/270 269/1/269 271/1/271 
f 1615/1/1615 1425/1/1425 1716/1/1716 
f 455/1/455 457/1/457 459/1/459 
f 846/1/846 1010/1/1010 1661/1/1661 
f 6/1/6 204/1/204 223/1/223 
f 1731/1/1731 1021/1/1021 1776/1/1776 
f 990/1/990 989/1/989 1204/1/1204 
f 890/1/890 892/1/892 1644/1/1644 
f 1465/1/1465 293/1/293 1651/1/1651 
f 974/1/974 980/1/980 1226/1/1226 
f 483/1/483 530/1/530 1672/1/1672 
f 761/1/761 752/1/752 1002/1/1002 
f 844/1/844 846/1/846 1661/1/1661 
f 614/1/614 615/1/615 1646/1/1646 
f 762/1/762 735/1/735 811/1/811 
f 1020/1/1020 767/1/767 1626/1/1626 
f 1563/1/1563 917/1/917 1704/1/1704 
f 615/1/615 1090/1/1090 1646/1/1646 
f 1641/1/1641 380/1/380 1662/1/1662 
f 983/1/983 883/1/883 1677/1/1677 
f 351/1/351 915/1/915 1627/1/1627 
f 281/1/281 612/1/612 1635/1/1635 
f 1187/1/1187 920/1/920 1632/1/1632 
f 327/1/327 283/1/283 1635/1/1635 
f 922/1/922 967/1/967 1632/1/1632 
f 387/1/387 358/1/358 1643/1/1643 
f 468/1/468 441/1/441 1638/1/1638 
f 401/1/401 443/1/443 1648/1/1648 
f 613/1/613 460/1/460 1658/1/1658 
f 266/1/266 267/1/267 268/1/268 
f 380/1/380 377/1/377 1662/1/1662 
f 358/1/358 356/1/356 1643/1/1643 
f 283/1/283 281/1/281 1635/1/1635 
f 1414/1/1414 1629/1/1629 1691/1/1691 
f 840/1/840 1011/1/1011 1655/1/1655 
f 617/1/617 614/1/614 1646/1/1646 
f 1116/1/1116 1113/1/1113 1663/1/1663 
f 1079/1/1079 819/1/819 1637/1/1637 
f 1770/1/1770 1039/1/1039 1779/1/1779 
f 356/1/356 699/1/699 1643/1/1643 
f 919/1/919 1190/1/1190 1644/1/1644 
f 285/1/285 339/1/339 1636/1/1636 
f 263/1/263 262/1/262 264/1/264 
f 255/1/255 257/1/257 757/1/757 
f 882/1/882 1581/1/1581 1656/1/1656 
f 695/1/695 1455/1/1455 1626/1/1626 
f 1667/1/1667 1081/1/1081 1685/1/1685 
f 1647/1/1647 844/1/844 1661/1/1661 
f 457/1/457 458/1/458 1658/1/1658 
f 517/1/517 508/1/508 652/1/652 
f 723/1/723 754/1/754 1666/1/1666 
f 1619/1/1619 1081/1/1081 1667/1/1667 
f 622/1/622 503/1/503 1683/1/1683 
f 915/1/915 353/1/353 1648/1/1648 
f 268/1/268 267/1/267 269/1/269 
f 605/1/605 445/1/445 1678/1/1678 
f 353/1/353 401/1/401 1648/1/1648 
f 753/1/753 628/1/628 1667/1/1667 
f 817/1/817 955/1/955 1009/1/1009 
f 1581/1/1581 1580/1/1580 1656/1/1656 
f 949/1/949 890/1/890 1644/1/1644 
f 1106/1/1106 981/1/981 1107/1/1107 
f 266/1/266 265/1/265 267/1/267 
f 1342/1/1342 454/1/454 1725/1/1725 
f 1580/1/1580 622/1/622 1656/1/1656 
f 1602/1/1602 783/1/783 1692/1/1692 
f 742/1/742 652/1/652 770/1/770 
f 609/1/609 1286/1/1286 1781/1/1781 
f 892/1/892 919/1/919 1644/1/1644 
f 687/1/687 802/1/802 1660/1/1660 
f 1652/1/1652 1025/1/1025 1666/1/1666 
f 321/1/321 318/1/318 1664/1/1664 
f 431/1/431 507/1/507 1670/1/1670 
f 696/1/696 681/1/681 697/1/697 
f 684/1/684 518/1/518 685/1/685 
f 478/1/478 481/1/481 1668/1/1668 
f 1191/1/1191 926/1/926 1192/1/1192 
f 1842/1/1842 1553/1/1553 1875/1/1875 
f 1010/1/1010 848/1/848 1680/1/1680 
f 1026/1/1026 1652/1/1652 1666/1/1666 
f 899/1/899 1344/1/1344 1679/1/1679 
f 1267/1/1267 1640/1/1640 1674/1/1674 
f 458/1/458 1657/1/1657 1658/1/1658 
f 1002/1/1002 1003/1/1003 1102/1/1102 
f 1852/1/1852 808/1/808 1987/1/1987 
f 628/1/628 529/1/529 1667/1/1667 
f 696/1/696 697/1/697 752/1/752 
f 1004/1/1004 815/1/815 1654/1/1654 
f 763/1/763 762/1/762 989/1/989 
f 335/1/335 337/1/337 1691/1/1691 
f 447/1/447 464/1/464 1678/1/1678 
f 459/1/459 924/1/924 1669/1/1669 
f 815/1/815 1591/1/1591 1654/1/1654 
f 885/1/885 1541/1/1541 1665/1/1665 
f 1481/1/1481 1662/1/1662 1687/1/1687 
f 529/1/529 1619/1/1619 1667/1/1667 
f 737/1/737 762/1/762 763/1/763 
f 1049/1/1049 1234/1/1234 1684/1/1684 
f 261/1/261 260/1/260 262/1/262 
f 1048/1/1048 1625/1/1625 1673/1/1673 
f 126/1/126 580/1/580 1702/1/1702 
f 1002/1/1002 752/1/752 1003/1/1003 
f 259/1/259 258/1/258 260/1/260 
f 452/1/452 514/1/514 1725/1/1725 
f 902/1/902 901/1/901 1699/1/1699 
f 481/1/481 483/1/483 1672/1/1672 
f 1666/1/1666 754/1/754 1689/1/1689 
f 460/1/460 457/1/457 1658/1/1658 
f 1602/1/1602 1692/1/1692 1707/1/1707 
f 379/1/379 375/1/375 1698/1/1698 
f 1668/1/1668 481/1/481 1672/1/1672 
f 20/1/20 577/1/577 1675/1/1675 
f 680/1/680 520/1/520 681/1/681 
f 687/1/687 735/1/735 737/1/737 
f 1070/1/1070 1074/1/1074 1748/1/1748 
f 680/1/680 681/1/681 696/1/696 
f 1716/1/1716 1425/1/1425 1726/1/1726 
f 324/1/324 1730/1/1730 1753/1/1753 
f 1745/1/1745 1348/1/1348 1762/1/1762 
f 685/1/685 686/1/686 687/1/687 
f 1269/1/1269 1267/1/1267 1674/1/1674 
f 1625/1/1625 1582/1/1582 1673/1/1673 
f 512/1/512 1429/1/1429 1683/1/1683 
f 1582/1/1582 607/1/607 1673/1/1673 
f 883/1/883 1035/1/1035 1677/1/1677 
f 603/1/603 1462/1/1462 1860/1/1860 
f 789/1/789 681/1/681 1671/1/1671 
f 445/1/445 447/1/447 1678/1/1678 
f 1032/1/1032 1026/1/1026 1689/1/1689 
f 980/1/980 981/1/981 1106/1/1106 
f 1026/1/1026 1666/1/1666 1689/1/1689 
f 889/1/889 1319/1/1319 1682/1/1682 
f 742/1/742 926/1/926 1028/1/1028 
f 848/1/848 855/1/855 1680/1/1680 
f 1359/1/1359 1481/1/1481 1687/1/1687 
f 1052/1/1052 1688/1/1688 1700/1/1700 
f 737/1/737 735/1/735 762/1/762 
f 1041/1/1041 1463/1/1463 1856/1/1856 
f 901/1/901 899/1/899 1679/1/1679 
f 1432/1/1432 1034/1/1034 1831/1/1831 
f 685/1/685 518/1/518 686/1/686 
f 1603/1/1603 1683/1/1683 1709/1/1709 
f 687/1/687 686/1/686 735/1/735 
f 643/1/643 970/1/970 971/1/971 
f 770/1/770 929/1/929 1645/1/1645 
f 464/1/464 449/1/449 1696/1/1696 
f 1469/1/1469 490/1/490 1693/1/1693 
f 927/1/927 905/1/905 1699/1/1699 
f 1880/1/1880 250/1/250 1942/1/1942 
f 520/1/520 467/1/467 1671/1/1671 
f 1616/1/1616 700/1/700 1707/1/1707 
f 453/1/453 455/1/455 1669/1/1669 
f 1781/1/1781 1286/1/1286 1789/1/1789 
f 517/1/517 652/1/652 742/1/742 
f 264/1/264 262/1/262 490/1/490 
f 1626/1/1626 874/1/874 1694/1/1694 
f 1673/1/1673 607/1/607 1688/1/1688 
f 257/1/257 256/1/256 258/1/258 
f 742/1/742 770/1/770 926/1/926 
f 1629/1/1629 344/1/344 1691/1/1691 
f 503/1/503 512/1/512 1683/1/1683 
f 491/1/491 1316/1/1316 1676/1/1676 
f 619/1/619 453/1/453 1669/1/1669 
f 265/1/265 264/1/264 1676/1/1676 
f 1192/1/1192 926/1/926 1645/1/1645 
f 1047/1/1047 1049/1/1049 1684/1/1684 
f 509/1/509 517/1/517 518/1/518 
f 776/1/776 1516/1/1516 1903/1/1903 
f 938/1/938 1718/1/1718 1753/1/1753 
f 1088/1/1088 936/1/936 1755/1/1755 
f 1680/1/1680 855/1/855 1686/1/1686 
f 1269/1/1269 1674/1/1674 1690/1/1690 
f 729/1/729 730/1/730 1731/1/1731 
f 455/1/455 459/1/459 1669/1/1669 
f 183/1/183 992/1/992 1231/1/1231 
f 932/1/932 934/1/934 1737/1/1737 
f 1397/1/1397 1398/1/1398 1797/1/1797 
f 1028/1/1028 926/1/926 1191/1/1191 
f 264/1/264 490/1/490 491/1/491 
f 1020/1/1020 1626/1/1626 1694/1/1694 
f 1071/1/1071 1070/1/1070 1756/1/1756 
f 1081/1/1081 1322/1/1322 1685/1/1685 
f 493/1/493 477/1/477 1714/1/1714 
f 260/1/260 258/1/258 621/1/621 
f 1315/1/1315 1314/1/1314 1742/1/1742 
f 1300/1/1300 218/1/218 1967/1/1967 
f 467/1/467 1653/1/1653 1671/1/1671 
f 451/1/451 619/1/619 1696/1/1696 
f 754/1/754 972/1/972 1689/1/1689 
f 1307/1/1307 1269/1/1269 1690/1/1690 
f 700/1/700 1475/1/1475 1727/1/1727 
f 681/1/681 520/1/520 1671/1/1671 
f 344/1/344 335/1/335 1691/1/1691 
f 1620/1/1620 493/1/493 1714/1/1714 
f 607/1/607 1608/1/1608 1688/1/1688 
f 1412/1/1412 1414/1/1414 1695/1/1695 
f 509/1/509 508/1/508 517/1/517 
f 1683/1/1683 1429/1/1429 1709/1/1709 
f 1070/1/1070 1748/1/1748 1756/1/1756 
f 1609/1/1609 1636/1/1636 1692/1/1692 
f 965/1/965 921/1/921 1734/1/1734 
f 491/1/491 508/1/508 509/1/509 
f 1779/1/1779 1038/1/1038 1782/1/1782 
f 926/1/926 770/1/770 1645/1/1645 
f 449/1/449 451/1/451 1696/1/1696 
f 1429/1/1429 1023/1/1023 1709/1/1709 
f 1071/1/1071 1756/1/1756 1758/1/1758 
f 1029/1/1029 869/1/869 1735/1/1735 
f 255/1/255 256/1/256 257/1/257 
f 559/1/559 1327/1/1327 1697/1/1697 
f 1636/1/1636 923/1/923 1692/1/1692 
f 1278/1/1278 1275/1/1275 1767/1/1767 
f 1607/1/1607 1560/1/1560 1703/1/1703 
f 1108/1/1108 981/1/981 1719/1/1719 
f 1719/1/1719 623/1/623 1959/1/1959 
f 491/1/491 490/1/490 508/1/508 
f 1639/1/1639 1020/1/1020 1694/1/1694 
f 1703/1/1703 1560/1/1560 1732/1/1732 
f 783/1/783 1609/1/1609 1692/1/1692 
f 1493/1/1493 1071/1/1071 1758/1/1758 
f 375/1/375 374/1/374 1698/1/1698 
f 1692/1/1692 923/1/923 1707/1/1707 
f 938/1/938 909/1/909 1718/1/1718 
f 907/1/907 927/1/927 1718/1/1718 
f 1001/1/1001 958/1/958 1712/1/1712 
f 1709/1/1709 1023/1/1023 1713/1/1713 
f 30/1/30 31/1/31 1733/1/1733 
f 211/1/211 1197/1/1197 1198/1/1198 
f 1446/1/1446 832/1/832 1728/1/1728 
f 733/1/733 223/1/223 817/1/817 
f 306/1/306 309/1/309 1730/1/1730 
f 1023/1/1023 1084/1/1084 1713/1/1713 
f 1762/1/1762 1347/1/1347 1770/1/1770 
f 905/1/905 902/1/902 1699/1/1699 
f 980/1/980 975/1/975 981/1/981 
f 249/1/249 255/1/255 1576/1/1576 
f 1102/1/1102 1003/1/1003 1768/1/1768 
f 448/1/448 446/1/446 1705/1/1705 
f 522/1/522 1614/1/1614 1710/1/1710 
f 917/1/917 1303/1/1303 1704/1/1704 
f 1475/1/1475 579/1/579 1741/1/1741 
f 1336/1/1336 961/1/961 1761/1/1761 
f 832/1/832 834/1/834 1728/1/1728 
f 264/1/264 491/1/491 1676/1/1676 
f 125/1/125 126/1/126 1702/1/1702 
f 931/1/931 1086/1/1086 1087/1/1087 
f 951/1/951 1000/1/1000 1717/1/1717 
f 733/1/733 817/1/817 968/1/968 
f 1698/1/1698 374/1/374 1703/1/1703 
f 1034/1/1034 1432/1/1432 1832/1/1832 
f 1726/1/1726 1426/1/1426 1745/1/1745 
f 1381/1/1381 563/1/563 1708/1/1708 
f 518/1/518 517/1/517 1681/1/1681 
f 1608/1/1608 493/1/493 1700/1/1700 
f 686/1/686 518/1/518 1681/1/1681 
f 948/1/948 1735/1/1735 1754/1/1754 
f 374/1/374 1607/1/1607 1703/1/1703 
f 742/1/742 1028/1/1028 1681/1/1681 
f 25/1/25 26/1/26 1749/1/1749 
f 987/1/987 1417/1/1417 1836/1/1836 
f 559/1/559 1697/1/1697 1826/1/1826 
f 1563/1/1563 1704/1/1704 1766/1/1766 
f 1688/1/1688 1608/1/1608 1700/1/1700 
f 517/1/517 742/1/742 1681/1/1681 
f 955/1/955 223/1/223 1711/1/1711 
f 6/1/6 223/1/223 733/1/733 
f 337/1/337 333/1/333 1736/1/1736 
f 971/1/971 970/1/970 1184/1/1184 
f 1245/1/1245 222/1/222 1873/1/1873 
f 1027/1/1027 968/1/968 1097/1/1097 
f 322/1/322 267/1/267 1715/1/1715 
f 1727/1/1727 1475/1/1475 1741/1/1741 
f 923/1/923 1616/1/1616 1707/1/1707 
f 1184/1/1184 970/1/970 1200/1/1200 
f 811/1/811 735/1/735 1723/1/1723 
f 1326/1/1326 1703/1/1703 1732/1/1732 
f 915/1/915 1615/1/1615 1716/1/1716 
f 701/1/701 948/1/948 1752/1/1752 
f 249/1/249 248/1/248 253/1/253 
f 1036/1/1036 1709/1/1709 1713/1/1713 
f 326/1/326 1293/1/1293 1792/1/1792 
f 1672/1/1672 530/1/530 1748/1/1748 
f 262/1/262 260/1/260 1693/1/1693 
f 256/1/256 254/1/254 654/1/654 
f 958/1/958 953/1/953 1712/1/1712 
f 1036/1/1036 1603/1/1603 1709/1/1709 
f 1562/1/1562 881/1/881 1729/1/1729 
f 1550/1/1550 790/1/790 1754/1/1754 
f 1831/1/1831 1034/1/1034 1857/1/1857 
f 1627/1/1627 915/1/915 1716/1/1716 
f 686/1/686 1681/1/1681 1723/1/1723 
f 1045/1/1045 1036/1/1036 1713/1/1713 
f 1814/1/1814 1044/1/1044 1819/1/1819 
f 1497/1/1497 217/1/217 1930/1/1930 
f 733/1/733 968/1/968 1027/1/1027 
f 1450/1/1450 1326/1/1326 1732/1/1732 
f 643/1/643 671/1/671 970/1/970 
f 265/1/265 1676/1/1676 1715/1/1715 
f 204/1/204 203/1/203 1711/1/1711 
f 1730/1/1730 1309/1/1309 1753/1/1753 
f 1718/1/1718 1385/1/1385 1753/1/1753 
f 1000/1/1000 935/1/935 1738/1/1738 
f 477/1/477 479/1/479 1714/1/1714 
f 253/1/253 524/1/524 643/1/643 
f 255/1/255 254/1/254 256/1/256 
f 490/1/490 262/1/262 1693/1/1693 
f 1614/1/1614 898/1/898 1710/1/1710 
f 1354/1/1354 414/1/414 1759/1/1759 
f 1275/1/1275 858/1/858 1767/1/1767 
f 105/1/105 209/1/209 1765/1/1765 
f 260/1/260 621/1/621 1693/1/1693 
f 1323/1/1323 734/1/734 1805/1/1805 
f 852/1/852 853/1/853 1767/1/1767 
f 643/1/643 524/1/524 671/1/671 
f 568/1/568 104/1/104 1765/1/1765 
f 929/1/929 931/1/931 1706/1/1706 
f 816/1/816 1104/1/1104 1760/1/1760 
f 1645/1/1645 929/1/929 1706/1/1706 
f 1681/1/1681 1028/1/1028 1723/1/1723 
f 267/1/267 265/1/265 1715/1/1715 
f 974/1/974 975/1/975 980/1/980 
f 1707/1/1707 700/1/700 1727/1/1727 
f 697/1/697 1021/1/1021 1750/1/1750 
f 1228/1/1228 973/1/973 1974/1/1974 
f 948/1/948 702/1/702 1740/1/1740 
f 953/1/953 951/1/951 1717/1/1717 
f 1338/1/1338 1337/1/1337 1787/1/1787 
f 699/1/699 1627/1/1627 1716/1/1716 
f 1074/1/1074 1672/1/1672 1748/1/1748 
f 909/1/909 907/1/907 1718/1/1718 
f 945/1/945 1450/1/1450 1744/1/1744 
f 414/1/414 416/1/416 1759/1/1759 
f 1612/1/1612 1253/1/1253 1772/1/1772 
f 1712/1/1712 953/1/953 1717/1/1717 
f 203/1/203 624/1/624 1711/1/1711 
f 174/1/174 175/1/175 1722/1/1722 
f 454/1/454 452/1/452 1725/1/1725 
f 1830/1/1830 1085/1/1085 1854/1/1854 
f 1314/1/1314 947/1/947 1776/1/1776 
f 1237/1/1237 230/1/230 1890/1/1890 
f 1003/1/1003 752/1/752 1750/1/1750 
f 643/1/643 971/1/971 1701/1/1701 
f 1450/1/1450 1732/1/1732 1744/1/1744 
f 699/1/699 1716/1/1716 1726/1/1726 
f 759/1/759 678/1/678 1784/1/1784 
f 1385/1/1385 324/1/324 1753/1/1753 
f 211/1/211 1091/1/1091 1197/1/1197 
f 981/1/981 975/1/975 1719/1/1719 
f 223/1/223 204/1/204 1711/1/1711 
f 950/1/950 952/1/952 1774/1/1774 
f 1742/1/1742 1314/1/1314 1776/1/1776 
f 409/1/409 1843/1/1843 1847/1/1847 
f 945/1/945 1744/1/1744 1752/1/1752 
f 255/1/255 757/1/757 1576/1/1576 
f 198/1/198 233/1/233 1739/1/1739 
f 1602/1/1602 1707/1/1707 1727/1/1727 
f 609/1/609 271/1/271 1763/1/1763 
f 1786/1/1786 1037/1/1037 1788/1/1788 
f 928/1/928 1469/1/1469 1720/1/1720 
f 31/1/31 226/1/226 1733/1/1733 
f 671/1/671 524/1/524 973/1/973 
f 229/1/229 140/1/140 1790/1/1790 
f 1238/1/1238 1237/1/1237 1890/1/1890 
f 1032/1/1032 1689/1/1689 1721/1/1721 
f 324/1/324 306/1/306 1730/1/1730 
f 1752/1/1752 948/1/948 1754/1/1754 
f 702/1/702 823/1/823 1740/1/1740 
f 1295/1/1295 574/1/574 1775/1/1775 
f 947/1/947 729/1/729 1731/1/1731 
f 931/1/931 1087/1/1087 1706/1/1706 
f 578/1/578 1562/1/1562 1729/1/1729 
f 269/1/269 322/1/322 1763/1/1763 
f 1300/1/1300 811/1/811 1746/1/1746 
f 253/1/253 248/1/248 524/1/524 
f 834/1/834 1012/1/1012 1728/1/1728 
f 1492/1/1492 1493/1/1493 1957/1/1957 
f 735/1/735 686/1/686 1723/1/1723 
f 254/1/254 253/1/253 1701/1/1701 
f 974/1/974 1226/1/1226 1724/1/1724 
f 1335/1/1335 1336/1/1336 1787/1/1787 
f 937/1/937 1602/1/1602 1727/1/1727 
f 1740/1/1740 823/1/823 1764/1/1764 
f 1643/1/1643 699/1/699 1726/1/1726 
f 621/1/621 258/1/258 1747/1/1747 
f 1024/1/1024 932/1/932 1737/1/1737 
f 1250/1/1250 1612/1/1612 1772/1/1772 
f 1560/1/1560 610/1/610 1732/1/1732 
f 797/1/797 1660/1/1660 1769/1/1769 
f 654/1/654 254/1/254 1701/1/1701 
f 1092/1/1092 1245/1/1245 1873/1/1873 
f 1689/1/1689 972/1/972 1721/1/1721 
f 897/1/897 1373/1/1373 1818/1/1818 
f 1029/1/1029 1735/1/1735 1740/1/1740 
f 141/1/141 560/1/560 1790/1/1790 
f 1284/1/1284 436/1/436 1823/1/1823 
f 1106/1/1106 1107/1/1107 1778/1/1778 
f 1844/1/1844 1355/1/1355 1862/1/1862 
f 199/1/199 198/1/198 1739/1/1739 
f 921/1/921 1563/1/1563 1734/1/1734 
f 680/1/680 1569/1/1569 1784/1/1784 
f 1108/1/1108 1223/1/1223 1994/1/1994 
f 937/1/937 1727/1/1727 1741/1/1741 
f 333/1/333 334/1/334 1736/1/1736 
f 869/1/869 1550/1/1550 1735/1/1735 
f 1371/1/1371 297/1/297 1815/1/1815 
f 671/1/671 973/1/973 974/1/974 
f 935/1/935 933/1/933 1738/1/1738 
f 1201/1/1201 744/1/744 1964/1/1964 
f 1567/1/1567 596/1/596 1788/1/1788 
f 974/1/974 973/1/973 975/1/975 
f 1732/1/1732 610/1/610 1744/1/1744 
f 924/1/924 498/1/498 1777/1/1777 
f 965/1/965 1734/1/1734 1777/1/1777 
f 1003/1/1003 1760/1/1760 1768/1/1768 
f 977/1/977 1657/1/1657 1795/1/1795 
f 191/1/191 190/1/190 1743/1/1743 
f 954/1/954 937/1/937 1741/1/1741 
f 610/1/610 1575/1/1575 1744/1/1744 
f 1029/1/1029 1740/1/1740 1764/1/1764 
f 1552/1/1552 1588/1/1588 1782/1/1782 
f 1030/1/1030 1029/1/1029 1764/1/1764 
f 234/1/234 191/1/191 1743/1/1743 
f 1511/1/1511 521/1/521 1771/1/1771 
f 811/1/811 1723/1/1723 1746/1/1746 
f 326/1/326 275/1/275 1781/1/1781 
f 792/1/792 25/1/25 1749/1/1749 
f 273/1/273 609/1/609 1781/1/1781 
f 1671/1/1671 1653/1/1653 1742/1/1742 
f 1653/1/1653 1315/1/1315 1742/1/1742 
f 957/1/957 959/1/959 1789/1/1789 
f 1744/1/1744 1575/1/1575 1752/1/1752 
f 1495/1/1495 1493/1/1493 1877/1/1877 
f 226/1/226 32/1/32 1809/1/1809 
f 1200/1/1200 970/1/970 1724/1/1724 
f 258/1/258 256/1/256 1747/1/1747 
f 387/1/387 1643/1/1643 1745/1/1745 
f 201/1/201 210/1/210 1773/1/1773 
f 1261/1/1261 238/1/238 1751/1/1751 
f 970/1/970 671/1/671 1724/1/1724 
f 789/1/789 1671/1/1671 1742/1/1742 
f 1782/1/1782 1038/1/1038 1786/1/1786 
f 530/1/530 1633/1/1633 1748/1/1748 
f 1643/1/1643 1726/1/1726 1745/1/1745 
f 1735/1/1735 948/1/948 1740/1/1740 
f 1338/1/1338 1739/1/1739 1813/1/1813 
f 1697/1/1697 1364/1/1364 1822/1/1822 
f 1373/1/1373 897/1/897 1821/1/1821 
f 1103/1/1103 1516/1/1516 1968/1/1968 
f 1309/1/1309 938/1/938 1753/1/1753 
f 1575/1/1575 701/1/701 1752/1/1752 
f 624/1/624 202/1/202 1773/1/1773 
f 790/1/790 945/1/945 1754/1/1754 
f 752/1/752 697/1/697 1750/1/1750 
f 936/1/936 1274/1/1274 1755/1/1755 
f 1748/1/1748 1633/1/1633 1756/1/1756 
f 1738/1/1738 933/1/933 1757/1/1757 
f 253/1/253 643/1/643 1701/1/1701 
f 1028/1/1028 1191/1/1191 1746/1/1746 
f 387/1/387 1745/1/1745 1762/1/1762 
f 1509/1/1509 1511/1/1511 1771/1/1771 
f 256/1/256 654/1/654 1747/1/1747 
f 19/1/19 1675/1/1675 1801/1/1801 
f 1293/1/1293 962/1/962 1800/1/1800 
f 1723/1/1723 1028/1/1028 1746/1/1746 
f 961/1/961 1355/1/1355 1761/1/1761 
f 933/1/933 916/1/916 1757/1/1757 
f 619/1/619 1669/1/1669 1766/1/1766 
f 571/1/571 1225/1/1225 1879/1/1879 
f 671/1/671 974/1/974 1724/1/1724 
f 1756/1/1756 914/1/914 1758/1/1758 
f 966/1/966 965/1/965 1794/1/1794 
f 789/1/789 1742/1/1742 1776/1/1776 
f 560/1/560 142/1/142 1808/1/1808 
f 1633/1/1633 914/1/914 1756/1/1756 
f 739/1/739 964/1/964 1797/1/1797 
f 1532/1/1532 1212/1/1212 1798/1/1798 
f 1177/1/1177 1162/1/1162 1798/1/1798 
f 33/1/33 644/1/644 1809/1/1809 
f 914/1/914 1195/1/1195 1758/1/1758 
f 1271/1/1271 816/1/816 1760/1/1760 
f 251/1/251 1874/1/1874 1985/1/1985 
f 612/1/612 279/1/279 1792/1/1792 
f 416/1/416 532/1/532 1759/1/1759 
f 1675/1/1675 1175/1/1175 1801/1/1801 
f 1704/1/1704 619/1/619 1766/1/1766 
f 277/1/277 326/1/326 1792/1/1792 
f 241/1/241 18/1/18 1801/1/1801 
f 966/1/966 1794/1/1794 1799/1/1799 
f 1228/1/1228 623/1/623 1911/1/1911 
f 945/1/945 1752/1/1752 1754/1/1754 
f 1734/1/1734 924/1/924 1777/1/1777 
f 158/1/158 159/1/159 1802/1/1802 
f 271/1/271 269/1/269 1763/1/1763 
f 1630/1/1630 387/1/387 1762/1/1762 
f 817/1/817 1009/1/1009 1796/1/1796 
f 1088/1/1088 1755/1/1755 1820/1/1820 
f 1289/1/1289 898/1/898 1833/1/1833 
f 986/1/986 966/1/966 1799/1/1799 
f 104/1/104 105/1/105 1765/1/1765 
f 823/1/823 1215/1/1215 1764/1/1764 
f 978/1/978 1697/1/1697 1822/1/1822 
f 1355/1/1355 759/1/759 1862/1/1862 
f 941/1/941 1101/1/1101 1804/1/1804 
f 1440/1/1440 1852/1/1852 1987/1/1987 
f 858/1/858 852/1/852 1767/1/1767 
f 1757/1/1757 916/1/916 1769/1/1769 
f 1721/1/1721 569/1/569 1918/1/1918 
f 1760/1/1760 1104/1/1104 1768/1/1768 
f 46/1/46 47/1/47 1806/1/1806 
f 124/1/124 125/1/125 1807/1/1807 
f 916/1/916 797/1/797 1769/1/1769 
f 1761/1/1761 1355/1/1355 1844/1/1844 
f 965/1/965 1777/1/1777 1794/1/1794 
f 1508/1/1508 1510/1/1510 1893/1/1893 
f 1669/1/1669 924/1/924 1766/1/1766 
f 570/1/570 1442/1/1442 1812/1/1812 
f 986/1/986 1799/1/1799 1804/1/1804 
f 1185/1/1185 942/1/942 1771/1/1771 
f 573/1/573 1487/1/1487 1982/1/1982 
f 1813/1/1813 233/1/233 1834/1/1834 
f 1487/1/1487 228/1/228 1982/1/1982 
f 202/1/202 201/1/201 1773/1/1773 
f 1285/1/1285 950/1/950 1774/1/1774 
f 574/1/574 1664/1/1664 1775/1/1775 
f 84/1/84 3/1/3 1936/1/1936 
f 3/1/3 85/1/85 1936/1/1936 
f 1925/1/1925 1529/1/1529 1928/1/1928 
f 1630/1/1630 1762/1/1762 1770/1/1770 
f 606/1/606 1630/1/1630 1770/1/1770 
f 1252/1/1252 1250/1/1250 1772/1/1772 
f 1373/1/1373 1372/1/1372 1818/1/1818 
f 1283/1/1283 1408/1/1408 1988/1/1988 
f 1584/1/1584 880/1/880 1819/1/1819 
f 579/1/579 1473/1/1473 1835/1/1835 
f 606/1/606 1770/1/1770 1779/1/1779 
f 994/1/994 886/1/886 1811/1/1811 
f 1262/1/1262 1263/1/1263 1908/1/1908 
f 888/1/888 949/1/949 1811/1/1811 
f 895/1/895 897/1/897 1815/1/1815 
f 498/1/498 1622/1/1622 1777/1/1777 
f 210/1/210 200/1/200 1803/1/1803 
f 1525/1/1525 1161/1/1161 1841/1/1841 
f 1368/1/1368 1371/1/1371 1818/1/1818 
f 1021/1/1021 789/1/789 1776/1/1776 
f 1046/1/1046 1047/1/1047 1816/1/1816 
f 1828/1/1828 578/1/578 1952/1/1952 
f 1664/1/1664 1280/1/1280 1775/1/1775 
f 1107/1/1107 1110/1/1110 1778/1/1778 
f 1623/1/1623 606/1/606 1779/1/1779 
f 1500/1/1500 1042/1/1042 1867/1/1867 
f 1453/1/1453 1835/1/1835 1847/1/1847 
f 1797/1/1797 1398/1/1398 1861/1/1861 
f 1086/1/1086 1088/1/1088 1780/1/1780 
f 1657/1/1657 993/1/993 1871/1/1871 
f 29/1/29 30/1/30 1824/1/1824 
f 224/1/224 1502/1/1502 1863/1/1863 
f 1238/1/1238 1890/1/1890 1932/1/1932 
f 1635/1/1635 612/1/612 1814/1/1814 
f 897/1/897 896/1/896 1821/1/1821 
f 297/1/297 1611/1/1611 1815/1/1815 
f 436/1/436 438/1/438 1823/1/1823 
f 1396/1/1396 1397/1/1397 1783/1/1783 
f 982/1/982 1340/1/1340 1834/1/1834 
f 1860/1/1860 1462/1/1462 1885/1/1885 
f 275/1/275 273/1/273 1781/1/1781 
f 189/1/189 205/1/205 1817/1/1817 
f 1500/1/1500 215/1/215 1914/1/1914 
f 638/1/638 113/1/113 1827/1/1827 
f 678/1/678 680/1/680 1784/1/1784 
f 114/1/114 219/1/219 1827/1/1827 
f 596/1/596 1552/1/1552 1786/1/1786 
f 1588/1/1588 1623/1/1623 1782/1/1782 
f 1088/1/1088 1820/1/1820 1849/1/1849 
f 1623/1/1623 1779/1/1779 1782/1/1782 
f 376/1/376 1432/1/1432 1831/1/1831 
f 1092/1/1092 1873/1/1873 1919/1/1919 
f 1337/1/1337 1335/1/1335 1787/1/1787 
f 1243/1/1243 1244/1/1244 1785/1/1785 
f 1038/1/1038 1037/1/1037 1786/1/1786 
f 367/1/367 369/1/369 1830/1/1830 
f 1777/1/1777 1622/1/1622 1794/1/1794 
f 259/1/259 578/1/578 1828/1/1828 
f 1839/1/1839 1416/1/1416 1872/1/1872 
f 372/1/372 373/1/373 1831/1/1831 
f 1210/1/1210 1152/1/1152 1829/1/1829 
f 1149/1/1149 1150/1/1150 1829/1/1829 
f 1445/1/1445 688/1/688 1972/1/1972 
f 963/1/963 1788/1/1788 1791/1/1791 
f 757/1/757 257/1/257 1828/1/1828 
f 978/1/978 960/1/960 1826/1/1826 
f 199/1/199 1739/1/1739 1803/1/1803 
f 963/1/963 1567/1/1567 1788/1/1788 
f 1286/1/1286 957/1/957 1789/1/1789 
f 964/1/964 963/1/963 1791/1/1791 
f 828/1/828 1034/1/1034 1832/1/1832 
f 1458/1/1458 626/1/626 1816/1/1816 
f 1066/1/1066 1062/1/1062 1838/1/1838 
f 1739/1/1739 1338/1/1338 1803/1/1803 
f 1064/1/1064 1072/1/1072 1838/1/1838 
f 140/1/140 141/1/141 1790/1/1790 
f 898/1/898 814/1/814 1833/1/1833 
f 1101/1/1101 1291/1/1291 1902/1/1902 
f 1697/1/1697 978/1/978 1826/1/1826 
f 1161/1/1161 1159/1/1159 1841/1/1841 
f 1180/1/1180 1526/1/1526 1897/1/1897 
f 785/1/785 1463/1/1463 1853/1/1853 
f 988/1/988 1452/1/1452 1843/1/1843 
f 385/1/385 1577/1/1577 1842/1/1842 
f 1610/1/1610 987/1/987 1836/1/1836 
f 1684/1/1684 1458/1/1458 1816/1/1816 
f 1061/1/1061 1073/1/1073 1845/1/1845 
f 1089/1/1089 977/1/977 1795/1/1795 
f 1503/1/1503 222/1/222 1793/1/1793 
f 1078/1/1078 1059/1/1059 1845/1/1845 
f 279/1/279 277/1/277 1792/1/1792 
f 62/1/62 63/1/63 1855/1/1855 
f 893/1/893 1573/1/1573 1846/1/1846 
f 1207/1/1207 913/1/913 1852/1/1852 
f 1291/1/1291 50/1/50 1902/1/1902 
f 796/1/796 808/1/808 1852/1/1852 
f 1094/1/1094 1598/1/1598 1839/1/1839 
f 158/1/158 1802/1/1802 1992/1/1992 
f 1622/1/1622 640/1/640 1794/1/1794 
f 1769/1/1769 1660/1/1660 1871/1/1871 
f 1571/1/1571 983/1/983 1812/1/1812 
f 979/1/979 1085/1/1085 1857/1/1857 
f 1231/1/1231 992/1/992 1896/1/1896 
f 1237/1/1237 986/1/986 1840/1/1840 
f 1794/1/1794 640/1/640 1799/1/1799 
f 1340/1/1340 956/1/956 1813/1/1813 
f 808/1/808 1642/1/1642 1846/1/1846 
f 984/1/984 739/1/739 1797/1/1797 
f 216/1/216 1386/1/1386 1870/1/1870 
f 552/1/552 550/1/550 1860/1/1860 
f 1743/1/1743 190/1/190 1817/1/1817 
f 1162/1/1162 1532/1/1532 1798/1/1798 
f 553/1/553 603/1/603 1860/1/1860 
f 640/1/640 1593/1/1593 1799/1/1799 
f 996/1/996 1230/1/1230 1863/1/1863 
f 962/1/962 1044/1/1044 1800/1/1800 
f 250/1/250 1235/1/1235 1942/1/1942 
f 1453/1/1453 954/1/954 1835/1/1835 
f 1585/1/1585 1041/1/1041 1856/1/1856 
f 572/1/572 71/1/71 1867/1/1867 
f 968/1/968 817/1/817 1796/1/1796 
f 72/1/72 1500/1/1500 1867/1/1867 
f 18/1/18 19/1/19 1801/1/1801 
f 734/1/734 1257/1/1257 1805/1/1805 
f 1067/1/1067 1492/1/1492 1866/1/1866 
f 196/1/196 195/1/195 1859/1/1859 
f 243/1/243 154/1/154 1869/1/1869 
f 1799/1/1799 1593/1/1593 1804/1/1804 
f 200/1/200 199/1/199 1803/1/1803 
f 159/1/159 246/1/246 1802/1/1802 
f 1042/1/1042 1500/1/1500 1914/1/1914 
f 1408/1/1408 812/1/812 1988/1/1988 
f 222/1/222 78/1/78 1873/1/1873 
f 1593/1/1593 941/1/941 1804/1/1804 
f 1531/1/1531 246/1/246 1882/1/1882 
f 85/1/85 86/1/86 1876/1/1876 
f 218/1/218 36/1/36 1879/1/1879 
f 37/1/37 571/1/571 1879/1/1879 
f 47/1/47 1514/1/1514 1806/1/1806 
f 1457/1/1457 1033/1/1033 1918/1/1918 
f 1089/1/1089 1881/1/1881 1887/1/1887 
f 1685/1/1685 1322/1/1322 1916/1/1916 
f 1226/1/1226 980/1/980 1874/1/1874 
f 246/1/246 1518/1/1518 1882/1/1882 
f 1090/1/1090 1089/1/1089 1887/1/1887 
f 235/1/235 1301/1/1301 1920/1/1920 
f 1914/1/1914 215/1/215 1948/1/1948 
f 1090/1/1090 1887/1/1887 1892/1/1892 
f 612/1/612 1800/1/1800 1814/1/1814 
f 1005/1/1005 1351/1/1351 1901/1/1901 
f 142/1/142 143/1/143 1808/1/1808 
f 1489/1/1489 241/1/241 1933/1/1933 
f 1398/1/1398 572/1/572 1861/1/1861 
f 968/1/968 1796/1/1796 1810/1/1810 
f 1471/1/1471 102/1/102 1889/1/1889 
f 103/1/103 568/1/568 1889/1/1889 
f 802/1/802 737/1/737 1881/1/1881 
f 994/1/994 1811/1/1811 1870/1/1870 
f 230/1/230 52/1/52 1890/1/1890 
f 32/1/32 33/1/33 1809/1/1809 
f 993/1/993 1769/1/1769 1871/1/1871 
f 1713/1/1713 1084/1/1084 1850/1/1850 
f 206/1/206 1471/1/1471 1898/1/1898 
f 793/1/793 632/1/632 1884/1/1884 
f 125/1/125 1702/1/1702 1807/1/1807 
f 886/1/886 888/1/888 1811/1/1811 
f 409/1/409 365/1/365 1854/1/1854 
f 630/1/630 753/1/753 1884/1/1884 
f 232/1/232 1525/1/1525 1841/1/1841 
f 1476/1/1476 570/1/570 1812/1/1812 
f 1073/1/1073 1096/1/1096 1973/1/1973 
f 1526/1/1526 16/1/16 1897/1/1897 
f 17/1/17 241/1/241 1897/1/1897 
f 1097/1/1097 968/1/968 1810/1/1810 
f 1147/1/1147 1161/1/1161 1899/1/1899 
f 1545/1/1545 1146/1/1146 1899/1/1899 
f 1076/1/1076 1046/1/1046 1868/1/1868 
f 576/1/576 1503/1/1503 1895/1/1895 
f 644/1/644 1345/1/1345 1883/1/1883 
f 826/1/826 1308/1/1308 1922/1/1922 
f 50/1/50 51/1/51 1902/1/1902 
f 1171/1/1171 1531/1/1531 1882/1/1882 
f 577/1/577 1499/1/1499 1937/1/1937 
f 1015/1/1015 1232/1/1232 1903/1/1903 
f 1386/1/1386 642/1/642 1910/1/1910 
f 880/1/880 1635/1/1635 1814/1/1814 
f 1322/1/1322 212/1/212 1916/1/1916 
f 1516/1/1516 237/1/237 1968/1/1968 
f 1513/1/1513 1512/1/1512 1906/1/1906 
f 1282/1/1282 1828/1/1828 1952/1/1952 
f 1829/1/1829 1150/1/1150 1908/1/1908 
f 190/1/190 189/1/189 1817/1/1817 
f 1802/1/1802 1193/1/1193 1992/1/1992 
f 1755/1/1755 654/1/654 1820/1/1820 
f 654/1/654 1701/1/1701 1820/1/1820 
f 1521/1/1521 1925/1/1925 1928/1/1928 
f 1611/1/1611 895/1/895 1815/1/1815 
f 212/1/212 1387/1/1387 1916/1/1916 
f 1592/1/1592 743/1/743 1907/1/1907 
f 1004/1/1004 1654/1/1654 1904/1/1904 
f 1308/1/1308 826/1/826 1921/1/1921 
f 1047/1/1047 1684/1/1684 1816/1/1816 
f 1301/1/1301 235/1/235 1962/1/1962 
f 1721/1/1721 972/1/972 1886/1/1886 
f 1372/1/1372 1368/1/1368 1818/1/1818 
f 1739/1/1739 233/1/233 1813/1/1813 
f 89/1/89 90/1/90 1912/1/1912 
f 1780/1/1780 1088/1/1088 1849/1/1849 
f 236/1/236 1526/1/1526 1915/1/1915 
f 9/1/9 581/1/581 1917/1/1917 
f 720/1/720 1584/1/1584 1819/1/1819 
f 720/1/720 1819/1/1819 1822/1/1822 
f 1181/1/1181 6/1/6 1905/1/1905 
f 1392/1/1392 1399/1/1399 1931/1/1931 
f 944/1/944 1283/1/1283 1988/1/1988 
f 1033/1/1033 1032/1/1032 1918/1/1918 
f 1685/1/1685 1916/1/1916 1945/1/1945 
f 80/1/80 242/1/242 1919/1/1919 
f 1364/1/1364 720/1/720 1822/1/1822 
f 985/1/985 1042/1/1042 1914/1/1914 
f 28/1/28 240/1/240 1964/1/1964 
f 954/1/954 1741/1/1741 1835/1/1835 
f 156/1/156 235/1/235 1920/1/1920 
f 803/1/803 995/1/995 1926/1/1926 
f 521/1/521 43/1/43 1922/1/1922 
f 44/1/44 826/1/826 1922/1/1922 
f 1521/1/1521 581/1/581 1925/1/1925 
f 1986/1/1986 1197/1/1197 1993/1/1993 
f 896/1/896 954/1/954 1821/1/1821 
f 744/1/744 27/1/27 1964/1/1964 
f 1444/1/1444 1231/1/1231 1896/1/1896 
f 149/1/149 688/1/688 1924/1/1924 
f 818/1/818 148/1/148 1924/1/1924 
f 1198/1/1198 1197/1/1197 1986/1/1986 
f 1390/1/1390 1389/1/1389 1931/1/1931 
f 240/1/240 29/1/29 1824/1/1824 
f 1701/1/1701 971/1/971 1820/1/1820 
f 54/1/54 220/1/220 1932/1/1932 
f 145/1/145 146/1/146 1950/1/1950 
f 438/1/438 489/1/489 1823/1/1823 
f 6/1/6 733/1/733 1905/1/1905 
f 1493/1/1493 1758/1/1758 1877/1/1877 
f 138/1/138 139/1/139 1939/1/1939 
f 975/1/975 973/1/973 1911/1/1911 
f 1318/1/1318 854/1/854 1946/1/1946 
f 1096/1/1096 1077/1/1077 1825/1/1825 
f 1046/1/1046 1816/1/1816 1868/1/1868 
f 571/1/571 38/1/38 1938/1/1938 
f 1089/1/1089 1795/1/1795 1881/1/1881 
f 39/1/39 225/1/225 1938/1/1938 
f 1820/1/1820 971/1/971 1849/1/1849 
f 1261/1/1261 1751/1/1751 1940/1/1940 
f 1349/1/1349 1350/1/1350 1900/1/1900 
f 234/1/234 1377/1/1377 1976/1/1976 
f 1711/1/1711 624/1/624 1844/1/1844 
f 751/1/751 944/1/944 1988/1/1988 
f 1702/1/1702 580/1/580 1973/1/1973 
f 984/1/984 1797/1/1797 1861/1/1861 
f 1223/1/1223 1108/1/1108 1959/1/1959 
f 1677/1/1677 1035/1/1035 1930/1/1930 
f 1515/1/1515 824/1/824 1825/1/1825 
f 1150/1/1150 1148/1/1148 1940/1/1940 
f 1499/1/1499 1778/1/1778 1937/1/1937 
f 197/1/197 196/1/196 1864/1/1864 
f 193/1/193 192/1/192 1929/1/1929 
f 213/1/213 1439/1/1439 1980/1/1980 
f 2/1/2 46/1/46 1953/1/1953 
f 45/1/45 2/1/2 1953/1/1953 
f 4/1/4 124/1/124 1954/1/1954 
f 123/1/123 4/1/4 1954/1/1954 
f 1/1/1 7/1/7 1955/1/1955 
f 162/1/162 1/1/1 1955/1/1955 
f 1520/1/1520 825/1/825 1955/1/1955 
f 235/1/235 157/1/157 1992/1/1992 
f 1110/1/1110 1544/1/1544 1937/1/1937 
f 1504/1/1504 1505/1/1505 1961/1/1961 
f 1506/1/1506 245/1/245 1966/1/1966 
f 1193/1/1193 1176/1/1176 1962/1/1962 
f 1795/1/1795 802/1/802 1881/1/1881 
f 1548/1/1548 1301/1/1301 1962/1/1962 
f 113/1/113 114/1/114 1827/1/1827 
f 1109/1/1109 1108/1/1108 1994/1/1994 
f 61/1/61 62/1/62 1977/1/1977 
f 1096/1/1096 1702/1/1702 1973/1/1973 
f 1033/1/1033 1456/1/1456 1980/1/1980 
f 90/1/90 91/1/91 1970/1/1970 
f 960/1/960 1001/1/1001 1826/1/1826 
f 1800/1/1800 1044/1/1044 1814/1/1814 
f 257/1/257 259/1/259 1828/1/1828 
f 1202/1/1202 1079/1/1079 1944/1/1944 
f 130/1/130 573/1/573 1982/1/1982 
f 228/1/228 129/1/129 1982/1/1982 
f 1808/1/1808 143/1/143 1865/1/1865 
f 1153/1/1153 1534/1/1534 1981/1/1981 
f 624/1/624 1761/1/1761 1844/1/1844 
f 1076/1/1076 1868/1/1868 1909/1/1909 
f 1219/1/1219 1556/1/1556 1968/1/1968 
f 1197/1/1197 1281/1/1281 1993/1/1993 
f 676/1/676 793/1/793 1971/1/1971 
f 1095/1/1095 1605/1/1605 1979/1/1979 
f 369/1/369 372/1/372 1830/1/1830 
f 1152/1/1152 1149/1/1149 1829/1/1829 
f 373/1/373 376/1/376 1831/1/1831 
f 1509/1/1509 1771/1/1771 1934/1/1934 
f 1171/1/1171 1882/1/1882 1928/1/1928 
f 1573/1/1573 1033/1/1033 1980/1/1980 
f 1187/1/1187 1632/1/1632 1969/1/1969 
f 987/1/987 828/1/828 1832/1/1832 
f 215/1/215 1498/1/1498 1948/1/1948 
f 1910/1/1910 642/1/642 1944/1/1944 
f 1350/1/1350 982/1/982 1834/1/1834 
f 1473/1/1473 409/1/409 1847/1/1847 
f 1084/1/1084 1502/1/1502 1949/1/1949 
f 814/1/814 1203/1/1203 1833/1/1833 
f 1751/1/1751 1150/1/1150 1940/1/1940 
f 1299/1/1299 1300/1/1300 1967/1/1967 
f 1741/1/1741 579/1/579 1835/1/1835 
f 1062/1/1062 1064/1/1064 1838/1/1838 
f 1932/1/1932 220/1/220 1969/1/1969 
f 144/1/144 145/1/145 1837/1/1837 
f 778/1/778 1610/1/1610 1836/1/1836 
f 1085/1/1085 1830/1/1830 1857/1/1857 
f 1811/1/1811 1421/1/1421 1870/1/1870 
f 365/1/365 367/1/367 1854/1/1854 
f 1192/1/1192 1645/1/1645 1960/1/1960 
f 778/1/778 1836/1/1836 1839/1/1839 
f 1919/1/1919 242/1/242 1958/1/1958 
f 1598/1/1598 778/1/778 1839/1/1839 
f 1771/1/1771 942/1/942 1934/1/1934 
f 233/1/233 197/1/197 1864/1/1864 
f 1577/1/1577 1434/1/1434 1842/1/1842 
f 1804/1/1804 1101/1/1101 1840/1/1840 
f 1842/1/1842 1434/1/1434 1851/1/1851 
f 1159/1/1159 1165/1/1165 1841/1/1841 
f 969/1/969 1878/1/1878 1894/1/1894 
f 1246/1/1246 1229/1/1229 1880/1/1880 
f 214/1/214 137/1/137 1947/1/1947 
f 1300/1/1300 1746/1/1746 1883/1/1883 
f 1085/1/1085 988/1/988 1843/1/1843 
f 208/1/208 194/1/194 1935/1/1935 
f 144/1/144 1837/1/1837 1865/1/1865 
f 1663/1/1663 1246/1/1246 1880/1/1880 
f 995/1/995 1805/1/1805 1926/1/1926 
f 1785/1/1785 1153/1/1153 1981/1/1981 
f 973/1/973 524/1/524 1974/1/1974 
f 1059/1/1059 1061/1/1061 1845/1/1845 
f 1452/1/1452 1453/1/1453 1847/1/1847 
f 1502/1/1502 1501/1/1501 1949/1/1949 
f 1434/1/1434 786/1/786 1851/1/1851 
f 1851/1/1851 786/1/786 1853/1/1853 
f 955/1/955 1844/1/1844 1862/1/1862 
f 1642/1/1642 893/1/893 1846/1/1846 
f 786/1/786 785/1/785 1853/1/1853 
f 913/1/913 796/1/796 1852/1/1852 
f 1870/1/1870 1386/1/1386 1910/1/1910 
f 1209/1/1209 1211/1/1211 1923/1/1923 
f 63/1/63 212/1/212 1855/1/1855 
f 1416/1/1416 564/1/564 1872/1/1872 
f 955/1/955 1711/1/1711 1844/1/1844 
f 564/1/564 385/1/385 1875/1/1875 
f 1196/1/1196 1522/1/1522 1941/1/1941 
f 826/1/826 1806/1/1806 1921/1/1921 
f 971/1/971 1184/1/1184 1849/1/1849 
f 1034/1/1034 979/1/979 1857/1/1857 
f 1872/1/1872 564/1/564 1875/1/1875 
f 603/1/603 1585/1/1585 1856/1/1856 
f 1948/1/1948 1498/1/1498 1983/1/1983 
f 1488/1/1488 1078/1/1078 1975/1/1975 
f 995/1/995 1236/1/1236 1858/1/1858 
f 1812/1/1812 983/1/983 1951/1/1951 
f 195/1/195 208/1/208 1859/1/1859 
f 1045/1/1045 1713/1/1713 1850/1/1850 
f 163/1/163 1228/1/1228 1974/1/1974 
f 550/1/550 553/1/553 1860/1/1860 
f 753/1/753 1685/1/1685 1945/1/1945 
f 1042/1/1042 984/1/984 1861/1/1861 
f 997/1/997 996/1/996 1863/1/1863 
f 568/1/568 1765/1/1765 1927/1/1927 
f 1878/1/1878 1100/1/1100 1894/1/1894 
f 1264/1/1264 1829/1/1829 1908/1/1908 
f 1009/1/1009 955/1/955 1862/1/1862 
f 1843/1/1843 409/1/409 1854/1/1854 
f 228/1/228 1487/1/1487 1975/1/1975 
f 1816/1/1816 626/1/626 1868/1/1868 
f 1600/1/1600 1510/1/1510 1934/1/1934 
f 626/1/626 1365/1/1365 1868/1/1868 
f 1072/1/1072 1067/1/1067 1866/1/1866 
f 71/1/71 72/1/72 1867/1/1867 
f 1654/1/1654 1076/1/1076 1909/1/1909 
f 143/1/143 144/1/144 1865/1/1865 
f 248/1/248 163/1/163 1974/1/1974 
f 1230/1/1230 1219/1/1219 1912/1/1912 
f 219/1/219 1495/1/1495 1877/1/1877 
f 154/1/154 155/1/155 1869/1/1869 
f 644/1/644 1883/1/1883 1990/1/1990 
f 1273/1/1273 1082/1/1082 1958/1/1958 
f 1421/1/1421 216/1/216 1870/1/1870 
f 1205/1/1205 1206/1/1206 1943/1/1943 
f 1885/1/1885 1461/1/1461 1888/1/1888 
f 1462/1/1462 1461/1/1461 1885/1/1885 
f 1202/1/1202 1944/1/1944 1977/1/1977 
f 1529/1/1529 1171/1/1171 1928/1/1928 
f 1476/1/1476 1812/1/1812 1951/1/1951 
f 1461/1/1461 1464/1/1464 1888/1/1888 
f 1093/1/1093 1094/1/1094 1872/1/1872 
f 1888/1/1888 1464/1/1464 1891/1/1891 
f 78/1/78 79/1/79 1873/1/1873 
f 1093/1/1093 1872/1/1872 1875/1/1875 
f 1209/1/1209 1923/1/1923 1965/1/1965 
f 1464/1/1464 741/1/741 1891/1/1891 
f 1553/1/1553 1093/1/1093 1875/1/1875 
f 1891/1/1891 741/1/741 1894/1/1894 
f 86/1/86 776/1/776 1876/1/1876 
f 980/1/980 1106/1/1106 1874/1/1874 
f 1724/1/1724 1226/1/1226 1913/1/1913 
f 741/1/741 969/1/969 1894/1/1894 
f 1660/1/1660 802/1/802 1871/1/1871 
f 986/1/986 1804/1/1804 1840/1/1840 
f 1765/1/1765 1194/1/1194 1927/1/1927 
f 969/1/969 1105/1/1105 1878/1/1878 
f 36/1/36 37/1/37 1879/1/1879 
f 1178/1/1178 1663/1/1663 1880/1/1880 
f 1375/1/1375 1376/1/1376 1976/1/1976 
f 1921/1/1921 1514/1/1514 1963/1/1963 
f 1243/1/1243 1785/1/1785 1981/1/1981 
f 1518/1/1518 1519/1/1519 1882/1/1882 
f 1174/1/1174 1489/1/1489 1933/1/1933 
f 1825/1/1825 1077/1/1077 1966/1/1966 
f 737/1/737 763/1/763 1881/1/1881 
f 1498/1/1498 576/1/576 1983/1/1983 
f 1350/1/1350 1859/1/1859 1900/1/1900 
f 1515/1/1515 1825/1/1825 1966/1/1966 
f 1881/1/1881 763/1/763 1887/1/1887 
f 1566/1/1566 1885/1/1885 1888/1/1888 
f 1566/1/1566 552/1/552 1885/1/1885 
f 1868/1/1868 1365/1/1365 1909/1/1909 
f 1351/1/1351 1349/1/1349 1900/1/1900 
f 632/1/632 630/1/630 1884/1/1884 
f 1520/1/1520 8/1/8 1917/1/1917 
f 972/1/972 1578/1/1578 1886/1/1886 
f 1780/1/1780 240/1/240 1956/1/1956 
f 763/1/763 990/1/990 1887/1/1887 
f 102/1/102 103/1/103 1889/1/1889 
f 1099/1/1099 1888/1/1888 1891/1/1891 
f 52/1/52 53/1/53 1890/1/1890 
f 1887/1/1887 990/1/990 1892/1/1892 
f 1097/1/1097 1810/1/1810 1848/1/1848 
f 1099/1/1099 1566/1/1566 1888/1/1888 
f 1221/1/1221 1223/1/1223 1959/1/1959 
f 1098/1/1098 1099/1/1099 1891/1/1891 
f 990/1/990 1205/1/1205 1892/1/1892 
f 1098/1/1098 1891/1/1891 1894/1/1894 
f 1758/1/1758 1195/1/1195 1877/1/1877 
f 1100/1/1100 1098/1/1098 1894/1/1894 
f 1830/1/1830 372/1/372 1857/1/1857 
f 1530/1/1530 818/1/818 1896/1/1896 
f 1806/1/1806 1514/1/1514 1921/1/1921 
f 1869/1/1869 155/1/155 1920/1/1920 
f 1087/1/1087 1086/1/1086 1956/1/1956 
f 1834/1/1834 233/1/233 1864/1/1864 
f 1443/1/1443 206/1/206 1898/1/1898 
f 1746/1/1746 1191/1/1191 1883/1/1883 
f 1175/1/1175 1174/1/1174 1933/1/1933 
f 16/1/16 17/1/17 1897/1/1897 
f 1146/1/1146 1147/1/1147 1899/1/1899 
f 1873/1/1873 79/1/79 1919/1/1919 
f 1805/1/1805 1257/1/1257 1926/1/1926 
f 1232/1/1232 1233/1/1233 1978/1/1978 
f 1527/1/1527 1212/1/1212 1991/1/1991 
f 1376/1/1376 1005/1/1005 1901/1/1901 
f 1838/1/1838 1072/1/1072 1961/1/1961 
f 51/1/51 230/1/230 1902/1/1902 
f 1103/1/1103 1015/1/1015 1903/1/1903 
f 1874/1/1874 1106/1/1106 1985/1/1985 
f 1263/1/1263 1264/1/1264 1908/1/1908 
f 1499/1/1499 251/1/251 1985/1/1985 
f 1220/1/1220 1004/1/1004 1904/1/1904 
f 1208/1/1208 1209/1/1209 1965/1/1965 
f 1512/1/1512 228/1/228 1906/1/1906 
f 1882/1/1882 1519/1/1519 1928/1/1928 
f 218/1/218 1879/1/1879 1967/1/1967 
f 1514/1/1514 244/1/244 1963/1/1963 
f 743/1/743 1628/1/1628 1907/1/1907 
f 733/1/733 1027/1/1027 1905/1/1905 
f 623/1/623 1719/1/1719 1911/1/1911 
f 1749/1/1749 1200/1/1200 1913/1/1913 
f 1200/1/1200 1724/1/1724 1913/1/1913 
f 1178/1/1178 1880/1/1880 1942/1/1942 
f 1863/1/1863 1230/1/1230 1970/1/1970 
f 569/1/569 1457/1/1457 1918/1/1918 
f 1890/1/1890 53/1/53 1932/1/1932 
f 1365/1/1365 214/1/214 1909/1/1909 
f 1085/1/1085 1843/1/1843 1854/1/1854 
f 1165/1/1165 1196/1/1196 1941/1/1941 
f 219/1/219 1877/1/1877 1984/1/1984 
f 1637/1/1637 994/1/994 1910/1/1910 
f 237/1/237 89/1/89 1912/1/1912 
f 1524/1/1524 236/1/236 1915/1/1915 
f 1350/1/1350 1834/1/1834 1864/1/1864 
f 1387/1/1387 1388/1/1388 1916/1/1916 
f 1650/1/1650 985/1/985 1914/1/1914 
f 85/1/85 1876/1/1876 1936/1/1936 
f 1809/1/1809 644/1/644 1990/1/1990 
f 1521/1/1521 1520/1/1520 1917/1/1917 
f 8/1/8 9/1/9 1917/1/1917 
f 1877/1/1877 1195/1/1195 1984/1/1984 
f 1208/1/1208 1965/1/1965 1991/1/1991 
f 1211/1/1211 1214/1/1214 1972/1/1972 
f 1904/1/1904 214/1/214 1947/1/1947 
f 1214/1/1214 1445/1/1445 1972/1/1972 
f 1778/1/1778 1499/1/1499 1985/1/1985 
f 79/1/79 80/1/80 1919/1/1919 
f 1503/1/1503 1793/1/1793 1895/1/1895 
f 155/1/155 156/1/156 1920/1/1920 
f 1719/1/1719 975/1/975 1911/1/1911 
f 1196/1/1196 1529/1/1529 1925/1/1925 
f 43/1/43 44/1/44 1922/1/1922 
f 1901/1/1901 208/1/208 1935/1/1935 
f 1186/1/1186 1308/1/1308 1921/1/1921 
f 688/1/688 1528/1/1528 1923/1/1923 
f 994/1/994 1870/1/1870 1910/1/1910 
f 1801/1/1801 1175/1/1175 1933/1/1933 
f 1883/1/1883 1191/1/1191 1990/1/1990 
f 242/1/242 1273/1/1273 1958/1/1958 
f 854/1/854 803/1/803 1926/1/1926 
f 1729/1/1729 1283/1/1283 1952/1/1952 
f 1032/1/1032 1721/1/1721 1918/1/1918 
f 1078/1/1078 1906/1/1906 1975/1/1975 
f 148/1/148 149/1/149 1924/1/1924 
f 194/1/194 193/1/193 1935/1/1935 
f 792/1/792 1749/1/1749 1913/1/1913 
f 225/1/225 1508/1/1508 1943/1/1943 
f 1194/1/1194 1100/1/1100 1927/1/1927 
f 232/1/232 1841/1/1841 1941/1/1941 
f 1510/1/1510 1509/1/1509 1934/1/1934 
f 1519/1/1519 1521/1/1521 1928/1/1928 
f 1389/1/1389 1392/1/1392 1931/1/1931 
f 192/1/192 234/1/234 1929/1/1929 
f 1916/1/1916 1388/1/1388 1945/1/1945 
f 1035/1/1035 1045/1/1045 1930/1/1930 
f 241/1/241 1801/1/1801 1933/1/1933 
f 53/1/53 54/1/54 1932/1/1932 
f 1637/1/1637 1910/1/1910 1944/1/1944 
f 1824/1/1824 1087/1/1087 1956/1/1956 
f 1650/1/1650 1914/1/1914 1948/1/1948 
f 942/1/942 1600/1/1600 1934/1/1934 
f 139/1/139 229/1/229 1939/1/1939 
f 1283/1/1283 1282/1/1282 1952/1/1952 
f 46/1/46 1806/1/1806 1953/1/1953 
f 1092/1/1092 1919/1/1919 1958/1/1958 
f 124/1/124 1807/1/1807 1954/1/1954 
f 1893/1/1893 1205/1/1205 1943/1/1943 
f 1186/1/1186 1921/1/1921 1963/1/1963 
f 1923/1/1923 1528/1/1528 1965/1/1965 
f 1212/1/1212 1208/1/1208 1991/1/1991 
f 38/1/38 39/1/39 1938/1/1938 
f 1501/1/1501 575/1/575 1949/1/1949 
f 137/1/137 138/1/138 1947/1/1947 
f 1866/1/1866 1492/1/1492 1957/1/1957 
f 1238/1/1238 1932/1/1932 1969/1/1969 
f 1903/1/1903 1232/1/1232 1978/1/1978 
f 983/1/983 1677/1/1677 1951/1/1951 
f 1148/1/1148 1153/1/1153 1940/1/1940 
f 1522/1/1522 232/1/232 1941/1/1941 
f 1179/1/1179 1178/1/1178 1942/1/1942 
f 146/1/146 1530/1/1530 1950/1/1950 
f 1677/1/1677 1477/1/1477 1951/1/1951 
f 1388/1/1388 1390/1/1390 1945/1/1945 
f 1086/1/1086 1780/1/1780 1956/1/1956 
f 1837/1/1837 1181/1/1181 1905/1/1905 
f 1377/1/1377 1375/1/1375 1976/1/1976 
f 1841/1/1841 1165/1/1165 1941/1/1941 
f 1225/1/1225 1299/1/1299 1967/1/1967 
f 1477/1/1477 1476/1/1476 1951/1/1951 
f 1487/1/1487 1488/1/1488 1975/1/1975 
f 1079/1/1079 1637/1/1637 1944/1/1944 
f 826/1/826 45/1/45 1953/1/1953 
f 824/1/824 123/1/123 1954/1/1954 
f 825/1/825 162/1/162 1955/1/1955 
f 1496/1/1496 231/1/231 1957/1/1957 
f 1083/1/1083 1650/1/1650 1948/1/1948 
f 1827/1/1827 219/1/219 1984/1/1984 
f 1082/1/1082 1092/1/1092 1958/1/1958 
f 1506/1/1506 1838/1/1838 1961/1/1961 
f 1192/1/1192 1809/1/1809 1990/1/1990 
f 1108/1/1108 1719/1/1719 1959/1/1959 
f 1505/1/1505 1506/1/1506 1961/1/1961 
f 1176/1/1176 1548/1/1548 1962/1/1962 
f 27/1/27 28/1/28 1964/1/1964 
f 1528/1/1528 582/1/582 1965/1/1965 
f 1605/1/1605 1186/1/1186 1963/1/1963 
f 245/1/245 1515/1/1515 1966/1/1966 
f 1859/1/1859 208/1/208 1900/1/1900 
f 1556/1/1556 1103/1/1103 1968/1/1968 
f 1083/1/1083 1948/1/1948 1983/1/1983 
f 1778/1/1778 1110/1/1110 1937/1/1937 
f 91/1/91 224/1/224 1970/1/1970 
f 578/1/578 1729/1/1729 1952/1/1952 
f 1850/1/1850 1084/1/1084 1949/1/1949 
f 808/1/808 1846/1/1846 1987/1/1987 
f 705/1/705 676/1/676 1971/1/1971 
f 1632/1/1632 1238/1/1238 1969/1/1969 
f 1645/1/1645 1706/1/1706 1960/1/1960 
f 1965/1/1965 582/1/582 1991/1/1991 
f 580/1/580 1513/1/1513 1973/1/1973 
f 1376/1/1376 1929/1/1929 1976/1/1976 
f 642/1/642 61/1/61 1977/1/1977 
f 1456/1/1456 213/1/213 1980/1/1980 
f 1291/1/1291 1095/1/1095 1979/1/1979 
f 1534/1/1534 1140/1/1140 1981/1/1981 
f 129/1/129 130/1/130 1982/1/1982 
f 944/1/944 943/1/943 1993/1/1993 
f 1439/1/1439 1440/1/1440 1987/1/1987 
f 943/1/943 1986/1/1986 1993/1/1993 
f 1215/1/1215 1083/1/1083 1983/1/1983 
f 943/1/943 1318/1/1318 1986/1/1986 
f 812/1/812 751/1/751 1988/1/1988 
f 1106/1/1106 1778/1/1778 1985/1/1985 
f 1195/1/1195 1207/1/1207 1984/1/1984 
f 582/1/582 1527/1/1527 1991/1/1991 
f 157/1/157 158/1/158 1992/1/1992 
f 1112/1/1112 1109/1/1109 1994/1/1994 
f 524/1/524 248/1/248 1974/1/1974 
f 1191/1/1191 1192/1/1192 1990/1/1990 
f 1806/1/1806 826/1/826 1953/1/1953 
f 224/1/224 1863/1/1863 1970/1/1970 
f 1807/1/1807 824/1/824 1954/1/1954 
f 1233/1/1233 1876/1/1876 1978/1/1978 
f 1702/1/1702 1096/1/1096 1989/1/1989 
f 1879/1/1879 1225/1/1225 1967/1/1967 
f 1100/1/1100 1878/1/1878 1927/1/1927 
f 1944/1/1944 642/1/642 1977/1/1977 
f 1876/1/1876 1233/1/1233 1936/1/1936 
f 240/1/240 1824/1/1824 1956/1/1956 
f 575/1/575 1850/1/1850 1949/1/1949 
f 1207/1/1207 1827/1/1827 1984/1/1984 
f 1807/1/1807 1702/1/1702 1989/1/1989 
f 231/1/231 1866/1/1866 1957/1/1957 
f 688/1/688 1923/1/1923 1972/1/1972 
f 1376/1/1376 1901/1/1901 1935/1/1935 
f 1508/1/1508 1893/1/1893 1943/1/1943 
f 1846/1/1846 1439/1/1439 1987/1/1987 
f 1096/1/1096 1825/1/1825 1989/1/1989 
f 1220/1/1220 1904/1/1904 1947/1/1947 
f 776/1/776 1903/1/1903 1978/1/1978 
f 1876/1/1876 776/1/776 1978/1/1978 
f 1906/1/1906 228/1/228 1975/1/1975 
f 1923/1/1923 1211/1/1211 1972/1/1972 
f 1946/1/1946 1198/1/1198 1986/1/1986 
f 1318/1/1318 1946/1/1946 1986/1/1986 
f 1929/1/1929 234/1/234 1976/1/1976 
# degree 4
# field 1 0.707107 0.707107 0
# field 2 -0.707107 0.707107 0
# field 3 -0.707107 -0.707107 0
# field 4 0.707107 -0.707107 0
# field 5 -0.948081 0.318028 0
# field 6 0.689056 -0.724708 0
# field 7 1 -6.12323e-17 0
# field 8 1 -6.12323e-17 0
# field 9 1 -6.12323e-17 0
# field 10 1 1.60812e-16 0
# field 11 1 -6.12323e-17 0
# field 12 1 -6.12323e-17 0
# field 13 1 -6.12323e-17 0
# field 14 1 -6.12323e-17 0
# field 15 1 -6.12323e-17 0
# field 16 1 -6.12323e-17 0
# field 17 1 -6.12323e-17 0
# field 18 1 1.60812e-16 0
# field 19 1 -6.12323e-17 0
# field 20 1 -6.12323e-17 0
# field 21 1 -6.12323e-17 0
# field 22 1 -6.12323e-17 0
# field 23 1 1.60812e-16 0
# field 24 1 -6.12323e-17 0
# field 25 1 -6.12323e-17 0
# field 26 1 -6.12323e-17 0
# field 27 1 -6.12323e-17 0
# field 28 1 -6.12323e-17 0
# field 29 1 -6.12323e-17 0
# field 30 1 1.60812e-16 0
# field 31 1 -6.12323e-17 0
# field 32 1 -6.12323e-17 0
# field 33 1 -6.12323e-17 0
# field 34 1 -6.12323e-17 0
# field 35 1 -6.12323e-17 0
# field 36 1 -6.12323e-17 0
# field 37 1 -6.12323e-17 0
# field 38 1 1.60812e-16 0
# field 39 1 -6.12323e-17 0
# field 40 1 -6.12323e-17 0
# field 41 1 -6.12323e-17 0
# field 42 1 -6.12323e-17 0
# field 43 1 -6.12323e-17 0
# field 44 1 -6.12323e-17 0
# field 45 1 1.60812e-16 0
# field 46 6.12323e-17 1 0
# field 47 6.12323e-17 1 0
# field 48 6.12323e-17 1 0
# field 49 -1.60812e-16 1 0
# field 50 6.12323e-17 1 0
# field 51 6.12323e-17 1 0
# field 52 6.12323e-17 1 0
# field 53 6.12323e-17 1 0
# field 54 6.12323e-17 1 0
# field 55 6.12323e-17 1 0
# field 56 -1.60812e-16 1 0
# field 57 -1.60812e-16 1 0
# field 58 6.12323e-17 1 0
# field 59 6.12323e-17 1 0
# field 60 6.12323e-17 1 0
# field 61 6.12323e-17 1 0
# field 62 6.12323e-17 1 0
# field 63 6.12323e-17 1 0
# field 64 6.12323e-17 1 0
# field 65 6.12323e-17 1 0
# field 66 6.12323e-17 1 0
# field 67 -1.60812e-16 1 0
# field 68 6.12323e-17 1 0
# field 69 6.12323e-17 1 0
# field 70 6.12323e-17 1 0
# field 71 6.12323e-17 1 0
# field 72 6.12323e-17 1 0
# field 73 6.12323e-17 1 0
# field 74 6.12323e-17 1 0
# field 75 6.12323e-17 1 0
# field 76 -1.60812e-16 1 0
# field 77 6.12323e-17 1 0
# field 78 6.12323e-17 1 0
# field 79 6.12323e-17 1 0
# field 80 6.12323e-17 1 0
# field 81 6.12323e-17 1 0
# field 82 6.12323e-17 1 0
# field 83 6.12323e-17 1 0
# field 84 -1.60812e-16 1 0
# field 85 -1 6.12323e-17 0
# field 86 -1 6.12323e-17 0
# field 87 -1 6.12323e-17 0
# field 88 -1 6.12323e-17 0
# field 89 -1 -1.60812e-16 0
# field 90 -1 -1.60812e-16 0
# field 91 -1 6.12323e-17 0
# field 92 -1 6.12323e-17 0
# field 93 -1 -1.60812e-16 0
# field 94 -1 6.12323e-17 0
# field 95 -1 6.12323e-17 0
# field 96 -1 6.12323e-17 0
# field 97 -1 6.12323e-17 0
# field 98 -1 6.12323e-17 0
# field 99 -1 6.12323e-17 0
# field 100 -1 6.12323e-17 0
# field 101 -1 -1.60812e-16 0
# field 102 -1 6.12323e-17 0
# field 103 -1 6.12323e-17 0
# field 104 -1 6.12323e-17 0
# field 105 -1 6.12323e-17 0
# field 106 -1 6.12323e-17 0
# field 107 -1 6.12323e-17 0
# field 108 -1 6.12323e-17 0
# field 109 -1 -1.60812e-16 0
# field 110 -1 6.12323e-17 0
# field 111 -1 6.12323e-17 0
# field 112 -1 6.12323e-17 0
# field 113 -1 6.12323e-17 0
# field 114 -1 -1.60812e-16 0
# field 115 -1 -1.60812e-16 0
# field 116 -1 2.83277e-16 0
# field 117 -1 -1.60812e-16 0
# field 118 -1 -1.60812e-16 0
# field 119 -1 -1.60812e-16 0
# field 120 -1 6.12323e-17 0
# field 121 -1 -1.60812e-16 0
# field 122 -1 6.12323e-17 0
# field 123 -1 6.12323e-17 0
# field 124 -6.12323e-17 -1 0
# field 125 -6.12323e-17 -1 0
# field 126 -6.12323e-17 -1 0
# field 127 -6.12323e-17 -1 0
# field 128 -6.12323e-17 -1 0
# field 129 -6.12323e-17 -1 0
# field 130 -6.12323e-17 -1 0
# field 131 -6.12323e-17 -1 0
# field 132 -6.12323e-17 -1 0
# field 133 -6.12323e-17 -1 0
# field 134 -6.12323e-17 -1 0
# field 135 -6.12323e-17 -1 0
# field 136 -6.12323e-17 -1 0
# field 137 1.60812e-16 -1 0
# field 138 -6.12323e-17 -1 0
# field 139 -6.12323e-17 -1 0
# field 140 -6.12323e-17 -1 0
# field 141 1.60812e-16 -1 0
# field 142 -6.12323e-17 -1 0
# field 143 -6.12323e-17 -1 0
# field 144 -6.12323e-17 -1 0
# field 145 -6.12323e-17 -1 0
# field 146 -6.12323e-17 -1 0
# field 147 -6.12323e-17 -1 0
# field 148 -6.12323e-17 -1 0
# field 149 -6.12323e-17 -1 0
# field 150 -6.12323e-17 -1 0
# field 151 1.60812e-16 -1 0
# field 152 -6.12323e-17 -1 0
# field 153 -6.12323e-17 -1 0
# field 154 -6.12323e-17 -1 0
# field 155 -6.12323e-17 -1 0
# field 156 -6.12323e-17 -1 0
# field 157 -6.12323e-17 -1 0
# field 158 1.60812e-16 -1 0
# field 159 -6.12323e-17 -1 0
# field 160 -6.12323e-17 -1 0
# field 161 -6.12323e-17 -1 0
# field 162 -6.12323e-17 -1 0
# field 163 -0.987026 -0.160559 0
# field 164 -0.990113 0.140275 0
# field 165 -0.967585 0.252547 0
# field 166 -0.943712 0.330768 0
# field 167 -0.918998 0.394262 0
# field 168 -0.89345 0.449162 0
# field 169 -0.867094 0.498144 0
# field 170 -0.839991 0.542601 0
# field 171 -0.813949 0.580936 0
# field 172 -0.793028 0.609185 0
# field 173 -0.776212 0.630472 0
# field 174 -0.759949 0.649983 0
# field 175 -0.744037 0.668138 0
# field 176 -0.72837 0.685184 0
# field 177 -0.712842 0.701325 0
# field 178 -0.697344 0.716736 0
# field 179 -0.681768 0.731568 0
# field 180 -0.666004 0.745948 0
# field 181 -0.649936 0.759989 0
# field 182 -0.633433 0.773798 0
# field 183 -0.595536 0.803329 0
# field 184 0.671963 -0.740585 0
# field 185 0.833171 -0.553015 0
# field 186 0.862561 -0.505953 0
# field 187 0.87242 -0.488756 0
# field 188 0.874445 -0.485125 0
# field 189 0.871988 -0.489527 0
# field 190 0.866405 -0.499343 0
# field 191 0.858367 -0.513036 0
# field 192 0.851157 -0.524911 0
# field 193 0.847625 -0.530595 0
# field 194 0.84533 -0.534245 0
# field 195 0.842186 -0.539186 0
# field 196 0.838359 -0.545118 0
# field 197 0.833988 -0.551783 0
# field 198 0.829198 -0.558956 0
# field 199 0.824105 -0.566437 0
# field 200 0.818822 -0.574048 0
# field 201 0.813453 -0.581631 0
# field 202 0.808102 -0.589043 0
# field 203 0.802868 -0.596157 0
# field 204 0.797847 -0.602861 0
# field 205 -0.873978 0.485966 0
# field 206 -0.00203107 -0.999998 0
# field 207 0.999998 -0.0021815 0
# field 208 0.529852 0.84809 0
# field 209 0.999996 -0.00296982 0
# field 210 -0.567395 -0.823445 0
# field 211 0.81841 -0.574635 0
# field 212 -0.00261143 -0.999997 0
# field 213 -0.00223358 -0.999998 0
# field 214 -0.00439933 -0.99999 0
# field 215 0.0014912 0.999999 0
# field 216 -0.999996 0.00265797 0
# field 217 -0.00152286 -0.999999 0
# field 218 0.999992 -0.00390853 0
# field 219 -0.00179663 -0.999998 0
# field 220 -0.999997 0.00231547 0
# field 221 -0.999995 0.00308322 0
# field 222 1 -0.000940535 0
# field 223 -0.627769 -0.778399 0
# field 224 -0.000945622 -1 0
# field 225 0.00227728 0.999997 0
# field 226 -0.00696234 -0.999976 0
# field 227 0.624919 0.78069 0
# field 228 0.999999 -0.0014414 0
# field 229 0.00810189 0.999967 0
# field 230 -0.00166422 -0.999999 0
# field 231 -0.0014329 -0.999999 0
# field 232 0.00636575 0.99998 0
# field 233 0.836944 -0.547289 0
# field 234 0.50983 0.860275 0
# field 235 -0.999993 0.00365218 0
# field 236 0.0122169 0.999925 0
# field 237 0.000582353 1 0
# field 238 -0.687863 -0.725841 0
# field 239 0.53518 0.844738 0
# field 240 0.999944 -0.0105728 0
# field 241 0.999776 -0.0211807 0
# field 242 -1 0.000585642 0
# field 243 -0.999998 0.00212032 0
# field 244 -0.999999 0.00107548 0
# field 245 -1 0.000810769 0
# field 246 -0.00287674 -0.999996 0
# field 247 0.321203 0.94701 0
# field 248 -0.994686 0.102955 0
# field 249 -0.979569 0.201107 0
# field 250 -0.900155 0.43557 0
# field 251 0.0191911 0.999816 0
# field 252 0.743244 0.669021 0
# field 253 -0.105079 -0.994464 0
# field 254 -0.130219 -0.991485 0
# field 255 0.193683 0.981064 0
# field 256 -0.127774 -0.991803 0
# field 257 0.985819 -0.167812 0
# field 258 -0.993237 0.116103 0
# field 259 -0.989794 0.142504 0
# field 260 -0.102811 -0.994701 0
# field 261 -0.12148 -0.992594 0
# field 262 -0.0904648 -0.9959 0
# field 263 -0.103773 -0.994601 0
# field 264 0.996845 -0.07937 0
# field 265 0.996021 -0.0891193 0
# field 266 0.993437 -0.114376 0
# field 267 -0.0966958 -0.995314 0
# field 268 0.992551 -0.121834 0
# field 269 0.994795 -0.1019 0
# field 270 0.992067 -0.125708 0
# field 271 -0.104585 -0.994516 0
# field 272 0.991856 -0.127365 0
# field 273 0.994456 -0.105155 0
# field 274 0.992078 -0.12562 0
# field 275 -0.103691 -0.99461 0
# field 276 0.992682 -0.120761 0
# field 277 0.994929 -0.100583 0
# field 278 0.993341 -0.115214 0
# field 279 -0.0963932 -0.995343 0
# field 280 0.994057 -0.108865 0
# field 281 0.995821 -0.0913306 0
# field 282 0.994793 -0.10192 0
# field 283 -0.0858712 -0.996306 0
# field 284 0.995501 -0.0947469 0
# field 285 0.996782 -0.080165 0
# field 286 0.996161 -0.087535 0
# field 287 0.994637 -0.103423 0
# field 288 0.995518 -0.0945717 0
# field 289 0.993752 -0.111614 0
# field 290 0.994881 -0.101056 0
# field 291 -0.0861015 -0.996286 0
# field 292 0.995834 -0.0911839 0
# field 293 -0.994284 0.106767 0
# field 294 0.995428 -0.0955152 0
# field 295 -0.11151 -0.993763 0
# field 296 0.995094 -0.0989353 0
# field 297 0.996377 -0.085049 0
# field 298 0.993353 -0.115106 0
# field 299 0.994854 -0.101319 0
# field 300 0.993084 -0.117407 0
# field 301 0.994724 -0.102585 0
# field 302 0.992975 -0.118329 0
# field 303 0.994715 -0.102677 0
# field 304 0.993034 -0.117828 0
# field 305 0.994828 -0.101575 0
# field 306 -0.993262 0.11589 0
# field 307 -0.996023 0.0890982 0
# field 308 0.995056 -0.0993135 0
# field 309 -0.112604 -0.99364 0
# field 310 0.995387 -0.0959454 0
# field 311 0.994144 -0.108064 0
# field 312 0.995797 -0.0915897 0
# field 313 0.994744 -0.102393 0
# field 314 -0.0861887 -0.996279 0
# field 315 0.995408 -0.0957214 0
# field 316 -0.0774228 -0.996998 0
# field 317 -0.996775 0.0802415 0
# field 318 0.0883484 0.99609 0
# field 319 0.105944 0.994372 0
# field 320 0.995307 -0.0967724 0
# field 321 0.99675 -0.0805522 0
# field 322 0.0825432 0.996587 0
# field 323 0.996192 -0.0871913 0
# field 324 0.135409 0.99079 0
# field 325 0.0724771 0.99737 0
# field 326 0.0870557 0.996203 0
# field 327 -0.997356 0.0726738 0
# field 328 -0.993137 0.11696 0
# field 329 0.996993 -0.0774893 0
# field 330 0.997924 -0.0643985 0
# field 331 0.997688 -0.0679549 0
# field 332 0.990141 -0.140075 0
# field 333 0.9984 -0.0565506 0
# field 334 -0.998554 0.0537653 0
# field 335 -0.998267 0.0588445 0
# field 336 0.0710187 0.997475 0
# field 337 0.998796 -0.049054 0
# field 338 -0.99144 0.130564 0
# field 339 -0.997681 0.0680662 0
# field 340 0.0616784 0.998096 0
# field 341 0.998322 -0.0579052 0
# field 342 0.998627 -0.0523916 0
# field 343 -0.998786 0.0492645 0
# field 344 0.998167 -0.060514 0
# field 345 0.073353 0.997306 0
# field 346 0.999011 -0.044466 0
# field 347 -0.0418441 -0.999124 0
# field 348 -0.998117 0.0613329 0
# field 349 0.0746877 0.997207 0
# field 350 0.998898 -0.0469355 0
# field 351 0.999211 -0.0397109 0
# field 352 0.999134 -0.0416191 0
# field 353 0.999385 -0.0350674 0
# field 354 0.999333 -0.0365065 0
# field 355 -0.99894 0.046041 0
# field 356 0.999234 -0.0391349 0
# field 357 0.999084 -0.0427868 0
# field 358 -0.0363933 -0.999338 0
# field 359 0.999217 -0.0395536 0
# field 360 0.999433 -0.0336657 0
# field 361 0.999338 -0.0363845 0
# field 362 -0.030986 -0.99952 0
# field 363 0.999445 -0.0333121 0
# field 364 0.999597 -0.0283794 0
# field 365 0.0303049 0.999541 0
# field 366 -0.0258561 -0.999666 0
# field 367 -0.999624 0.0274155 0
# field 368 0.999725 -0.0234333 0
# field 369 -0.999693 0.0247652 0
# field 370 0.999777 -0.0211361 0
# field 371 0.999752 -0.0222791 0
# field 372 -0.999666 0.0258272 0
# field 373 -0.999733 0.023124 0
# field 374 0.999802 -0.0198778 0
# field 375 0.999788 -0.020573 0
# field 376 -0.0238002 -0.999717 0
# field 377 0.0210345 0.999779 0
# field 378 0.999706 -0.0242633 0
# field 379 -0.0181248 -0.999836 0
# field 380 0.999774 -0.0212631 0
# field 381 0.999702 -0.0244156 0
# field 382 0.999774 -0.0212384 0
# field 383 0.999705 -0.0242917 0
# field 384 0.0209668 0.99978 0
# field 385 -0.999716 0.0238272 0
# field 386 -0.0182914 -0.999833 0
# field 387 0.999525 -0.0308036 0
# field 388 0.999612 -0.0278495 0
# field 389 -0.99984 0.0178954 0
# field 390 -0.998132 0.061092 0
# field 391 0.998719 -0.0506004 0
# field 392 0.0747147 0.997205 0
# field 393 -0.0922835 -0.995733 0
# field 394 -0.995662 0.093046 0
# field 395 -0.116221 -0.993223 0
# field 396 0.118699 0.99293 0
# field 397 0.988708 -0.149858 0
# field 398 0.019791 0.999804 0
# field 399 -0.999879 0.0155532 0
# field 400 0.987798 -0.155739 0
# field 401 0.0305853 0.999532 0
# field 402 0.999499 -0.0316418 0
# field 403 -0.0492843 -0.998785 0
# field 404 0.0412011 0.999151 0
# field 405 -0.987747 0.156065 0
# field 406 -0.197485 -0.980306 0
# field 407 0.999887 -0.0150495 0
# field 408 0.995786 -0.0917112 0
# field 409 0.035147 0.999382 0
# field 410 0.999231 -0.0392065 0
# field 411 0.999452 -0.0330918 0
# field 412 -0.977416 0.211323 0
# field 413 0.964934 -0.262491 0
# field 414 0.971102 -0.238664 0
# field 415 0.951936 -0.306297 0
# field 416 0.961457 -0.274954 0
# field 417 0.940541 -0.339681 0
# field 418 0.952497 -0.304549 0
# field 419 0.931623 -0.363427 0
# field 420 0.945007 -0.327049 0
# field 421 0.37959 0.925155 0
# field 422 0.939237 -0.34327 0
# field 423 0.390111 0.920768 0
# field 424 0.935117 -0.354338 0
# field 425 -0.396434 -0.918063 0
# field 426 0.932465 -0.361261 0
# field 427 0.39959 0.916694 0
# field 428 0.931079 -0.364818 0
# field 429 0.400235 0.916413 0
# field 430 0.930795 -0.365541 0
# field 431 -0.398753 -0.917058 0
# field 432 0.931493 -0.363759 0
# field 433 -0.918513 0.395391 0
# field 434 0.358799 0.933415 0
# field 435 0.920779 -0.390085 0
# field 436 0.935956 -0.352116 0
# field 437 0.382882 0.923797 0
# field 438 0.939117 -0.343597 0
# field 439 0.927683 -0.373369 0
# field 440 0.0130048 0.999915 0
# field 441 0.999654 -0.026303 0
# field 442 0.999634 -0.0270589 0
# field 443 -0.999679 0.0253478 0
# field 444 0.999474 -0.0324365 0
# field 445 -0.0275728 -0.99962 0
# field 446 -0.999459 0.0328991 0
# field 447 0.999614 -0.0277917 0
# field 448 0.0329941 0.999456 0
# field 449 -0.0276799 -0.999617 0
# field 450 0.999466 -0.0326782 0
# field 451 0.99963 -0.0271995 0
# field 452 -0.999492 0.0318748 0
# field 453 0.999654 -0.0263162 0
# field 454 0.0305935 0.999532 0
# field 455 0.999687 -0.0250232 0
# field 456 0.999584 -0.0288308 0
# field 457 -0.0233183 -0.999728 0
# field 458 -0.0265685 -0.999647 0
# field 459 0.0201999 0.999796 0
# field 460 -0.999827 0.0186142 0
# field 461 0.999923 -0.0124051 0
# field 462 0.999897 -0.0143505 0
# field 463 -0.948244 0.317543 0
# field 464 -0.999732 0.0231367 0
# field 465 -0.946155 0.323715 0
# field 466 0.288561 0.957461 0
# field 467 0.224142 0.974557 0
# field 468 -0.999768 0.0215324 0
# field 469 -0.0206651 -0.999786 0
# field 470 -0.999528 0.0307221 0
# field 471 -0.999657 0.0261769 0
# field 472 -0.0280224 -0.999607 0
# field 473 -0.999751 0.0223105 0
# field 474 -0.999719 0.0237166 0
# field 475 -0.99982 0.0189495 0
# field 476 -0.9998 0.019981 0
# field 477 0.0159771 0.999872 0
# field 478 0.999861 -0.0166827 0
# field 479 -0.999912 0.0132924 0
# field 480 0.0205455 0.999789 0
# field 481 0.0169941 0.999856 0
# field 482 0.0206792 0.999786 0
# field 483 -0.999856 0.0169471 0
# field 484 0.0204327 0.999791 0
# field 485 0.0165814 0.999863 0
# field 486 0.0198587 0.999803 0
# field 487 0.330877 0.943674 0
# field 488 -0.932799 0.360396 0
# field 489 -0.954538 0.298089 0
# field 490 -0.997682 0.068049 0
# field 491 0.0610663 0.998134 0
# field 492 -0.40005 -0.916493 0
# field 493 -0.99989 0.0148538 0
# field 494 0.999932 -0.0116281 0
# field 495 0.999909 -0.0134676 0
# field 496 0.903376 -0.42885 0
# field 497 0.0362032 0.999344 0
# field 498 0.999871 -0.0160437 0
# field 499 0.0146069 0.999893 0
# field 500 0.0134169 0.99991 0
# field 501 -0.999938 0.011141 0
# field 502 0.0114736 0.999934 0
# field 503 0.999955 -0.00944862 0
# field 504 0.00970994 0.999953 0
# field 505 0.0159482 0.999873 0
# field 506 -0.0190157 -0.999819 0
# field 507 0.903045 -0.429547 0
# field 508 0.0514216 0.998677 0
# field 509 -0.998893 0.0470319 0
# field 510 0.0275278 0.999621 0
# field 511 0.0321756 0.999482 0
# field 512 -0.999969 0.00791715 0
# field 513 0.00811516 0.999967 0
# field 514 -0.0382557 -0.999268 0
# field 515 0.909103 -0.416572 0
# field 516 0.999852 -0.0172254 0
# field 517 -0.0388039 -0.999247 0
# field 518 -0.0360809 -0.999349 0
# field 519 -0.316945 -0.948444 0
# field 520 0.234405 0.972139 0
# field 521 -0.00115653 -0.999999 0
# field 522 0.949505 -0.313751 0
# field 523 0.939499 -0.342552 0
# field 524 0.0686018 0.997644 0
# field 525 0.388693 0.921367 0
# field 526 0.928573 -0.371149 0
# field 527 0.999865 -0.016441 0
# field 528 0.999806 -0.0196811 0
# field 529 0.999879 -0.0155729 0
# field 530 0.0136007 0.999908 0
# field 531 -0.0329187 -0.999458 0
# field 532 -0.969263 0.246029 0
# field 533 0.999886 -0.015095 0
# field 534 0.0179586 0.999839 0
# field 535 -0.999751 0.0223069 0
# field 536 0.0209911 0.99978 0
# field 537 0.0167372 0.99986 0
# field 538 0.999809 -0.019533 0
# field 539 0.999708 -0.0241584 0
# field 540 0.0224212 0.999749 0
# field 541 -0.0274202 -0.999624 0
# field 542 0.999678 -0.0253598 0
# field 543 -0.999528 0.0307276 0
# field 544 0.0283052 0.999599 0
# field 545 0.0232623 0.999729 0
# field 546 0.0258891 0.999665 0
# field 547 0.999776 -0.0211651 0
# field 548 0.999724 -0.023514 0
# field 549 -0.999595 0.0284444 0
# field 550 0.999666 -0.0258537 0
# field 551 0.999523 -0.0308929 0
# field 552 0.999773 -0.0212973 0
# field 553 0.0279985 0.999608 0
# field 554 0.99945 -0.0331605 0
# field 555 0.999881 -0.0153974 0
# field 556 0.999554 -0.0298608 0
# field 557 -0.999381 0.035183 0
# field 558 0.999329 -0.0366361 0
# field 559 -0.999255 0.0385873 0
# field 560 -0.999945 0.0104627 0
# field 561 -0.993708 0.111998 0
# field 562 -0.127613 -0.991824 0
# field 563 -0.990666 0.136314 0
# field 564 -0.999618 0.0276284 0
# field 565 -0.992434 0.122783 0
# field 566 0.999997 -0.00255849 0
# field 567 0.00248496 0.999997 0
# field 568 -0.999997 0.00254126 0
# field 569 -0.999997 0.00247282 0
# field 570 -0.00183384 -0.999998 0
# field 571 -0.00317572 -0.999995 0
# field 572 -0.999998 0.00192328 0
# field 573 0.00230672 0.999997 0
# field 574 0.997727 -0.0673872 0
# field 575 -0.00119374 -0.999999 0
# field 576 -0.00146997 -0.999999 0
# field 577 0.9997 -0.0244931 0
# field 578 0.163051 0.986618 0
# field 579 -0.999094 0.0425549 0
# field 580 1 -0.000881711 0
# field 581 0.00351311 0.999994 0
# field 582 0.00270645 -0.999996 0
# field 583 0.999952 -0.00979085 0
# field 584 0.008139 0.999967 0
# field 585 -0.999978 0.00668021 0
# field 586 0.999978 -0.00665276 0
# field 587 0.999968 -0.00798667 0
# field 588 0.999979 -0.00645488 0
# field 589 0.999971 -0.00765815 0
# field 590 -0.999986 0.00532131 0
# field 591 0.991799 -0.127804 0
# field 592 -0.999841 0.0178275 0
# field 593 -0.999864 0.0165058 0
# field 594 -0.99989 0.0148349 0
# field 595 0.0135379 0.999908 0
# field 596 -0.999888 0.0149961 0
# field 597 -0.999926 0.0121272 0
# field 598 -0.999941 0.0108487 0
# field 599 -0.00967382 -0.999953 0
# field 600 -0.999987 0.00508108 0
# field 601 0.999991 -0.00413563 0
# field 602 -0.956495 0.291748 0
# field 603 0.999681 -0.025248 0
# field 604 -0.944812 0.327613 0
# field 605 -0.99974 0.0227814 0
# field 606 0.999656 -0.0262168 0
# field 607 0.0203338 0.999793 0
# field 608 -0.0890956 -0.996023 0
# field 609 0.088124 0.99611 0
# field 610 0.999912 -0.0132439 0
# field 611 -0.0851824 -0.996365 0
# field 612 0.996709 -0.0810663 0
# field 613 0.0167032 0.99986 0
# field 614 -0.0129069 -0.999917 0
# field 615 -0.014491 -0.999895 0
# field 616 -0.999937 0.011211 0
# field 617 -0.999953 0.00973003 0
# field 618 -0.996946 0.0780962 0
# field 619 0.99975 -0.0223435 0
# field 620 0.999827 -0.0186084 0
# field 621 -0.99658 0.0826285 0
# field 622 -0.999959 0.0090122 0
# field 623 -0.168792 -0.985652 0
# field 624 0.581566 0.813499 0
# field 625 -0.999991 0.004254 0
# field 626 -0.003947 -0.999992 0
# field 627 1 -0.000380495 0
# field 628 -0.0146429 -0.999893 0
# field 629 0.999847 -0.017476 0
# field 630 0.999905 -0.0137672 0
# field 631 0.999867 -0.0163209 0
# field 632 -0.0127859 -0.999918 0
# field 633 0.999885 -0.0151393 0
# field 634 0.999502 -0.0315688 0
# field 635 -0.036945 -0.999317 0
# field 636 -0.999152 0.0411809 0
# field 637 0.999076 -0.0429829 0
# field 638 0.00218396 0.999998 0
# field 639 -0.999965 0.0083498 0
# field 640 0.999956 -0.00941842 0
# field 641 0.416139 0.909301 0
# field 642 0.00267538 0.999996 0
# field 643 0.997733 -0.06729 0
# field 644 0.00506742 0.999987 0
# field 645 0.948104 -0.317962 0
# field 646 0.938795 -0.344477 0
# field 647 0.0106862 0.999943 0
# field 648 0.999923 -0.0124175 0
# field 649 -0.0154653 -0.99988 0
# field 650 0.999898 -0.01429 0
# field 651 -0.00909494 -0.999959 0
# field 652 0.999148 -0.0412815 0
# field 653 -0.00324835 -0.999995 0
# field 654 -0.99595 0.0899044 0
# field 655 0.00385517 0.999993 0
# field 656 -0.999989 0.00467682 0
# field 657 0.0479783 0.998848 0
# field 658 0.998759 -0.0497977 0
# field 659 0.999013 -0.0444126 0
# field 660 0.99869 -0.0511642 0
# field 661 0.998967 -0.0454311 0
# field 662 0.998645 -0.0520392 0
# field 663 0.998941 -0.0460085 0
# field 664 0.998626 -0.0523986 0
# field 665 0.998935 -0.0461316 0
# field 666 0.998635 -0.0522346 0
# field 667 0.998951 -0.0457975 0
# field 668 0.99867 -0.0515554 0
# field 669 0.142206 0.989837 0
# field 670 0.987996 -0.15448 0
# field 671 -0.99832 0.0579456 0
# field 672 -0.999568 0.0294016 0
# field 673 0.0242616 0.999706 0
# field 674 0.00940178 0.999956 0
# field 675 -0.999923 0.0124241 0
# field 676 0.99993 -0.0118713 0
# field 677 -0.999573 0.0292067 0
# field 678 -0.93757 0.347796 0
# field 679 0.416863 0.908969 0
# field 680 -0.238771 -0.971076 0
# field 681 0.988309 -0.152463 0
# field 682 0.999937 -0.0112188 0
# field 683 0.999916 -0.012966 0
# field 684 -0.0427368 -0.999086 0
# field 685 -0.999447 0.0332428 0
# field 686 -0.0274442 -0.999623 0
# field 687 -0.999671 0.0256358 0
# field 688 0.999894 0.0145366 0
# field 689 -0.00709663 -0.999975 0
# field 690 0.999965 -0.00841132 0
# field 691 0.999956 -0.00942266 0
# field 692 -0.00744902 -0.999972 0
# field 693 0.0450182 0.998986 0
# field 694 0.99873 -0.0503784 0
# field 695 0.128799 0.991671 0
# field 696 0.990745 -0.135739 0
# field 697 -0.995644 0.0932329 0
# field 698 -0.00324893 -0.999995 0
# field 699 0.999373 -0.0354073 0
# field 700 -0.998742 0.0501369 0
# field 701 -0.999963 0.00855761 0
# field 702 0.999979 -0.00654009 0
# field 703 0.999933 -0.0115501 0
# field 704 0.999902 -0.0139671 0
# field 705 -0.010707 -0.999943 0
# field 706 0.0235488 0.999723 0
# field 707 -0.99963 0.0272006 0
# field 708 0.00804731 0.999968 0
# field 709 0.999281 -0.0379121 0
# field 710 -0.999499 0.0316456 0
# field 711 -0.904918 0.425585 0
# field 712 -0.0340235 -0.999421 0
# field 713 -0.99932 0.0368602 0
# field 714 0.999177 -0.0405738 0
# field 715 -0.99121 0.132298 0
# field 716 0.989214 -0.146477 0
# field 717 0.157425 0.987531 0
# field 718 0.175386 0.9845 0
# field 719 0.982229 -0.187686 0
# field 720 -0.0491826 -0.99879 0
# field 721 -0.999824 0.0187684 0
# field 722 -0.0169285 -0.999857 0
# field 723 0.014725 0.999892 0
# field 724 -0.999914 0.0130931 0
# field 725 0.0133065 0.999911 0
# field 726 0.999903 -0.0139355 0
# field 727 0.0330314 0.999454 0
# field 728 0.0282097 0.999602 0
# field 729 -0.045256 -0.998975 0
# field 730 0.999306 -0.0372547 0
# field 731 0.0098893 0.999951 0
# field 732 0.999934 -0.0115159 0
# field 733 -0.781989 0.623293 0
# field 734 0.494324 0.869278 0
# field 735 -0.999789 0.020559 0
# field 736 -0.999982 0.00596677 0
# field 737 0.999811 -0.0194401 0
# field 738 0.999975 -0.00700952 0
# field 739 0.999969 -0.00786831 0
# field 740 0.999964 -0.00845228 0
# field 741 0.00996313 0.99995 0
# field 742 0.999541 -0.0303008 0
# field 743 0.999964 -0.00844366 0
# field 744 -0.0129745 -0.999916 0
# field 745 0.285144 0.958485 0
# field 746 0.952239 -0.305355 0
# field 747 0.26408 0.964501 0
# field 748 -0.928208 0.372061 0
# field 749 0.785761 0.61853 0
# field 750 -0.999988 0.00494191 0
# field 751 0.945725 -0.324968 0
# field 752 0.997311 -0.0732798 0
# field 753 -0.010629 -0.999944 0
# field 754 0.0110508 0.999939 0
# field 755 -0.0589876 -0.998259 0
# field 756 0.99823 -0.0594776 0
# field 757 0.968058 -0.250726 0
# field 758 0.998343 -0.0575391 0
# field 759 -0.461498 -0.887141 0
# field 760 0.489928 0.871763 0
# field 761 0.106017 0.994364 0
# field 762 0.0150373 0.999887 0
# field 763 0.999895 -0.0145081 0
# field 764 0.158225 0.987403 0
# field 765 0.0439483 0.999034 0
# field 766 0.99884 -0.0481575 0
# field 767 0.141408 0.989951 0
# field 768 0.89194 -0.452154 0
# field 769 0.502194 0.864755 0
# field 770 -0.0310915 -0.999517 0
# field 771 0.999994 -0.00341584 0
# field 772 0.999992 -0.00411284 0
# field 773 0.999996 -0.00276854 0
# field 774 -0.16143 -0.986884 0
# field 775 -0.98092 0.194414 0
# field 776 -0.000308597 -1 0
# field 777 0.0136344 0.999907 0
# field 778 0.040607 0.999175 0
# field 779 0.00241608 0.999997 0
# field 780 -0.999196 0.0400879 0
# field 781 0.0392436 0.99923 0
# field 782 -0.999765 0.0216869 0
# field 783 -0.0735868 -0.997289 0
# field 784 0.997751 -0.067035 0
# field 785 -0.017564 -0.999846 0
# field 786 -0.999824 0.018739 0
# field 787 -0.0189154 -0.999821 0
# field 788 0.0148364 0.99989 0
# field 789 0.107252 0.994232 0
# field 790 -0.00893967 -0.99996 0
# field 791 0.999941 -0.0109029 0
# field 792 0.999884 -0.0152169 0
# field 793 0.00950039 0.999955 0
# field 794 -0.0126039 -0.999921 0
# field 795 0.999871 -0.0160747 0
# field 796 0.00924606 0.999957 0
# field 797 0.999254 -0.0386243 0
# field 798 0.998811 -0.0487597 0
# field 799 -0.0188958 -0.999821 0
# field 800 0.999861 -0.0166797 0
# field 801 0.00959001 0.999954 0
# field 802 0.0234008 0.999726 0
# field 803 -0.44758 -0.894244 0
# field 804 0.452189 0.891922 0
# field 805 0.999997 -0.00230184 0
# field 806 0.999995 -0.00309096 0
# field 807 0.999567 -0.0294248 0
# field 808 0.999963 -0.00858974 0
# field 809 0.0114925 0.999934 0
# field 810 0.00816469 0.999967 0
# field 811 -0.999883 0.0152855 0
# field 812 -0.96694 0.255005 0
# field 813 0.231412 0.972856 0
# field 814 0.97643 -0.215832 0
# field 815 0.0244805 0.9997 0
# field 816 -0.0281685 -0.999603 0
# field 817 0.52583 0.850589 0
# field 818 0.999241 0.0389529 0
# field 819 0.999947 -0.0102927 0
# field 820 0.999942 -0.010807 0
# field 821 -0.999953 0.00971272 0
# field 822 0.999985 -0.00542984 0
# field 823 0.999989 -0.0047098 0
# field 824 -1 0.000450956 0
# field 825 -0.999999 0.00140696 0
# field 826 1 -0.000485562 0
# field 827 -0.999997 0.00229366 0
# field 828 0.0350849 0.999384 0
# field 829 0.469937 0.8827 0
# field 830 0.507094 0.861891 0
# field 831 0.98404 -0.177948 0
# field 832 0.877825 -0.478982 0
# field 833 0.508278 0.861193 0
# field 834 0.483185 0.875518 0
# field 835 0.507388 0.861718 0
# field 836 0.484456 0.874815 0
# field 837 0.50527 0.862961 0
# field 838 0.483935 0.875104 0
# field 839 0.502383 0.864645 0
# field 840 0.482196 0.876063 0
# field 841 0.498985 0.866611 0
# field 842 0.479532 0.877524 0
# field 843 0.495133 0.868817 0
# field 844 0.476106 0.879388 0
# field 845 0.490765 0.871292 0
# field 846 0.471967 0.881616 0
# field 847 0.485827 0.874055 0
# field 848 0.88412 -0.467259 0
# field 849 0.480385 0.877057 0
# field 850 0.996253 -0.0864922 0
# field 851 0.999024 -0.0441739 0
# field 852 -0.0521609 -0.998639 0
# field 853 0.99837 -0.0570713 0
# field 854 -0.897347 0.441325 0
# field 855 0.462202 0.886775 0
# field 856 0.474905 0.880037 0
# field 857 0.0475678 0.998868 0
# field 858 -0.998435 0.0559183 0
# field 859 0.998661 -0.0517389 0
# field 860 -0.999213 0.0396683 0
# field 861 0.0473132 0.99888 0
# field 862 0.0423801 0.999102 0
# field 863 -0.999936 0.0113321 0
# field 864 -0.999914 0.0130765 0
# field 865 -0.99969 0.0249048 0
# field 866 0.985983 -0.166848 0
# field 867 0.980223 -0.197898 0
# field 868 0.999415 -0.0342052 0
# field 869 -0.999985 0.00555389 0
# field 870 -0.0422642 -0.999106 0
# field 871 0.999997 -0.00237262 0
# field 872 -0.999999 0.00170702 0
# field 873 -0.999999 0.00159456 0
# field 874 -0.995582 0.093895 0
# field 875 0.00809947 0.999967 0
# field 876 0.00672985 0.999977 0
# field 877 0.0129093 0.999917 0
# field 878 -0.0116574 -0.999932 0
# field 879 -0.99995 0.00996988 0
# field 880 -0.997874 0.0651695 0
# field 881 -0.988827 0.149069 0
# field 882 -0.0076416 -0.999971 0
# field 883 0.999985 -0.00548409 0
# field 884 0.99998 -0.00632168 0
# field 885 -0.999895 0.0144651 0
# field 886 -0.0112739 -0.999936 0
# field 887 0.999889 -0.0148765 0
# field 888 0.999933 -0.0116042 0
# field 889 -0.999885 0.0151326 0
# field 890 0.999931 -0.0117636 0
# field 891 0.0152125 0.999884 0
# field 892 0.99993 -0.0118065 0
# field 893 -0.999955 0.00948014 0
# field 894 0.00824757 0.999966 0
# field 895 -0.997503 0.0706298 0
# field 896 0.998146 -0.060868 0
# field 897 0.997995 -0.0632912 0
# field 898 0.970447 -0.241315 0
# field 899 0.174451 0.984666 0
# field 900 0.978602 -0.205761 0
# field 901 0.983658 -0.180046 0
# field 902 0.211117 0.977461 0
# field 903 -0.241495 -0.970402 0
# field 904 0.969147 -0.246483 0
# field 905 0.976854 -0.213905 0
# field 906 0.96865 -0.24843 0
# field 907 0.214002 0.976833 0
# field 908 0.96897 -0.24718 0
# field 909 0.977421 -0.211301 0
# field 910 0.970014 -0.243048 0
# field 911 0.205783 0.978598 0
# field 912 0.235779 0.971807 0
# field 913 0.999975 -0.0070956 0
# field 914 0.00772729 0.99997 0
# field 915 0.0334374 0.999441 0
# field 916 -0.043361 -0.999059 0
# field 917 -0.999886 0.0150965 0
# field 918 0.999932 -0.0116921 0
# field 919 0.00872604 0.999962 0
# field 920 0.999963 -0.0086512 0
# field 921 -0.999935 0.0113942 0
# field 922 0.999965 -0.00842162 0
# field 923 0.997991 -0.0633629 0
# field 924 0.0171909 0.999852 0
# field 925 0.999909 -0.0134654 0
# field 926 -0.999762 0.0218277 0
# field 927 -0.982854 0.184383 0
# field 928 0.0432768 0.999063 0
# field 929 -0.031216 -0.999513 0
# field 930 -0.0444376 -0.999012 0
# field 931 -0.0303935 -0.999538 0
# field 932 -0.998548 0.0538692 0
# field 933 -0.0473176 -0.99888 0
# field 934 -0.998318 0.0579734 0
# field 935 -0.0503835 -0.99873 0
# field 936 0.0441585 0.999025 0
# field 937 0.99834 -0.0575973 0
# field 938 0.983818 -0.179173 0
# field 939 -0.00401119 -0.999992 0
# field 940 0.999995 -0.00322222 0
# field 941 0.00467432 0.999989 0
# field 942 -0.999993 0.00378256 0
# field 943 -0.915414 0.402513 0
# field 944 -0.943886 0.330272 0
# field 945 0.999947 -0.0102996 0
# field 946 -0.984927 0.17297 0
# field 947 -0.997977 0.0635701 0
# field 948 0.999972 -0.00750285 0
# field 949 0.00849721 0.999964 0
# field 950 -0.998142 0.0609372 0
# field 951 0.998619 -0.0525423 0
# field 952 -0.998027 0.06278 0
# field 953 0.998551 -0.0538204 0
# field 954 -0.998628 0.0523707 0
# field 955 0.56575 0.824577 0
# field 956 -0.527531 -0.849536 0
# field 957 -0.99798 0.0635326 0
# field 958 -0.0542257 -0.998529 0
# field 959 -0.997994 0.0633136 0
# field 960 0.998544 -0.0539431 0
# field 961 -0.846778 0.531946 0
# field 962 0.0622015 0.998064 0
# field 963 -0.0104844 -0.999945 0
# field 964 -0.999963 0.00855676 0
# field 965 -0.99994 0.0109399 0
# field 966 -0.00806848 -0.999967 0
# field 967 0.00581675 0.999983 0
# field 968 0.163992 0.986462 0
# field 969 0.00692985 0.999976 0
# field 970 -0.998934 0.0461621 0
# field 971 -0.0535847 -0.998563 0
# field 972 0.99997 -0.0077617 0
# field 973 0.997584 -0.069464 0
# field 974 0.998221 -0.05962 0
# field 975 0.0873198 0.99618 0
# field 976 0.185981 0.982553 0
# field 977 -0.999825 0.0187134 0
# field 978 0.998607 -0.052759 0
# field 979 0.999415 -0.0341921 0
# field 980 -0.998024 0.0628393 0
# field 981 0.995236 -0.097493 0
# field 982 -0.519763 -0.85431 0
# field 983 0.999989 -0.00461116 0
# field 984 0.999985 -0.00549805 0
# field 985 0.999988 -0.00488121 0
# field 986 -0.00561902 -0.999984 0
# field 987 0.999358 -0.0358186 0
# field 988 0.999277 -0.0380178 0
# field 989 0.0105595 0.999944 0
# field 990 0.999945 -0.0104771 0
# field 991 -0.223338 -0.974741 0
# field 992 0.526432 -0.850217 0
# field 993 -0.999543 0.0302222 0
# field 994 0.999969 -0.00789887 0
# field 995 -0.884388 0.466752 0
# field 996 -0.999998 0.00204846 0
# field 997 0.999996 -0.00277964 0
# field 998 -0.00400523 -0.999992 0
# field 999 -0.999993 0.00361421 0
# field 1000 -0.999046 0.0436813 0
# field 1001 0.0461599 0.998934 0
# field 1002 0.998784 -0.0493028 0
# field 1003 0.0397341 0.99921 0
# field 1004 -0.999856 0.0169721 0
# field 1005 -0.506664 -0.862144 0
# field 1006 0.175728 0.984439 0
# field 1007 -0.980782 0.195106 0
# field 1008 0.987958 -0.154719 0
# field 1009 -0.451305 -0.89237 0
# field 1010 -0.449765 -0.893147 0
# field 1011 -0.888476 0.458923 0
# field 1012 -0.8904 0.45518 0
# field 1013 -0.998715 0.0506732 0
# field 1014 -0.0593599 -0.998237 0
# field 1015 0.00112901 0.999999 0
# field 1016 -0.414087 -0.910237 0
# field 1017 -0.989212 0.146489 0
# field 1018 -0.137167 -0.990548 0
# field 1019 -0.432948 -0.901419 0
# field 1020 0.123966 0.992287 0
# field 1021 0.997544 -0.0700475 0
# field 1022 0.00504383 0.999987 0
# field 1023 0.00462947 0.999989 0
# field 1024 0.998121 -0.0612775 0
# field 1025 0.0163626 0.999866 0
# field 1026 0.999946 -0.0103506 0
# field 1027 -0.0379046 -0.999281 0
# field 1028 0.999762 -0.0218323 0
# field 1029 0.999988 -0.00486734 0
# field 1030 -0.999994 0.00338005 0
# field 1031 -0.00541783 -0.999985 0
# field 1032 0.999975 -0.00712562 0
# field 1033 -0.999988 0.00494855 0
# field 1034 -0.0307229 -0.999528 0
# field 1035 0.99999 -0.00442145 0
# field 1036 0.999987 -0.00513186 0
# field 1037 -0.999892 0.0146698 0
# field 1038 0.999835 -0.0181688 0
# field 1039 -0.999804 0.0198118 0
# field 1040 -0.0250763 -0.999686 0
# field 1041 -0.999715 0.0238843 0
# field 1042 -0.999994 0.00342468 0
# field 1043 0.872086 -0.489353 0
# field 1044 -0.998191 0.0601305 0
# field 1045 -0.999994 0.00336024 0
# field 1046 -0.999922 0.012492 0
# field 1047 -0.999937 0.0112299 0
# field 1048 0.999892 -0.0147207 0
# field 1049 -0.999949 0.0100614 0
# field 1050 0.999916 -0.0129475 0
# field 1051 -0.999961 0.00883615 0
# field 1052 0.999936 -0.0113233 0
# field 1053 0.00779832 0.99997 0
# field 1054 -0.0097953 -0.999952 0
# field 1055 -0.999976 0.00686373 0
# field 1056 0.999965 -0.00837816 0
# field 1057 0.00588033 0.999983 0
# field 1058 -0.999975 0.00701661 0
# field 1059 0.00495159 0.999988 0
# field 1060 -0.999984 0.00570305 0
# field 1061 -0.999992 0.00395981 0
# field 1062 0.99999 -0.00443634 0
# field 1063 0.0062024 0.999981 0
# field 1064 -0.999989 0.00465364 0
# field 1065 0.00642851 0.999979 0
# field 1066 0.999995 -0.00300555 0
# field 1067 0.00462151 0.999989 0
# field 1068 0.99998 -0.00640025 0
# field 1069 0.999964 -0.00854275 0
# field 1070 0.999964 -0.00850351 0
# field 1071 0.999981 -0.00615887 0
# field 1072 -0.999995 0.00314923 0
# field 1073 0.0024764 0.999997 0
# field 1074 0.999939 -0.0110011 0
# field 1075 -0.00953365 -0.999955 0
# field 1076 -0.999903 0.0139541 0
# field 1077 0.00188147 0.999998 0
# field 1078 -0.999993 0.00386663 0
# field 1079 -0.00706941 -0.999975 0
# field 1080 -0.00627377 -0.99998 0
# field 1081 0.999959 -0.00909018 0
# field 1082 0.999998 -0.00181358 0
# field 1083 0.999993 -0.00364116 0
# field 1084 0.00313051 0.999995 0
# field 1085 -0.0330666 -0.999453 0
# field 1086 -0.999581 0.0289432 0
# field 1087 -0.999832 0.0183374 0
# field 1088 -0.999093 0.0425729 0
# field 1089 -0.99987 0.0161302 0
# field 1090 -0.999928 0.012007 0
# field 1091 0.538573 0.842579 0
# field 1092 0.00133267 0.999999 0
# field 1093 0.999539 -0.0303644 0
# field 1094 0.99938 -0.0351953 0
# field 1095 0.999996 -0.00295471 0
# field 1096 0.00141304 0.999999 0
# field 1097 0.999327 -0.0366842 0
# field 1098 0.999951 -0.00994158 0
# field 1099 0.999911 -0.0133618 0
# field 1100 0.999977 -0.00685505 0
# field 1101 0.00321833 0.999995 0
# field 1102 0.99969 -0.0248991 0
# field 1103 -0.999999 0.00108259 0
# field 1104 -0.0166252 -0.999862 0
# field 1105 -0.999992 0.00408171 0
# field 1106 -0.997941 0.0641401 0
# field 1107 -0.995299 0.0968548 0
# field 1108 0.987897 -0.155108 0
# field 1109 0.140627 0.990063 0
# field 1110 -0.0865049 -0.996251 0
# field 1111 0.99232 -0.123699 0
# field 1112 0.980664 -0.195698 0
# field 1113 0.170117 0.985424 0
# field 1114 0.0994571 0.995042 0
# field 1115 0.990793 -0.135382 0
# field 1116 0.974403 -0.224809 0
# field 1117 0.984369 -0.176121 0
# field 1118 -0.284226 -0.958757 0
# field 1119 0.975349 -0.220669 0
# field 1120 0.991809 -0.127732 0
# field 1121 -0.987804 0.1557 0
# field 1122 0.963562 -0.267484 0
# field 1123 -0.182257 -0.983251 0
# field 1124 -0.313871 -0.949466 0
# field 1125 0.978903 -0.204326 0
# field 1126 0.993285 -0.115694 0
# field 1127 -0.992591 0.121507 0
# field 1128 0.97612 -0.217234 0
# field 1129 -0.118529 -0.992951 0
# field 1130 0.976697 -0.214622 0
# field 1131 0.994446 -0.10525 0
# field 1132 0.981899 -0.189406 0
# field 1133 -0.997772 0.0667172 0
# field 1134 0.996532 -0.0832066 0
# field 1135 0.989994 -0.141109 0
# field 1136 0.99834 -0.0575968 0
# field 1137 0.996369 -0.0851358 0
# field 1138 -0.999102 0.0423647 0
# field 1139 -0.997378 0.0723649 0
# field 1140 0.402608 0.915373 0
# field 1141 0.999404 -0.0345261 0
# field 1142 0.999138 -0.0415214 0
# field 1143 -0.17722 -0.984171 0
# field 1144 0.998672 -0.0515161 0
# field 1145 0.919478 -0.393142 0
# field 1146 -0.997681 0.0680663 0
# field 1147 0.999042 -0.0437586 0
# field 1148 0.798516 -0.601973 0
# field 1149 0.126507 0.991966 0
# field 1150 0.721325 -0.692596 0
# field 1151 -0.999978 0.0066427 0
# field 1152 0.999416 0.0341834 0
# field 1153 -0.794308 0.607516 0
# field 1154 -0.996141 0.0877717 0
# field 1155 -0.998962 0.0455416 0
# field 1156 -0.912662 0.408715 0
# field 1157 0.457339 0.889292 0
# field 1158 -0.997537 0.0701351 0
# field 1159 -0.999612 0.0278607 0
# field 1160 0.999589 -0.0286578 0
# field 1161 0.999721 -0.023622 0
# field 1162 0.0176503 0.999844 0
# field 1163 -0.0167177 -0.99986 0
# field 1164 0.0453449 0.998971 0
# field 1165 -0.0176877 -0.999844 0
# field 1166 -0.99984 0.0178793 0
# field 1167 0.999632 -0.0271169 0
# field 1168 -0.999864 0.0165172 0
# field 1169 0.999727 -0.023349 0
# field 1170 -0.999907 0.0136424 0
# field 1171 -0.00976434 -0.999952 0
# field 1172 0.0180951 0.999836 0
# field 1173 -0.00957408 -0.999954 0
# field 1174 -0.0757899 -0.997124 0
# field 1175 -0.998683 0.051297 0
# field 1176 0.0126641 0.99992 0
# field 1177 0.999966 -0.0082091 0
# field 1178 0.327385 0.944891 0
# field 1179 0.918206 -0.396102 0
# field 1180 -0.999428 0.033815 0
# field 1181 -0.36225 0.932081 0
# field 1182 0.999988 -0.00480836 0
# field 1183 -1 0.000931888 0
# field 1184 0.999467 -0.0326576 0
# field 1185 -0.999997 0.00229632 0
# field 1186 0.999998 -0.00190965 0
# field 1187 -0.0054222 -0.999985 0
# field 1188 -0.862789 0.505564 0
# field 1189 -0.546331 -0.837569 0
# field 1190 -0.999984 0.0056512 0
# field 1191 -0.999883 0.0153113 0
# field 1192 0.999907 -0.0136161 0
# field 1193 0.999979 -0.00642023 0
# field 1194 0.999987 -0.00511725 0
# field 1195 0.999986 -0.00525045 0
# field 1196 -0.999952 0.00976188 0
# field 1197 0.871599 -0.49022 0
# field 1198 0.501877 0.864939 0
# field 1199 0.98073 -0.195366 0
# field 1200 -0.999606 0.0280812 0
# field 1201 -0.999789 0.0205345 0
# field 1202 -0.00378188 -0.999993 0
# field 1203 -0.98497 0.172726 0
# field 1204 0.00709876 0.999975 0
# field 1205 0.999976 -0.00696508 0
# field 1206 0.999991 -0.00429288 0
# field 1207 0.00437428 0.99999 0
# field 1208 -0.999976 -0.00696721 0
# field 1209 -0.999375 -0.0353543 0
# field 1210 0.484968 -0.874532 0
# field 1211 -0.99082 -0.135185 0
# field 1212 0.0029216 0.999996 0
# field 1213 -0.783893 -0.620896 0
# field 1214 -0.899567 -0.436784 0
# field 1215 -0.00305272 -0.999995 0
# field 1216 0.482556 0.875865 0
# field 1217 0.959637 -0.281243 0
# field 1218 0.961513 -0.274759 0
# field 1219 0.00131686 0.999999 0
# field 1220 0.0091144 0.999958 0
# field 1221 -0.255416 -0.966831 0
# field 1222 0.958311 -0.285727 0
# field 1223 0.971641 -0.236461 0
# field 1224 0.278014 0.960577 0
# field 1225 -0.999978 0.00668897 0
# field 1226 0.999324 -0.0367724 0
# field 1227 -0.821817 0.569751 0
# field 1228 0.997635 -0.0687337 0
# field 1229 -0.380517 -0.924774 0
# field 1230 -0.999999 0.00106938 0
# field 1231 -0.811908 -0.583786 0
# field 1232 0.00063834 1 0
# field 1233 0.00026153 1 0
# field 1234 -0.00604711 -0.999982 0
# field 1235 0.877403 -0.479755 0
# field 1236 -0.469778 -0.882785 0
# field 1237 -0.999993 0.00362078 0
# field 1238 0.0036132 0.999993 0
# field 1239 -0.599695 -0.800229 0
# field 1240 -0.583056 -0.812432 0
# field 1241 -0.788292 0.615301 0
# field 1242 0.545947 0.83782 0
# field 1243 -0.816006 0.578043 0
# field 1244 -0.640952 -0.767581 0
# field 1245 0.999999 -0.00166985 0
# field 1246 -0.959488 0.281749 0
# field 1247 0.219196 0.975681 0
# field 1248 -0.885108 0.465386 0
# field 1249 0.963133 -0.269027 0
# field 1250 0.225533 0.974236 0
# field 1251 0.966483 -0.256732 0
# field 1252 0.97727 -0.211998 0
# field 1253 -0.986315 0.164872 0
# field 1254 0.0506238 0.998718 0
# field 1255 0.456916 0.88951 0
# field 1256 -0.518491 -0.855083 0
# field 1257 0.489075 0.872242 0
# field 1258 -0.987665 0.156582 0
# field 1259 0.980041 -0.198797 0
# field 1260 0.668823 0.743422 0
# field 1261 -0.748048 0.663644 0
# field 1262 -0.707567 0.706646 0
# field 1263 -0.724939 -0.688813 0
# field 1264 0.671205 -0.741272 0
# field 1265 0.762365 0.647147 0
# field 1266 0.998989 -0.0449539 0
# field 1267 0.0375449 0.999295 0
# field 1268 0.999222 -0.0394475 0
# field 1269 0.0328752 0.999459 0
# field 1270 0.0342031 0.999415 0
# field 1271 -0.99899 0.0449225 0
# field 1272 -1 0.000524592 0
# field 1273 -0.0011922 -0.999999 0
# field 1274 -0.998047 0.0624648 0
# field 1275 0.0656441 0.997843 0
# field 1276 0.99758 -0.069534 0
# field 1277 -0.0623057 -0.998057 0
# field 1278 0.997353 -0.0727084 0
# field 1279 0.99735 -0.0727487 0
# field 1280 -0.997708 0.0676694 0
# field 1281 0.384561 0.9231 0
# field 1282 0.963556 -0.267507 0
# field 1283 -0.242236 -0.970217 0
# field 1284 -0.318234 -0.948012 0
# field 1285 0.997493 -0.0707588 0
# field 1286 0.997213 -0.0746073 0
# field 1287 -0.0646962 -0.997905 0
# field 1288 0.997168 -0.0751996 0
# field 1289 -0.214214 -0.976787 0
# field 1290 0.972046 -0.234791 0
# field 1291 -0.999999 0.00158005 0
# field 1292 0.239919 0.970793 0
# field 1293 0.997306 -0.073351 0
# field 1294 0.988869 -0.14879 0
# field 1295 -0.0564783 -0.998404 0
# field 1296 0.991097 -0.133143 0
# field 1297 0.985626 -0.168945 0
# field 1298 0.999941 -0.0108271 0
# field 1299 -0.0105779 -0.999944 0
# field 1300 -0.999956 0.00935824 0
# field 1301 -0.00830193 -0.999966 0
# field 1302 0.998953 -0.0457516 0
# field 1303 -0.0189045 -0.999821 0
# field 1304 0.987378 -0.158381 0
# field 1305 -0.0409821 -0.99916 0
# field 1306 0.999383 -0.035137 0
# field 1307 0.999596 -0.0284302 0
# field 1308 0.999999 -0.00125379 0
# field 1309 -0.151292 -0.988489 0
# field 1310 -0.999187 0.0403192 0
# field 1311 -0.989408 0.145159 0
# field 1312 0.069461 0.997585 0
# field 1313 -0.998402 0.056506 0
# field 1314 -0.996131 0.0878861 0
# field 1315 -0.992915 0.118826 0
# field 1316 -0.998503 0.0546952 0
# field 1317 0.992564 -0.121723 0
# field 1318 -0.427553 -0.90399 0
# field 1319 -0.0188026 -0.999823 0
# field 1320 0.984792 -0.173738 0
# field 1321 -0.0176981 -0.999843 0
# field 1322 0.999983 -0.00585142 0
# field 1323 0.874292 -0.4854 0
# field 1324 0.992558 -0.121774 0
# field 1325 -0.99988 0.0154795 0
# field 1326 0.999888 -0.0149329 0
# field 1327 -0.99929 0.0376833 0
# field 1328 0.285804 0.958288 0
# field 1329 -0.0664693 -0.997788 0
# field 1330 0.997041 -0.0768739 0
# field 1331 -0.997714 0.0675728 0
# field 1332 0.0774854 0.996993 0
# field 1333 0.340317 0.940311 0
# field 1334 -0.376387 -0.926462 0
# field 1335 -0.532356 -0.846521 0
# field 1336 0.831922 -0.554893 0
# field 1337 -0.847672 0.530521 0
# field 1338 -0.544999 -0.838437 0
# field 1339 0.995945 -0.0899633 0
# field 1340 -0.851983 0.52357 0
# field 1341 0.409918 0.912122 0
# field 1342 0.999377 -0.035293 0
# field 1343 0.999243 -0.0389076 0
# field 1344 -0.98902 0.147785 0
# field 1345 0.00463892 0.999989 0
# field 1346 0.0175058 0.999847 0
# field 1347 -0.999769 0.0214759 0
# field 1348 -0.999732 0.0231392 0
# field 1349 -0.515347 -0.856982 0
# field 1350 -0.848737 0.528815 0
# field 1351 -0.859778 0.510668 0
# field 1352 0.0557331 0.998446 0
# field 1353 -0.989864 0.14202 0
# field 1354 -0.183344 -0.983049 0
# field 1355 -0.528485 -0.848943 0
# field 1356 0.998572 -0.0534249 0
# field 1357 -0.0822488 -0.996612 0
# field 1358 -0.999933 0.0115735 0
# field 1359 -0.999907 0.0136522 0
# field 1360 0.980753 -0.195252 0
# field 1361 0.999067 -0.0431784 0
# field 1362 0.0340037 0.999422 0
# field 1363 0.999513 -0.0312042 0
# field 1364 -0.999067 0.0431985 0
# field 1365 -0.00413793 -0.999991 0
# field 1366 0.0595248 0.998227 0
# field 1367 -0.997721 0.0674685 0
# field 1368 0.997792 -0.0664134 0
# field 1369 0.0763476 0.997081 0
# field 1370 0.996993 -0.0774855 0
# field 1371 0.997163 -0.0752729 0
# field 1372 -0.998327 0.0578286 0
# field 1373 -0.998404 0.0564743 0
# field 1374 0.048952 0.998801 0
# field 1375 -0.501295 -0.865276 0
# field 1376 -0.857954 0.513727 0
# field 1377 -0.867674 0.497134 0
# field 1378 0.423807 0.905752 0
# field 1379 -0.99863 0.0523307 0
# field 1380 0.13425 0.990948 0
# field 1381 0.156873 0.987619 0
# field 1382 0.431155 0.902278 0
# field 1383 0.422157 0.906523 0
# field 1384 -0.136699 -0.990613 0
# field 1385 0.158172 0.987412 0
# field 1386 -0.999997 0.00262197 0
# field 1387 -0.999997 0.00256615 0
# field 1388 -0.999987 0.0051466 0
# field 1389 0.00487896 0.999988 0
# field 1390 -0.00786276 -0.999969 0
# field 1391 -0.999997 0.00237525 0
# field 1392 -0.999989 0.00466844 0
# field 1393 -0.999997 0.00226972 0
# field 1394 -0.99999 0.00455214 0
# field 1395 0.00433295 0.999991 0
# field 1396 0.00732431 0.999973 0
# field 1397 -0.999979 0.00655266 0
# field 1398 0.999991 -0.00413932 0
# field 1399 -0.00701707 -0.999975 0
# field 1400 -0.993435 0.114402 0
# field 1401 -0.972266 0.233879 0
# field 1402 0.964517 -0.264019 0
# field 1403 0.967711 -0.252062 0
# field 1404 -0.28393 -0.958845 0
# field 1405 -0.977616 0.210398 0
# field 1406 0.958926 -0.283656 0
# field 1407 -0.969747 0.244113 0
# field 1408 -0.979055 0.203596 0
# field 1409 -0.999693 0.0247851 0
# field 1410 -0.999557 0.0297761 0
# field 1411 0.0297683 0.999557 0
# field 1412 -0.0355852 -0.999367 0
# field 1413 0.999371 -0.0354593 0
# field 1414 0.999097 -0.0424983 0
# field 1415 0.0278974 0.999611 0
# field 1416 0.0317417 0.999496 0
# field 1417 -0.999494 0.0318077 0
# field 1418 0.997694 -0.0678775 0
# field 1419 0.999698 -0.0245681 0
# field 1420 0.999997 -0.0026323 0
# field 1421 0.999985 -0.00543631 0
# field 1422 0.999985 -0.00552691 0
# field 1423 -0.00283706 -0.999996 0
# field 1424 -0.999735 0.0230049 0
# field 1425 -0.999652 0.0263882 0
# field 1426 -0.999693 0.0247859 0
# field 1427 0.999794 -0.0203184 0
# field 1428 -0.999706 0.0242354 0
# field 1429 0.00622724 0.999981 0
# field 1430 0.414929 0.909854 0
# field 1431 -0.999667 0.0257869 0
# field 1432 0.999625 -0.027385 0
# field 1433 -0.0164656 -0.999864 0
# field 1434 -0.999806 0.0196923 0
# field 1435 -0.999851 0.0172786 0
# field 1436 0.0588091 0.998269 0
# field 1437 0.00265627 0.999996 0
# field 1438 0.00231507 0.999997 0
# field 1439 -0.999989 0.00476589 0
# field 1440 -0.00447344 -0.99999 0
# field 1441 0.00195685 0.999998 0
# field 1442 0.999991 -0.00428433 0
# field 1443 0.00411503 0.999992 0
# field 1444 0.931054 0.364882 0
# field 1445 0.062287 -0.998058 0
# field 1446 -0.435812 -0.900037 0
# field 1447 0.997325 -0.0730931 0
# field 1448 -0.999965 0.00833106 0
# field 1449 -0.0395401 -0.999218 0
# field 1450 -0.0124998 -0.999922 0
# field 1451 -0.999039 0.0438412 0
# field 1452 -0.042311 -0.999104 0
# field 1453 0.998898 -0.0469341 0
# field 1454 -0.00782741 -0.999969 0
# field 1455 -0.994411 0.10558 0
# field 1456 -0.999998 0.00223402 0
# field 1457 -0.00231991 -0.999997 0
# field 1458 0.999994 -0.00345451 0
# field 1459 0.999867 -0.0162939 0
# field 1460 0.0185239 0.999828 0
# field 1461 0.0168375 0.999858 0
# field 1462 0.0208053 0.999784 0
# field 1463 0.999801 -0.0199332 0
# field 1464 0.0132587 0.999912 0
# field 1465 0.11904 0.992889 0
# field 1466 0.399014 0.916945 0
# field 1467 0.998225 -0.059561 0
# field 1468 -0.998905 0.0467922 0
# field 1469 -0.998443 0.0557889 0
# field 1470 0.999998 -0.00206875 0
# field 1471 0.999997 -0.0024533 0
# field 1472 0.999886 -0.0151194 0
# field 1473 0.0388136 0.999246 0
# field 1474 0.112535 0.993648 0
# field 1475 -0.998928 0.0462935 0
# field 1476 -0.0016283 -0.999999 0
# field 1477 -0.999999 0.00161524 0
# field 1478 -0.999986 0.00530359 0
# field 1479 -0.999991 0.00420971 0
# field 1480 -0.0116186 -0.999933 0
# field 1481 0.999873 -0.0159439 0
# field 1482 -0.999874 0.0158533 0
# field 1483 -0.999452 0.0331135 0
# field 1484 0.999953 -0.00968803 0
# field 1485 -0.999997 0.00257614 0
# field 1486 -0.999987 0.00518356 0
# field 1487 0.999996 -0.00274901 0
# field 1488 -0.99999 0.00449572 0
# field 1489 0.998567 -0.0535149 0
# field 1490 0.134448 0.990921 0
# field 1491 0.130905 0.991395 0
# field 1492 0.00444259 0.99999 0
# field 1493 0.999993 -0.00372569 0
# field 1494 0.987704 -0.156337 0
# field 1495 -0.0017956 -0.999998 0
# field 1496 -0.999999 0.00158719 0
# field 1497 -0.999999 0.00163858 0
# field 1498 0.00135706 0.999999 0
# field 1499 0.999684 -0.025125 0
# field 1500 -0.999999 0.00158561 0
# field 1501 -0.999999 0.00105716 0
# field 1502 0.0021848 0.999998 0
# field 1503 -0.999999 0.00112922 0
# field 1504 -0.999999 0.00152181 0
# field 1505 -0.00107743 -0.999999 0
# field 1506 0.999998 -0.00193284 0
# field 1507 0.999998 -0.00177949 0
# field 1508 0.00386452 0.999993 0
# field 1509 0.00315554 0.999995 0
# field 1510 -0.00548706 -0.999985 0
# field 1511 0.00141708 0.999999 0
# field 1512 -0.00113872 -0.999999 0
# field 1513 0.00221642 0.999998 0
# field 1514 0.000697095 1 0
# field 1515 -0.000592114 -1 0
# field 1516 -1 0.00053474 0
# field 1517 -0.999594 0.0285057 0
# field 1518 0.999998 -0.00220298 0
# field 1519 0.999993 -0.00375184 0
# field 1520 0.999999 -0.00163238 0
# field 1521 0.00444784 0.99999 0
# field 1522 0.999988 -0.00487322 0
# field 1523 -0.0102339 -0.999948 0
# field 1524 -0.0257953 -0.999667 0
# field 1525 0.0095768 0.999954 0
# field 1526 -0.999853 0.0171172 0
# field 1527 1 -4.60923e-05 0
# field 1528 0.00676463 -0.999977 0
# field 1529 -0.010936 -0.99994 0
# field 1530 -0.0378493 0.999283 0
# field 1531 -0.00733258 -0.999973 0
# field 1532 -0.999878 0.0156148 0
# field 1533 -0.998429 0.0560292 0
# field 1534 0.948045 -0.318138 0
# field 1535 -0.997377 0.0723846 0
# field 1536 -0.913055 0.407837 0
# field 1537 0.934215 -0.35671 0
# field 1538 -0.103789 -0.994599 0
# field 1539 0.0440579 0.999029 0
# field 1540 -0.348747 -0.937217 0
# field 1541 -0.0179014 -0.99984 0
# field 1542 0.863506 -0.504339 0
# field 1543 0.0391629 0.999233 0
# field 1544 0.998125 -0.0612023 0
# field 1545 -0.99861 0.0527023 0
# field 1546 0.0316792 0.999498 0
# field 1547 0.0231404 0.999732 0
# field 1548 -0.999881 0.0154138 0
# field 1549 0.994894 -0.100926 0
# field 1550 0.999974 -0.00716193 0
# field 1551 -0.0390509 -0.999237 0
# field 1552 0.999833 -0.0182679 0
# field 1553 -0.0260669 -0.99966 0
# field 1554 -0.999996 0.00283291 0
# field 1555 -0.0430037 -0.999075 0
# field 1556 0.999999 -0.00163503 0
# field 1557 -0.00539541 -0.999985 0
# field 1558 0.00608753 0.999981 0
# field 1559 0.999995 -0.00308667 0
# field 1560 0.999873 -0.0159622 0
# field 1561 0.999726 -0.0234161 0
# field 1562 -0.990596 0.136819 0
# field 1563 -0.0147826 -0.999891 0
# field 1564 0.916144 -0.400848 0
# field 1565 -0.999306 0.0372427 0
# field 1566 0.999854 -0.0171003 0
# field 1567 -0.0120625 -0.999927 0
# field 1568 -0.999818 0.0191024 0
# field 1569 0.97254 -0.232735 0
# field 1570 -0.999399 0.0346523 0
# field 1571 0.999984 -0.00568714 0
# field 1572 -0.458551 -0.888668 0
# field 1573 0.999979 -0.00646902 0
# field 1574 0.999954 -0.00960616 0
# field 1575 0.999942 -0.0107848 0
# field 1576 0.951568 -0.307438 0
# field 1577 -0.999792 0.0203811 0
# field 1578 -0.99998 0.00638036 0
# field 1579 0.0140675 0.999901 0
# field 1580 0.999944 -0.010629 0
# field 1581 0.999951 -0.00994314 0
# field 1582 0.0236523 0.99972 0
# field 1583 -0.999914 0.0131209 0
# field 1584 -0.0552475 -0.998473 0
# field 1585 0.0268677 0.999639 0
# field 1586 0.999981 -0.00620753 0
# field 1587 0.0206113 0.999788 0
# field 1588 -0.0218688 -0.999761 0
# field 1589 -0.999262 0.0384045 0
# field 1590 -0.00212844 -0.999998 0
# field 1591 -0.999769 0.021493 0
# field 1592 -0.00659774 -0.999978 0
# field 1593 0.999977 -0.00683412 0
# field 1594 -0.95173 0.306937 0
# field 1595 -0.944955 0.327201 0
# field 1596 -0.998167 0.0605173 0
# field 1597 -0.271609 -0.962408 0
# field 1598 0.999184 -0.0403808 0
# field 1599 -0.324308 -0.945951 0
# field 1600 -0.00566629 -0.999984 0
# field 1601 -0.0084976 -0.999964 0
# field 1602 0.998013 -0.0630084 0
# field 1603 0.999975 -0.00701285 0
# field 1604 0.43103 0.902338 0
# field 1605 -0.00238393 -0.999997 0
# field 1606 0.999571 -0.0293049 0
# field 1607 0.0189603 0.99982 0
# field 1608 -0.999848 0.0174383 0
# field 1609 0.996759 -0.0804517 0
# field 1610 0.0405883 0.999176 0
# field 1611 0.996629 -0.0820347 0
# field 1612 -0.980248 0.197772 0
# field 1613 -0.990046 0.140745 0
# field 1614 0.956547 -0.291578 0
# field 1615 -0.99961 0.0279152 0
# field 1616 -0.99854 0.0540254 0
# field 1617 -0.996153 0.0876284 0
# field 1618 -0.0896052 -0.995977 0
# field 1619 0.0126026 0.999921 0
# field 1620 0.999936 -0.0113483 0
# field 1621 -0.0872436 -0.996187 0
# field 1622 0.999922 -0.0124696 0
# field 1623 0.999711 -0.0240237 0
# field 1624 -0.0816471 -0.996661 0
# field 1625 0.999791 -0.0204625 0
# field 1626 -0.993399 0.11471 0
# field 1627 0.999292 -0.037628 0
# field 1628 -0.999976 0.00696952 0
# field 1629 0.998704 -0.0508895 0
# field 1630 0.999594 -0.0284961 0
# field 1631 -0.926175 0.377094 0
# field 1632 0.999982 -0.00594827 0
# field 1633 0.0105438 0.999944 0
# field 1634 -0.999979 0.00653608 0
# field 1635 0.997026 -0.0770679 0
# field 1636 0.99723 -0.0743831 0
# field 1637 0.999971 -0.00762131 0
# field 1638 0.0222484 0.999752 0
# field 1639 0.994303 -0.106594 0
# field 1640 -0.999373 0.0354115 0
# field 1641 -0.0184659 -0.999829 0
# field 1642 0.999944 -0.0105995 0
# field 1643 0.999451 -0.0331343 0
# field 1644 -0.999963 0.0086115 0
# field 1645 -0.999764 0.0217333 0
# field 1646 0.99994 -0.010911 0
# field 1647 -0.45686 -0.889538 0
# field 1648 -0.99957 0.0293249 0
# field 1649 -0.999838 0.0179798 0
# field 1650 0.999991 -0.00426682 0
# field 1651 0.992105 -0.125414 0
# field 1652 0.999902 -0.0139792 0
# field 1653 0.159989 0.987119 0
# field 1654 0.0155805 0.999879 0
# field 1655 -0.459655 -0.888098 0
# field 1656 -0.00840566 -0.999965 0
# field 1657 -0.999712 0.0239809 0
# field 1658 0.999775 -0.0212287 0
# field 1659 -0.999946 0.010348 0
# field 1660 0.99954 -0.0303311 0
# field 1661 -0.891111 0.453785 0
# field 1662 0.999831 -0.018409 0
# field 1663 0.25987 0.965644 0
# field 1664 0.997251 -0.0741013 0
# field 1665 0.99983 -0.0184354 0
# field 1666 0.0125232 0.999922 0
# field 1667 -0.999931 0.0117694 0
# field 1668 0.999906 -0.0137221 0
# field 1669 0.99977 -0.0214509 0
# field 1670 0.426446 0.904513 0
# field 1671 0.159619 0.987179 0
# field 1672 0.013813 0.999905 0
# field 1673 0.999842 -0.0177885 0
# field 1674 -0.999512 0.031249 0
# field 1675 0.0236932 0.999719 0
# field 1676 0.0697284 0.997566 0
# field 1677 0.0033146 0.999995 0
# field 1678 -0.999734 0.0230814 0
# field 1679 -0.98819 0.153233 0
# field 1680 -0.445077 -0.895492 0
# field 1681 -0.0290297 -0.999579 0
# field 1682 0.99982 -0.0189641 0
# field 1683 0.999972 -0.00754689 0
# field 1684 -0.00682293 -0.999977 0
# field 1685 0.0082762 0.999966 0
# field 1686 -0.898234 0.439517 0
# field 1687 0.0158167 0.999875 0
# field 1688 0.999881 -0.0154263 0
# field 1689 0.999959 -0.00905392 0
# field 1690 -0.999629 0.0272274 0
# field 1691 -0.0503081 -0.998734 0
# field 1692 0.997642 -0.0686396 0
# field 1693 -0.997154 0.0753888 0
# field 1694 -0.994942 0.100453 0
# field 1695 -0.999117 0.0420169 0
# field 1696 -0.999738 0.0228804 0
# field 1697 -0.999003 0.0446537 0
# field 1698 -0.0176162 -0.999845 0
# field 1699 -0.983052 0.183328 0
# field 1700 -0.0132913 -0.999912 0
# field 1701 -0.0823548 -0.996603 0
# field 1702 0.000670913 1 0
# field 1703 0.999857 -0.0168961 0
# field 1704 -0.999827 0.0186132 0
# field 1705 0.99924 -0.0389796 0
# field 1706 0.999791 -0.0204216 0
# field 1707 0.0586549 0.998278 0
# field 1708 0.987363 -0.158477 0
# field 1709 -0.999983 0.00575584 0
# field 1710 -0.265328 -0.964158 0
# field 1711 0.592259 0.805747 0
# field 1712 -0.998938 0.0460638 0
# field 1713 0.00409574 0.999992 0
# field 1714 0.999922 -0.0125058 0
# field 1715 -0.997036 0.07694 0
# field 1716 0.0316558 0.999499 0
# field 1717 0.0452219 0.998977 0
# field 1718 -0.983119 0.182969 0
# field 1719 -0.99086 0.134898 0
# field 1720 0.998218 -0.0596672 0
# field 1721 -0.999985 0.00544849 0
# field 1722 0.648344 0.761347 0
# field 1723 -0.999772 0.0213694 0
# field 1724 -0.0418309 -0.999125 0
# field 1725 0.999317 -0.0369634 0
# field 1726 0.0297782 0.999557 0
# field 1727 0.0540473 0.998538 0
# field 1728 -0.448191 -0.893938 0
# field 1729 -0.181431 -0.983404 0
# field 1730 0.991213 -0.132272 0
# field 1731 0.998466 -0.0553684 0
# field 1732 0.999899 -0.0141838 0
# field 1733 -0.00956224 -0.999954 0
# field 1734 -0.999899 0.0142177 0
# field 1735 -0.00650255 -0.999979 0
# field 1736 -0.0472074 -0.998885 0
# field 1737 -0.0667078 -0.997773 0
# field 1738 -0.999143 0.0413964 0
# field 1739 0.832616 -0.55385 0
# field 1740 -0.999984 0.0056778 0
# field 1741 0.998771 -0.0495552 0
# field 1742 -0.993319 0.115404 0
# field 1743 -0.50036 -0.865818 0
# field 1744 0.999931 -0.0117363 0
# field 1745 0.0278407 0.999612 0
# field 1746 -0.999884 0.015257 0
# field 1747 -0.996081 0.0884429 0
# field 1748 0.99994 -0.010913 0
# field 1749 0.0131174 0.999914 0
# field 1750 -0.0557805 -0.998443 0
# field 1751 -0.691813 -0.722077 0
# field 1752 0.00951536 0.999955 0
# field 1753 -0.987806 0.155692 0
# field 1754 -0.999966 0.00830388 0
# field 1755 -0.997991 0.0633497 0
# field 1756 0.999966 -0.00823129 0
# field 1757 -0.999262 0.0384025 0
# field 1758 0.999983 -0.00575321 0
# field 1759 -0.216086 -0.976374 0
# field 1760 -0.999468 0.0326098 0
# field 1761 -0.828667 0.559742 0
# field 1762 0.0258792 0.999665 0
# field 1763 -0.996282 0.0861528 0
# field 1764 -0.00398427 -0.999992 0
# field 1765 -0.00246252 -0.999997 0
# field 1766 -0.999837 0.0180271 0
# field 1767 0.998102 -0.0615798 0
# field 1768 0.999787 -0.020617 0
# field 1769 0.999399 -0.0346741 0
# field 1770 0.0239212 0.999714 0
# field 1771 0.00266021 0.999996 0
# field 1772 -0.982316 0.18723 0
# field 1773 -0.574105 -0.818782 0
# field 1774 -0.0733884 -0.997303 0
# field 1775 -0.0621858 -0.998065 0
# field 1776 -0.996742 0.0806607 0
# field 1777 -0.0135032 -0.999909 0
# field 1778 0.998423 -0.0561398 0
# field 1779 0.021995 0.999758 0
# field 1780 0.999672 -0.025602 0
# field 1781 -0.996102 0.0882138 0
# field 1782 -0.999798 0.0200936 0
# field 1783 0.999956 -0.0093454 0
# field 1784 0.388441 0.921474 0
# field 1785 -0.622708 -0.782454 0
# field 1786 -0.0165289 -0.999863 0
# field 1787 0.550259 0.834994 0
# field 1788 0.999912 -0.0132671 0
# field 1789 -0.0745127 -0.99722 0
# field 1790 -0.999959 0.00900006 0
# field 1791 0.999934 -0.0114511 0
# field 1792 -0.996436 0.0843474 0
# field 1793 -0.00207816 -0.999998 0
# field 1794 -0.0103191 -0.999947 0
# field 1795 -0.999783 0.0208424 0
# field 1796 -0.97171 0.236178 0
# field 1797 0.999982 -0.0060642 0
# field 1798 0.999974 -0.00720815 0
# field 1799 -0.00756757 -0.999971 0
# field 1800 0.997459 -0.0712445 0
# field 1801 0.0204448 0.999791 0
# field 1802 0.00383553 0.999993 0
# field 1803 -0.560521 -0.82814 0
# field 1804 0.999986 -0.00522893 0
# field 1805 0.877163 -0.480192 0
# field 1806 -1 0.000450142 0
# field 1807 -0.000372803 -1 0
# field 1808 -0.999946 0.0103852 0
# field 1809 0.00580829 0.999983 0
# field 1810 -0.996603 0.0823513 0
# field 1811 0.999966 -0.00829283 0
# field 1812 0.999994 -0.00346784 0
# field 1813 -0.539581 -0.841934 0
# field 1814 -0.0683244 -0.997663 0
# field 1815 -0.0731478 -0.997321 0
# field 1816 -0.999972 0.00753196 0
# field 1817 -0.491777 -0.870721 0
# field 1818 0.0651418 0.997876 0
# field 1819 0.99834 -0.0576002 0
# field 1820 -0.99818 0.0603049 0
# field 1821 -0.0546055 -0.998508 0
# field 1822 0.998711 -0.0507553 0
# field 1823 -0.309324 -0.950957 0
# field 1824 0.00901183 0.999959 0
# field 1825 -0.999999 0.00105268 0
# field 1826 -0.998958 0.0456328 0
# field 1827 -0.00192497 -0.999998 0
# field 1828 -0.197637 -0.980275 0
# field 1829 0.736425 0.67652 0
# field 1830 0.0287351 0.999587 0
# field 1831 0.999642 -0.0267373 0
# field 1832 -0.999507 0.0313869 0
# field 1833 -0.197871 -0.980228 0
# field 1834 -0.534242 -0.845332 0
# field 1835 -0.0452315 -0.998977 0
# field 1836 -0.999345 0.036197 0
# field 1837 0.00451127 -0.99999 0
# field 1838 0.00321063 0.999995 0
# field 1839 -0.999353 0.0359563 0
# field 1840 -0.999994 0.00341701 0
# field 1841 -0.999885 0.0151325 0
# field 1842 0.0228635 0.999739 0
# field 1843 0.999324 -0.0367572 0
# field 1844 -0.8256 0.564256 0
# field 1845 0.999994 -0.0034873 0
# field 1846 0.00761794 0.999971 0
# field 1847 -0.999168 0.0407894 0
# field 1848 -0.031105 -0.999516 0
# field 1849 -0.999272 0.0381385 0
# field 1850 0.999997 -0.00263056 0
# field 1851 0.0219704 0.999759 0
# field 1852 -0.999978 0.00655897 0
# field 1853 0.999777 -0.0211394 0
# field 1854 -0.999493 0.0318269 0
# field 1855 0.999997 -0.00250457 0
# field 1856 -0.999747 0.0224841 0
# field 1857 0.999555 -0.0298181 0
# field 1858 0.478929 0.877854 0
# field 1859 0.844751 -0.535159 0
# field 1860 -0.999723 0.0235341 0
# field 1861 0.00373313 0.999993 0
# field 1862 -0.857851 0.513899 0
# field 1863 0.00165053 0.999999 0
# field 1864 0.540935 0.841065 0
# field 1865 -0.99998 0.00634653 0
# field 1866 0.999996 -0.00296435 0
# field 1867 0.999999 -0.00169452 0
# field 1868 -0.999965 0.00835911 0
# field 1869 -0.999996 0.00284507 0
# field 1870 0.005337 0.999986 0
# field 1871 -0.999631 0.0271626 0
# field 1872 0.0312469 0.999512 0
# field 1873 1 -0.00074184 0
# field 1874 -0.99923 0.0392368 0
# field 1875 -0.999638 0.0269224 0
# field 1876 -1 0.000192306 0
# field 1877 0.999993 -0.00360647 0
# field 1878 -0.999985 0.00545787 0
# field 1879 0.00316198 0.999995 0
# field 1880 -0.936735 0.35004 0
# field 1881 -0.0179727 -0.999838 0
# field 1882 -0.00517041 -0.999987 0
# field 1883 -0.999951 0.00985006 0
# field 1884 -0.999941 0.0108713 0
# field 1885 -0.999819 0.0190454 0
# field 1886 -0.00499298 -0.999988 0
# field 1887 -0.0134222 -0.99991 0
# field 1888 -0.999885 0.0151762 0
# field 1889 0.00183371 0.999998 0
# field 1890 0.999999 -0.00169149 0
# field 1891 0.0116427 0.999932 0
# field 1892 -0.999954 0.00958657 0
# field 1893 -0.00627955 -0.99998 0
# field 1894 -0.999965 0.0084239 0
# field 1895 0.999997 -0.00237817 0
# field 1896 -0.972907 -0.231197 0
# field 1897 -0.0132501 -0.999912 0
# field 1898 0.999992 -0.00409781 0
# field 1899 0.0407127 0.999171 0
# field 1900 -0.523772 -0.851858 0
# field 1901 -0.519049 -0.854744 0
# field 1902 0.999999 -0.0014043 0
# field 1903 1 -0.000703897 0
# field 1904 -0.999954 0.00959675 0
# field 1905 -0.773128 -0.63425 0
# field 1906 -0.999997 0.00238707 0
# field 1907 -0.00611467 -0.999981 0
# field 1908 0.714557 0.699577 0
# field 1909 -0.999958 0.00911943 0
# field 1910 0.00517272 0.999987 0
# field 1911 -0.994445 0.10526 0
# field 1912 1 -0.000596384 0
# field 1913 -0.0263648 -0.999652 0
# field 1914 0.00309344 0.999995 0
# field 1915 -0.999586 0.0287704 0
# field 1916 0.00507537 0.999987 0
# field 1917 -0.0018277 -0.999998 0
# field 1918 -0.00444612 -0.99999 0
# field 1919 -1 0.000590703 0
# field 1920 -0.999995 0.00304452 0
# field 1921 0.00107017 0.999999 0
# field 1922 -0.000578253 -1 0
# field 1923 0.999666 0.0258462 0
# field 1924 -0.999895 -0.0144732 0
# field 1925 0.999976 -0.00695034 0
# field 1926 0.467152 0.884177 0
# field 1927 -0.00436498 -0.99999 0
# field 1928 -0.999977 0.00677633 0
# field 1929 0.8545 -0.519452 0
# field 1930 -0.00285699 -0.999996 0
# field 1931 0.999977 -0.006756 0
# field 1932 -0.999998 0.00180656 0
# field 1933 -0.0423554 -0.999103 0
# field 1934 0.999991 -0.00419604 0
# field 1935 0.524973 0.851119 0
# field 1936 -1 0.000108792 0
# field 1937 0.998808 -0.0488128 0
# field 1938 -0.00184133 -0.999998 0
# field 1939 -0.999981 0.00610324 0
# field 1940 -0.665432 -0.746458 0
# field 1941 0.999949 -0.0100935 0
# field 1942 -0.91406 0.405578 0
# field 1943 0.99999 -0.0044053 0
# field 1944 0.999988 -0.00482556 0
# field 1945 0.999971 -0.00761302 0
# field 1946 0.884065 -0.467364 0
# field 1947 -0.00435643 -0.999991 0
# field 1948 0.00275824 0.999996 0
# field 1949 0.00205234 0.999998 0
# field 1950 -0.999681 -0.025268 0
# field 1951 0.00289162 0.999996 0
# field 1952 0.977947 -0.208851 0
# field 1953 0.0002318 1 0
# field 1954 -0.000199033 -1 0
# field 1955 0.000685911 1 0
# field 1956 -0.0181387 -0.999835 0
# field 1957 0.00281095 0.999996 0
# field 1958 -0.999999 0.00115534 0
# field 1959 -0.190182 -0.981749 0
# field 1960 0.0144878 0.999895 0
# field 1961 0.00218311 0.999998 0
# field 1962 -0.00889637 -0.99996 0
# field 1963 0.00147611 0.999999 0
# field 1964 -0.00813521 -0.999967 0
# field 1965 -0.999951 -0.00991188 0
# field 1966 0.00126345 0.999999 0
# field 1967 -0.00662966 -0.999978 0
# field 1968 -0.0010478 -0.999999 0
# field 1969 -0.999992 0.00391456 0
# field 1970 -1 0.000742467 0
# field 1971 0.00931031 0.999957 0
# field 1972 0.0601883 -0.998187 0
# field 1973 -0.999999 0.00153075 0
# field 1974 0.99932 -0.0368653 0
# field 1975 0.00285417 0.999996 0
# field 1976 -0.50745 -0.861681 0
# field 1977 -0.999998 0.00221077 0
# field 1978 0.000425931 1 0
# field 1979 0.00163506 0.999999 0
# field 1980 0.00397894 0.999992 0
# field 1981 -0.545445 -0.838146 0
# field 1982 -0.999999 0.00116817 0
# field 1983 0.0024626 0.999997 0
# field 1984 0.999994 -0.00342141 0
# field 1985 0.0403143 0.999187 0
# field 1986 0.45368 0.891164 0
# field 1987 0.99998 -0.00630729 0
# field 1988 0.271108 0.962549 0
# field 1989 -0.000813421 -1 0
# field 1990 0.00982309 0.999952 0
# field 1991 -0.999998 -0.00197321 0
# field 1992 -0.999997 0.00242622 0
# field 1993 0.415802 0.909455 0
# field 1994 -0.980223 0.197894 0
# singularity 3134 0.25
# singularity 3401 0.25
# singularity 3435 -0.25
# singularity 3617 0.25
