v 0.0 0.0 0.0
v 1.0 0.0 0.0
v 1.0 1.0 0.0
v 0.0 1.0 0.0
v 0.4899744987487793 0.15299001336097717 0.0
v 0.056933265179395676 0.4464646577835083 0.0
v 0.02500000037252903 0.0 0.0
v 0.05000000074505806 0.0 0.0
v 0.07500000298023224 0.0 0.0
v 0.10000000149011612 0.0 0.0
v 0.125 0.0 0.0
v 0.15000000596046448 0.0 0.0
v 0.17499999701976776 0.0 0.0
v 0.20000000298023224 0.0 0.0
v 0.22499999403953552 0.0 0.0
v 0.25 0.0 0.0
v 0.2750000059604645 0.0 0.0
v 0.30000001192092896 0.0 0.0
v 0.32499998807907104 0.0 0.0
v 0.3499999940395355 0.0 0.0
v 0.375 0.0 0.0
v 0.4000000059604645 0.0 0.0
v 0.42500001192092896 0.0 0.0
v 0.44999998807907104 0.0 0.0
v 0.4749999940395355 0.0 0.0
v 0.5 0.0 0.0
v 0.5249999761581421 0.0 0.0
v 0.550000011920929 0.0 0.0
v 0.574999988079071 0.0 0.0
v 0.6000000238418579 0.0 0.0
v 0.625 0.0 0.0
v 0.6499999761581421 0.0 0.0
v 0.675000011920929 0.0 0.0
v 0.699999988079071 0.0 0.0
v 0.7250000238418579 0.0 0.0
v 0.75 0.0 0.0
v 0.7749999761581421 0.0 0.0
v 0.800000011920929 0.0 0.0
v 0.824999988079071 0.0 0.0
v 0.8500000238418579 0.0 0.0
v 0.875 0.0 0.0
v 0.8999999761581421 0.0 0.0
v 0.925000011920929 0.0 0.0
v 0.949999988079071 0.0 0.0
v 0.9750000238418579 0.0 0.0
v 1.0 0.02500000037252903 0.0
v 1.0 0.05000000074505806 0.0
v 1.0 0.07500000298023224 0.0
v 1.0 0.10000000149011612 0.0
v 1.0 0.125 0.0
v 1.0 0.15000000596046448 0.0
v 1.0 0.17499999701976776 0.0
v 1.0 0.20000000298023224 0.0
v 1.0 0.22499999403953552 0.0
v 1.0 0.25 0.0
v 1.0 0.2750000059604645 0.0
v 1.0 0.30000001192092896 0.0
v 1.0 0.32499998807907104 0.0
v 1.0 0.3499999940395355 0.0
v 1.0 0.375 0.0
v 1.0 0.4000000059604645 0.0
v 1.0 0.42500001192092896 0.0
v 1.0 0.44999998807907104 0.0
v 1.0 0.4749999940395355 0.0
v 1.0 0.5 0.0
v 1.0 0.5249999761581421 0.0
v 1.0 0.550000011920929 0.0
v 1.0 0.574999988079071 0.0
v 1.0 0.6000000238418579 0.0
v 1.0 0.625 0.0
v 1.0 0.6499999761581421 0.0
v 1.0 0.675000011920929 0.0
v 1.0 0.699999988079071 0.0
v 1.0 0.7250000238418579 0.0
v 1.0 0.75 0.0
v 1.0 0.7749999761581421 0.0
v 1.0 0.800000011920929 0.0
v 1.0 0.824999988079071 0.0
v 1.0 0.8500000238418579 0.0
v 1.0 0.875 0.0
v 1.0 0.8999999761581421 0.0
v 1.0 0.925000011920929 0.0
v 1.0 0.949999988079071 0.0
v 1.0 0.9750000238418579 0.0
v 0.9750000238418579 1.0 0.0
v 0.949999988079071 1.0 0.0
v 0.925000011920929 1.0 0.0
v 0.8999999761581421 1.0 0.0
v 0.875 1.0 0.0
v 0.8500000238418579 1.0 0.0
v 0.824999988079071 1.0 0.0
v 0.800000011920929 1.0 0.0
v 0.7749999761581421 1.0 0.0
v 0.75 1.0 0.0
v 0.7250000238418579 1.0 0.0
v 0.699999988079071 1.0 0.0
v 0.675000011920929 1.0 0.0
v 0.6499999761581421 1.0 0.0
v 0.625 1.0 0.0
v 0.6000000238418579 1.0 0.0
v 0.574999988079071 1.0 0.0
v 0.550000011920929 1.0 0.0
v 0.5249999761581421 1.0 0.0
v 0.5 1.0 0.0
v 0.4749999940395355 1.0 0.0
v 0.44999998807907104 1.0 0.0
v 0.42500001192092896 1.0 0.0
v 0.4000000059604645 1.0 0.0
v 0.375 1.0 0.0
v 0.3499999940395355 1.0 0.0
v 0.32499998807907104 1.0 0.0
v 0.30000001192092896 1.0 0.0
v 0.2750000059604645 1.0 0.0
v 0.25 1.0 0.0
v 0.22499999403953552 1.0 0.0
v 0.20000000298023224 1.0 0.0
v 0.17499999701976776 1.0 0.0
v 0.15000000596046448 1.0 0.0
v 0.125 1.0 0.0
v 0.10000000149011612 1.0 0.0
v 0.07500000298023224 1.0 0.0
v 0.05000000074505806 1.0 0.0
v 0.02500000037252903 1.0 0.0
v 0.0 0.9750000238418579 0.0
v 0.0 0.949999988079071 0.0
v 0.0 0.925000011920929 0.0
v 0.0 0.8999999761581421 0.0
v 0.0 0.875 0.0
v 0.0 0.8500000238418579 0.0
v 0.0 0.824999988079071 0.0
v 0.0 0.800000011920929 0.0
v 0.0 0.7749999761581421 0.0
v 0.0 0.75 0.0
v 0.0 0.7250000238418579 0.0
v 0.0 0.699999988079071 0.0
v 0.0 0.675000011920929 0.0
v 0.0 0.6499999761581421 0.0
v 0.0 0.625 0.0
v 0.0 0.6000000238418579 0.0
v 0.0 0.574999988079071 0.0
v 0.0 0.550000011920929 0.0
v 0.0 0.5249999761581421 0.0
v 0.0 0.5 0.0
v 0.0 0.4749999940395355 0.0
v 0.0 0.44999998807907104 0.0
v 0.0 0.42500001192092896 0.0
v 0.0 0.4000000059604645 0.0
v 0.0 0.375 0.0
v 0.0 0.3499999940395355 0.0
v 0.0 0.32499998807907104 0.0
v 0.0 0.30000001192092896 0.0
v 0.0 0.2750000059604645 0.0
v 0.0 0.25 0.0
v 0.0 0.22499999403953552 0.0
v 0.0 0.20000000298023224 0.0
v 0.0 0.17499999701976776 0.0
v 0.0 0.15000000596046448 0.0
v 0.0 0.125 0.0
v 0.0 0.10000000149011612 0.0
v 0.0 0.07500000298023224 0.0
v 0.0 0.05000000074505806 0.0
v 0.0 0.02500000037252903 0.0
v 0.4679983854293823 0.14385178685188293 0.0
v 0.4430972933769226 0.14563676714897156 0.0
v 0.4186558127403259 0.15084420144557953 0.0
v 0.3947823643684387 0.15824756026268005 0.0
v 0.3715091347694397 0.1673690229654312 0.0
v 0.3488604724407196 0.17794866859912872 0.0
v 0.3268585503101349 0.18981610238552094 0.0
v 0.3055237829685211 0.2028455287218094 0.0
v 0.28487423062324524 0.21693633496761322 0.0
v 0.2648356258869171 0.23188573122024536 0.0
v 0.24522560834884644 0.24739345908164978 0.0
v 0.22602695226669312 0.26340776681900024 0.0
v 0.2072295993566513 0.27989137172698975 0.0
v 0.18882617354393005 0.2968136966228485 0.0
v 0.17081190645694733 0.31414979696273804 0.0
v 0.153184711933136 0.3318793475627899 0.0
v 0.13594520092010498 0.34998610615730286 0.0
v 0.11909671872854233 0.36845728754997253 0.0
v 0.10264541208744049 0.3872830867767334 0.0
v 0.08660031110048294 0.40645626187324524 0.0
v 0.07097422331571579 0.4259724020957947 0.0
v 0.47839730978012085 0.1727752387523651 0.0
v 0.4590056538581848 0.18681050837039948 0.0
v 0.4385278522968292 0.19923771917819977 0.0
v 0.41768577694892883 0.21104753017425537 0.0
v 0.39672964811325073 0.222654327750206 0.0
v 0.3757898807525635 0.23429055511951447 0.0
v 0.354951947927475 0.24610799551010132 0.0
v 0.33428049087524414 0.2582140266895294 0.0
v 0.3138284981250763 0.2706870138645172 0.0
v 0.2935011088848114 0.28336280584335327 0.0
v 0.2732175886631012 0.29610857367515564 0.0
v 0.25300031900405884 0.30895915627479553 0.0
v 0.23286746442317963 0.321941614151001 0.0
v 0.21283364295959473 0.33507633209228516 0.0
v 0.1929103285074234 0.3483780324459076 0.0
v 0.1731060892343521 0.3618563711643219 0.0
v 0.15342678129673004 0.37551647424697876 0.0
v 0.13387569785118103 0.3893594741821289 0.0
v 0.11445360630750656 0.40338289737701416 0.0
v 0.09515886753797531 0.4175810217857361 0.0
v 0.07598748803138733 0.4319452941417694 0.0
v 0.3945140540599823 0.24727244675159454 0.0
v 0.5880987644195557 0.9786977171897888 0.0
v 0.9783375263214111 0.587474524974823 0.0
v 0.2734416425228119 0.3169621229171753 0.0
v 0.4620848298072815 0.973524272441864 0.0
v 0.1548900455236435 0.399672269821167 0.0
v 0.4805988371372223 0.1962306797504425 0.0
v 0.9784660339355469 0.46516337990760803 0.0
v 0.337494820356369 0.9797250628471375 0.0
v 0.018240077421069145 0.661763072013855 0.0
v 0.9792491793632507 0.7107108235359192 0.0
v 0.978632390499115 0.33702218532562256 0.0
v 0.7101777195930481 0.9782581329345703 0.0
v 0.7375615239143372 0.02053953893482685 0.0
v 0.23735655844211578 0.9805825352668762 0.0
v 0.9783493876457214 0.23749999701976776 0.0
v 0.022517159581184387 0.7615906000137329 0.0
v 0.9796889424324036 0.813665509223938 0.0
v 0.07905708253383636 0.4557410478591919 0.0
v 0.8115172386169434 0.9795176982879639 0.0
v 0.834586501121521 0.022542407736182213 0.0
v 0.6415596008300781 0.020957162603735924 0.0
v 0.22082725167274475 0.23676443099975586 0.0
v 0.020725693553686142 0.8598376512527466 0.0
v 0.021650634706020355 0.5874999761581421 0.0
v 0.979836642742157 0.16579245030879974 0.0
v 0.16355399787425995 0.9795034527778625 0.0
v 0.13750000298023224 0.021650634706020355 0.0
v 0.21374008059501648 0.358038067817688 0.0
v 0.33485639095306396 0.28216248750686646 0.0
v 0.019438359886407852 0.1605396568775177 0.0
v 0.21180102229118347 0.021247077733278275 0.0
v 0.8862583041191101 0.979110836982727 0.0
v 0.16486144065856934 0.2899497449398041 0.0
v 0.28205209970474243 0.19125686585903168 0.0
v 0.5593552589416504 0.021657999604940414 0.0
v 0.2839950919151306 0.023017635568976402 0.0
v 0.9790688157081604 0.8870466351509094 0.0
v 0.021650634706020355 0.23749999701976776 0.0
v 0.9761418700218201 0.0831046923995018 0.0
v 0.08750069886445999 0.9795270562171936 0.0
v 0.02170141227543354 0.08567790687084198 0.0
v 0.3752466142177582 0.14265383780002594 0.0
v 0.4877767860889435 0.12952016294002533 0.0
v 0.5085756182670593 0.138539656996727 0.0
v 0.33024096488952637 0.16421712934970856 0.0
v 0.4142405092716217 0.020623140037059784 0.0
v 0.11050340533256531 0.3446993827819824 0.0
v 0.5054638981819153 0.11525921523571014 0.0
v 0.5269603133201599 0.1242852434515953 0.0
v 0.5300402641296387 0.14753371477127075 0.0
v 0.5486419796943665 0.13326279819011688 0.0
v 0.5518441200256348 0.1563415229320526 0.0
v 0.570517897605896 0.14226378500461578 0.0
v 0.5737244486808777 0.16542823612689972 0.0
v 0.592461884021759 0.15130724012851715 0.0
v 0.5955349206924438 0.17487458884716034 0.0
v 0.6143997311592102 0.16049522161483765 0.0
v 0.617480456829071 0.18412917852401733 0.0
v 0.6364679336547852 0.16963213682174683 0.0
v 0.6395142078399658 0.19333000481128693 0.0
v 0.6205398440361023 0.20781441032886505 0.0
v 0.6425967812538147 0.2170642614364624 0.0
v 0.6234442591667175 0.23161976039409637 0.0
v 0.6456066370010376 0.24087809026241302 0.0
v 0.6264454126358032 0.25547167658805847 0.0
v 0.648682177066803 0.26475122570991516 0.0
v 0.6286759972572327 0.2794775664806366 0.0
v 0.6515930891036987 0.28870347142219543 0.0
v 0.6314895749092102 0.30342766642570496 0.0
v 0.6546230912208557 0.31268376111984253 0.0
v 0.635410726070404 0.3273167312145233 0.0
v 0.6578172445297241 0.3366921544075012 0.0
v 0.6386691331863403 0.35138243436813354 0.0
v 0.660973072052002 0.36075636744499207 0.0
v 0.6417864561080933 0.37547317147254944 0.0
v 0.6642724275588989 0.3848375678062439 0.0
v 0.6449491381645203 0.399588942527771 0.0
v 0.6674365401268005 0.4089680314064026 0.0
v 0.6480597257614136 0.42374512553215027 0.0
v 0.6705659627914429 0.43314242362976074 0.0
v 0.6511693000793457 0.44792383909225464 0.0
v 0.6286704540252686 0.43851107358932495 0.0
v 0.6317675709724426 0.4627071022987366 0.0
v 0.6092689037322998 0.45328783988952637 0.0
v 0.6123520135879517 0.4774937331676483 0.0
v 0.6348775029182434 0.4869224429130554 0.0
v 0.6154422163963318 0.5017194747924805 0.0
v 0.592929482460022 0.4922769069671631 0.0
v 0.5959942936897278 0.5165117383003235 0.0
v 0.5734769105911255 0.507064700126648 0.0
v 0.5765417814254761 0.5313107967376709 0.0
v 0.5997717976570129 0.5405245423316956 0.0
v 0.5539989471435547 0.5218662023544312 0.0
v 0.5570845603942871 0.5461133122444153 0.0
v 0.5345331430435181 0.5366672873497009 0.0
v 0.5376234650611877 0.5609228610992432 0.0
v 0.5150660872459412 0.5514710545539856 0.0
v 0.5181567072868347 0.5757285952568054 0.0
v 0.49559321999549866 0.566277027130127 0.0
v 0.49868518114089966 0.5905468463897705 0.0
v 0.4761805236339569 0.5810788869857788 0.0
v 0.5212599635124207 0.6000107526779175 0.0
v 0.4792066514492035 0.6053638458251953 0.0
v 0.4566954970359802 0.5958908200263977 0.0
v 0.45972394943237305 0.6202044486999512 0.0
v 0.43711045384407043 0.6107259392738342 0.0
v 0.4401991069316864 0.6350610256195068 0.0
v 0.4175433814525604 0.6255554556846619 0.0
v 0.42084023356437683 0.6502146124839783 0.0
v 0.39801305532455444 0.640466570854187 0.0
v 0.44414106011390686 0.6599109768867493 0.0
v 0.40126174688339233 0.6652202010154724 0.0
v 0.37843623757362366 0.6553760766983032 0.0
v 0.37531575560569763 0.6309057474136353 0.0
v 0.35573044419288635 0.6457899808883667 0.0
v 0.3588138520717621 0.670205295085907 0.0
v 0.664738118648529 0.22669842839241028 0.0
v 0.336107462644577 0.6606634855270386 0.0
v 0.47303473949432373 0.5568146705627441 0.0
v 0.33919215202331543 0.6851162314414978 0.0
v 0.6768704652786255 0.32264649868011475 0.0
v 0.6899611353874207 0.4183470606803894 0.0
v 0.3526535928249359 0.6213839054107666 0.0
v 0.316440224647522 0.6755578517913818 0.0
v 0.31954139471054077 0.700046956539154 0.0
v 0.2967645823955536 0.690473735332489 0.0
v 0.6152989864349365 0.34204792976379395 0.0
v 0.29989585280418396 0.7149340510368347 0.0
v 0.3229576349258423 0.7245843410491943 0.0
v 0.27710047364234924 0.7053864002227783 0.0
v 0.2739877998828888 0.6808900833129883 0.0
v 0.28044185042381287 0.7299237251281738 0.0
v 0.5510185360908508 0.4975748658180237 0.0
v 0.6930948495864868 0.44256293773651123 0.0
v 0.7125205993652344 0.42773526906967163 0.0
v 0.715656578540802 0.45199745893478394 0.0
v 0.7351411581039429 0.4371313154697418 0.0
v 0.7382715940475464 0.46145373582839966 0.0
v 0.25432202219963074 0.6958138942718506 0.0
v 0.2512259781360626 0.6713200211524963 0.0
v 0.7577726244926453 0.44657495617866516 0.0
v 0.7609103918075562 0.4709223508834839 0.0
v 0.23154333233833313 0.6862586140632629 0.0
v 0.22845330834388733 0.6617488265037537 0.0
v 0.7546336650848389 0.4222300946712494 0.0
v 0.7772894501686096 0.43167969584465027 0.0
v 0.7741342782974243 0.40730544924736023 0.0
v 0.796822190284729 0.4167664349079132 0.0
v 0.793657124042511 0.39238449931144714 0.0
v 0.7413859963417053 0.48581165075302124 0.0
v 0.7640529870986938 0.4952980577945709 0.0
v 0.7444925904273987 0.5102152824401855 0.0
v 0.7672002911567688 0.5197095274925232 0.0
v 0.747612714767456 0.5346395969390869 0.0
v 0.7703492641448975 0.544146716594696 0.0
v 0.7507369518280029 0.5590959787368774 0.0
v 0.7734988331794739 0.5686121582984924 0.0
v 0.7538663744926453 0.5835742354393005 0.0
v 0.7766513824462891 0.5931022763252258 0.0
v 0.7573833465576172 0.6079394817352295 0.0
v 0.7798745036125183 0.6175895929336548 0.0
v 0.7608176469802856 0.6327362060546875 0.0
v 0.7830976247787476 0.6421668529510498 0.0
v 0.7636324167251587 0.6574788689613342 0.0
v 0.7862064242362976 0.6667728424072266 0.0
v 0.766491174697876 0.6817922592163086 0.0
v 0.7444862723350525 0.6726698875427246 0.0
v 0.7470938563346863 0.6971341967582703 0.0
v 0.7696086764335632 0.7063468098640442 0.0
v 0.7498975992202759 0.7213817834854126 0.0
v 0.7272741794586182 0.7121277451515198 0.0
v 0.7301647067070007 0.7364099025726318 0.0
v 0.7073001861572266 0.726841390132904 0.0
v 0.7530390620231628 0.7458533048629761 0.0
v 0.7103903889656067 0.7513725161552429 0.0
v 0.6875206828117371 0.7417944669723511 0.0
v 0.6906484961509705 0.7663752436637878 0.0
v 0.6677758693695068 0.7567927241325378 0.0
v 0.6709117889404297 0.7813934683799744 0.0
v 0.6487464308738708 0.7719466686248779 0.0
v 0.6938003897666931 0.7909724712371826 0.0
v 0.7898668646812439 0.5292050242424011 0.0
v 0.6850340366363525 0.7166948914527893 0.0
v 0.6740286350250244 0.8060126304626465 0.0
v 0.2087603062391281 0.6766800880432129 0.0
v 0.21184967458248138 0.7012161016464233 0.0
v 0.2056885063648224 0.6521714925765991 0.0
v 0.22534853219985962 0.6372667551040649 0.0
v 0.2026311755180359 0.6277011036872864 0.0
v 0.2222365289926529 0.61282879114151 0.0
v 0.19953317940235138 0.6032708883285522 0.0
v 0.21931906044483185 0.5884328484535217 0.0
v 0.8058729767799377 0.6517015099525452 0.0
v 0.6969550848007202 0.8156028389930725 0.0
v 0.6062212586402893 0.27010858058929443 0.0
v 0.8163824677467346 0.40184053778648376 0.0
v 0.8132144212722778 0.3773972988128662 0.0
v 0.18901805579662323 0.6915961503982544 0.0
v 0.19212479889392853 0.716183602809906 0.0
v 0.19652311503887177 0.5789065361022949 0.0
v 0.21627043187618256 0.564113438129425 0.0
v 0.6771547794342041 0.8306572437286377 0.0
v 0.17974255979061127 0.6180337071418762 0.0
v 0.735697329044342 0.5984373092651367 0.0
v 0.16926081478595734 0.7065432071685791 0.0
v 0.17237678170204163 0.7311679720878601 0.0
v 0.1935586780309677 0.5546285510063171 0.0
v 0.21303676068782806 0.5398783087730408 0.0
v 0.23577749729156494 0.5492416620254517 0.0
v 0.23248392343521118 0.5251158475875854 0.0
v 0.254960834980011 0.5345432162284851 0.0
v 0.2518727481365204 0.5103909373283386 0.0
v 0.2743304371833801 0.5198183655738831 0.0
v 0.2712651491165161 0.49568432569503784 0.0
v 0.29369625449180603 0.5050957798957825 0.0
v 0.29063722491264343 0.480986088514328 0.0
v 0.3130451738834381 0.49038630723953247 0.0
v 0.3099967837333679 0.4662955105304718 0.0
v 0.33237773180007935 0.4756907820701599 0.0
v 0.3293229639530182 0.451631635427475 0.0
v 0.35169312357902527 0.46101102232933044 0.0
v 0.34863975644111633 0.43696919083595276 0.0
v 0.370997816324234 0.44633978605270386 0.0
v 0.3679540157318115 0.4223019778728485 0.0
v 0.39029115438461304 0.43167826533317566 0.0
v 0.38723763823509216 0.40767231583595276 0.0
v 0.4095730483531952 0.4170280694961548 0.0
v 0.40652036666870117 0.39303353428840637 0.0
v 0.4295339584350586 0.4023628830909729 0.0
v 0.42592331767082214 0.37837329506874084 0.0
v 0.4490516781806946 0.38743698596954346 0.0
v 0.44525086879730225 0.3636927604675293 0.0
v 0.4673801064491272 0.3731006383895874 0.0
v 0.4643772542476654 0.34910669922828674 0.0
v 0.700096070766449 0.8402657508850098 0.0
v 0.8359719514846802 0.3868880569934845 0.0
v 0.83279949426651 0.36243149638175964 0.0
v 0.8391298651695251 0.41135174036026 0.0
v 0.8100387454032898 0.35294556617736816 0.0
v 0.8296040296554565 0.33798059821128845 0.0
v 0.8069097399711609 0.3285073935985565 0.0
v 0.8264225721359253 0.3135453760623932 0.0
v 0.8037523031234741 0.3040858507156372 0.0
v 0.8232319355010986 0.28914520144462585 0.0
v 0.8005461096763611 0.2796963155269623 0.0
v 0.8200442790985107 0.26476535201072693 0.0
v 0.7974373698234558 0.25531500577926636 0.0
v 0.8168901801109314 0.24039773643016815 0.0
v 0.7942835092544556 0.23095206916332245 0.0
v 0.8137337565422058 0.21603666245937347 0.0
v 0.7910494208335876 0.2065943032503128 0.0
v 0.8105682730674744 0.19165441393852234 0.0
v 0.7878603935241699 0.1822243481874466 0.0
v 0.8332921266555786 0.20110639929771423 0.0
v 0.8301251530647278 0.17666476964950562 0.0
v 0.6803048253059387 0.8553233742713928 0.0
v 0.6573497653007507 0.8457067012786865 0.0
v 0.3547593057155609 0.485080361366272 0.0
v 0.8459826707839966 0.2984481453895569 0.0
v 0.4333835244178772 0.42629969120025635 0.0
v 0.19047783315181732 0.5304074287414551 0.0
v 0.1710434854030609 0.5451304912567139 0.0
v 0.858757734298706 0.39637356996536255 0.0
v 0.8619211912155151 0.4208964407444 0.0
v 0.14951620995998383 0.7215449213981628 0.0
v 0.15261907875537872 0.7461719512939453 0.0
v 0.1754949688911438 0.7557933330535889 0.0
v 0.1557215303182602 0.7708073854446411 0.0
v 0.1786273717880249 0.7804384231567383 0.0
v 0.1588270217180252 0.7954648733139038 0.0
v 0.18175236880779266 0.8051010966300964 0.0
v 0.1619740128517151 0.8201339840888977 0.0
v 0.18487878143787384 0.8297677040100098 0.0
v 0.16514509916305542 0.8448867797851562 0.0
v 0.2046825885772705 0.814732015132904 0.0
v 0.20780840516090393 0.8394051194190979 0.0
v 0.22761382162570953 0.824368417263031 0.0
v 0.23074448108673096 0.8490363359451294 0.0
v 0.2505474090576172 0.8340036273002625 0.0
v 0.25367382168769836 0.8586820363998413 0.0
v 0.27348724007606506 0.8436461091041565 0.0
v 0.48663216829299927 0.3584720492362976 0.0
v 0.48361286520957947 0.3344934582710266 0.0
v 0.4913496673107147 0.3821507394313812 0.0
v 0.6333628296852112 0.14592398703098297 0.0
v 0.6555626392364502 0.15514259040355682 0.0
v 0.24871762096881866 0.4862368702888489 0.0
v 0.13913586735725403 0.8105458617210388 0.0
v 0.6605097651481628 0.8703821301460266 0.0
v 0.6375542879104614 0.8607622981071472 0.0
v 0.30696868896484375 0.44221898913383484 0.0
v 0.14639419317245483 0.6968910694122314 0.0
v 0.8528526425361633 0.1860591471195221 0.0
v 0.8497392535209656 0.1616237759590149 0.0
v 0.7198893427848816 0.8251979351043701 0.0
v 0.7230373024940491 0.8498769402503967 0.0
v 0.7428436279296875 0.8347876071929932 0.0
v 0.7459979057312012 0.8594750165939331 0.0
v 0.7658106088638306 0.8443886637687683 0.0
v 0.27660685777664185 0.8683198094367981 0.0
v 0.29642245173454285 0.8532814979553223 0.0
v 0.3649253249168396 0.3982709050178528 0.0
v 0.6524000763893127 0.13118237257003784 0.0
v 0.6747828125953674 0.1405317485332489 0.0
v 0.12664858996868134 0.7119112610816956 0.0
v 0.12354561686515808 0.6872705221176147 0.0
v 0.768939733505249 0.8691006302833557 0.0
v 0.7887716889381409 0.8540164232254028 0.0
v 0.7778658270835876 0.27024045586586 0.0
v 0.42278289794921875 0.35437411069869995 0.0
v 0.8815937638282776 0.40586403012275696 0.0
v 0.6716306805610657 0.11643441021442413 0.0
v 0.6940883994102478 0.125752791762352 0.0
v 0.16798140108585358 0.5209408402442932 0.0
v 0.148572638630867 0.535655677318573 0.0
v 0.9162805080413818 0.024197738617658615 0.0
v 0.5059652328491211 0.3438475430011749 0.0
v 0.5028424859046936 0.31987982988357544 0.0
v 0.48473718762397766 0.10609989613294601 0.0
v 0.48059189319610596 0.31053775548934937 0.0
v 0.4998020529747009 0.29595375061035156 0.0
v 0.8847624659538269 0.4304255545139313 0.0
v 0.8650696277618408 0.4454462230205536 0.0
v 0.8879227638244629 0.4549899697303772 0.0
v 0.23392392694950104 0.8737030625343323 0.0
v 0.7683324217796326 0.19716277718544006 0.0
v 0.277763694524765 0.5440115928649902 0.0
v 0.2995409071445465 0.8779528141021729 0.0
v 0.31934839487075806 0.8629063963890076 0.0
v 0.31626978516578674 0.8382240533828735 0.0
v 0.3391573429107666 0.8478626608848572 0.0
v 0.34227925539016724 0.8725290894508362 0.0
v 0.3620682656764984 0.8574775457382202 0.0
v 0.3589438199996948 0.8328296542167664 0.0
v 0.38184675574302673 0.8424336910247803 0.0
v 0.37872692942619324 0.8178054094314575 0.0
v 0.40161851048469543 0.82740718126297 0.0
v 0.39849671721458435 0.8027878999710083 0.0
v 0.4213881194591522 0.8123833537101746 0.0
v 0.4245126247406006 0.8370062708854675 0.0
v 0.444283127784729 0.8219771385192871 0.0
v 0.44741445779800415 0.8466127514839172 0.0
v 0.46717533469200134 0.8315750956535339 0.0
v 0.46404290199279785 0.8069508671760559 0.0
v 0.4866369366645813 0.8161662220954895 0.0
v 0.48373889923095703 0.7918738722801208 0.0
v 0.48914414644241333 0.8407984375953674 0.0
v 0.5063136219978333 0.8010703325271606 0.0
v 0.5034654140472412 0.7768400311470032 0.0
v 0.36519983410835266 0.8821495175361633 0.0
v 0.5263070464134216 0.7864149212837219 0.0
v 0.5232317447662354 0.7618986368179321 0.0
v 0.4806668758392334 0.7673481106758118 0.0
v 0.7870557904243469 0.3438388705253601 0.0
v 0.021819164976477623 0.5385404229164124 0.0
v 0.2451953887939453 0.6224184632301331 0.0
v 0.37220215797424316 0.6065317988395691 0.0
v 0.5120285749435425 0.5272176861763 0.0
v 0.64542555809021 0.7470253705978394 0.0
v 0.6061758995056152 0.42911431193351746 0.0
v 0.9783493876457214 0.2874999940395355 0.0
v 0.9783570766448975 0.5124855041503906 0.0
v 0.5166160464286804 0.9761580228805542 0.0
v 0.4118056297302246 0.9782226085662842 0.0
v 0.6374999284744263 0.9786227345466614 0.0
v 0.7888475060462952 0.02280326560139656 0.0
v 0.9785358309745789 0.6372546553611755 0.0
v 0.02366447076201439 0.8152396082878113 0.0
v 0.36207953095436096 0.6946044564247131 0.0
v 0.7638155817985535 0.9792943000793457 0.0
v 0.97527676820755 0.7616574168205261 0.0
v 0.3609415888786316 0.022481726482510567 0.0
v 0.5778108239173889 0.1887986660003662 0.0
v 0.7281425595283508 0.5490754842758179 0.0
v 0.02097146026790142 0.9113844633102417 0.0
v 0.08749999850988388 0.021650634706020355 0.0
v 0.02095770835876465 0.2874999940395355 0.0
v 0.7856234908103943 0.8292912244796753 0.0
v 0.808600664138794 0.8389179706573486 0.0
v 0.8117476105690002 0.8636472225189209 0.0
v 0.8315906524658203 0.8485416173934937 0.0
v 0.8284186124801636 0.8238142132759094 0.0
v 0.8514200448989868 0.8334298729896545 0.0
v 0.8482434153556824 0.8087034225463867 0.0
v 0.854598879814148 0.8581658601760864 0.0
v 0.43415236473083496 0.5863522291183472 0.0
v 0.809017539024353 0.6762980818748474 0.0
v 0.8287405967712402 0.6612420678138733 0.0
v 0.831900417804718 0.6858732104301453 0.0
v 0.8516451716423035 0.6708037853240967 0.0
v 0.8485082983970642 0.6464127898216248 0.0
v 0.8548243641853333 0.695463240146637 0.0
v 0.8746073246002197 0.6803699731826782 0.0
v 0.8777790069580078 0.7050618529319763 0.0
v 0.8744378089904785 0.8430445790290833 0.0
v 0.8776171803474426 0.8677911758422852 0.0
v 0.3161211311817169 0.5144997239112854 0.0
v 0.5277780294418335 0.8105287551879883 0.0
v 0.39334940910339355 0.45572006702423096 0.0
v 0.8523828387260437 0.3473638594150543 0.0
v 0.7962346076965332 0.5781282782554626 0.0
v 0.13284923136234283 0.7611743211746216 0.0
v 0.560185432434082 0.5703829526901245 0.0
v 0.6707963347434998 0.274586945772171 0.0
v 0.8350440263748169 0.7105227708816528 0.0
v 0.4823189675807953 0.6296742558479309 0.0
v 0.6834213137626648 0.3707543611526489 0.0
v 0.8269023895263672 0.15215513110160828 0.0
v 0.8465365767478943 0.1370863914489746 0.0
v 0.8236550092697144 0.12759752571582794 0.0
v 0.8694267868995667 0.1465965062379837 0.0
v 0.8662253022193909 0.12199080735445023 0.0
v 0.6379901170730591 0.511169970035553 0.0
v 0.8395368456840515 0.24966548383235931 0.0
v 0.8682193160057068 0.47001519799232483 0.0
v 0.5890533328056335 0.12762340903282166 0.0
v 0.7262208461761475 0.8745347857475281 0.0
v 0.4254336655139923 0.12543989717960358 0.0
v 0.11637944728136063 0.42751288414001465 0.0
v 0.8577685952186584 0.8829161524772644 0.0
v 0.021650634706020355 0.7124999761581421 0.0
v 0.9759141802787781 0.9366065859794617 0.0
v 0.8910865783691406 0.47957688570022583 0.0
v 0.8713676929473877 0.4946182668209076 0.0
v 0.8936495780944824 0.5042576789855957 0.0
v 0.8744192719459534 0.5192444920539856 0.0
v 0.8967003226280212 0.5288916230201721 0.0
v 0.8775346875190735 0.5438780188560486 0.0
v 0.5460676550865173 0.7714815139770508 0.0
v 0.5429333448410034 0.746940016746521 0.0
v 0.5201352834701538 0.7373738884925842 0.0
v 0.5398021936416626 0.7224164605140686 0.0
v 0.2860216200351715 0.9788457155227661 0.0
v 0.889167845249176 0.13152220845222473 0.0
v 0.892351508140564 0.1561667025089264 0.0
v 0.4775722920894623 0.286624938249588 0.0
v 0.9787927269935608 0.3868277072906494 0.0
v 0.5024566054344177 0.09171365946531296 0.0
v 0.6885115504264832 0.019920429214835167 0.0
v 0.5220316052436829 0.3052757680416107 0.0
v 0.5189956426620483 0.2813650369644165 0.0
v 0.640701949596405 0.8854496479034424 0.0
v 0.6177506446838379 0.8758219480514526 0.0
v 0.6146102547645569 0.8511403203010559 0.0
v 0.5948042869567871 0.8661924004554749 0.0
v 0.6636611223220825 0.8950797319412231 0.0
v 0.6491575241088867 0.10713253170251846 0.0
v 0.8807969093322754 0.8925487995147705 0.0
v 0.5453493595123291 0.10985179990530014 0.0
v 0.8974661231040955 0.8526622653007507 0.0
v 0.894282341003418 0.8279091715812683 0.0
v 0.5170223712921143 0.7128663659095764 0.0
v 0.5366764664649963 0.6979261636734009 0.0
v 0.5594390630722046 0.7074606418609619 0.0
v 0.5563080310821533 0.6829895377159119 0.0
v 0.5790601968765259 0.6925080418586731 0.0
v 0.5759304761886597 0.6680539846420288 0.0
v 0.5986738801002502 0.6775665879249573 0.0
v 0.5955452919006348 0.6531229615211487 0.0
v 0.6182803511619568 0.6626338362693787 0.0
v 0.615152895450592 0.638195812702179 0.0
v 0.6378840208053589 0.6477057337760925 0.0
v 0.6347488760948181 0.6232684254646301 0.0
v 0.349577933549881 0.5970191359519958 0.0
v 0.36928892135620117 0.5820536017417908 0.0
v 0.480366975069046 0.08257090300321579 0.0
v 0.3558807671070099 0.808175802230835 0.0
v 0.2703583538532257 0.8189702033996582 0.0
v 0.8252506256103516 0.7990908026695251 0.0
v 0.279723197221756 0.8930090069770813 0.0
v 0.8992416262626648 0.553607702255249 0.0
v 0.1984338015317917 0.7654229402542114 0.0
v 0.14564265310764313 0.5116061568260193 0.0
v 0.16494056582450867 0.4968278706073761 0.0
v 0.1261940747499466 0.5263074636459351 0.0
v 0.12912720441818237 0.5504423975944519 0.0
v 0.5979390740394592 0.890880823135376 0.0
v 0.5749874114990234 0.8812452554702759 0.0
v 0.6972122192382812 0.14993257820606232 0.0
v 0.7166261076927185 0.13513074815273285 0.0
v 0.7135077118873596 0.11092007905244827 0.0
v 0.7361111640930176 0.12030299007892609 0.0
v 0.022247664630413055 0.3399362862110138 0.0
v 0.8859472274780273 0.1068708524107933 0.0
v 0.8975712656974792 0.6899636387825012 0.0
v 0.894398033618927 0.6652612686157227 0.0
v 0.9007515907287598 0.7146663069725037 0.0
v 0.6574929356575012 0.6327662467956543 0.0
v 0.6543527841567993 0.6083323955535889 0.0
v 0.33003097772598267 0.6118542551994324 0.0
v 0.10659005492925644 0.540889322757721 0.0
v 0.1096143126487732 0.5651732087135315 0.0
v 0.8609321117401123 0.907680332660675 0.0
v 0.7835628986358643 0.4803927540779114 0.0
v 0.721884548664093 0.5006067156791687 0.0
v 0.8809766173362732 0.7296885848045349 0.0
v 0.9039362072944641 0.7393093705177307 0.0
v 0.30266714096069336 0.9026469588279724 0.0
v 0.8805800080299377 0.5685375332832336 0.0
v 0.9037650227546692 0.5780796408653259 0.0
v 0.10377572476863861 0.7022860050201416 0.0
v 0.10069230943918228 0.677653431892395 0.0
v 0.8629761934280396 0.09733880311250687 0.0
v 0.12045179307460785 0.6626572012901306 0.0
v 0.09761545062065125 0.653038501739502 0.0
v 0.45837491750717163 0.30118751525878906 0.0
v 0.4182502031326294 0.7877790331840515 0.0
v 0.3953915536403656 0.7781928777694702 0.0
v 0.41511139273643494 0.7632027268409729 0.0
v 0.5867930054664612 0.4438658356666565 0.0
v 0.5837043523788452 0.41971683502197266 0.0
v 0.5643364787101746 0.4344494640827179 0.0
v 0.5612537860870361 0.41032469272613525 0.0
v 0.5418991446495056 0.42505109310150146 0.0
v 0.7514544725418091 0.3978860676288605 0.0
v 0.4276401102542877 0.8616522550582886 0.0
v 0.45056310296058655 0.8712624907493591 0.0
v 0.4307761788368225 0.8863129019737244 0.0
v 0.45371779799461365 0.8959349393844604 0.0
v 0.904464066028595 0.41539865732192993 0.0
v 0.901280403137207 0.3908008337020874 0.0
v 0.5657681226730347 0.7565036416053772 0.0
v 0.5689163208007812 0.7810683846473694 0.0
v 0.11741641163825989 0.6381487846374512 0.0
v 0.09460600465536118 0.62852942943573 0.0
v 0.5781189203262329 0.9059406518936157 0.0
v 0.5551641583442688 0.8963022828102112 0.0
v 0.06026975437998772 0.47083428502082825 0.0
v 0.4386920630931854 0.22282154858112335 0.0
v 0.7329835295677185 0.0959596186876297 0.0
v 0.9089291095733643 0.11641763150691986 0.0
v 0.7553426623344421 0.10493671894073486 0.0
v 0.9173798561096191 0.6748594045639038 0.0
v 0.9141175746917725 0.650334894657135 0.0
v 0.5582930445671082 0.9210090041160583 0.0
v 0.535326361656189 0.9113634824752808 0.0
v 0.6684660315513611 0.09229034185409546 0.0
v 0.6013494729995728 0.914915144443512 0.0
v 0.5134047865867615 0.02273702621459961 0.0
v 0.5412105917930603 0.2906780540943146 0.0
v 0.5381526947021484 0.2667960226535797 0.0
v 0.544269859790802 0.314604789018631 0.0
v 0.5159876942634583 0.2575063109397888 0.0
v 0.07629004120826721 0.3827875256538391 0.0
v 0.9057109355926514 0.09172489494085312 0.0
v 0.5345684289932251 0.24427694082260132 0.0
v 0.08698585629463196 0.5556033849716187 0.0
v 0.91661536693573 0.49177905917167664 0.0
v 0.4339335262775421 0.9109967350959778 0.0
v 0.6120160818099976 0.6137746572494507 0.0
v 0.5726757049560547 0.6436388492584229 0.0
v 0.5344754457473755 0.17163477838039398 0.0
v 0.533502995967865 0.6734674572944641 0.0
v 0.14277613162994385 0.48695212602615356 0.0
v 0.16194981336593628 0.47267502546310425 0.0
v 0.08395562320947647 0.5312469601631165 0.0
v 0.7525008320808411 0.08088259398937225 0.0
v 0.7753404974937439 0.09043647348880768 0.0
v 0.32696738839149475 0.5875151753425598 0.0
v 0.3922807276248932 0.7536213994026184 0.0
v 0.41198495030403137 0.7386573553085327 0.0
v 0.3074330687522888 0.6023390889167786 0.0
v 0.1842474639415741 0.4821370244026184 0.0
v 0.18121854960918427 0.4581092894077301 0.0
v 0.6459192037582397 0.08300019055604935 0.0
v 0.9173176884651184 0.8375260829925537 0.0
v 0.914130449295044 0.8127654790878296 0.0
v 0.920502781867981 0.8622899651527405 0.0
v 0.5806014537811279 0.39559710025787354 0.0
v 0.5581800937652588 0.38622161746025085 0.0
v 0.9379047155380249 0.9801367521286011 0.0
v 0.7396817207336426 0.8101118803024292 0.0
v 0.6214171648025513 0.6870846152305603 0.0
v 0.8839751482009888 0.9173158407211304 0.0
v 0.6606234312057495 0.6572298407554626 0.0
v 0.6802499294281006 0.6422750353813171 0.0
v 0.8485094308853149 0.4850426912307739 0.0
v 0.6574176549911499 0.4963498115539551 0.0
v 0.6605657339096069 0.5206187963485718 0.0
v 0.5919455885887146 0.8418801426887512 0.0
v 0.611626386642456 0.8266746401786804 0.0
v 0.8547312617301941 0.5342904329299927 0.0
v 0.5520463585853577 0.8716080188751221 0.0
v 0.13211560249328613 0.5746199488639832 0.0
v 0.8449813723564148 0.7839972972869873 0.0
v 0.8220781683921814 0.7743769884109497 0.0
v 0.4625000059604645 0.021650634706020355 0.0
v 0.9195093512535095 0.5389883518218994 0.0
v 0.8854365944862366 0.5924753546714783 0.0
v 0.8612634539604187 0.5834628343582153 0.0
v 0.2825734615325928 0.9173649549484253 0.0
v 0.7196170687675476 0.1593465507030487 0.0
v 0.7002924084663391 0.17410771548748016 0.0
v 0.0808897316455841 0.6926539540290833 0.0
v 0.08397937566041946 0.7173169255256653 0.0
v 0.4568667709827423 0.9206316471099854 0.0
v 0.7581995725631714 0.12777189910411835 0.0
v 0.45588505268096924 0.27798163890838623 0.0
v 0.43617483973503113 0.2918359041213989 0.0
v 0.8641101717948914 0.9324526190757751 0.0
v 0.8410621285438538 0.9228135943412781 0.0
v 0.5886238217353821 0.7660669684410095 0.0
v 0.30623891949653625 0.9251818656921387 0.0
v 0.4766835868358612 0.905552327632904 0.0
v 0.4798319339752197 0.9302594065666199 0.0
v 0.7296944856643677 0.07145026326179504 0.0
v 0.557402491569519 0.2532356381416321 0.0
v 0.5634614825248718 0.2999868094921112 0.0
v 0.5666716694831848 0.32360702753067017 0.0
v 0.07480117678642273 0.6434165835380554 0.0
v 0.07180039584636688 0.6189144253730774 0.0
v 0.0821412205696106 0.47959646582603455 0.0
v 0.023871533572673798 0.3844503164291382 0.0
v 0.9241832494735718 0.40034595131874084 0.0
v 0.9209877848625183 0.3757258653640747 0.0
v 0.927371621131897 0.42497017979621887 0.0
v 0.9237512350082397 0.724267303943634 0.0
v 0.9269778728485107 0.7488369345664978 0.0
v 0.037328556180000305 0.9756733179092407 0.0
v 0.021092405542731285 0.03846688196063042 0.0
v 0.9620500206947327 0.02185359038412571 0.0
v 0.9403640031814575 0.8471488356590271 0.0
v 0.6831600666046143 0.6664712429046631 0.0
v 0.2036295235157013 0.46749576926231384 0.0
v 0.20049548149108887 0.44350865483283997 0.0
v 0.5768238306045532 0.3711870610713959 0.0
v 0.2229219675064087 0.4528282880783081 0.0
v 0.21976831555366516 0.42889949679374695 0.0
v 0.24202309548854828 0.4382628798484802 0.0
v 0.23899973928928375 0.4143144190311432 0.0
v 0.2612634599208832 0.4236757159233093 0.0
v 0.25823041796684265 0.3997345566749573 0.0
v 0.2804831862449646 0.4090849757194519 0.0
v 0.27745091915130615 0.3851594030857086 0.0
v 0.2996802031993866 0.3944987654685974 0.0
v 0.29664868116378784 0.3705916702747345 0.0
v 0.3188765048980713 0.3799281716346741 0.0
v 0.315852552652359 0.35602620244026184 0.0
v 0.33806517720222473 0.3653554320335388 0.0
v 0.3350526690483093 0.3414664566516876 0.0
v 0.35725975036621094 0.3507964015007019 0.0
v 0.354233056306839 0.32691511511802673 0.0
v 0.3764297068119049 0.3362329602241516 0.0
v 0.37341544032096863 0.31236252188682556 0.0
v 0.2708926796913147 0.6563982963562012 0.0
v 0.4347915053367615 0.7482249140739441 0.0
v 0.43174320459365845 0.7237957119941711 0.0
v 0.40851160883903503 0.7140950560569763 0.0
v 0.4762595593929291 0.26343241333961487 0.0
v 0.3956946134567261 0.32165029644966125 0.0
v 0.3930862545967102 0.2976706624031067 0.0
v 0.4545385241508484 0.7332714796066284 0.0
v 0.45143476128578186 0.7088719606399536 0.0
v 0.1401854306459427 0.6476962566375732 0.0
v 0.37256279587745667 0.7685937881469727 0.0
v 0.3694612681865692 0.7440350651741028 0.0
v 0.34975388646125793 0.7589952349662781 0.0
v 0.8022785186767578 0.789476215839386 0.0
v 0.799112856388092 0.7647872567176819 0.0
v 0.22449250519275665 0.7997019290924072 0.0
v 0.5449816584587097 0.4491746127605438 0.0
v 0.5225397944450378 0.43977415561676025 0.0
v 0.5854548215866089 0.7415106296539307 0.0
v 0.8910602927207947 0.803231418132782 0.0
v 0.2149665653705597 0.7257807850837708 0.0
v 0.903837263584137 0.9021776914596558 0.0
v 0.9070205092430115 0.9269523024559021 0.0
v 0.9282202124595642 0.9117141962051392 0.0
v 0.31344273686408997 0.6510769724845886 0.0
v 0.6438431739807129 0.9101569652557373 0.0
v 0.6668153405189514 0.9197944402694702 0.0
v 0.34540700912475586 0.897210419178009 0.0
v 0.36834627389907837 0.9068453311920166 0.0
v 0.2598375678062439 0.9080138206481934 0.0
v 0.709446370601654 0.40395602583885193 0.0
v 0.6004040837287903 0.22217030823230743 0.0
v 0.6866275668144226 0.904702365398407 0.0
v 0.6898090839385986 0.9294218420982361 0.0
v 0.7096299529075623 0.9143339395523071 0.0
v 0.8980908989906311 0.3662148118019104 0.0
v 0.9175424575805664 0.3511456549167633 0.0
v 0.8948597311973572 0.34157928824424744 0.0
v 0.9142904877662659 0.3265399932861328 0.0
v 0.8916598558425903 0.3169742822647095 0.0
v 0.9113197326660156 0.3019087612628937 0.0
v 0.8884783983230591 0.29240718483924866 0.0
v 0.9081586599349976 0.2773139774799347 0.0
v 0.3487066924571991 0.9215098023414612 0.0
v 0.37152785062789917 0.9314897656440735 0.0
v 0.6411889791488647 0.5352113246917725 0.0
v 0.6638245582580566 0.5446306467056274 0.0
v 0.6456003785133362 0.5593748688697815 0.0
v 0.5482817888259888 0.3380703628063202 0.0
v 0.5256136655807495 0.46389344334602356 0.0
v 0.5031729340553284 0.45449820160865784 0.0
v 0.5061586499214172 0.4786352813243866 0.0
v 0.4838029742240906 0.46921560168266296 0.0
v 0.4807383120059967 0.4450991451740265 0.0
v 0.46131038665771484 0.45971331000328064 0.0
v 0.4644210636615753 0.48390257358551025 0.0
v 0.4419289827346802 0.47440314292907715 0.0
v 0.44503775238990784 0.49860095977783203 0.0
v 0.42261946201324463 0.489210307598114 0.0
v 0.42567041516304016 0.5133419632911682 0.0
v 0.40324145555496216 0.503950834274292 0.0
v 0.40631386637687683 0.5281210541725159 0.0
v 0.38385432958602905 0.5186887383460999 0.0
v 0.2626761496067047 0.9323740601539612 0.0
v 0.24000924825668335 0.9231282472610474 0.0
v 0.7999258041381836 0.4411938190460205 0.0
v 0.7226602435112 0.1835201531648636 0.0
v 0.8852974772453308 0.26782968640327454 0.0
v 0.9049574732780457 0.2527162730693817 0.0
v 0.9278888702392578 0.26223745942115784 0.0
v 0.9246752858161926 0.23760296404361725 0.0
v 0.9017801284790039 0.22814157605171204 0.0
v 0.9214597940444946 0.21296966075897217 0.0
v 0.6962046027183533 0.46680179238319397 0.0
v 0.8559262752532959 0.21022681891918182 0.0
v 0.7792887687683105 0.779898464679718 0.0
v 0.665274441242218 0.06804759055376053 0.0
v 0.4673212170600891 0.5081071257591248 0.0
v 0.626727819442749 0.09787388145923615 0.0
v 0.6233842968940735 0.07375684380531311 0.0
v 0.6042116284370422 0.08862967789173126 0.0
v 0.6008451581001282 0.06453003734350204 0.0
v 0.70339435338974 0.19815698266029358 0.0
v 0.7257111072540283 0.20765389502048492 0.0
v 0.7064704298973083 0.22227151691913605 0.0
v 0.728815495967865 0.23176957666873932 0.0
v 0.5817387700080872 0.07936770468950272 0.0
v 0.6832068562507629 0.5300710201263428 0.0
v 0.42867714166641235 0.5375350713729858 0.0
v 0.9287168383598328 0.10128691047430038 0.0
v 0.925498366355896 0.07656338810920715 0.0
v 0.9317991137504578 0.12581941485404968 0.0
v 0.9031122326850891 0.06784334778785706 0.0
v 0.5129880905151367 0.23367497324943542 0.0
v 0.5339066982269287 0.2202112227678299 0.0
v 0.8416687846183777 0.7593638896942139 0.0
v 0.40937215089797974 0.5523195862770081 0.0
v 0.13728345930576324 0.6232210993766785 0.0
v 0.8842331767082214 0.7541460394859314 0.0
v 0.9343608021736145 0.31275486946105957 0.0
v 0.7095645070075989 0.2463594377040863 0.0
v 0.7319191694259644 0.2558911144733429 0.0
v 0.7126342058181763 0.27049142122268677 0.0
v 0.7349716424942017 0.2800414562225342 0.0
v 0.6870867013931274 0.5537124276161194 0.0
v 0.10110687464475632 0.46495521068573 0.0
v 0.21694397926330566 0.4050710201263428 0.0
v 0.7157081365585327 0.29461440443992615 0.0
v 0.7380906939506531 0.30420437455177307 0.0
v 0.7187767028808594 0.31879642605781555 0.0
v 0.7410119771957397 0.32814040780067444 0.0
v 0.15898725390434265 0.44881150126457214 0.0
v 0.7219525575637817 0.3431059718132019 0.0
v 0.891198456287384 0.640559196472168 0.0
v 0.9128055572509766 0.6259647011756897 0.0
v 0.8984349966049194 0.20389561355113983 0.0
v 0.9180722832679749 0.188752681016922 0.0
v 0.9411828517913818 0.19791115820407867 0.0
v 0.06293322145938873 0.4943283200263977 0.0
v 0.5384575724601746 0.9360811710357666 0.0
v 0.4992027282714844 0.06793534755706787 0.0
v 0.5210064053535461 0.07727997750043869 0.0
v 0.43732354044914246 0.9350870847702026 0.0
v 0.4608795642852783 0.10046601295471191 0.0
v 0.4577018916606903 0.07386909425258636 0.0
v 0.438473105430603 0.08837497234344482 0.0
v 0.5865914821624756 0.30911019444465637 0.0
v 0.804279088973999 0.14267317950725555 0.0
v 0.7446173429489136 0.3514055013656616 0.0
v 0.7025359272956848 0.6518148183822632 0.0
v 0.4347825348377228 0.06457827985286713 0.0
v 0.4154500663280487 0.07926268875598907 0.0
v 0.2556039094924927 0.3757740259170532 0.0
v 0.6702625751495361 0.9433134198188782 0.0
v 0.9369223713874817 0.6604074239730835 0.0
v 0.9395512938499451 0.6846715807914734 0.0
v 0.9374161958694458 0.17370231449604034 0.0
v 0.6623716354370117 0.6812926530838013 0.0
v 0.6996384859085083 0.6277056932449341 0.0
v 0.7720674276351929 0.06543900817632675 0.0
v 0.7950868010520935 0.0754040852189064 0.0
v 0.5194605588912964 0.415661096572876 0.0
v 0.042837731540203094 0.4235122799873352 0.0
v 0.764832615852356 0.17398394644260406 0.0
v 0.9403529167175293 0.36074328422546387 0.0
v 0.4356214106082916 0.2694556415081024 0.0
v 0.8444288372993469 0.9471396207809448 0.0
v 0.821194052696228 0.9379494190216064 0.0
v 0.8180184364318848 0.913176417350769 0.0
v 0.7979355454444885 0.9289091229438782 0.0
v 0.7513367533683777 0.24118049442768097 0.0
v 0.7607043385505676 0.3124469220638275 0.0
v 0.06431091576814651 0.5460650324821472 0.0
v 0.06698216497898102 0.5703346133232117 0.0
v 0.05223603919148445 0.6331495046615601 0.0
v 0.31352391839027405 0.3320567309856415 0.0
v 0.30438119173049927 0.5780290365219116 0.0
v 0.32417237758636475 0.563176155090332 0.0
v 0.2848469316959381 0.5928306579589844 0.0
v 0.10321500152349472 0.48982763290405273 0.0
v 0.3796105682849884 0.36009976267814636 0.0
v 0.3219071626663208 0.40384823083877563 0.0
v 0.26446548104286194 0.4475969970226288 0.0
v 0.47437337040901184 0.7183138132095337 0.0
v 0.47102367877960205 0.6938313841819763 0.0
v 0.929868221282959 0.9360156655311584 0.0
v 0.20681841671466827 0.4915544092655182 0.0
v 0.5998280644416809 0.38074472546577454 0.0
v 0.39171814918518066 0.5916723608970642 0.0
v 0.43851593136787415 0.3159830868244171 0.0
v 0.2878863215446472 0.6171466112136841 0.0
v 0.11228139698505402 0.5893892049789429 0.0
v 0.7949663996696472 0.903631865978241 0.0
v 0.7751432061195374 0.9187341332435608 0.0
v 0.680961549282074 0.18847326934337616 0.0
v 0.4078757166862488 0.8766960501670837 0.0
v 0.3913145065307617 0.9164628982543945 0.0
v 0.040497083216905594 0.48489028215408325 0.0
v 0.687813937664032 0.07738834619522095 0.0
v 0.9107192754745483 0.7882237434387207 0.0
v 0.9348267316818237 0.795825183391571 0.0
v 0.5601109862327576 0.9476090669631958 0.0
v 0.39475783705711365 0.940365731716156 0.0
v 0.3739228844642639 0.9573559761047363 0.0
v 0.7038775086402893 0.6767675876617432 0.0
v 0.7131686806678772 0.9382160902023315 0.0
v 0.7326667904853821 0.9239673018455505 0.0
v 0.8648159503936768 0.6077477931976318 0.0
v 0.8414877653121948 0.5979124307632446 0.0
v 0.838218092918396 0.5734236240386963 0.0
v 0.5913627743721008 0.79096919298172 0.0
v 0.5698592662811279 0.8062470555305481 0.0
v 0.9584799408912659 0.6728401184082031 0.0
v 0.3710513412952423 0.2877357304096222 0.0
v 0.7258190512657166 0.3663407862186432 0.0
v 0.7358262538909912 0.9487230181694031 0.0
v 0.06154705956578255 0.7082173824310303 0.0
v 0.06441456824541092 0.7326726913452148 0.0
v 0.08713136613368988 0.7420383095741272 0.0
v 0.0673297718167305 0.757134735584259 0.0
v 0.09022362530231476 0.7666904330253601 0.0
v 0.06948862969875336 0.7819228768348694 0.0
v 0.09336353838443756 0.791466474533081 0.0
v 0.07245109975337982 0.8066749572753906 0.0
v 0.09629854559898376 0.8161804676055908 0.0
v 0.07614418864250183 0.8313369154930115 0.0
v 0.09953843802213669 0.8409591913223267 0.0
v 0.07938145101070404 0.8560786843299866 0.0
v 0.10268271714448929 0.8657113909721375 0.0
v 0.08323464542627335 0.8807449340820312 0.0
v 0.10593975335359573 0.8904564380645752 0.0
v 0.08650289475917816 0.9054937362670898 0.0
v 0.10926341265439987 0.9148556590080261 0.0
v 0.12895943224430084 0.9000712037086487 0.0
v 0.13223902881145477 0.9244661331176758 0.0
v 0.15196526050567627 0.9097223281860352 0.0
v 0.09069512039422989 0.9301607012748718 0.0
v 0.15478414297103882 0.9340738654136658 0.0
v 0.17489609122276306 0.9193736910820007 0.0
v 0.17180365324020386 0.8946864008903503 0.0
v 0.19471944868564606 0.9041491150856018 0.0
v 0.19783858954906464 0.9288627505302429 0.0
v 0.1354817897081375 0.9486280083656311 0.0
v 0.06299363821744919 0.918671727180481 0.0
v 0.19155250489711761 0.8794713616371155 0.0
v 0.12256308645009995 0.8505597114562988 0.0
v 0.05899536609649658 0.6837050318717957 0.0
v 0.07081451267004013 0.9439607262611389 0.0
v 0.059867292642593384 0.871116578578949 0.0
v 0.9460679292678833 0.4100400507450104 0.0
v 0.9512190818786621 0.43388134241104126 0.0
v 0.9305304288864136 0.44965070486068726 0.0
v 0.9435487389564514 0.8719242215156555 0.0
v 0.9461343288421631 0.7339600324630737 0.0
v 0.7782902717590332 0.9434292316436768 0.0
v 0.7208698987960815 0.6379151344299316 0.0
v 0.5783801674842834 0.05622829496860504 0.0
v 0.5960771441459656 0.04113472253084183 0.0
v 0.5598961114883423 0.07106535881757736 0.0
v 0.8004878759384155 0.11924897134304047 0.0
v 0.8204188346862793 0.10301892459392548 0.0
v 0.4990830719470978 0.18201948702335358 0.0
v 0.9628852605819702 0.8559629917144775 0.0
v 0.6083187460899353 0.7510613799095154 0.0
v 0.604277491569519 0.726291298866272 0.0
v 0.9512090682983398 0.11206601560115814 0.0
v 0.04632178321480751 0.9365010857582092 0.0
v 0.042948078364133835 0.5068760514259338 0.0
v 0.49965742230415344 0.9151721596717834 0.0
v 0.4964979588985443 0.8904637694358826 0.0
v 0.5009942650794983 0.9394672513008118 0.0
v 0.9546591639518738 0.1345922350883484 0.0
v 0.04467300325632095 0.5556141138076782 0.0
v 0.910197377204895 0.9517363905906677 0.0
v 0.044183097779750824 0.607231855392456 0.0
v 0.54105144739151 0.9610894918441772 0.0
v 0.41111621260643005 0.056687578558921814 0.0
v 0.3922048509120941 0.07035930454730988 0.0
v 0.39329060912132263 0.09591136127710342 0.0
v 0.3713722229003906 0.08434402197599411 0.0
v 0.36957648396492004 0.061356205493211746 0.0
v 0.34945034980773926 0.07587264478206635 0.0
v 0.3517630994319916 0.09954015165567398 0.0
v 0.32970184087753296 0.09107057005167007 0.0
v 0.32649168372154236 0.06652629375457764 0.0
v 0.3067604899406433 0.08187375217676163 0.0
v 0.31022754311561584 0.10660038888454437 0.0
v 0.28709790110588074 0.09727849811315536 0.0
v 0.2905900478363037 0.1220318004488945 0.0
v 0.26741865277290344 0.11267853528261185 0.0
v 0.2639366388320923 0.08792911469936371 0.0
v 0.24424457550048828 0.10332207381725311 0.0
v 0.2477286159992218 0.12807439267635345 0.0
v 0.22455118596553802 0.11871585994958878 0.0
v 0.22803498804569244 0.14346924424171448 0.0
v 0.20485545694828033 0.13410969078540802 0.0
v 0.20137178897857666 0.10935568064451218 0.0
v 0.18167568743228912 0.12474967539310455 0.0
v 0.18515953421592712 0.149504154920578 0.0
v 0.1619793325662613 0.14014403522014618 0.0
v 0.16546325385570526 0.16489888727664948 0.0
v 0.1422826647758484 0.1555386185646057 0.0
v 0.14576669037342072 0.18029387295246124 0.0
v 0.13879890739917755 0.13078349828720093 0.0
v 0.12258584052324295 0.17093342542648315 0.0
v 0.12606988847255707 0.19568905234336853 0.0
v 0.10288876295089722 0.1863284707069397 0.0
v 0.10637283325195312 0.2110843062400818 0.0
v 0.09940486401319504 0.16157269477844238 0.0
v 0.1781919300556183 0.0999951884150505 0.0
v 0.14925101399421692 0.20504944026470184 0.0
v 0.08319155871868134 0.2017236351966858 0.0
v 0.08667556941509247 0.22647960484027863 0.0
v 0.10985702276229858 0.23584026098251343 0.0
v 0.09015963226556778 0.251235693693161 0.0
v 0.1883438527584076 0.17502889037132263 0.0
v 0.19763298332691193 0.08523432165384293 0.0
v 0.17441028356552124 0.07597830146551132 0.0
v 0.11269550770521164 0.2597702145576477 0.0
v 0.09330719709396362 0.27556127309799194 0.0
v 0.11595185846090317 0.28140702843666077 0.0
v 0.07040604203939438 0.266559362411499 0.0
v 0.07365183532238007 0.29101070761680603 0.0
v 0.13539619743824005 0.24421563744544983 0.0
v 0.24076206982135773 0.07857013493776321 0.0
v 0.15496200323104858 0.09075765311717987 0.0
v 0.25181716680526733 0.15359975397586823 0.0
v 0.23161974549293518 0.168351948261261 0.0
v 0.260457843542099 0.06317849457263947 0.0
v 0.15131327509880066 0.06641077995300293 0.0
v 0.13178688287734985 0.08138324320316315 0.0
v 0.17367154359817505 0.048711732029914856 0.0
v 0.06369861215353012 0.21709010004997253 0.0
v 0.06004451960325241 0.19235841929912567 0.0
v 0.23901452124118805 0.051985666155815125 0.0
v 0.12817011773586273 0.05788685008883476 0.0
v 0.10861308127641678 0.07215990871191025 0.0
v 0.1121206283569336 0.09672816097736359 0.0
v 0.0889444351196289 0.08735959231853485 0.0
v 0.09243674576282501 0.11206451803445816 0.0
v 0.06925423443317413 0.10271232575178146 0.0
v 0.06557843834161758 0.07927189022302628 0.0
v 0.07273982465267181 0.12746042013168335 0.0
v 0.04865966737270355 0.11853557080030441 0.0
v 0.30348286032676697 0.057917769998311996 0.0
v 0.32117959856987 0.04242279753088951 0.0
v 0.05404016003012657 0.142765611410141 0.0
v 0.04011009261012077 0.20413199067115784 0.0
v 0.31304147839546204 0.1304485946893692 0.0
v 0.29408514499664307 0.14678841829299927 0.0
v 0.2595672607421875 0.03778713569045067 0.0
v 0.035407133400440216 0.44559022784233093 0.0
v 0.05071496218442917 0.8224807977676392 0.0
v 0.9518454074859619 0.9226908087730408 0.0
v 0.5178233981132507 0.05228796228766441 0.0
v 0.9219885468482971 0.05157144367694855 0.0
v 0.9447889924049377 0.061455126851797104 0.0
v 0.9519330263137817 0.24578626453876495 0.0
v 0.25469934940338135 0.17758281528949738 0.0
v 0.23502033948898315 0.19299960136413574 0.0
v 0.9526645541191101 0.27348458766937256 0.0
v 0.6838765144348145 0.05491478368639946 0.0
v 0.6596308350563049 0.04310309514403343 0.0
v 0.03265579044818878 0.13799512386322021 0.0
v 0.4824150502681732 0.9547529220581055 0.0
v 0.24371081590652466 0.9465203881263733 0.0
v 0.10460435599088669 0.044990427792072296 0.0
v 0.4991556704044342 0.20641003549098969 0.0
v 0.4787645637989044 0.2195822149515152 0.0
v 0.5832552909851074 0.28521105647087097 0.0
v 0.49485400319099426 0.04355098679661751 0.0
v 0.5370864272117615 0.03676840662956238 0.0
v 0.9701032638549805 0.41945934295654297 0.0
v 0.5914449095726013 0.33247554302215576 0.0
v 0.7919090986251831 0.050759028643369675 0.0
v 0.8135567307472229 0.05759778618812561 0.0
v 0.8116892576217651 0.03562283143401146 0.0
v 0.26802200078964233 0.9573429226875305 0.0
v 0.052702996879816055 0.2827705144882202 0.0
v 0.05598261207342148 0.30774402618408203 0.0
v 0.07805328816175461 0.31510624289512634 0.0
v 0.05953238531947136 0.33139437437057495 0.0
v 0.04468339681625366 0.25693514943122864 0.0
v 0.0818631574511528 0.3402697443962097 0.0
v 0.06121678277850151 0.35629579424858093 0.0
v 0.9499556422233582 0.7586392760276794 0.0
v 0.39335983991622925 0.27214938402175903 0.0
v 0.45781514048576355 0.43558940291404724 0.0
v 0.4770137071609497 0.4207283854484558 0.0
v 0.8698775172233582 0.9591538310050964 0.0
v 0.029101533815264702 0.6241204142570496 0.0
v 0.3994949460029602 0.13456353545188904 0.0
v 0.4192345142364502 0.4650763273239136 0.0
v 0.38275155425071716 0.11931069940328598 0.0
v 0.38048291206359863 0.4945264160633087 0.0
v 0.7689976692199707 0.04157915711402893 0.0
v 0.4535479247570038 0.04588817432522774 0.0
v 0.2599949538707733 0.20473246276378632 0.0
v 0.45212745666503906 0.12397163361310959 0.0
v 0.3527320623397827 0.15286289155483246 0.0
v 0.8479273915290833 0.9715164303779602 0.0
v 0.061516083776950836 0.40310779213905334 0.0
v 0.9531298279762268 0.9462301731109619 0.0
v 0.9737697243690491 0.9619959592819214 0.0
v 0.04574570432305336 0.7721745371818542 0.0
v 0.30430322885513306 0.17326834797859192 0.0
v 0.4143863320350647 0.2831718325614929 0.0
v 0.9600398540496826 0.181789830327034 0.0
v 0.9635761976242065 0.20644603669643402 0.0
v 0.24020174145698547 0.22035819292068481 0.0
v 0.21574898064136505 0.21018321812152863 0.0
v 0.19713856279850006 0.22872747480869293 0.0
v 0.19250589609146118 0.2015073299407959 0.0
v 0.1702681928873062 0.21910040080547333 0.0
v 0.17934761941432953 0.24616311490535736 0.0
v 0.9602276086807251 0.8319936990737915 0.0
v 0.3573417663574219 0.1244298666715622 0.0
v 0.30095309019088745 0.5536555647850037 0.0
v 0.27714455127716064 0.16503331065177917 0.0
v 0.36108431220054626 0.5092486143112183 0.0
v 0.36433324217796326 0.5333361029624939 0.0
v 0.3409039378166199 0.5239895582199097 0.0
v 0.34427884221076965 0.5481870770454407 0.0
v 0.388942152261734 0.5672572255134583 0.0
v 0.3462946116924286 0.7343482375144958 0.0
v 0.4156699478626251 0.30696576833724976 0.0
v 0.45917099714279175 0.2099258452653885 0.0
v 0.45825880765914917 0.23234598338603973 0.0
v 0.6066108345985413 0.29441919922828674 0.0
v 0.5812351107597351 0.26115506887435913 0.0
v 0.18360461294651031 0.2723401188850403 0.0
v 0.1562352180480957 0.26285406947135925 0.0
v 0.1465301662683487 0.3084295988082886 0.0
v 0.1284143179655075 0.32695648074150085 0.0
v 0.10243780165910721 0.3220522999763489 0.0
v 0.09376314282417297 0.36292126774787903 0.0
v 0.3265646994113922 0.749236524105072 0.0
v 0.32996708154678345 0.7739269733428955 0.0
v 0.30696579813957214 0.7642274498939514 0.0
v 0.31023547053337097 0.7888961434364319 0.0
v 0.28740784525871277 0.7793111205101013 0.0
v 0.0920783281326294 0.6041889190673828 0.0
v 0.9760197401046753 0.911597728729248 0.0
v 0.9540713429450989 0.8959164023399353 0.0
v 0.5855592489242554 0.10359586775302887 0.0
v 0.4480559229850769 0.6846240162849426 0.0
v 0.4673466086387634 0.6693786978721619 0.0
v 0.4905812740325928 0.678905189037323 0.0
v 0.42453861236572266 0.6748935580253601 0.0
v 0.48671144247055054 0.6543447375297546 0.0
v 0.40459397435188293 0.6895639896392822 0.0
v 0.519909143447876 0.1938352882862091 0.0
v 0.5445391535758972 0.19789204001426697 0.0
v 0.5576682686805725 0.218336284160614 0.0
v 0.45298585295677185 0.4113086760044098 0.0
v 0.6871466040611267 0.23640340566635132 0.0
v 0.6932791471481323 0.28446587920188904 0.0
v 0.5101614594459534 0.6639981269836426 0.0
v 0.5062187314033508 0.6394425630569458 0.0
v 0.5551152229309082 0.3621383309364319 0.0
v 0.5350712537765503 0.37690964341163635 0.0
v 0.9747878313064575 0.12044660747051239 0.0
v 0.3207024931907654 0.5389108061790466 0.0
v 0.6995418667793274 0.3328455686569214 0.0
v 0.6111410856246948 0.3181328773498535 0.0
v 0.36560237407684326 0.7191976308822632 0.0
v 0.2650514245033264 0.6076055765151978 0.0
v 0.2619149684906006 0.5831124186515808 0.0
v 0.16857822239398956 0.8698785901069641 0.0
v 0.7497789859771729 0.05713193118572235 0.0
v 0.7269939184188843 0.044436078518629074 0.0
v 0.0382506400346756 0.17959824204444885 0.0
v 0.49731796979904175 0.7278293371200562 0.0
v 0.8656414151191711 0.28316783905029297 0.0
v 0.5967215299606323 0.3564036190509796 0.0
v 0.2838798761367798 0.7545685768127441 0.0
v 0.26419514417648315 0.7696632742881775 0.0
v 0.29047781229019165 0.8039385676383972 0.0
v 0.9404433965682983 0.037071917206048965 0.0
v 0.43187761306762695 0.561773419380188 0.0
v 0.4577499032020569 0.7577922344207764 0.0
v 0.4115853011608124 0.576784074306488 0.0
v 0.15986321866512299 0.6327563524246216 0.0
v 0.1630326807498932 0.657329797744751 0.0
v 0.15717412531375885 0.6083332300186157 0.0
v 0.1769360601902008 0.5936157703399658 0.0
v 0.6778742074966431 0.16470083594322205 0.0
v 0.6224426627159119 0.39020127058029175 0.0
v 0.4959830939769745 0.24931801855564117 0.0
v 0.8720231652259827 0.332223504781723 0.0
v 0.3465242087841034 0.5726304650306702 0.0
v 0.43928539752960205 0.021768301725387573 0.0
v 0.9534936547279358 0.4592459499835968 0.0
v 0.41663187742233276 0.2351101040840149 0.0
v 0.4144198000431061 0.6011817455291748 0.0
v 0.7760281562805176 0.7553159594535828 0.0
v 0.7957916259765625 0.7402193546295166 0.0
v 0.7904662489891052 0.3679015338420868 0.0
v 0.4381072521209717 0.4500875473022461 0.0
v 0.5297266244888306 0.6491026282310486 0.0
v 0.5257388949394226 0.6245736479759216 0.0
v 0.5492791533470154 0.6342183947563171 0.0
v 0.5460137128829956 0.6098009943962097 0.0
v 0.20990823209285736 0.5156868100166321 0.0
v 0.2293785661458969 0.5009731650352478 0.0
v 0.1783059686422348 0.43429338932037354 0.0
v 0.15682189166545868 0.4243815541267395 0.0
v 0.19763565063476562 0.41972875595092773 0.0
v 0.19570253789424896 0.3956923484802246 0.0
v 0.24824383854866028 0.6468569040298462 0.0
v 0.2366809844970703 0.3904583156108856 0.0
v 0.4416750371456146 0.33986762166023254 0.0
v 0.7715466618537903 0.22152161598205566 0.0
v 0.7809229493141174 0.2950630784034729 0.0
v 0.5480515360832214 0.47331947088241577 0.0
v 0.7135007977485657 0.021013109013438225 0.0
v 0.857891321182251 0.558813750743866 0.0
v 0.8350362181663513 0.5488625764846802 0.0
v 0.8319196105003357 0.524310290813446 0.0
v 0.2747960388660431 0.36180102825164795 0.0
v 0.25435611605644226 0.3533087372779846 0.0
v 0.29479897022247314 0.3472360372543335 0.0
v 0.5138379335403442 0.6883955001831055 0.0
v 0.2422453910112381 0.5979833006858826 0.0
v 0.23895642161369324 0.5735260248184204 0.0
v 0.13991190493106842 0.46219882369041443 0.0
v 0.49413976073265076 0.703336238861084 0.0
v 0.2937396168708801 0.6659704446792603 0.0
v 0.7824766039848328 0.8045443296432495 0.0
v 0.7594711780548096 0.7950077652931213 0.0
v 0.2813451886177063 0.5683186054229736 0.0
v 0.4775169789791107 0.7428123354911804 0.0
v 0.46088436245918274 0.7823482751846313 0.0
v 0.4411294758319855 0.7973697781562805 0.0
v 0.7711837887763977 0.38314905762672424 0.0
v 0.019755711778998375 0.6873788833618164 0.0
v 0.5924115180969238 0.6286943554878235 0.0
v 0.5893208980560303 0.604289174079895 0.0
v 0.6087702512741089 0.589647650718689 0.0
v 0.5862143039703369 0.5799055099487305 0.0
v 0.565738320350647 0.5947906374931335 0.0
v 0.6040547490119934 0.5650789737701416 0.0
v 0.6314682364463806 0.5991654992103577 0.0
v 0.6500922441482544 0.5839908123016357 0.0
v 0.6732112765312195 0.5931628942489624 0.0
v 0.33262404799461365 0.31858471035957336 0.0
v 0.3134787380695343 0.3109944760799408 0.0
v 0.3506399691104889 0.30058497190475464 0.0
v 0.2876160740852356 0.45688310265541077 0.0
v 0.3886970281600952 0.7288589477539062 0.0
v 0.5315247178077698 0.5123817324638367 0.0
v 0.5090792179107666 0.5028984546661377 0.0
v 0.345619797706604 0.4129140079021454 0.0
v 0.4035048484802246 0.3690013587474823 0.0
v 0.49256810545921326 0.542014479637146 0.0
v 0.4701657295227051 0.5324409008026123 0.0
v 0.9791415333747864 0.3611289858818054 0.0
v 0.9783576130867004 0.48751434683799744 0.0
v 0.9569876194000244 0.5004298090934753 0.0
v 0.9576948285102844 0.5250229835510254 0.0
v 0.9347694516181946 0.5144327282905579 0.0
v 0.9785117506980896 0.5374761819839478 0.0
v 0.9578182101249695 0.5499362945556641 0.0
v 0.9785546064376831 0.5624596476554871 0.0
v 0.9569033980369568 0.5749130845069885 0.0
v 0.956693172454834 0.5998902916908264 0.0
v 0.931143045425415 0.5844687819480896 0.0
v 0.9341795444488525 0.6118422150611877 0.0
v 0.9562008380889893 0.6241530776023865 0.0
v 0.9370490908622742 0.5582758784294128 0.0
v 0.39486753940582275 0.6160068511962891 0.0
v 0.5000645518302917 0.43037521839141846 0.0
v 0.4967656433582306 0.40618452429771423 0.0
v 0.515155017375946 0.3916534185409546 0.0
v 0.5094959735870361 0.3680726885795593 0.0
v 0.5385844111442566 0.40096211433410645 0.0
v 0.3996937572956085 0.4798126518726349 0.0
v 0.560786247253418 0.2761771082878113 0.0
v 0.5758777856826782 0.2357349991798401 0.0
v 0.24750080704689026 0.8093401193618774 0.0
v 0.2444078028202057 0.7846869826316833 0.0
v 0.22138634324073792 0.7750518321990967 0.0
v 0.24117420613765717 0.7600538730621338 0.0
v 0.21820645034313202 0.750417947769165 0.0
v 0.23791223764419556 0.7354055643081665 0.0
v 0.6647796630859375 0.7321290373802185 0.0
v 0.64372718334198 0.7212944626808167 0.0
v 0.6623960733413696 0.7070286870002747 0.0
v 0.5693758726119995 0.6192274689674377 0.0
v 0.20156249403953552 0.7900747060775757 0.0
v 0.9784083962440491 0.312425822019577 0.0
v 0.9570847749710083 0.3242662250995636 0.0
v 0.9553209543228149 0.29954373836517334 0.0
v 0.9750332236289978 0.26225143671035767 0.0
v 0.8453813195228577 0.46048012375831604 0.0
v 0.825710117816925 0.47531548142433167 0.0
v 0.8288214206695557 0.4997522234916687 0.0
v 0.8516281247138977 0.5095430612564087 0.0
v 0.8422661423683167 0.43590018153190613 0.0
v 0.7720701098442078 0.8938599824905396 0.0
v 0.2680392861366272 0.4715656638145447 0.0
v 0.3361181318759918 0.8231707215309143 0.0
v 0.7056434750556946 0.7018125057220459 0.0
v 0.6344270706176758 0.8361248970031738 0.0
v 0.6314141750335693 0.8116240501403809 0.0
v 0.6542581915855408 0.8210889101028442 0.0
v 0.5530351400375366 0.6585615873336792 0.0
v 0.4346373379230499 0.9765415191650391 0.0
v 0.312429815530777 0.9784360527992249 0.0
v 0.32691603899002075 0.957527220249176 0.0
v 0.2988399863243103 0.9586365222930908 0.0
v 0.6126010417938232 0.9784609079360962 0.0
v 0.6252829432487488 0.9526456594467163 0.0
v 0.6000076532363892 0.9567243456840515 0.0
v 0.049795277416706085 0.3813125789165497 0.0
v 0.03658537194132805 0.3612518012523651 0.0
v 0.22610414028167725 0.4768407642841339 0.0
v 0.18282519280910492 0.6425144672393799 0.0
v 0.14878103137016296 0.8850107789039612 0.0
v 0.5821025967597961 0.7169579267501831 0.0
v 0.8187369704246521 0.7497937083244324 0.0
v 0.6769482493400574 0.6178465485572815 0.0
v 0.6959161758422852 0.6033246517181396 0.0
v 0.6926102042198181 0.5782429575920105 0.0
v 0.12574473023414612 0.8753439784049988 0.0
v 0.33307597041130066 0.6362375020980835 0.0
v 0.36231523752212524 0.9800564646720886 0.0
v 0.38709965348243713 0.9795036315917969 0.0
v 0.02179129794239998 0.7367483973503113 0.0
v 0.5719066262245178 0.8566247820854187 0.0
v 0.5497576594352722 0.846308171749115 0.0
v 0.529431164264679 0.8618350625038147 0.0
v 0.5268367528915405 0.8367921710014343 0.0
v 0.5707333087921143 0.8314247131347656 0.0
v 0.53263258934021 0.886511504650116 0.0
v 0.589853048324585 0.468065470457077 0.0
v 0.4974333941936493 0.2723667323589325 0.0
v 0.18590031564235687 0.6670206189155579 0.0
v 0.1661285161972046 0.6819032430648804 0.0
v 0.6300172805786133 0.12194246053695679 0.0
v 0.9782945513725281 0.6122954487800598 0.0
v 0.5614768862724304 0.9754780530929565 0.0
v 0.4735235571861267 0.8808631300926208 0.0
v 0.7318598031997681 0.5733782052993774 0.0
v 0.6255599856376648 0.4143558442592621 0.0
v 0.7249686121940613 0.5249627828598022 0.0
v 0.6624952554702759 0.97977614402771 0.0
v 0.6870837807655334 0.9785836338996887 0.0
v 0.8148807883262634 0.8884142637252808 0.0
v 0.8379040956497192 0.8980457186698914 0.0
v 0.7626512050628662 0.8196885585784912 0.0
v 0.7364811301231384 0.7854692935943604 0.0
v 0.7167187929153442 0.8005488514900208 0.0
v 0.37565192580223083 0.7931816577911377 0.0
v 0.8054414391517639 0.8141891360282898 0.0
v 0.022083094343543053 0.7872921824455261 0.0
v 0.04625394940376282 0.7975967526435852 0.0
v 0.03324694558978081 0.8390468955039978 0.0
v 0.05643431469798088 0.8460705876350403 0.0
v 0.281995564699173 0.04857303947210312 0.0
v 0.6030520796775818 0.40495502948760986 0.0
v 0.6191244721412659 0.36604219675064087 0.0
v 0.17665569484233856 0.9427541494369507 0.0
v 0.19925467669963837 0.9556813836097717 0.0
v 0.602271318435669 0.246043398976326 0.0
v 0.2122846394777298 0.9790812134742737 0.0
v 0.18751592934131622 0.9796181321144104 0.0
v 0.7371635437011719 0.9744713306427002 0.0
v 0.9793656468391418 0.7352543473243713 0.0
v 0.38759782910346985 0.023933030664920807 0.0
v 0.9796472191810608 0.6859539151191711 0.0
v 0.7876651883125305 0.9797181487083435 0.0
v 0.7996808886528015 0.9560477137565613 0.0
v 0.9785939455032349 0.7881198525428772 0.0
v 0.13740552961826324 0.9747908115386963 0.0
v 0.111481674015522 0.9785323739051819 0.0
v 0.09536293894052505 0.9562776684761047 0.0
v 0.8620073199272156 0.02179851569235325 0.0
v 0.8501713871955872 0.042402483522892 0.0
v 0.8741050362586975 0.04258611425757408 0.0
v 0.8619903326034546 0.06591785699129105 0.0
v 0.887836754322052 0.021895943209528923 0.0
v 0.020651714876294136 0.8868703246116638 0.0
v 0.04406067728996277 0.8966999053955078 0.0
v 0.9794593453407288 0.06093364953994751 0.0
v 0.06247154250741005 0.9796130061149597 0.0
v 0.9118831157684326 0.9755951166152954 0.0
v 0.07971371710300446 0.1769675612449646 0.0
v 0.021650634706020355 0.0625 0.0
v 0.042992547154426575 0.04958273097872734 0.0
v 0.040691155940294266 0.022942528128623962 0.0
v 0.06495186686515808 0.03749999776482582 0.0
v 0.11249999701976776 0.021650634706020355 0.0
v 0.1875 0.021650634706020355 0.0
v 0.20000000298023224 0.04330124706029892 0.0
v 0.16224345564842224 0.025102226063609123 0.0
v 0.23838414251804352 0.024210821837186813 0.0
v 0.021293146535754204 0.2628008723258972 0.0
v 0.020602958276867867 0.31270715594291687 0.0
v 0.08565054833889008 0.06325697153806686 0.0
v 0.02067004144191742 0.4107494354248047 0.0
v 0.046074509620666504 0.09334316849708557 0.0
v 0.06683258712291718 0.24180252850055695 0.0
v 0.11910195648670197 0.14617814123630524 0.0
v 0.1291075348854065 0.2192065566778183 0.0
v 0.15848718583583832 0.11540982872247696 0.0
v 0.16894733905792236 0.1896539330482483 0.0
v 0.2083062380552292 0.15901367366313934 0.0
v 0.22102461755275726 0.09406811743974686 0.0
v 0.13530531525611877 0.10605548322200775 0.0
v 0.2714640200138092 0.1380343735218048 0.0
v 0.8784058690071106 0.3812893033027649 0.0
v 0.21192418038845062 0.1845141053199768 0.0
v 0.11561427265405655 0.12143803387880325 0.0
v 0.34780260920524597 0.04724841192364693 0.0
v 0.21601612865924835 0.06538287550210953 0.0
v 0.09592044353485107 0.1368212103843689 0.0
v 0.07639110088348389 0.15219935774803162 0.0
v 0.05811130627989769 0.16686175763607025 0.0
v 0.2839552164077759 0.07279177755117416 0.0
v 0.8679322004318237 0.7936652898788452 0.0
v 0.500389039516449 0.752350389957428 0.0
v 0.8253520727157593 0.6368348002433777 0.0
v 0.6099427938461304 0.7765997648239136 0.0
v 0.937454342842102 0.8208764791488647 0.0
v 0.14328928291797638 0.6722682118415833 0.0
v 0.887153148651123 0.9420868158340454 0.0
v 0.8347484469413757 0.8732884526252747 0.0
v 0.8712466955184937 0.8183150291442871 0.0
v 0.9006518721580505 0.8774195313453674 0.0
v 0.8121635317802429 0.7008265256881714 0.0
v 0.2933579385280609 0.828607439994812 0.0
v 0.5985450148582458 0.19854755699634552 0.0
v 0.882057785987854 0.24346286058425903 0.0
v 0.461191326379776 0.3251960277557373 0.0
v 0.4379861354827881 0.7727861404418945 0.0
v 0.4927976131439209 0.8658401966094971 0.0
v 0.87153160572052 0.6558652520179749 0.0
v 0.4703175723552704 0.8562109470367432 0.0
v 0.1035824790596962 0.5165621042251587 0.0
v 0.1952672302722931 0.7407944202423096 0.0
v 0.6467050313949585 0.9349083304405212 0.0
v 0.2835705876350403 0.43305128812789917 0.0
v 0.3501311242580414 0.9445582628250122 0.0
v 0.6209351420402527 0.9004092812538147 0.0
v 0.8580048680305481 0.7201043367385864 0.0
v 0.5123199820518494 0.16262909770011902 0.0
v 0.6515339612960815 0.7968178987503052 0.0
v 0.4600238502025604 0.9452068209648132 0.0
v 0.3224756121635437 0.887584388256073 0.0
v 0.703248143196106 0.8649298548698425 0.0
v 0.6834517121315002 0.8800000548362732 0.0
v 0.12975342571735382 0.7365370988845825 0.0
v 0.256797194480896 0.8833595514297485 0.0
v 0.732181191444397 0.4131380319595337 0.0
v 0.5482767820358276 0.7957010269165039 0.0
v 0.9204288125038147 0.6996014714241028 0.0
v 0.40474849939346313 0.8520379066467285 0.0
v 0.8025199174880981 0.6271825432777405 0.0
v 0.562583327293396 0.7319648861885071 0.0
v 0.9251387119293213 0.8869069814682007 0.0
v 0.07800553739070892 0.6681356430053711 0.0
v 0.5831896066665649 0.9344637989997864 0.0
v 0.9120655655860901 0.1409941166639328 0.0
v 0.3354363739490509 0.4997651278972626 0.0
v 0.41331949830055237 0.4410116672515869 0.0
v 0.34261128306388855 0.7096496224403381 0.0
v 0.29676342010498047 0.5292205214500427 0.0
v 0.6014462113380432 0.7016854286193848 0.0
v 0.37404924631118774 0.470380961894989 0.0
v 0.8827223181724548 0.08220227807760239 0.0
v 0.8404450416564941 0.0852939561009407 0.0
v 0.6800163984298706 0.5057784914970398 0.0
v 0.7294189929962158 0.8992395997047424 0.0
v 0.32624804973602295 0.42763152718544006 0.0
v 0.9502226710319519 0.08680177479982376 0.0
v 0.26748165488243103 0.7943195104598999 0.0
v 0.7893028855323792 0.6912970542907715 0.0
v 0.135986790060997 0.7858278155326843 0.0
v 0.6542719006538391 0.4721220135688782 0.0
v 0.6408916711807251 0.67204749584198 0.0
v 0.618762195110321 0.5256530046463013 0.0
v 0.38672900199890137 0.5428206324577332 0.0
v 0.5674195289611816 0.45857763290405273 0.0
v 0.5252542495727539 0.32910946011543274 0.0
v 0.8226198554039001 0.4507639706134796 0.0
v 0.7187952995300293 0.4762725234031677 0.0
v 0.5017773509025574 0.6148173213005066 0.0
v 0.5407130718231201 0.5851795673370361 0.0
v 0.907634973526001 0.43999674916267395 0.0
v 0.11935795098543167 0.8256967663764954 0.0
v 0.5806421041488647 0.5555526614189148 0.0
v 0.8725516200065613 0.17107222974300385 0.0
v 0.799261748790741 0.6026450395584106 0.0
v 0.46340686082839966 0.6447623372077942 0.0
v 0.10688193887472153 0.726934015750885 0.0
v 0.3104709982872009 0.6266732811927795 0.0
v 0.7803983092308044 0.456038236618042 0.0
v 0.6240264177322388 0.9252312183380127 0.0
v 0.23465728759765625 0.7107958793640137 0.0
v 0.7930237650871277 0.5536562204360962 0.0
v 0.18739564716815948 0.5062590837478638 0.0
v 0.9444020390510559 0.22248539328575134 0.0
v 0.23697006702423096 0.8984190821647644 0.0
v 0.7918960452079773 0.8787783980369568 0.0
v 0.6866733431816101 0.3946074843406677 0.0
v 0.6736783981323242 0.45732226967811584 0.0
v 0.9424490928649902 0.3854682445526123 0.0
v 0.8555851578712463 0.37187546491622925 0.0
v 0.26812052726745605 0.63197922706604 0.0
v 0.35282981395721436 0.7835518717765808 0.0
v 0.7135186791419983 0.7759389877319336 0.0
v 0.32574233412742615 0.9118461608886719 0.0
v 0.7866417169570923 0.5047937631607056 0.0
v 0.9316189289093018 0.28787389397621155 0.0
v 0.6418583393096924 0.0597086139023304 0.0
v 0.8433761596679688 0.11205440014600754 0.0
v 0.3412226140499115 0.3892325758934021 0.0
v 0.8195244073867798 0.42630279064178467 0.0
v 0.38496851921081543 0.8670679330825806 0.0
v 0.9424840211868286 0.709323525428772 0.0
v 0.5704804062843323 0.48280665278434753 0.0
v 0.3881088197231293 0.8917748332023621 0.0
v 0.174045592546463 0.5693172216415405 0.0
v 0.0560573935508728 0.6580597162246704 0.0
v 0.3027039170265198 0.41840386390686035 0.0
v 0.7064328789710999 0.8896234631538391 0.0
v 0.7844240665435791 0.15847060084342957 0.0
v 0.8073598742485046 0.1673070788383484 0.0
v 0.145531564950943 0.8601706624031067 0.0
v 0.738673985004425 0.14383672177791595 0.0
v 0.360417902469635 0.3746469020843506 0.0
v 0.7332726716995239 0.7609105706214905 0.0
v 0.33281663060188293 0.11500325798988342 0.0
v 0.38148191571235657 0.6796863079071045 0.0
v 0.8752246499061584 0.3567577004432678 0.0
v 0.41102853417396545 0.9013704061508179 0.0
v 0.9112578630447388 0.4650329649448395 0.0
v 0.18806609511375427 0.8544625043869019 0.0
v 0.8363484144210815 0.22534742951393127 0.0
v 0.384146124124527 0.3837602436542511 0.0
v 0.15158569812774658 0.5598268508911133 0.0
v 0.2110522836446762 0.8640973567962646 0.0
v 0.10999436676502228 0.7515928149223328 0.0
v 0.33307600021362305 0.7985150814056396 0.0
v 0.3362373113632202 0.022083207964897156 0.0
v 0.6585172414779663 0.17881418764591217 0.0
v 0.6947968602180481 0.955703616142273 0.0
v 0.8492167592048645 0.32286322116851807 0.0
v 0.5285744071006775 0.4881172180175781 0.0
v 0.3987678289413452 0.3454744815826416 0.0
v 0.6909863352775574 0.1015881597995758 0.0
v 0.868848443031311 0.3076627254486084 0.0
v 0.7491534948348999 0.8841826915740967 0.0
v 0.044255416840314865 0.7474000453948975 0.0
v 0.9349176287651062 0.4730331599712372 0.0
v 0.41830867528915405 0.33082157373428345 0.0
v 0.7562634944915771 0.7704092264175415 0.0
v 0.11311300098896027 0.7762572765350342 0.0
v 0.41427844762802124 0.9257999062538147 0.0
v 0.31325584650039673 0.8135586380958557 0.0
v 0.2575266361236572 0.7203977108001709 0.0
v 0.6768031716346741 0.4815380573272705 0.0
v 0.6112256646156311 0.13674813508987427 0.0
v 0.2908019423484802 0.6415078639984131 0.0
v 0.26081815361976624 0.7450188994407654 0.0
v 0.8428303599357605 0.2739483118057251 0.0
v 0.7675403952598572 0.3596070110797882 0.0
v 0.7727825045585632 0.7308104634284973 0.0
v 0.48675039410591125 0.4934149384498596 0.0
v 0.11620928347110748 0.8009957671165466 0.0
v 0.5238186120986938 0.10092952847480774 0.0
v 0.022325478494167328 0.9367449879646301 0.0
v 0.7924588322639465 0.7157757878303528 0.0
v 0.8623458743095398 0.258787602186203 0.0
v 0.7840207815170288 0.31953442096710205 0.0
v 0.61867755651474 0.05019042268395424 0.0
v 0.6993582248687744 0.49100157618522644 0.0
v 0.48967137932777405 0.5176960229873657 0.0
v 0.7523146867752075 0.9089374542236328 0.0
v 0.5285847187042236 0.35299044847488403 0.0
v 0.09758273512125015 0.44135627150535583 0.0
v 0.757453978061676 0.28907662630081177 0.0
v 0.7552460432052612 0.9333433508872986 0.0
v 0.1422846019268036 0.8353323340415955 0.0
v 0.6617578268051147 0.2028045803308487 0.0
v 0.8030436635017395 0.4656013250350952 0.0
v 0.7543476223945618 0.26491814851760864 0.0
v 0.447950154542923 0.5228464603424072 0.0
v 0.4189789891242981 0.10184366255998611 0.0
v 0.6077991724014282 0.1127355694770813 0.0
v 0.41913968324661255 0.9534842371940613 0.0
v 0.20241987705230713 0.2548523247241974 0.0
v 0.7103477120399475 0.08663961291313171 0.0
v 0.4769088327884674 0.058846671134233475 0.0
v 0.7750934958457947 0.24582993984222412 0.0
v 0.8061503767967224 0.49001818895339966 0.0
v 0.7024363279342651 0.5152835845947266 0.0
v 0.24537859857082367 0.4622219204902649 0.0
v 0.5790313482284546 0.21108447015285492 0.0
v 0.45393529534339905 0.5715706944465637 0.0
v 0.11475586146116257 0.6136742830276489 0.0
v 0.815425455570221 0.7253211140632629 0.0
v 0.6148262023925781 0.02478812262415886 0.0
v 0.878961980342865 0.2190212905406952 0.0
v 0.8875697255134583 0.778658390045166 0.0
v 0.30345094203948975 0.7395791411399841 0.0
v 0.6840781569480896 0.21246802806854248 0.0
v 0.7480449080467224 0.21665392816066742 0.0
v 0.19414032995700836 0.37172573804855347 0.0
v 0.907296359539032 0.7637262344360352 0.0
v 0.7058142423629761 0.5391741991043091 0.0
v 0.15445443987846375 0.5840469002723694 0.0
v 0.35488754510879517 0.2696996331214905 0.0
v 0.8383597731590271 0.7348219156265259 0.0
v 0.8092661499977112 0.514474093914032 0.0
v 0.7071000933647156 0.0625312402844429 0.0
v 0.5671691298484802 0.11874092370271683 0.0
v 0.21433807909488678 0.8888183236122131 0.0
v 0.486782044172287 0.021026955917477608 0.0
v 0.08949877321720123 0.5799031257629395 0.0
v 0.13937759399414062 0.28565531969070435 0.0
v 0.8612911701202393 0.7444537281990051 0.0
v 0.4509401023387909 0.5471635460853577 0.0
v 0.8646127581596375 0.7690474390983582 0.0
v 0.5635645985603333 0.09496815502643585 0.0
v 0.2174646258354187 0.913530170917511 0.0
v 0.7448643445968628 0.19255147874355316 0.0
v 0.22047863900661469 0.937932550907135 0.0
v 0.2584531009197235 0.558792233467102 0.0
v 0.06856656074523926 0.5942650437355042 0.0
v 0.13763932883739471 0.4376618564128876 0.0
v 0.8123977780342102 0.5389494299888611 0.0
v 0.6679063439369202 0.25063246488571167 0.0
v 0.9314190149307251 0.7722746133804321 0.0
v 0.4898073971271515 0.9774660468101501 0.0
v 0.8591961860656738 0.234418585896492 0.0
v 0.4281463623046875 0.699307382106781 0.0
v 0.04512578994035721 0.5811294913291931 0.0
v 0.741681694984436 0.16814365983009338 0.0
v 0.8155479431152344 0.5634600520133972 0.0
v 0.8976951837539673 0.045007430016994476 0.0
v 0.36680781841278076 0.5575351119041443 0.0
v 0.13567666709423065 0.4136618375778198 0.0
v 0.6902211904525757 0.26048994064331055 0.0
v 0.38516107201576233 0.7043343782424927 0.0
v 0.1346774846315384 0.5988807678222656 0.0
v 0.8754370808601379 0.19507646560668945 0.0
v 0.3888504207134247 0.04684064909815788 0.0
v 0.8187050223350525 0.587958037853241 0.0
v 0.5571097731590271 0.04704738408327103 0.0
v 0.6739680171012878 0.2986091375350952 0.0
v 0.8220272064208984 0.6124808192253113 0.0
v 0.9107622504234314 0.6010698676109314 0.0
v 0.12370004504919052 0.5014654397964478 0.0
v 0.15742675960063934 0.23923663794994354 0.0
v 0.8451706171035767 0.6221955418586731 0.0
v 0.17629066109657288 0.4097461402416229 0.0
v 0.8688325881958008 0.6317845582962036 0.0
v 0.6964398622512817 0.308635950088501 0.0
v 0.021152528002858162 0.563276469707489 0.0
v 0.888975203037262 0.6166002154350281 0.0
v 0.68036288022995 0.3469206988811493 0.0
v 0.9580613374710083 0.8024553656578064 0.0
v 0.8949301838874817 0.17989933490753174 0.0
v 0.7814337015151978 0.1342024803161621 0.0
v 0.08383882790803909 0.5042751431465149 0.0
v 0.9350212812423706 0.6366651058197021 0.0
v 0.04327723756432533 0.22947366535663605 0.0
v 0.9146339893341064 0.1648022085428238 0.0
v 0.7027666568756104 0.35679155588150024 0.0
v 0.3125 0.02034631557762623 0.0
v 0.023096339777112007 0.11400739848613739 0.0
v 0.1745927482843399 0.38570156693458557 0.0
v 0.9343172907829285 0.14965851604938507 0.0
v 0.4371607303619385 0.24625708162784576 0.0
v 0.9798154234886169 0.037927985191345215 0.0
v 0.01937728561460972 0.9614114165306091 0.0
v 0.020942673087120056 0.5137026906013489 0.0
v 0.6654796600341797 0.020107051357626915 0.0
v 0.06521156430244446 0.5174756646156311 0.0
v 0.9369962215423584 0.3370976448059082 0.0
v 0.6528719663619995 0.9587739706039429 0.0
v 0.21542011201381683 0.3811933696269989 0.0
v 0.7063363194465637 0.3803899586200714 0.0
v 0.6228556036949158 0.5503162741661072 0.0
v 0.0422617644071579 0.723228394985199 0.0
v 0.37444838881492615 0.25822845101356506 0.0
v 0.6271402835845947 0.5745956897735596 0.0
v 0.7296866774559021 0.38977697491645813 0.0
v 0.5419724583625793 0.08616109937429428 0.0
v 0.6687375903129578 0.568852424621582 0.0
v 0.7491337656974792 0.3749444782733917 0.0
v 0.4724244475364685 0.3968183398246765 0.0
v 0.5856108069419861 0.020559892058372498 0.0
v 0.05315423011779785 0.9583450555801392 0.0
v 0.7641584277153015 0.33582887053489685 0.0
v 0.2619500458240509 0.9803862571716309 0.0
v 0.5570760369300842 0.17987371981143951 0.0
v 0.09681552648544312 0.2986912131309509 0.0
v 0.742089569568634 0.6474500894546509 0.0
v 0.7252456545829773 0.68703293800354 0.0
v 0.6837471127510071 0.6916779279708862 0.0
v 0.5711830854415894 0.34641745686531067 0.0
v 0.23461958765983582 0.36728811264038086 0.0
v 0.709462583065033 0.5627978444099426 0.0
v 0.6426632404327393 0.6952021718025208 0.0
v 0.019074734300374985 0.4625000059604645 0.0
v 0.11367067694664001 0.9390940070152283 0.0
v 0.6230944991111755 0.7105386257171631 0.0
v 0.9577870965003967 0.15777994692325592 0.0
v 0.14631639420986176 0.04279450699687004 0.0
v 0.6298444867134094 0.7888416647911072 0.0
v 0.717570960521698 0.6129572987556458 0.0
v 0.11860343813896179 0.45109012722969055 0.0
v 0.06733182817697525 0.8945453763008118 0.0
v 0.3297157883644104 0.9345560669898987 0.0
v 0.7136715054512024 0.5881462693214417 0.0
v 0.04451935365796089 0.5301451683044434 0.0
v 0.5391491055488586 0.061768364161252975 0.0
v 0.7572348117828369 0.9562689661979675 0.0
v 0.6099697351455688 0.8039655685424805 0.0
v 0.286462664604187 0.9397182464599609 0.0
v 0.5909161567687988 0.8168601989746094 0.0
v 0.7390714287757874 0.6229059100151062 0.0
v 0.9797475934028625 0.43992185592651367 0.0
v 0.5488736629486084 0.8211669921875 0.0
v 0.7231841087341309 0.6622750759124756 0.0
v 0.4152790307998657 0.25890275835990906 0.0
v 0.25313600897789 0.33113032579421997 0.0
v 0.507936954498291 0.8246747255325317 0.0
v 0.9577736854553223 0.6489700675010681 0.0
v 0.12136948853731155 0.4756316542625427 0.0
v 0.825840413570404 0.9616959691047668 0.0
v 0.23359215259552002 0.34446385502815247 0.0
v 0.01840347796678543 0.48750001192092896 0.0
v 0.1563190221786499 0.9568776488304138 0.0
v 0.9797610640525818 0.6619070172309875 0.0
v 0.04045596718788147 0.6983398795127869 0.0
v 0.019142519682645798 0.21302269399166107 0.0
v 0.9584488868713379 0.3478357791900635 0.0
v 0.761067807674408 0.1512291580438614 0.0
v 0.6252482533454895 0.736285924911499 0.0
v 0.9814549684524536 0.8383577466011047 0.0
v 0.42631784081459045 0.04126405715942383 0.0
v 0.6279210448265076 0.7619601488113403 0.0
v 0.9611846804618835 0.9812177419662476 0.0
v 0.22710514068603516 0.9607692956924438 0.0
v 0.5204067230224609 0.9500241875648499 0.0
v 0.762060821056366 0.0192332174628973 0.0
v 0.3344152867794037 0.13838638365268707 0.0
v 0.7767035961151123 0.11217721551656723 0.0
v 0.04198527708649635 0.07174161076545715 0.0
v 0.6996931433677673 0.0399128794670105 0.0
v 0.9122487902641296 0.5156698822975159 0.0
v 0.5097759962081909 0.850968062877655 0.0
v 0.4421418011188507 0.9568750858306885 0.0
v 0.7969066500663757 0.09703222662210464 0.0
v 0.5125094652175903 0.8758677244186401 0.0
v 0.5375000238418579 0.982191264629364 0.0
v 0.9815066456794739 0.189467653632164 0.0
v 0.5158253908157349 0.9007195830345154 0.0
v 0.8167412877082825 0.08038625121116638 0.0
v 0.83603835105896 0.0612577348947525 0.0
v 0.5185392498970032 0.9254201650619507 0.0
v 0.9572625160217285 0.7789183259010315 0.0
v 0.03926965594291687 0.40016308426856995 0.0
v 0.26138928532600403 0.017003118991851807 0.0
v 0.5785768032073975 0.9585946202278137 0.0
v 0.19249658286571503 0.06369855999946594 0.0
v 0.27421119809150696 0.3387874662876129 0.0
v 0.293440043926239 0.3248848021030426 0.0
v 0.980453372001648 0.1411442905664444 0.0
v 0.9321085810661316 0.9590203762054443 0.0
v 0.034610047936439514 0.6473903656005859 0.0
v 0.041735634207725525 0.462594211101532 0.0
v 0.03839120641350746 0.8747859001159668 0.0
v 0.6058700084686279 0.9362896084785461 0.0
v 0.12158787995576859 0.30386531352996826 0.0
v 0.0380190946161747 0.6727728247642517 0.0
v 0.9599526524543762 0.37293821573257446 0.0
v 0.43916288018226624 0.1083487868309021 0.0
v 0.8658126592636108 0.9819561839103699 0.0
v 0.47491857409477234 0.038192685693502426 0.0
v 0.9595653414726257 0.6964649558067322 0.0
v 0.22092707455158234 0.04105626791715622 0.0
v 0.9585661292076111 0.47941914200782776 0.0
v 0.06362860649824142 0.016418632119894028 0.0
v 0.397976279258728 0.9616722464561462 0.0
v 0.9825184941291809 0.8629598021507263 0.0
v 0.017328541725873947 0.18781638145446777 0.0
v 0.9607111811637878 0.04771910607814789 0.0
v 0.9378266334533691 0.01651069149374962 0.0
v 0.03811904042959213 0.32499998807907104 0.0
v 0.016283459961414337 0.36250001192092896 0.0
v 0.0839395746588707 0.042810603976249695 0.0
v 0.45685508847236633 0.2546100914478302 0.0
v 0.5027284026145935 0.9603610634803772 0.0
v 0.06362535059452057 0.05748258903622627 0.0
v 0.31312087178230286 0.29170504212379456 0.0
v 0.718090295791626 0.9587547183036804 0.0
v 0.9413681626319885 0.537331223487854 0.0
v 0.9818871021270752 0.2136629968881607 0.0
v 0.3006306290626526 0.03845551237463951 0.0
v 0.8833975791931152 0.061318062245845795 0.0
v 0.2933666706085205 0.304002970457077 0.0
v 0.9810844659805298 0.9815144538879395 0.0
v 0.370953768491745 0.040372006595134735 0.0
v 0.8125 0.015627525746822357 0.0
v 0.018690338358283043 0.6076027154922485 0.0
v 0.13246171176433563 0.2654634118080139 0.0
v 0.125 0.037004824727773666 0.0
v 0.3146834671497345 0.1507692039012909 0.0
v 0.830416202545166 0.04159872606396675 0.0
v 0.9624984860420227 0.3964058458805084 0.0
v 0.9384111762046814 0.4931921362876892 0.0
v 0.477275550365448 0.24071180820465088 0.0
v 0.016133029013872147 0.6406437158584595 0.0
v 0.9607698917388916 0.7206740379333496 0.0
v 0.7762704491615295 0.9628538489341736 0.0
v 0.018585920333862305 0.4327552318572998 0.0
v 0.6749860048294067 0.9633774161338806 0.0
v 0.5634128451347351 0.2002604752779007 0.0
v 0.981698751449585 0.01830127090215683 0.0
v 0.01830127090215683 0.981698751449585 0.0
v 0.01830127090215683 0.01830127090215683 0.0
v 0.5753066539764404 0.0373256579041481 0.0
v 0.17665986716747284 0.9628869295120239 0.0
v 0.9625197052955627 0.8762028813362122 0.0
v 0.4025940001010895 0.11355466395616531 0.0
v 0.6364555358886719 0.04043383151292801 0.0
v 0.11868052184581757 0.9594645500183105 0.0
v 0.0404992513358593 0.1575520783662796 0.0
v 0.9618924260139465 0.06990589201450348 0.0
v 0.5371209383010864 0.015732133761048317 0.0
v 0.036875996738672256 0.2988954484462738 0.0
v 0.07499999552965164 0.9637617468833923 0.0
v 0.7494287490844727 0.036591965705156326 0.0
v 0.8931127786636353 0.9605202674865723 0.0
v 0.9629843831062317 0.22635547816753387 0.0
v 0.8310991525650024 0.9820448756217957 0.0
v 0.9176029562950134 0.5630435347557068 0.0
v 0.04354025050997734 0.3427756428718567 0.0
v 0.03939974308013916 0.91892409324646 0.0
v 0.4711657166481018 0.12037787586450577 0.0
v 0.03925105184316635 0.8563635945320129 0.0
v 0.33187463879585266 0.299751341342926 0.0
v 0.9823474884033203 0.40557506680488586 0.0
v 0.9516195058822632 0.9657201766967773 0.0
v 0.9699040651321411 0.10123110562562943 0.0
v 0.3499974012374878 0.9649105668067932 0.0
v 0.14785227179527283 0.2238815724849701 0.0
v 0.01420812401920557 0.837618350982666 0.0
v 0.9617411494255066 0.7439079880714417 0.0
v 0.24954551458358765 0.9648177027702332 0.0
v 0.40493443608283997 0.03803887218236923 0.0
v 0.4961623549461365 0.22984559834003448 0.0
v 0.3124999701976776 0.9439427256584167 0.0
v 0.5511842370033264 0.23578093945980072 0.0
v 0.03537508472800255 0.9525738954544067 0.0
v 0.6794382929801941 0.035591647028923035 0.0
v 0.03437212109565735 0.2750000059604645 0.0
v 0.013835600577294827 0.13750430941581726 0.0
v 0.513825535774231 0.21683695912361145 0.0
v 0.37089675664901733 0.1034800261259079 0.0
f 1214 1265 749
f 521 1308 1185
f 1104 1939 229
f 234 1743 1377
f 1544 1675 577
f 229 1768 1104
f 241 1489 1180
f 1180 1897 241
f 1207 1440 638
f 1377 1743 1043
f 209 1578 1194
f 560 1848 1102
f 569 1721 1437
f 873 1590 1273
f 229 1790 1768
f 1768 1790 1102
f 1721 1886 1437
f 220 1423 1187
f 1523 1524 1161
f 818 1445 1444
f 568 1878 1105
f 1080 1855 1322
f 1091 1576 1281
f 1182 1487 573
f 1281 1576 757
f 1554 1793 1245
f 573 1486 1182
f 1442 1628 1571
f 1105 1889 568
f 1808 1848 560
f 744 1201 1184
f 1207 1852 1440
f 1066 1506 1077
f 209 1886 1578
f 1235 1248 1179
f 708 1601 1510
f 1213 1264 252
f 1140 1536 1243
f 577 1937 1544
f 1226 1321 792
f 5 1091 184
f 5 1576 1091
f 1783 1791 794
f 1184 1200 744
f 1601 1646 1090
f 1097 1848 1808
f 1097 1865 1027
f 1808 1865 1097
f 1291 1979 49
f 1031 1471 1105
f 1213 1265 1214
f 1161 1525 1523
f 1743 1817 1043
f 1192 1960 226
f 566 1422 1190
f 226 1809 1192
f 1078 1845 1513
f 627 1232 1183
f 1043 1817 1216
f 1513 1906 1078
f 172 1227 171
f 1510 1600 708
f 243 1869 1798
f 1153 1785 1261
f 705 1971 1396
f 1805 1858 1323
f 1156 1540 1248
f 521 1922 1308
f 1764 1895 1030
f 1183 1272 627
f 1173 1802 1531
f 173 1239 172
f 1273 1590 1082
f 1798 1869 1177
f 881 1494 1408
f 1462 1856 1460
f 1102 1790 560
f 172 1239 1227
f 274 1258 272
f 1212 1527 243
f 50 1291 49
f 1243 1536 1242
f 84 1233 83
f 1203 1294 332
f 1261 1940 1153
f 1053 1486 1051
f 1396 1783 705
f 757 1282 1281
f 239 1227 1188
f 1262 1908 1751
f 227 1241 1240
f 1164 1526 1180
f 1506 1966 1077
f 1443 1898 1592
f 1245 1793 222
f 1322 1855 212
f 873 1273 1183
f 1031 1898 1471
f 1188 1248 239
f 1444 1896 818
f 243 1798 1212
f 708 1646 1601
f 976 1294 1203
f 1226 1874 1321
f 1210 1264 1213
f 1190 1423 566
f 1145 1542 1242
f 1259 1407 812
f 13 1525 12
f 227 1240 1239
f 1417 1832 388
f 581 1522 1196
f 1281 1282 944
f 1442 1907 1628
f 1592 1907 1443
f 1187 1969 220
f 749 1444 1214
f 82 1272 81
f 1164 1915 1526
f 1185 1771 521
f 1199 1259 400
f 1524 1915 1545
f 1179 1942 1235
f 1045 1850 1497
f 1422 1644 1190
f 8 1520 7
f 1733 1960 1706
f 171 1227 239
f 227 1239 173
f 1234 1485 221
f 757 1828 1282
f 252 1265 1213
f 995 1858 1805
f 603 1856 1462
f 1477 1677 217
f 571 1206 1204
f 1187 1423 1190
f 465 1284 1217
f 434 1284 465
f 145 1950 1837
f 964 1791 1783
f 705 1783 794
f 1194 1765 209
f 1390 1884 753
f 239 1248 1235
f 1408 1494 1259
f 56 1423 55
f 1175 1675 1544
f 1204 1225 571
f 49 1979 244
f 1751 1908 1150
f 1027 1865 1837
f 831 1833 1304
f 753 1945 1390
f 997 1502 999
f 1837 1905 1027
f 1571 1812 1442
f 1248 1540 1179
f 1156 1248 1188
f 1234 1486 1485
f 1199 1407 1259
f 1531 1802 246
f 1300 1345 218
f 1837 1950 1181
f 1545 1899 1524
f 400 1258 1199
f 1869 1920 1177
f 272 1258 400
f 1218 1823 1402
f 274 1294 1258
f 1030 1895 1793
f 812 1408 1259
f 1657 1871 1795
f 1654 1909 1904
f 1101 1902 1840
f 1030 1793 1554
f 1051 1486 1234
f 332 1304 1203
f 1177 1920 1301
f 1182 1486 1053
f 1201 1849 1184
f 1677 1930 217
f 83 1233 627
f 1196 1925 581
f 1513 1845 1073
f 987 1832 1417
f 1290 1710 1289
f 1260 1261 1244
f 247 1221 166
f 1784 1862 759
f 1072 1866 1504
f 1374 1821 1453
f 247 1223 1221
f 1926 1946 854
f 1520 1955 7
f 205 1858 1216
f 1242 1536 1145
f 572 1867 1861
f 1251 1292 602
f 1289 1710 898
f 1258 1294 976
f 62 1855 1202
f 226 1960 1733
f 1523 1525 13
f 12 1525 232
f 1242 1542 1240
f 1408 1729 881
f 1073 1973 1513
f 1780 1849 1201
f 489 1403 1402
f 227 1722 1241
f 1198 1257 1256
f 489 1404 1403
f 1495 1496 1493
f 1257 1946 1926
f 240 1780 1201
f 81 1272 242
f 627 1272 82
f 559 1826 1705
f 436 1284 434
f 1332 1618 1370
f 1087 1733 1706
f 221 1684 1234
f 1222 1406 604
f 604 1595 1222
f 1497 1930 1045
f 1892 1893 1601
f 1102 1848 1002
f 1717 1725 514
f 949 1644 1422
f 638 1827 1207
f 1224 1599 1406
f 1261 1785 1244
f 1000 1725 1717
f 1406 1599 604
f 1090 1892 1601
f 531 1757 993
f 992 1950 1530
f 1404 1710 1290
f 818 1924 1445
f 1342 1738 531
f 1202 1855 1080
f 1224 1249 463
f 463 1599 1224
f 1220 1939 1104
f 1217 1328 465
f 1757 1769 993
f 1202 1977 62
f 1251 1594 1249
f 1249 1594 463
f 1403 1404 1290
f 1738 1757 531
f 1929 1935 193
f 1216 1236 856
f 1369 1621 1371
f 1904 1909 214
f 1193 1802 1173
f 182 1231 749
f 999 1502 1084
f 1369 1370 608
f 1342 1725 1000
f 1840 1902 230
f 602 1594 1251
f 566 1423 56
f 793 1884 1390
f 55 1423 220
f 1371 1621 297
f 1222 1595 1328
f 608 1621 1369
f 1370 1618 608
f 1341 1686 1019
f 1343 1712 514
f 250 1229 168
f 944 1993 1281
f 1437 1886 209
f 1200 1749 744
f 1497 1850 575
f 1000 1738 1342
f 1402 1823 489
f 1712 1717 514
f 1216 1817 205
f 1193 1962 235
f 761 1796 1569
f 1343 1705 1001
f 1390 1931 793
f 235 1992 1193
f 1376 1935 1929
f 1304 1833 1203
f 1002 1810 761
f 1524 1899 1161
f 1900 1901 1351
f 1001 1712 1343
f 1485 1486 573
f 1328 1595 465
f 1236 1255 856
f 314 1278 317
f 250 1880 1229
f 239 1235 170
f 761 1810 1796
f 1019 1686 1255
f 1379 1775 853
f 1859 1864 196
f 1396 1971 1399
f 1205 1893 1892
f 84 1936 1233
f 244 1979 1605
f 1009 1784 1569
f 1761 1773 1336
f 623 1228 164
f 1453 1821 954
f 307 1332 1330
f 1252 1292 1251
f 1007 1292 1252
f 1241 1722 1244
f 1288 1617 1330
f 307 1618 1332
f 1733 1824 30
f 624 1773 1761
f 1330 1617 307
f 1019 1255 804
f 1795 1871 802
f 989 1225 1204
f 611 1288 1279
f 1569 1796 1009
f 611 1617 1288
f 1276 1624 1279
f 247 1246 1223
f 1280 1767 853
f 1231 1444 749
f 1861 1867 1042
f 964 1783 1397
f 1181 1950 992
f 1057 1488 1055
f 1279 1624 611
f 1216 1858 1236
f 316 1276 1275
f 316 1624 1276
f 1009 1862 1784
f 1815 1818 1371
f 1206 1938 225
f 897 1818 1815
f 1198 1256 211
f 1842 1851 1553
f 1066 1838 1506
f 1244 1722 1260
f 1605 1963 244
f 627 1233 1232
f 1460 1856 1463
f 1851 1853 1040
f 1439 1846 1573
f 1241 1242 1240
f 997 1863 1502
f 1040 1853 1041
f 1705 1826 1001
f 138 1939 1220
f 1553 1851 1040
f 1278 1767 1280
f 1278 1280 317
f 1458 1684 221
f 804 1255 1236
f 1297 1759 1360
f 1201 1964 240
f 989 1299 1225
f 1283 1729 1408
f 1496 1957 1493
f 1219 1968 237
f 1247 1597 1292
f 1320 1772 670
f 1182 1488 1487
f 1504 1866 231
f 1292 1597 602
f 316 1278 314
f 576 1895 1215
f 1842 1875 385
f 1282 1283 944
f 166 1221 165
f 1416 1836 1417
f 406 1354 397
f 532 1597 1247
f 853 1775 1280
f 1247 1360 532
f 1416 1839 1836
f 1268 1736 1266
f 1293 1800 1792
f 1254 1596 1295
f 1215 1895 1764
f 1295 1596 574
f 181 1265 180
f 388 1832 1432
f 1787 1803 1338
f 1397 1797 964
f 1792 1800 612
f 1252 1320 1007
f 210 1803 1787
f 515 1686 1341
f 1370 1418 1332
f 334 1596 1254
f 1383 1670 1010
f 591 1311 1309
f 1254 1266 334
f 1383 1680 515
f 237 1912 1219
f 183 1231 182
f 949 1422 1421
f 208 1901 1900
f 1680 1686 515
f 1246 1663 1112
f 1332 1418 1331
f 1504 1961 1072
f 1331 1418 756
f 1002 1848 1810
f 1296 1353 1297
f 1831 1857 372
f 1055 1488 1182
f 1078 1488 1057
f 561 1353 1296
f 211 1256 185
f 1830 1854 367
f 1010 1680 1383
f 1259 1494 400
f 1382 1604 1011
f 1300 1883 1345
f 1087 1824 1733
f 1010 1670 1661
f 946 1311 1253
f 1103 1903 1516
f 180 1265 252
f 749 1265 181
f 168 1229 167
f 1360 1759 532
f 1382 1647 507
f 252 1264 1263
f 252 1263 179
f 1274 1720 621
f 1243 1981 1140
f 1530 1896 992
f 906 1328 904
f 1253 1612 946
f 1661 1670 507
f 225 1943 1206
f 1266 1736 334
f 1183 1273 1272
f 1309 1311 946
f 1647 1661 507
f 1592 1898 1031
f 561 1639 1339
f 1545 1915 1164
f 1296 1639 561
f 1246 1994 1223
f 1260 1722 175
f 1011 1647 1382
f 170 1235 169
f 496 1655 1604
f 793 1931 1399
f 1573 1980 1439
f 414 1354 406
f 744 1749 26
f 930 1720 1274
f 1604 1655 1011
f 1275 1278 316
f 492 1728 1430
f 1601 1893 1510
f 856 1255 855
f 1378 1430 1012
f 270 1494 268
f 1293 1789 959
f 1021 1731 1271
f 1284 1823 1218
f 397 1354 1353
f 1289 1833 831
f 829 1446 1016
f 1305 1695 337
f 568 1927 1878
f 322 1737 1285
f 1378 1572 496
f 1112 1994 1246
f 1410 1412 1306
f 1445 1924 688
f 1252 1772 1320
f 1220 1947 138
f 1306 1695 1305
f 1014 1356 1013
f 1410 1606 1409
f 1572 1655 496
f 1256 1257 734
f 522 1404 487
f 210 1787 1336
f 1306 1606 1410
f 1013 1356 1302
f 1286 1774 952
f 1210 1829 1264
f 756 1436 1331
f 1012 1572 1378
f 487 1404 489
f 609 1774 1286
f 1312 1314 408
f 1452 1847 1843
f 1016 1446 1334
f 1314 1315 408
f 811 1299 762
f 762 1299 989
f 1323 1858 205
f 1285 1737 934
f 1033 1457 1456
f 1443 1907 1442
f 276 1294 274
f 326 1789 1293
f 1563 1766 1734
f 904 1328 1217
f 332 1294 276
f 1295 1775 1379
f 1473 1847 1835
f 654 1755 1747
f 1329 1436 758
f 1353 1354 1297
f 1222 1328 906
f 758 1352 1287
f 1331 1436 1329
f 1373 1821 1374
f 1350 1864 1859
f 1321 1874 251
f 1336 1773 210
f 408 1447 1312
f 857 1361 1310
f 1287 1329 758
f 164 1228 163
f 1750 1760 1003
f 6 992 183
f 1381 1679 1380
f 1399 1971 793
f 792 1913 1226
f 1304 1491 1017
f 1352 1356 1277
f 268 1494 881
f 1813 1834 1340
f 1272 1273 242
f 1303 1682 464
f 1241 1243 1242
f 832 1446 829
f 1814 1819 880
f 186 1256 734
f 1298 1659 479
f 1287 1352 1277
f 1412 1695 1306
f 831 1304 1017
f 1310 1361 558
f 1054 1700 1620
f 1271 1731 730
f 1312 1447 1313
f 1262 1751 238
f 1228 1911 973
f 1016 1334 1333
f 396 1315 405
f 1731 1776 947
f 280 1491 278
f 1430 1728 1012
f 1277 1356 1014
f 1302 1361 1013
f 1230 1912 90
f 1298 1668 1074
f 571 1938 1206
f 400 1494 270
f 176 1260 175
f 1763 1774 609
f 1075 1714 1659
f 177 1262 238
f 1354 1759 1297
f 1447 1467 1313
f 179 1263 178
f 901 1679 1381
f 332 1491 1304
f 1668 1672 1074
f 408 1315 396
f 1860 1885 552
f 1305 1736 1268
f 850 1694 1357
f 1781 1789 326
f 925 1687 1325
f 1013 1361 857
f 619 1704 1696
f 1409 1606 673
f 1307 1561 673
f 1339 1639 850
f 1467 1468 1313
f 1747 1755 1274
f 1561 1690 535
f 591 1324 1311
f 479 1668 1298
f 591 1730 309
f 1271 1750 1021
f 509 1316 491
f 1385 1708 1384
f 811 1300 1299
f 927 1708 1385
f 1317 1490 1017
f 248 249 5
f 1319 1665 605
f 1271 1760 1750
f 684 1316 509
f 1615 1648 1428
f 163 248 5
f 891 1682 1303
f 410 1468 403
f 249 1576 5
f 558 1362 1310
f 466 1631 1333
f 1786 1788 596
f 1318 1466 854
f 1255 1686 855
f 1398 1470 572
f 870 1414 1413
f 188 1323 205
f 1471 1889 1105
f 1309 1730 591
f 1037 1791 1788
f 887 1665 1319
f 930 1274 936
f 278 1491 332
f 1696 1704 1303
f 1325 1687 379
f 1024 1676 1316
f 677 1570 1413
f 1333 1631 1016
f 29 240 28
f 673 1606 1307
f 833 1337 956
f 184 211 185
f 1237 1840 230
f 417 1334 492
f 870 1629 1414
f 1280 1664 317
f 174 1722 227
f 1337 1338 956
f 1715 1737 322
f 32 226 31
f 1448 1659 1298
f 433 1670 1383
f 1317 1491 280
f 1413 1570 870
f 764 1320 669
f 6 1181 992
f 1019 1564 1341
f 1620 1700 493
f 27 744 26
f 915 1648 1615
f 794 1791 1037
f 1474 1490 1317
f 25 792 24
f 464 1682 1678
f 777 1481 1359
f 561 1339 393
f 1395 1470 1398
f 843 1351 1005
f 1521 1917 581
f 1429 1634 1022
f 1341 1564 439
f 207 1470 1395
f 932 1024 798
f 427 1604 1382
f 393 1339 349
f 502 1480 504
f 421 1430 1378
f 1007 1320 764
f 207 1395 1394
f 868 1449 1094
f 23 1321 251
f 207 1394 1393
f 464 1696 1303
f 849 1377 1043
f 403 1468 1467
f 511 1555 497
f 1344 1651 338
f 670 1772 1253
f 1017 1491 1317
f 1426 1427 1348
f 187 1323 188
f 338 1651 295
f 1290 1405 1403
f 1421 1811 949
f 140 229 139
f 497 1468 410
f 147 1530 146
f 669 1320 670
f 818 1530 147
f 837 1340 982
f 354 1364 1327
f 558 1551 554
f 677 1413 1411
f 415 1334 417
f 1362 1565 1310
f 867 1401 991
f 490 1469 508
f 329 1357 874
f 1311 1324 1018
f 718 1405 775
f 1307 1690 1561
f 854 1466 641
f 792 1321 24
f 354 1327 402
f 720 1364 352
f 1401 1402 991
f 1639 1694 850
f 633 1346 787
f 629 1427 782
f 830 1337 833
f 456 1342 531
f 1380 1679 338
f 1039 1347 1346
f 1374 1453 1452
f 1241 1244 1243
f 1333 1334 415
f 1218 1402 1401
f 512 1634 1429
f 1359 1480 777
f 813 1407 1199
f 678 679 519
f 1734 1766 924
f 1363 1565 1362
f 450 1343 514
f 760 1355 961
f 1334 1446 492
f 1335 1337 830
f 407 1435 389
f 311 1324 591
f 1346 1347 787
f 928 930 929
f 712 1363 544
f 884 1656 1603
f 214 1365 136
f 1324 1400 1018
f 798 1316 684
f 1372 1373 694
f 950 1285 934
f 662 1436 756
f 1366 1367 755
f 331 1357 329
f 207 1393 68
f 777 1480 502
f 1024 1316 798
f 613 1658 977
f 1449 1598 1094
f 766 1379 853
f 313 1400 1324
f 775 1405 1290
f 678 759 679
f 1367 1418 1370
f 313 1324 311
f 1366 1418 1367
f 943 944 751
f 413 1333 415
f 769 1335 830
f 759 760 679
f 1411 1419 677
f 666 1366 755
f 1338 1813 956
f 961 1336 1335
f 668 1372 694
f 340 1584 342
f 1358 1484 583
f 218 1345 35
f 1659 1714 479
f 315 1400 313
f 874 1455 323
f 423 1378 496
f 841 1351 843
f 1297 1360 1008
f 34 644 33
f 497 1555 1468
f 216 1421 1420
f 1325 1698 1326
f 727 1589 868
f 396 405 397
f 394 396 395
f 298 1380 338
f 1678 1682 1319
f 405 412 406
f 760 961 769
f 782 1427 1426
f 412 466 413
f 1415 1417 388
f 759 1355 760
f 394 395 393
f 1215 1983 576
f 729 947 859
f 961 1335 769
f 508 1469 652
f 349 1339 345
f 1361 1551 558
f 765 1379 766
f 947 1314 1312
f 466 1333 413
f 444 559 446
f 462 1435 407
f 916 932 798
f 448 1343 450
f 396 397 395
f 1434 1577 1435
f 352 1364 354
f 652 928 770
f 704 1346 633
f 930 936 931
f 504 1480 583
f 847 1377 849
f 67 1393 1391
f 302 1384 563
f 429 1382 507
f 142 560 141
f 908 1406 1222
f 454 1342 456
f 59 1386 216
f 748 751 746
f 1349 1351 841
f 337 1695 1691
f 1395 1396 1394
f 405 406 397
f 673 1561 486
f 64 1387 212
f 1374 1452 1451
f 412 413 406
f 719 1405 718
f 748 1466 1318
f 646 1466 748
f 450 514 452
f 797 798 684
f 900 1401 867
f 435 1383 515
f 399 1482 500
f 284 1474 282
f 835 1340 837
f 34 1345 644
f 880 1584 340
f 345 850 336
f 469 1428 443
f 417 492 419
f 319 1400 315
f 729 859 709
f 392 394 393
f 419 1430 421
f 520 678 519
f 544 1363 546
f 710 729 709
f 891 1303 917
f 381 1415 388
f 328 562 319
f 646 748 746
f 456 531 458
f 282 1474 1317
f 1394 1399 1392
f 947 1312 859
f 1424 1428 528
f 484 1409 673
f 1347 1348 787
f 216 1420 58
f 1247 1292 1007
f 887 1319 889
f 1375 1377 847
f 551 1362 558
f 108 1457 569
f 833 956 835
f 392 393 349
f 669 670 562
f 413 415 414
f 957 1286 952
f 839 1349 841
f 868 1589 1449
f 1006 1007 764
f 658 1352 758
f 67 1391 66
f 1006 1247 1007
f 402 1327 444
f 982 1350 1349
f 328 669 562
f 693 1451 781
f 956 1340 835
f 631 1427 629
f 1402 1403 991
f 646 746 745
f 421 1378 423
f 415 417 416
f 837 982 839
f 782 1425 1424
f 528 1428 469
f 760 769 768
f 652 1469 928
f 781 1451 988
f 816 1271 730
f 137 214 136
f 1699 1708 927
f 1438 1439 213
f 448 450 449
f 446 448 447
f 437 1341 439
f 585 1557 1478
f 748 943 751
f 423 496 425
f 1459 1463 785
f 474 1419 476
f 1285 1763 322
f 1348 1745 1426
f 345 1339 850
f 1039 1770 1347
f 845 1375 847
f 1478 1557 1479
f 982 1349 839
f 1438 1440 1439
f 68 1393 67
f 336 1357 331
f 1005 1376 1375
f 111 1438 213
f 1058 1454 1060
f 562 1400 319
f 595 1567 598
f 467 519 466
f 567 1388 1387
f 357 1475 700
f 782 1424 620
f 206 1443 1441
f 106 1437 209
f 395 1353 561
f 526 646 645
f 417 419 418
f 1075 1454 1058
f 427 1382 429
f 444 446 445
f 761 1569 696
f 843 1005 845
f 495 1433 462
f 1367 1368 755
f 657 1352 658
f 775 1289 831
f 525 641 526
f 660 1436 662
f 657 1356 1352
f 621 1747 1274
f 1367 1369 1368
f 429 507 431
f 803 854 641
f 549 1362 551
f 1441 1443 1442
f 1275 1276 1014
f 657 658 637
f 1315 1653 405
f 1224 1406 910
f 361 1473 579
f 386 1482 399
f 718 775 774
f 620 1424 528
f 488 525 523
f 1393 1394 1392
f 636 657 637
f 641 1466 526
f 670 1253 1018
f 435 515 437
f 525 526 523
f 769 830 829
f 433 1383 435
f 583 1480 1358
f 1396 1399 1394
f 419 421 420
f 933 934 932
f 1420 1422 566
f 1326 1450 864
f 707 709 511
f 1217 1284 1218
f 962 1293 959
f 206 1441 100
f 1005 1375 845
f 1433 1435 462
f 1421 1422 1420
f 765 766 714
f 664 1366 666
f 636 637 635
f 135 1365 626
f 858 1275 1014
f 849 1043 856
f 519 1631 466
f 1391 1393 1392
f 421 423 422
f 713 714 712
f 1038 1039 795
f 563 1381 1380
f 677 1419 474
f 515 1341 437
f 910 1406 908
f 554 1551 557
f 450 452 451
f 395 561 393
f 1389 1390 1388
f 662 756 664
f 715 716 565
f 324 1385 1384
f 756 1418 1366
f 658 758 660
f 557 636 635
f 551 558 554
f 1807 1989 824
f 492 1430 419
f 539 1431 672
f 452 454 453
f 717 718 716
f 1566 1568 552
f 650 1459 785
f 864 1450 791
f 710 730 729
f 775 831 774
f 596 1567 595
f 666 755 668
f 1509 1510 1508
f 830 833 832
f 101 1471 206
f 1550 1754 1735
f 300 1380 298
f 564 1416 1415
f 1217 1218 903
f 852 858 857
f 1043 1216 856
f 543 1483 713
f 804 995 803
f 766 852 851
f 583 1484 584
f 698 1479 625
f 904 1217 903
f 289 565 287
f 642 1386 60
f 766 853 852
f 718 774 716
f 713 1483 860
f 774 1490 716
f 777 1482 1481
f 767 1006 764
f 833 835 834
f 711 803 641
f 613 977 615
f 1603 1656 622
f 324 1384 304
f 1369 1371 1368
f 838 1572 836
f 756 1366 664
f 695 764 669
f 1254 1295 861
f 344 345 336
f 713 765 714
f 304 1384 302
f 444 1327 559
f 1424 1615 1428
f 423 425 424
f 567 1387 65
f 1017 1490 774
f 543 713 712
f 298 338 295
f 476 1419 480
f 320 328 319
f 858 1014 1013
f 1416 1417 1415
f 1276 1279 1277
f 549 551 550
f 1507 1508 225
f 1451 1452 988
f 1279 1288 1287
f 397 1353 395
f 912 1224 910
f 350 720 352
f 302 563 300
f 563 1380 300
f 1395 1397 1396
f 867 991 719
f 415 416 414
f 629 782 620
f 700 1616 355
f 672 1483 541
f 1037 1038 795
f 521 1511 42
f 500 1482 777
f 758 1436 660
f 1288 1330 1329
f 468 1541 516
f 543 712 544
f 936 1088 1086
f 306 324 304
f 902 903 900
f 712 1565 1363
f 835 837 836
f 1018 1400 562
f 425 427 426
f 861 1379 765
f 59 216 58
f 64 212 63
f 381 388 378
f 638 1440 1438
f 1413 1414 1412
f 925 1325 864
f 554 557 556
f 541 543 542
f 551 554 553
f 1460 1463 1459
f 1024 1737 1715
f 1367 1370 1369
f 136 1365 135
f 383 1415 381
f 865 1410 1409
f 908 1222 906
f 656 1558 869
f 1044 1822 1819
f 567 1389 1388
f 1411 1412 1410
f 539 672 541
f 1302 1356 657
f 557 635 634
f 61 642 60
f 863 864 791
f 565 1490 1474
f 417 418 416
f 1507 1509 1508
f 785 786 649
f 427 429 428
f 887 889 888
f 760 768 679
f 1441 1442 570
f 806 1479 698
f 482 1409 484
f 633 787 631
f 57 1420 566
f 564 1415 383
f 658 660 659
f 378 1432 376
f 788 1460 1459
f 707 710 709
f 837 839 838
f 388 1432 378
f 413 414 406
f 289 715 565
f 1060 1454 1063
f 885 887 886
f 1295 1379 861
f 539 541 540
f 480 865 482
f 850 1357 336
f 484 673 486
f 775 1290 1289
f 287 1474 284
f 670 1018 562
f 795 1346 704
f 66 567 65
f 794 795 704
f 839 841 840
f 674 1484 863
f 488 523 522
f 1330 1332 1331
f 1296 1297 1008
f 715 717 716
f 1069 1448 1298
f 1698 1703 1326
f 429 431 430
f 536 1431 539
f 439 488 487
f 863 1484 1358
f 111 213 110
f 531 993 458
f 535 1431 536
f 289 1465 715
f 709 1555 511
f 546 549 548
f 437 439 438
f 213 1456 110
f 722 1472 724
f 385 564 383
f 526 1466 646
f 717 719 718
f 863 925 864
f 889 891 890
f 788 1459 683
f 133 1458 221
f 696 1569 680
f 348 349 345
f 569 1437 107
f 1472 1568 1566
f 804 1236 995
f 1069 1074 1070
f 431 433 432
f 868 1094 1093
f 841 843 842
f 402 444 442
f 674 791 790
f 660 662 661
f 546 1363 549
f 650 785 649
f 96 1477 217
f 435 437 436
f 506 535 534
f 359 1475 357
f 674 863 791
f 69 1470 207
f 865 1409 482
f 638 1438 112
f 766 851 714
f 683 1459 650
f 433 435 434
f 106 209 105
f 1456 1457 109
f 536 539 538
f 525 711 641
f 845 847 846
f 419 420 418
f 813 1199 976
f 843 845 844
f 755 1372 668
f 724 1472 809
f 425 1604 427
f 1411 1413 1412
f 809 1472 1099
f 711 804 803
f 751 812 746
f 1461 1462 1460
f 1253 1311 1018
f 662 664 663
f 335 336 331
f 421 422 420
f 1348 1427 787
f 480 1419 865
f 99 1441 570
f 782 1426 1425
f 1023 1429 1022
f 727 868 807
f 24 1321 23
f 786 1434 1433
f 991 1405 719
f 865 1411 1410
f 902 904 903
f 891 917 892
f 101 206 100
f 109 1457 108
f 1065 1069 1068
f 363 1473 361
f 852 857 851
f 847 849 848
f 135 626 134
f 516 1541 726
f 726 885 820
f 1063 1454 1448
f 787 1427 631
f 60 1386 59
f 65 1387 64
f 791 1450 945
f 472 1570 677
f 849 856 855
f 860 861 765
f 1063 1448 1065
f 535 536 534
f 999 1022 998
f 1069 1298 1074
f 865 1419 1411
f 409 1473 363
f 691 963 739
f 809 1099 1098
f 579 1475 359
f 664 666 665
f 903 1401 900
f 42 1511 41
f 587 674 589
f 648 649 495
f 423 424 422
f 58 1420 57
f 102 1471 101
f 797 916 798
f 685 1660 797
f 769 829 768
f 858 1013 857
f 1065 1448 1069
f 626 1458 134
f 584 1484 587
f 439 1564 488
f 1325 1326 864
f 108 569 107
f 1069 1070 1068
f 57 566 56
f 1276 1277 1014
f 732 788 683
f 549 550 548
f 694 1451 693
f 104 568 103
f 329 874 323
f 318 319 315
f 649 1433 495
f 570 1476 98
f 390 392 349
f 342 1584 350
f 672 1640 1483
f 869 1558 1550
f 565 1474 287
f 935 950 934
f 1446 1728 492
f 636 1302 657
f 35 1345 34
f 917 1563 918
f 549 1363 1362
f 1039 1346 795
f 1431 1674 672
f 112 1438 111
f 1285 1774 1763
f 912 1249 1224
f 99 570 98
f 656 869 772
f 572 1470 70
f 113 638 112
f 646 745 645
f 66 1391 567
f 543 544 542
f 71 572 70
f 788 1464 1461
f 107 1437 106
f 1279 1287 1277
f 541 542 540
f 357 700 355
f 658 659 637
f 791 945 790
f 311 591 309
f 551 553 550
f 1076 1591 799
f 862 1254 861
f 794 1037 795
f 1435 1577 389
f 361 579 359
f 365 409 363
f 448 449 447
f 666 668 667
f 541 1483 543
f 1022 1478 998
f 539 540 538
f 1006 1360 1247
f 1008 1360 1006
f 1479 1557 625
f 100 1441 99
f 1022 1634 1478
f 1056 1075 1058
f 999 1023 1022
f 918 1563 921
f 674 790 589
f 1288 1329 1287
f 1373 1374 694
f 425 426 424
f 525 1564 711
f 997 998 806
f 328 695 669
f 921 965 922
f 482 484 483
f 554 556 553
f 1489 1549 1158
f 480 482 481
f 1476 1477 97
f 851 1565 714
f 165 623 164
f 916 933 932
f 1358 1359 925
f 788 1461 1460
f 446 447 445
f 377 378 376
f 668 694 693
f 648 650 649
f 874 1626 1455
f 526 645 523
f 726 1541 885
f 245 1506 1505
f 830 832 829
f 110 1456 109
f 587 1484 674
f 836 1572 1012
f 1403 1405 991
f 1501 1502 224
f 36 218 35
f 1454 1659 1448
f 557 634 556
f 484 486 485
f 605 1678 1319
f 833 834 832
f 221 1485 132
f 1330 1331 1329
f 371 372 369
f 215 1500 73
f 1302 1551 1361
f 716 1490 565
f 1174 1549 1489
f 745 1407 813
f 786 1433 649
f 427 428 426
f 869 1029 772
f 394 408 396
f 73 1500 72
f 97 1477 96
f 69 207 68
f 635 727 634
f 997 999 998
f 115 1495 219
f 598 1567 691
f 835 836 834
f 450 451 449
f 1229 1246 247
f 1063 1065 1064
f 732 1464 788
f 1364 1697 1327
f 98 1476 97
f 472 677 474
f 40 1507 225
f 998 1479 806
f 288 289 287
f 500 777 502
f 41 1507 40
f 380 381 378
f 918 921 920
f 375 376 373
f 454 456 455
f 429 430 428
f 1065 1068 1067
f 881 1562 266
f 868 1093 807
f 1060 1063 1062
f 963 964 739
f 70 1470 69
f 231 1496 117
f 486 1561 506
f 282 1317 280
f 1512 1513 580
f 286 287 284
f 476 480 478
f 116 1495 115
f 1434 1435 1433
f 660 661 659
f 1270 1305 1268
f 1218 1401 903
f 711 1564 1019
f 134 1458 133
f 38 571 37
f 118 1504 231
f 639 1593 640
f 1482 1641 1481
f 133 221 132
f 695 767 764
f 928 1720 930
f 486 506 505
f 116 1496 1495
f 767 1008 1006
f 301 302 300
f 299 300 298
f 131 1485 573
f 119 1504 118
f 296 298 295
f 504 583 513
f 245 1505 120
f 1359 1687 925
f 294 295 293
f 185 1256 186
f 444 445 442
f 431 432 430
f 119 1505 1504
f 1391 1392 1389
f 713 860 765
f 217 1497 95
f 244 1514 48
f 48 1514 47
f 977 1089 615
f 55 220 54
f 132 1485 131
f 837 838 836
f 74 1498 215
f 131 573 130
f 412 467 466
f 584 587 586
f 748 1318 943
f 115 219 114
f 662 663 661
f 781 988 979
f 866 867 719
f 1041 1853 1463
f 839 840 838
f 1199 1258 976
f 251 1499 22
f 382 383 381
f 1180 1489 1158
f 439 487 438
f 831 1017 774
f 433 434 432
f 96 217 95
f 510 511 497
f 506 534 533
f 303 304 302
f 488 522 487
f 94 1497 575
f 841 842 840
f 253 254 249
f 74 215 73
f 366 1588 368
f 1310 1565 851
f 576 1498 75
f 23 251 22
f 384 385 383
f 117 1496 116
f 536 538 537
f 21 1499 577
f 92 1501 224
f 95 1497 94
f 437 438 436
f 52 230 51
f 94 575 93
f 222 1503 77
f 75 1498 74
f 118 231 117
f 1158 1549 1120
f 76 576 75
f 575 1501 93
f 863 1358 925
f 22 1499 21
f 470 497 410
f 435 436 434
f 76 1503 576
f 120 1505 119
f 899 900 867
f 21 577 20
f 167 247 166
f 169 250 168
f 40 225 39
f 1144 1532 1142
f 238 1261 1260
f 127 1512 580
f 236 1524 1523
f 16 1526 15
f 1142 1532 1162
f 238 1260 176
f 129 228 128
f 228 1512 128
f 182 749 181
f 15 1526 236
f 178 1263 1262
f 93 1501 92
f 178 1262 177
f 180 252 179
f 77 1503 76
f 174 227 173
f 177 238 176
f 92 224 91
f 1136 1517 1138
f 78 222 77
f 14 1523 13
f 1208 1212 1151
f 18 241 17
f 1151 1532 1144
f 127 580 126
f 1146 1538 1126
f 128 1512 127
f 1152 1208 1151
f 121 1515 245
f 49 244 48
f 43 521 42
f 825 1519 1518
f 236 1523 14
f 171 239 170
f 121 245 120
f 825 1520 1519
f 1141 1517 1136
f 237 1516 88
f 824 1515 122
f 122 1515 121
f 1149 1151 1144
f 81 242 80
f 89 237 88
f 1520 1521 1519
f 87 1516 776
f 45 826 44
f 88 1516 87
f 1152 1209 1208
f 123 824 122
f 83 627 82
f 87 776 86
f 162 825 161
f 290 1465 289
f 161 1518 160
f 825 1518 161
f 160 246 159
f 160 1518 246
f 10 581 9
f 1136 1138 1134
f 1160 1167 1166
f 11 1522 10
f 1149 1152 1151
f 1163 1517 1141
f 12 232 11
f 15 236 14
f 1177 1301 1163
f 10 1522 581
f 1162 1163 1141
f 157 235 156
f 1167 1169 1168
f 1131 1533 1133
f 1134 1533 1131
f 1162 1177 1163
f 1169 1172 1170
f 232 1522 11
f 1142 1162 1141
f 154 243 153
f 1137 1142 1141
f 1172 1176 1173
f 153 1527 152
f 1170 1171 1168
f 1172 1173 1170
f 1176 1193 1173
f 1169 1170 1168
f 152 582 151
f 1167 1168 1166
f 151 1528 150
f 1137 1141 1136
f 150 688 149
f 1210 1211 1209
f 1213 1214 1211
f 1212 1532 1151
f 1428 1648 443
f 1152 1210 1209
f 169 1235 250
f 148 818 147
f 1168 1529 1166
f 243 1527 153
f 1137 1143 1142
f 1135 1534 1137
f 1171 1529 1168
f 1143 1153 1148
f 1160 1166 1165
f 1170 1531 1171
f 1131 1133 1129
f 1173 1531 1170
f 1138 1533 1134
f 152 1527 582
f 1148 1149 1144
f 1166 1196 1165
f 1166 1529 1196
f 1143 1144 1142
f 905 906 904
f 582 1528 151
f 1135 1137 1136
f 150 1528 688
f 1210 1213 1211
f 901 902 900
f 1148 1150 1149
f 1159 1161 1147
f 1143 1148 1144
f 1160 1165 1159
f 1135 1136 1134
f 392 1447 394
f 1130 1131 1129
f 1155 1160 1159
f 1132 1134 1131
f 1140 1534 1135
f 1125 1126 1123
f 1143 1534 1153
f 741 1464 732
f 1137 1534 1143
f 1132 1135 1134
f 1139 1146 1126
f 1132 1140 1135
f 1130 1132 1131
f 1139 1155 1147
f 1127 1139 1126
f 1167 1543 1169
f 278 332 276
f 1128 1145 1130
f 1125 1127 1126
f 1128 1130 1129
f 1128 1129 1127
f 1139 1147 1146
f 1155 1159 1147
f 1239 1240 1189
f 1125 1128 1127
f 1160 1539 1167
f 1133 1535 1129
f 1129 1535 1127
f 1156 1188 1157
f 1128 1537 1145
f 1169 1546 1172
f 1122 1156 1124
f 1188 1227 1189
f 1127 1535 1139
f 1133 1539 1535
f 1130 1536 1132
f 1124 1125 1123
f 1543 1546 1169
f 1145 1536 1130
f 1546 1547 1172
f 1188 1189 1157
f 1132 1536 1140
f 1227 1239 1189
f 1139 1535 1155
f 1172 1547 1176
f 664 665 663
f 1547 1548 1176
f 167 1229 247
f 499 1622 498
f 1122 1540 1156
f 847 848 846
f 1125 1537 1128
f 1156 1157 1124
f 292 293 290
f 1124 1537 1125
f 605 1665 1638
f 1535 1539 1155
f 845 846 844
f 587 589 588
f 843 844 842
f 1155 1539 1160
f 1154 1158 1120
f 1539 1543 1167
f 1157 1537 1124
f 1122 1124 1123
f 1301 1548 1163
f 1240 1542 1189
f 1126 1538 1123
f 1121 1154 1120
f 1119 1122 1121
f 1164 1180 1158
f 1537 1542 1145
f 1122 1123 1121
f 621 1720 1693
f 1533 1543 1133
f 1154 1164 1158
f 1157 1542 1537
f 1368 1372 755
f 1123 1538 1121
f 1133 1543 1539
f 1189 1542 1157
f 1119 1121 1120
f 1121 1538 1154
f 323 1455 320
f 1119 1120 1117
f 1533 1546 1543
f 1146 1545 1538
f 1063 1064 1062
f 1138 1546 1533
f 293 1465 290
f 1138 1547 1546
f 1517 1547 1138
f 1116 1178 1118
f 1119 1540 1122
f 1517 1548 1547
f 656 772 771
f 1154 1545 1164
f 1163 1548 1517
f 885 1665 887
f 1538 1545 1154
f 849 855 848
f 1179 1540 1118
f 1118 1540 1119
f 1178 1179 1118
f 805 806 698
f 305 306 304
f 597 1575 610
f 860 862 861
f 996 997 806
f 1118 1119 1117
f 951 952 950
f 1174 1175 1114
f 1478 1479 998
f 1065 1067 1064
f 544 546 545
f 482 483 481
f 1054 1056 1055
f 1050 1052 1051
f 1080 1081 821
f 41 1511 1507
f 815 816 730
f 593 1552 596
f 682 683 650
f 1070 1071 1068
f 371 373 372
f 1052 1054 1053
f 1116 1118 1117
f 1056 1058 1057
f 1395 1398 1397
f 1048 1050 1049
f 165 1221 623
f 647 648 495
f 1358 1480 1359
f 1120 1549 1117
f 494 495 462
f 600 656 655
f 461 462 407
f 635 1589 727
f 480 481 478
f 885 886 820
f 907 908 906
f 887 888 886
f 394 1447 408
f 484 485 483
f 268 881 266
f 535 1690 1431
f 1312 1313 859
f 724 809 801
f 878 1026 894
f 375 377 376
f 583 584 513
f 1183 1232 1015
f 536 537 534
f 318 320 319
f 809 1098 810
f 486 505 485
f 1117 1549 1115
f 827 1245 1092
f 1015 1103 872
f 546 548 547
f 873 1183 1015
f 666 667 665
f 731 732 683
f 1116 1117 1115
f 377 380 378
f 659 1589 637
f 790 1550 589
f 587 588 586
f 889 890 888
f 335 344 336
f 1270 1306 1305
f 805 996 806
f 1114 1544 1111
f 862 1266 1254
f 593 596 595
f 909 910 908
f 1219 1230 996
f 653 871 779
f 557 1551 636
f 1115 1549 1174
f 871 873 872
f 873 1015 872
f 392 1467 1447
f 1115 1174 1114
f 999 1084 1023
f 398 1552 593
f 706 707 511
f 1054 1620 1056
f 772 1554 771
f 1175 1544 1114
f 1029 1030 772
f 1058 1060 1059
f 467 520 519
f 452 453 451
f 692 701 599
f 594 1560 592
f 827 1092 1082
f 740 741 732
f 882 884 883
f 884 1036 1035
f 327 880 340
f 827 1082 773
f 601 625 590
f 1113 1116 1115
f 800 1048 1047
f 599 1575 597
f 928 929 770
f 871 872 779
f 705 794 704
f 632 633 631
f 598 691 690
f 506 533 505
f 805 1219 996
f 1060 1062 1061
f 527 528 469
f 676 704 633
f 779 805 698
f 506 1561 535
f 1468 1555 1313
f 630 631 629
f 628 629 620
f 656 771 655
f 691 739 738
f 668 693 667
f 1066 1073 1061
f 567 1391 1389
f 702 948 701
f 653 779 698
f 771 773 655
f 1068 1492 1067
f 1077 1096 1073
f 1056 1057 1055
f 1507 1511 1509
f 653 698 625
f 600 1558 656
f 337 1736 1305
f 714 1565 712
f 827 1554 1245
f 411 472 471
f 651 882 876
f 727 807 728
f 380 382 381
f 529 620 528
f 470 510 497
f 1062 1066 1061
f 771 827 773
f 488 1564 525
f 752 761 696
f 1058 1059 1057
f 891 892 890
f 601 653 625
f 722 1568 1472
f 717 866 719
f 1111 1544 1110
f 1066 1077 1073
f 1081 1619 821
f 988 1085 979
f 648 682 650
f 1472 1566 1099
f 1060 1061 1059
f 691 1567 963
f 1004 1104 816
f 911 912 910
f 1113 1114 1111
f 1067 1072 1064
f 600 655 601
f 382 384 383
f 399 500 440
f 723 1025 721
f 500 502 501
f 771 1554 827
f 600 601 590
f 902 905 904
f 1250 1251 1249
f 1030 1554 772
f 550 552 548
f 588 600 590
f 1103 1556 872
f 327 1635 880
f 286 288 287
f 344 348 345
f 1054 1055 1053
f 544 545 542
f 768 1631 679
f 1024 1715 1676
f 272 400 270
f 368 1588 398
f 288 290 289
f 1113 1115 1114
f 711 1019 804
f 872 1556 779
f 1052 1053 1051
f 589 1558 588
f 390 1467 392
f 597 610 594
f 461 494 462
f 584 586 585
f 953 957 952
f 588 590 586
f 538 555 537
f 779 1556 805
f 917 918 892
f 610 1560 594
f 805 1556 1219
f 342 350 346
f 1550 1558 589
f 1691 1695 1414
f 502 504 503
f 682 731 683
f 350 352 351
f 223 955 817
f 913 914 879
f 882 1656 884
f 1649 1652 555
f 1026 1032 894
f 736 1593 639
f 494 647 495
f 299 301 300
f 301 303 302
f 296 299 298
f 294 296 295
f 978 1044 962
f 391 870 404
f 639 640 616
f 1109 1112 1111
f 186 734 187
f 504 513 512
f 546 547 545
f 750 942 940
f 295 1651 293
f 653 1559 871
f 476 478 477
f 857 1310 851
f 1465 1651 1613
f 384 1577 385
f 1050 1051 1049
f 866 899 867
f 1059 1078 1057
f 1036 1045 1035
f 537 1579 534
f 1449 1589 659
f 899 901 900
f 191 234 192
f 1046 1076 799
f 809 810 801
f 292 294 293
f 1071 1493 1492
f 601 1559 653
f 261 578 259
f 374 375 373
f 1071 1492 1068
f 472 474 473
f 1098 1100 810
f 584 585 513
f 474 476 475
f 958 959 957
f 350 1584 720
f 773 1559 655
f 188 205 189
f 933 935 934
f 194 208 195
f 796 879 675
f 625 1557 590
f 303 305 304
f 884 1035 883
f 586 1557 585
f 731 740 732
f 655 1559 601
f 548 1568 547
f 960 962 959
f 692 702 701
f 616 1622 499
f 503 622 501
f 533 703 675
f 308 309 306
f 556 603 553
f 773 1590 1559
f 500 501 440
f 197 233 198
f 1559 1590 871
f 1465 1613 715
f 502 503 501
f 1269 1270 1268
f 882 883 876
f 703 808 796
f 588 1558 600
f 740 969 741
f 648 1574 682
f 477 493 475
f 370 371 369
f 504 512 503
f 913 1207 1195
f 977 1658 1657
f 590 1557 586
f 939 941 736
f 368 369 367
f 647 1574 648
f 921 922 920
f 746 1407 745
f 1267 1268 1266
f 305 308 306
f 691 738 690
f 1185 1308 1186
f 965 966 922
f 366 367 365
f 636 1551 1302
f 364 365 363
f 905 907 906
f 727 728 634
f 1048 1049 1047
f 1083 1215 823
f 478 479 477
f 330 334 333
f 883 983 876
f 1583 1633 530
f 682 743 731
f 375 379 377
f 320 1455 328
f 321 574 325
f 533 675 505
f 362 363 361
f 1093 1553 807
f 371 374 373
f 740 1031 969
f 534 1579 533
f 200 210 201
f 637 1589 635
f 494 651 647
f 734 1323 187
f 431 1670 433
f 485 530 483
f 651 875 647
f 1055 1182 1053
f 476 477 475
f 701 1575 599
f 739 984 738
f 440 461 407
f 876 1571 875
f 724 801 754
f 386 389 384
f 913 1195 914
f 496 1604 425
f 1100 1194 810
f 879 1633 1583
f 399 407 389
f 690 692 599
f 878 894 893
f 822 823 702
f 722 724 723
f 828 987 780
f 348 390 349
f 807 1040 728
f 813 976 814
f 347 355 343
f 692 822 702
f 1038 1779 1039
f 552 1568 548
f 1080 1322 1081
f 651 876 875
f 651 1581 882
f 555 877 537
f 555 878 877
f 472 473 471
f 547 722 721
f 426 463 424
f 703 796 675
f 617 708 689
f 382 386 384
f 1031 1105 969
f 984 1042 985
f 878 893 877
f 547 721 545
f 399 440 407
f 411 471 470
f 800 1625 1048
f 1032 1033 894
f 418 532 416
f 1613 1651 1344
f 693 781 780
f 1112 1113 1111
f 822 1083 823
f 984 985 738
f 474 475 473
f 745 813 747
f 796 913 879
f 877 1579 537
f 894 1573 893
f 1095 1101 941
f 405 1653 412
f 312 316 314
f 1269 1307 1270
f 386 399 389
f 360 361 359
f 358 359 357
f 781 979 828
f 473 607 471
f 1052 1700 1054
f 1095 1291 1101
f 710 815 730
f 907 909 908
f 801 972 754
f 724 754 723
f 676 705 704
f 889 1682 891
f 1040 1041 728
f 1109 1111 1110
f 598 599 597
f 598 690 599
f 722 723 721
f 661 1449 659
f 404 411 410
f 632 676 633
f 630 632 631
f 411 1570 472
f 942 1185 940
f 510 706 511
f 1444 1445 1214
f 862 1267 1266
f 1020 1296 1008
f 1267 1269 1268
f 547 1568 722
f 824 1989 1825
f 321 323 320
f 352 354 353
f 871 1590 873
f 628 630 629
f 523 1614 522
f 1185 1186 940
f 434 465 432
f 422 602 420
f 682 1574 743
f 456 458 457
f 522 1710 1404
f 454 455 453
f 356 357 355
f 665 778 663
f 1082 1590 773
f 542 1587 540
f 870 1570 404
f 398 1588 1552
f 430 604 428
f 1374 1451 694
f 368 370 369
f 341 923 339
f 912 1250 1249
f 529 628 620
f 1425 1615 1424
f 983 1571 876
f 310 311 309
f 285 286 284
f 706 799 707
f 283 284 282
f 533 1579 703
f 487 489 438
f 807 1553 1040
f 333 335 331
f 325 329 323
f 366 368 367
f 595 598 597
f 330 331 329
f 348 1629 391
f 445 605 442
f 1016 1631 768
f 527 529 528
f 312 313 311
f 364 366 365
f 314 315 313
f 909 911 910
f 593 595 594
f 362 364 363
f 317 318 315
f 595 597 594
f 281 282 280
f 693 780 667
f 896 897 895
f 368 398 370
f 411 470 410
f 1051 1234 1049
f 1048 1673 1050
f 1198 1946 1257
f 404 410 403
f 1025 1587 721
f 726 820 819
f 333 337 335
f 391 404 403
f 939 1095 941
f 935 951 950
f 875 1574 647
f 330 333 331
f 737 802 687
f 265 266 263
f 404 1570 411
f 325 330 329
f 362 606 364
f 303 307 305
f 593 594 592
f 545 1587 542
f 389 1577 384
f 979 1034 828
f 848 1010 846
f 370 1607 371
f 781 828 780
f 516 726 725
f 291 292 290
f 398 593 592
f 321 325 323
f 687 1660 685
f 505 1583 485
f 1270 1606 1306
f 1357 1694 874
f 1033 1573 894
f 350 351 346
f 461 1581 494
f 391 403 390
f 308 310 309
f 1478 1634 585
f 344 1629 348
f 866 1344 899
f 1560 1607 592
f 884 1603 1036
f 859 1555 709
f 314 317 315
f 842 1011 840
f 312 314 313
f 318 321 320
f 310 312 311
f 184 1091 211
f 360 362 361
f 784 895 618
f 784 937 896
f 299 608 301
f 750 940 939
f 750 939 736
f 460 613 499
f 254 255 249
f 354 402 401
f 291 783 618
f 715 1613 717
f 1483 1640 860
f 810 1578 801
f 1307 1606 1270
f 905 927 907
f 398 592 370
f 717 1613 866
f 288 291 290
f 622 1580 501
f 1056 1620 1075
f 279 280 278
f 1109 1110 1107
f 501 1580 440
f 294 297 296
f 1250 1252 1251
f 879 1583 675
f 402 442 441
f 783 1602 784
f 685 797 684
f 277 278 276
f 878 1652 1026
f 679 1631 519
f 440 1580 461
f 689 750 736
f 1693 1720 1469
f 308 611 310
f 632 793 676
f 800 1047 1046
f 498 924 459
f 607 1582 471
f 1237 1238 967
f 358 360 359
f 613 615 614
f 681 789 697
f 836 1012 834
f 1641 1662 1481
f 706 800 799
f 1574 1628 743
f 801 1578 972
f 352 353 351
f 911 1612 912
f 275 276 274
f 634 1585 556
f 966 986 967
f 264 265 263
f 909 938 911
f 1050 1688 1052
f 371 1607 374
f 981 1108 1107
f 494 1581 651
f 1381 1699 901
f 1381 1708 1699
f 692 1586 822
f 441 443 401
f 750 1600 942
f 815 1004 816
f 585 1634 513
f 690 1586 692
f 941 1593 736
f 767 1020 1008
f 875 1628 1574
f 675 1583 505
f 814 898 747
f 356 358 357
f 976 1203 814
f 819 821 725
f 1839 1872 1094
f 1194 1578 810
f 263 1562 261
f 1079 1080 821
f 703 1642 808
f 556 1585 603
f 689 736 639
f 628 753 630
f 485 1583 530
f 721 1587 545
f 559 1705 446
f 800 1046 799
f 468 469 443
f 745 747 645
f 358 387 360
f 449 464 447
f 743 1592 731
f 520 680 678
f 938 1309 946
f 951 953 952
f 260 261 259
f 471 1582 470
f 1025 1652 1649
f 740 1592 1031
f 516 527 469
f 592 1607 370
f 731 1592 740
f 960 978 962
f 347 356 355
f 1580 1581 461
f 262 263 261
f 886 994 820
f 1187 1190 919
f 379 1698 1325
f 829 1016 768
f 937 954 896
f 728 1585 634
f 738 1586 690
f 938 946 911
f 470 1582 510
f 328 1455 695
f 1116 1663 1178
f 283 327 285
f 813 814 747
f 784 896 895
f 283 285 284
f 448 1705 1343
f 574 1596 325
f 663 1598 661
f 930 931 929
f 281 283 282
f 279 612 281
f 330 1596 334
f 493 1608 475
f 1638 1665 1541
f 640 1622 616
f 985 1586 738
f 348 391 390
f 90 1970 1230
f 538 1649 555
f 799 1591 707
f 346 347 343
f 347 699 356
f 432 1595 430
f 617 689 639
f 291 618 292
f 918 920 919
f 958 960 959
f 708 1600 689
f 1108 1109 1107
f 953 958 957
f 273 274 272
f 428 1599 426
f 966 967 922
f 386 1641 1482
f 342 343 341
f 986 1237 967
f 340 342 341
f 403 1467 390
f 353 915 351
f 1041 1585 728
f 258 259 257
f 354 401 353
f 342 346 343
f 860 1640 862
f 707 1591 710
f 726 819 725
f 783 784 618
f 912 1612 1250
f 1431 1690 1674
f 202 624 203
f 1586 1650 822
f 402 441 401
f 338 1679 1344
f 424 1594 422
f 279 281 280
f 784 1602 937
f 866 1613 1344
f 420 1597 418
f 327 340 339
f 978 1822 1044
f 1385 1718 927
f 475 1608 473
f 667 1610 665
f 473 1608 607
f 518 684 509
f 987 1610 780
f 1204 1205 990
f 890 949 888
f 1186 1605 940
f 340 341 339
f 325 1596 330
f 271 609 273
f 441 468 443
f 391 1629 870
f 286 1609 288
f 617 639 616
f 1571 1628 875
f 819 1079 821
f 812 1407 746
f 292 1611 294
f 468 516 469
f 1079 1202 1080
f 516 725 527
f 382 1641 386
f 939 1605 1095
f 513 1634 512
f 689 1600 750
f 940 1605 939
f 914 1633 879
f 1313 1555 859
f 1587 1649 540
f 277 279 278
f 380 1641 382
f 645 1614 523
f 355 1616 343
f 456 457 455
f 661 1598 1449
f 426 1599 463
f 778 1598 663
f 1667 1685 753
f 1089 1090 615
f 918 919 892
f 985 1650 1586
f 1020 1639 1296
f 327 339 285
f 614 617 616
f 1112 1663 1113
f 301 1618 303
f 275 277 276
f 465 1595 432
f 275 326 277
f 341 1616 923
f 844 1647 842
f 20 1675 19
f 665 1610 778
f 430 1595 604
f 296 1621 299
f 463 1594 424
f 877 1642 1579
f 613 614 499
f 710 1591 815
f 1347 1762 1348
f 273 275 274
f 604 1599 428
f 1579 1642 703
f 271 272 270
f 672 1674 1640
f 312 1624 316
f 1025 1649 1587
f 780 1610 667
f 418 1597 532
f 614 616 499
f 303 1618 307
f 1204 1206 1205
f 422 1594 602
f 617 1646 708
f 605 1638 442
f 895 1611 618
f 893 1642 877
f 862 1640 1267
f 946 1612 911
f 920 1187 919
f 958 1001 960
f 993 1657 458
f 602 1597 420
f 540 1649 538
f 317 1664 318
f 305 1617 308
f 366 1623 1588
f 608 1618 301
f 364 1623 366
f 606 1623 364
f 527 1619 529
f 310 1624 312
f 321 1664 574
f 291 1609 783
f 299 1621 608
f 288 1609 291
f 1384 1708 563
f 840 1655 838
f 468 1638 1541
f 622 1683 1603
f 618 1611 292
f 294 1611 297
f 379 1662 377
f 1004 1220 1104
f 935 1000 951
f 838 1655 1572
f 478 1668 479
f 1091 1281 1197
f 307 1617 305
f 297 1621 296
f 1426 1726 1425
f 362 1630 606
f 343 1616 341
f 842 1647 1011
f 936 1086 931
f 379 1687 1662
f 510 1625 706
f 460 498 459
f 1582 1625 510
f 271 273 272
f 695 1626 767
f 1075 1659 1454
f 994 1637 820
f 789 1021 697
f 285 1636 286
f 989 990 763
f 460 499 498
f 820 1637 819
f 611 1624 310
f 706 1625 800
f 923 1636 339
f 261 1562 578
f 360 1630 362
f 747 1614 645
f 457 460 459
f 1673 1688 1050
f 269 270 268
f 1221 1959 623
f 821 1619 725
f 412 1653 467
f 453 619 451
f 723 1666 1025
f 308 1617 611
f 898 1614 747
f 442 1638 441
f 267 322 269
f 822 1650 1083
f 725 1619 527
f 922 1632 920
f 1782 1786 1552
f 1620 1714 1075
f 347 1627 699
f 555 1652 878
f 266 1562 263
f 346 1627 347
f 351 1627 346
f 286 1636 1609
f 387 1630 360
f 1238 1632 967
f 1076 1654 1591
f 269 271 270
f 1425 1716 1615
f 457 459 455
f 1010 1661 846
f 204 223 6
f 1021 1776 1731
f 989 1204 990
f 892 1644 890
f 293 1651 1465
f 980 1226 974
f 530 1672 483
f 752 1002 761
f 846 1661 844
f 615 1646 614
f 735 811 762
f 767 1626 1020
f 917 1704 1563
f 1090 1646 615
f 380 1662 1641
f 883 1677 983
f 915 1627 351
f 612 1635 281
f 920 1632 1187
f 283 1635 327
f 967 1632 922
f 358 1643 387
f 441 1638 468
f 443 1648 401
f 460 1658 613
f 267 268 266
f 377 1662 380
f 356 1643 358
f 281 1635 283
f 1629 1691 1414
f 1011 1655 840
f 614 1646 617
f 1113 1663 1116
f 819 1637 1079
f 1039 1779 1770
f 699 1643 356
f 1190 1644 919
f 339 1636 285
f 262 264 263
f 257 757 255
f 1581 1656 882
f 1455 1626 695
f 1081 1685 1667
f 844 1661 1647
f 458 1658 457
f 508 652 517
f 754 1666 723
f 1081 1667 1619
f 503 1683 622
f 353 1648 915
f 267 269 268
f 445 1678 605
f 401 1648 353
f 628 1667 753
f 955 1009 817
f 1580 1656 1581
f 890 1644 949
f 981 1107 1106
f 265 267 266
f 454 1725 1342
f 622 1656 1580
f 783 1692 1602
f 652 770 742
f 1286 1781 609
f 919 1644 892
f 802 1660 687
f 1025 1666 1652
f 318 1664 321
f 507 1670 431
f 681 697 696
f 518 685 684
f 481 1668 478
f 926 1192 1191
f 1553 1875 1842
f 848 1680 1010
f 1652 1666 1026
f 1344 1679 899
f 1640 1674 1267
f 1657 1658 458
f 1003 1102 1002
f 808 1987 1852
f 529 1667 628
f 697 752 696
f 815 1654 1004
f 762 989 763
f 337 1691 335
f 464 1678 447
f 924 1669 459
f 1591 1654 815
f 1541 1665 885
f 1662 1687 1481
f 1619 1667 529
f 762 763 737
f 1234 1684 1049
f 260 262 261
f 1625 1673 1048
f 580 1702 126
f 752 1003 1002
f 258 260 259
f 514 1725 452
f 901 1699 902
f 483 1672 481
f 754 1689 1666
f 457 1658 460
f 1692 1707 1602
f 375 1698 379
f 481 1672 1668
f 577 1675 20
f 520 681 680
f 735 737 687
f 1074 1748 1070
f 681 696 680
f 1425 1726 1716
f 1730 1753 324
f 1348 1762 1745
f 686 687 685
f 1267 1674 1269
f 1582 1673 1625
f 1429 1683 512
f 607 1673 1582
f 1035 1677 883
f 1462 1860 603
f 681 1671 789
f 447 1678 445
f 1026 1689 1032
f 981 1106 980
f 1666 1689 1026
f 1319 1682 889
f 926 1028 742
f 855 1680 848
f 1481 1687 1359
f 1688 1700 1052
f 735 762 737
f 1463 1856 1041
f 899 1679 901
f 1034 1831 1432
f 518 686 685
f 1683 1709 1603
f 686 735 687
f 970 971 643
f 929 1645 770
f 449 1696 464
f 490 1693 1469
f 905 1699 927
f 250 1942 1880
f 467 1671 520
f 700 1707 1616
f 455 1669 453
f 1286 1789 1781
f 652 742 517
f 262 490 264
f 874 1694 1626
f 607 1688 1673
f 256 258 257
f 770 926 742
f 344 1691 1629
f 512 1683 503
f 1316 1676 491
f 453 1669 619
f 264 1676 265
f 926 1645 1192
f 1049 1684 1047
f 517 518 509
f 1516 1903 776
f 1718 1753 938
f 936 1755 1088
f 855 1686 1680
f 1674 1690 1269
f 730 1731 729
f 459 1669 455
f 992 1231 183
f 934 1737 932
f 1398 1797 1397
f 926 1191 1028
f 490 491 264
f 1626 1694 1020
f 1070 1756 1071
f 1322 1685 1081
f 477 1714 493
f 258 621 260
f 1314 1742 1315
f 218 1967 1300
f 1653 1671 467
f 619 1696 451
f 972 1689 754
f 1269 1690 1307
f 1475 1727 700
f 520 1671 681
f 335 1691 344
f 493 1714 1620
f 1608 1688 607
f 1414 1695 1412
f 508 517 509
f 1429 1709 1683
f 1748 1756 1070
f 1636 1692 1609
f 921 1734 965
f 508 509 491
f 1038 1782 1779
f 770 1645 926
f 451 1696 449
f 1023 1709 1429
f 1756 1758 1071
f 869 1735 1029
f 256 257 255
f 1327 1697 559
f 923 1692 1636
f 1275 1767 1278
f 1560 1703 1607
f 981 1719 1108
f 623 1959 1719
f 490 508 491
f 1020 1694 1639
f 1560 1732 1703
f 1609 1692 783
f 1071 1758 1493
f 374 1698 375
f 923 1707 1692
f 909 1718 938
f 927 1718 907
f 958 1712 1001
f 1023 1713 1709
f 31 1733 30
f 1197 1198 211
f 832 1728 1446
f 223 817 733
f 309 1730 306
f 1084 1713 1023
f 1347 1770 1762
f 902 1699 905
f 975 981 980
f 255 1576 249
f 1003 1768 1102
f 446 1705 448
f 1614 1710 522
f 1303 1704 917
f 579 1741 1475
f 961 1761 1336
f 834 1728 832
f 491 1676 264
f 126 1702 125
f 1086 1087 931
f 1000 1717 951
f 817 968 733
f 374 1703 1698
f 1432 1832 1034
f 1426 1745 1726
f 563 1708 1381
f 517 1681 518
f 493 1700 1608
f 518 1681 686
f 1735 1754 948
f 1607 1703 374
f 1028 1681 742
f 26 1749 25
f 1417 1836 987
f 1697 1826 559
f 1704 1766 1563
f 1608 1700 1688
f 742 1681 517
f 223 1711 955
f 223 733 6
f 333 1736 337
f 970 1184 971
f 222 1873 1245
f 968 1097 1027
f 267 1715 322
f 1475 1741 1727
f 1616 1707 923
f 970 1200 1184
f 735 1723 811
f 1703 1732 1326
f 1615 1716 915
f 948 1752 701
f 248 253 249
f 1709 1713 1036
f 1293 1792 326
f 530 1748 1672
f 260 1693 262
f 254 654 256
f 953 1712 958
f 1603 1709 1036
f 881 1729 1562
f 790 1754 1550
f 1034 1857 1831
f 915 1716 1627
f 1681 1723 686
f 1036 1713 1045
f 1044 1819 1814
f 217 1930 1497
f 968 1027 733
f 1326 1732 1450
f 671 970 643
f 1676 1715 265
f 203 1711 204
f 1309 1753 1730
f 1385 1753 1718
f 935 1738 1000
f 479 1714 477
f 524 643 253
f 254 256 255
f 262 1693 490
f 898 1710 1614
f 414 1759 1354
f 858 1767 1275
f 209 1765 105
f 621 1693 260
f 734 1805 1323
f 853 1767 852
f 524 671 643
f 104 1765 568
f 931 1706 929
f 1104 1760 816
f 929 1706 1645
f 1028 1723 1681
f 265 1715 267
f 975 980 974
f 700 1727 1707
f 1021 1750 697
f 973 1974 1228
f 702 1740 948
f 951 1717 953
f 1337 1787 1338
f 1627 1716 699
f 1672 1748 1074
f 907 1718 909
f 1450 1744 945
f 416 1759 414
f 1253 1772 1612
f 953 1717 1712
f 624 1711 203
f 175 1722 174
f 452 1725 454
f 1085 1854 1830
f 947 1776 1314
f 230 1890 1237
f 752 1750 1003
f 971 1701 643
f 1732 1744 1450
f 1716 1726 699
f 678 1784 759
f 324 1753 1385
f 1091 1197 211
f 975 1719 981
f 204 1711 223
f 952 1774 950
f 1314 1776 1742
f 1843 1847 409
f 1744 1752 945
f 757 1576 255
f 233 1739 198
f 1707 1727 1602
f 271 1763 609
f 1037 1788 1786
f 1469 1720 928
f 226 1733 31
f 524 973 671
f 140 1790 229
f 1237 1890 1238
f 1689 1721 1032
f 306 1730 324
f 948 1754 1752
f 823 1740 702
f 574 1775 1295
f 729 1731 947
f 1087 1706 931
f 1562 1729 578
f 322 1763 269
f 811 1746 1300
f 248 524 253
f 1012 1728 834
f 1493 1957 1492
f 686 1723 735
f 253 1701 254
f 1226 1724 974
f 1336 1787 1335
f 1602 1727 937
f 823 1764 1740
f 699 1726 1643
f 258 1747 621
f 932 1737 1024
f 1612 1772 1250
f 610 1732 1560
f 1660 1769 797
f 254 1701 654
f 1245 1873 1092
f 972 1721 1689
f 1373 1818 897
f 1735 1740 1029
f 560 1790 141
f 436 1823 1284
f 1107 1778 1106
f 1355 1862 1844
f 198 1739 199
f 1563 1734 921
f 1569 1784 680
f 1223 1994 1108
f 1727 1741 937
f 334 1736 333
f 1550 1735 869
f 297 1815 1371
f 973 974 671
f 933 1738 935
f 744 1964 1201
f 596 1788 1567
f 973 975 974
f 610 1744 1732
f 498 1777 924
f 1734 1777 965
f 1760 1768 1003
f 1657 1795 977
f 190 1743 191
f 937 1741 954
f 1575 1744 610
f 1740 1764 1029
f 1588 1782 1552
f 1029 1764 1030
f 191 1743 234
f 521 1771 1511
f 1723 1746 811
f 275 1781 326
f 25 1749 792
f 609 1781 273
f 1653 1742 1671
f 1315 1742 1653
f 959 1789 957
f 1575 1752 1744
f 1493 1877 1495
f 32 1809 226
f 970 1724 1200
f 256 1747 258
f 1643 1745 387
f 210 1773 201
f 238 1751 1261
f 671 1724 970
f 1671 1742 789
f 1038 1786 1782
f 1633 1748 530
f 1726 1745 1643
f 948 1740 1735
f 1739 1813 1338
f 1364 1822 1697
f 897 1821 1373
f 1516 1968 1103
f 938 1753 1309
f 701 1752 1575
f 202 1773 624
f 945 1754 790
f 697 1750 752
f 1274 1755 936
f 1633 1756 1748
f 933 1757 1738
f 643 1701 253
f 1191 1746 1028
f 1745 1762 387
f 1511 1771 1509
f 654 1747 256
f 1675 1801 19
f 962 1800 1293
f 1028 1746 1723
f 1355 1761 961
f 916 1757 933
f 1669 1766 619
f 1225 1879 571
f 974 1724 671
f 914 1758 1756
f 965 1794 966
f 1742 1776 789
f 142 1808 560
f 914 1756 1633
f 964 1797 739
f 1212 1798 1532
f 1162 1798 1177
f 644 1809 33
f 1195 1758 914
f 816 1760 1271
f 1874 1985 251
f 279 1792 612
f 532 1759 416
f 1175 1801 1675
f 619 1766 1704
f 326 1792 277
f 18 1801 241
f 1794 1799 966
f 623 1911 1228
f 1752 1754 945
f 924 1777 1734
f 159 1802 158
f 269 1763 271
f 387 1762 1630
f 1009 1796 817
f 1755 1820 1088
f 898 1833 1289
f 966 1799 986
f 105 1765 104
f 1215 1764 823
f 1697 1822 978
f 759 1862 1355
f 1101 1804 941
f 1852 1987 1440
f 852 1767 858
f 916 1769 1757
f 569 1918 1721
f 1104 1768 1760
f 47 1806 46
f 125 1807 124
f 797 1769 916
f 1355 1844 1761
f 1777 1794 965
f 1510 1893 1508
f 924 1766 1669
f 1442 1812 570
f 1799 1804 986
f 942 1771 1185
f 1487 1982 573
f 233 1834 1813
f 228 1982 1487
f 201 1773 202
f 950 1774 1285
f 1664 1775 574
f 3 1936 84
f 85 1936 3
f 1529 1928 1925
f 1762 1770 1630
f 1630 1770 606
f 1250 1772 1252
f 1372 1818 1373
f 1408 1988 1283
f 880 1819 1584
f 1473 1835 579
f 1770 1779 606
f 886 1811 994
f 1263 1908 1262
f 949 1811 888
f 897 1815 895
f 1622 1777 498
f 200 1803 210
f 1161 1841 1525
f 1371 1818 1368
f 789 1776 1021
f 1047 1816 1046
f 578 1952 1828
f 1280 1775 1664
f 1110 1778 1107
f 606 1779 1623
f 1042 1867 1500
f 1835 1847 1453
f 1398 1861 1797
f 1088 1780 1086
f 993 1871 1657
f 30 1824 29
f 1502 1863 224
f 1890 1932 1238
f 612 1814 1635
f 896 1821 897
f 1611 1815 297
f 438 1823 436
f 1397 1783 1396
f 1340 1834 982
f 1462 1885 1860
f 273 1781 275
f 205 1817 189
f 215 1914 1500
f 113 1827 638
f 680 1784 678
f 219 1827 114
f 1552 1786 596
f 1623 1782 1588
f 1820 1849 1088
f 1779 1782 1623
f 1432 1831 376
f 1873 1919 1092
f 1335 1787 1337
f 1244 1785 1243
f 1037 1786 1038
f 369 1830 367
f 1622 1794 1777
f 578 1828 259
f 1416 1872 1839
f 373 1831 372
f 1152 1829 1210
f 1150 1829 1149
f 688 1972 1445
f 1788 1791 963
f 257 1828 757
f 960 1826 978
f 1739 1803 199
f 1567 1788 963
f 957 1789 1286
f 963 1791 964
f 1034 1832 828
f 626 1816 1458
f 1062 1838 1066
f 1338 1803 1739
f 1072 1838 1064
f 141 1790 140
f 814 1833 898
f 1291 1902 1101
f 978 1826 1697
f 1159 1841 1161
f 1526 1897 1180
f 1463 1853 785
f 1452 1843 988
f 1577 1842 385
f 987 1836 1610
f 1458 1816 1684
f 1073 1845 1061
f 977 1795 1089
f 222 1793 1503
f 1059 1845 1078
f 277 1792 279
f 63 1855 62
f 1573 1846 893
f 913 1852 1207
f 50 1902 1291
f 808 1852 796
f 1598 1839 1094
f 1802 1992 158
f 640 1794 1622
f 1660 1871 1769
f 983 1812 1571
f 1085 1857 979
f 992 1896 1231
f 986 1840 1237
f 640 1799 1794
f 956 1813 1340
f 1642 1846 808
f 739 1797 984
f 1386 1870 216
f 550 1860 552
f 190 1817 1743
f 1532 1798 1162
f 603 1860 553
f 1593 1799 640
f 1230 1863 996
f 1044 1800 962
f 1235 1942 250
f 954 1835 1453
f 1041 1856 1585
f 71 1867 572
f 817 1796 968
f 1500 1867 72
f 19 1801 18
f 1257 1805 734
f 1492 1866 1067
f 195 1859 196
f 154 1869 243
f 1593 1804 1799
f 199 1803 200
f 246 1802 159
f 1500 1914 1042
f 812 1988 1408
f 78 1873 222
f 941 1804 1593
f 246 1882 1531
f 86 1876 85
f 36 1879 218
f 571 1879 37
f 1514 1806 47
f 1033 1918 1457
f 1881 1887 1089
f 1322 1916 1685
f 980 1874 1226
f 1518 1882 246
f 1089 1887 1090
f 1301 1920 235
f 215 1948 1914
f 1887 1892 1090
f 1800 1814 612
f 1351 1901 1005
f 143 1808 142
f 241 1933 1489
f 572 1861 1398
f 1796 1810 968
f 102 1889 1471
f 568 1889 103
f 737 1881 802
f 1811 1870 994
f 52 1890 230
f 33 1809 32
f 1769 1871 993
f 1084 1850 1713
f 1471 1898 206
f 632 1884 793
f 1702 1807 125
f 888 1811 886
f 365 1854 409
f 753 1884 630
f 1525 1841 232
f 570 1812 1476
f 1096 1973 1073
f 16 1897 1526
f 241 1897 17
f 968 1810 1097
f 1161 1899 1147
f 1146 1899 1545
f 1046 1868 1076
f 1503 1895 576
f 1345 1883 644
f 1308 1922 826
f 51 1902 50
f 1531 1882 1171
f 1499 1937 577
f 1232 1903 1015
f 642 1910 1386
f 1635 1814 880
f 212 1916 1322
f 237 1968 1516
f 1512 1906 1513
f 1828 1952 1282
f 1150 1908 1829
f 189 1817 190
f 1193 1992 1802
f 654 1820 1755
f 1701 1820 654
f 1925 1928 1521
f 895 1815 1611
f 1387 1916 212
f 743 1907 1592
f 1654 1904 1004
f 826 1921 1308
f 1684 1816 1047
f 235 1962 1301
f 972 1886 1721
f 1368 1818 1372
f 233 1813 1739
f 90 1912 89
f 1088 1849 1780
f 1526 1915 236
f 581 1917 9
f 1584 1819 720
f 1819 1822 720
f 6 1905 1181
f 1399 1931 1392
f 1283 1988 944
f 1032 1918 1033
f 1916 1945 1685
f 242 1919 80
f 720 1822 1364
f 1042 1914 985
f 240 1964 28
f 1741 1835 954
f 235 1920 156
f 995 1926 803
f 43 1922 521
f 826 1922 44
f 581 1925 1521
f 1197 1993 1986
f 954 1821 896
f 27 1964 744
f 1231 1896 1444
f 688 1924 149
f 148 1924 818
f 1197 1986 1198
f 1389 1931 1390
f 29 1824 240
f 971 1820 1701
f 220 1932 54
f 146 1950 145
f 489 1823 438
f 733 1905 6
f 1758 1877 1493
f 139 1939 138
f 973 1911 975
f 854 1946 1318
f 1077 1825 1096
f 1816 1868 1046
f 38 1938 571
f 1795 1881 1089
f 225 1938 39
f 971 1849 1820
f 1751 1940 1261
f 1350 1900 1349
f 1377 1976 234
f 624 1844 1711
f 944 1988 751
f 580 1973 1702
f 1797 1861 984
f 1108 1959 1223
f 1035 1930 1677
f 824 1825 1515
f 1148 1940 1150
f 1778 1937 1499
f 196 1864 197
f 192 1929 193
f 1439 1980 213
f 46 1953 2
f 2 1953 45
f 124 1954 4
f 4 1954 123
f 7 1955 1
f 1 1955 162
f 825 1955 1520
f 157 1992 235
f 1544 1937 1110
f 1505 1961 1504
f 245 1966 1506
f 1176 1962 1193
f 802 1881 1795
f 1301 1962 1548
f 114 1827 113
f 1108 1994 1109
f 62 1977 61
f 1702 1973 1096
f 1456 1980 1033
f 91 1970 90
f 1001 1826 960
f 1044 1814 1800
f 259 1828 257
f 1079 1944 1202
f 573 1982 130
f 129 1982 228
f 143 1865 1808
f 1534 1981 1153
f 1761 1844 624
f 1868 1909 1076
f 1556 1968 1219
f 1281 1993 1197
f 793 1971 676
f 1605 1979 1095
f 372 1830 369
f 1149 1829 1152
f 376 1831 373
f 1771 1934 1509
f 1882 1928 1171
f 1033 1980 1573
f 1632 1969 1187
f 828 1832 987
f 1498 1948 215
f 642 1944 1910
f 982 1834 1350
f 409 1847 1473
f 1502 1949 1084
f 1203 1833 814
f 1150 1940 1751
f 1300 1967 1299
f 579 1835 1741
f 1064 1838 1062
f 220 1969 1932
f 145 1837 144
f 1610 1836 778
f 1830 1857 1085
f 1421 1870 1811
f 367 1854 365
f 1645 1960 1192
f 1836 1839 778
f 242 1958 1919
f 778 1839 1598
f 942 1934 1771
f 197 1864 233
f 1434 1842 1577
f 1101 1840 1804
f 1434 1851 1842
f 1165 1841 1159
f 1878 1894 969
f 1229 1880 1246
f 137 1947 214
f 1746 1883 1300
f 988 1843 1085
f 194 1935 208
f 1837 1865 144
f 1246 1880 1663
f 1805 1926 995
f 1153 1981 1785
f 524 1974 973
f 1061 1845 1059
f 1453 1847 1452
f 1501 1949 1502
f 786 1851 1434
f 786 1853 1851
f 1844 1862 955
f 893 1846 1642
f 785 1853 786
f 796 1852 913
f 1386 1910 1870
f 1211 1923 1209
f 212 1855 63
f 564 1872 1416
f 1711 1844 955
f 385 1875 564
f 1522 1941 1196
f 1806 1921 826
f 1184 1849 971
f 979 1857 1034
f 564 1875 1872
f 1585 1856 603
f 1498 1983 1948
f 1078 1975 1488
f 1236 1858 995
f 983 1951 1812
f 208 1859 195
f 1713 1850 1045
f 1228 1974 163
f 553 1860 550
f 1685 1945 753
f 984 1861 1042
f 996 1863 997
f 1765 1927 568
f 1100 1894 1878
f 1829 1908 1264
f 955 1862 1009
f 409 1854 1843
f 1487 1975 228
f 626 1868 1816
f 1510 1934 1600
f 1365 1868 626
f 1067 1866 1072
f 72 1867 71
f 1076 1909 1654
f 144 1865 143
f 163 1974 248
f 1219 1912 1230
f 1495 1877 219
f 155 1869 154
f 1883 1990 644
f 1082 1958 1273
f 216 1870 1421
f 1206 1943 1205
f 1461 1888 1885
f 1461 1885 1462
f 1944 1977 1202
f 1171 1928 1529
f 1812 1951 1476
f 1464 1888 1461
f 1094 1872 1093
f 1464 1891 1888
f 79 1873 78
f 1872 1875 1093
f 1923 1965 1209
f 741 1891 1464
f 1093 1875 1553
f 741 1894 1891
f 776 1876 86
f 1106 1874 980
f 1226 1913 1724
f 969 1894 741
f 802 1871 1660
f 1804 1840 986
f 1194 1927 1765
f 1105 1878 969
f 37 1879 36
f 1663 1880 1178
f 1376 1976 1375
f 1514 1963 1921
f 1785 1981 1243
f 1519 1882 1518
f 1489 1933 1174
f 1077 1966 1825
f 763 1881 737
f 576 1983 1498
f 1859 1900 1350
f 1825 1966 1515
f 763 1887 1881
f 1885 1888 1566
f 552 1885 1566
f 1365 1909 1868
f 1349 1900 1351
f 630 1884 632
f 8 1917 1520
f 1578 1886 972
f 240 1956 1780
f 990 1887 763
f 103 1889 102
f 1888 1891 1099
f 53 1890 52
f 990 1892 1887
f 1810 1848 1097
f 1566 1888 1099
f 1223 1959 1221
f 1099 1891 1098
f 1205 1892 990
f 1891 1894 1098
f 1195 1877 1758
f 1098 1894 1100
f 372 1857 1830
f 818 1896 1530
f 1514 1921 1806
f 155 1920 1869
f 1086 1956 1087
f 233 1864 1834
f 206 1898 1443
f 1191 1883 1746
f 1174 1933 1175
f 17 1897 16
f 1147 1899 1146
f 79 1919 1873
f 1257 1926 1805
f 1233 1978 1232
f 1212 1991 1527
f 1005 1901 1376
f 1072 1961 1838
f 230 1902 51
f 1015 1903 1103
f 1106 1985 1874
f 1264 1908 1263
f 251 1985 1499
f 1004 1904 1220
f 1209 1965 1208
f 228 1906 1512
f 1519 1928 1882
f 1879 1967 218
f 244 1963 1514
f 1628 1907 743
f 1027 1905 733
f 1719 1911 623
f 1200 1913 1749
f 1724 1913 1200
f 1880 1942 1178
f 1230 1970 1863
f 1457 1918 569
f 53 1932 1890
f 214 1909 1365
f 1843 1854 1085
f 1196 1941 1165
f 1877 1984 219
f 994 1910 1637
f 89 1912 237
f 236 1915 1524
f 1834 1864 1350
f 1388 1916 1387
f 985 1914 1650
f 1876 1936 85
f 644 1990 1809
f 1520 1917 1521
f 9 1917 8
f 1195 1984 1877
f 1965 1991 1208
f 1214 1972 1211
f 214 1947 1904
f 1445 1972 1214
f 1499 1985 1778
f 80 1919 79
f 1793 1895 1503
f 156 1920 155
f 975 1911 1719
f 1529 1925 1196
f 44 1922 43
f 208 1935 1901
f 1308 1921 1186
f 1528 1923 688
f 1870 1910 994
f 1175 1933 1801
f 1191 1990 1883
f 1273 1958 242
f 803 1926 854
f 1283 1952 1729
f 1721 1918 1032
f 1906 1975 1078
f 149 1924 148
f 193 1935 194
f 1749 1913 792
f 1508 1943 225
f 1100 1927 1194
f 1841 1941 232
f 1509 1934 1510
f 1521 1928 1519
f 1392 1931 1389
f 234 1929 192
f 1388 1945 1916
f 1045 1930 1035
f 1801 1933 241
f 54 1932 53
f 1910 1944 1637
f 1087 1956 1824
f 1914 1948 1650
f 1600 1934 942
f 229 1939 139
f 1282 1952 1283
f 1806 1953 46
f 1919 1958 1092
f 1807 1954 124
f 1205 1943 1893
f 1921 1963 1186
f 1528 1965 1923
f 1208 1991 1212
f 39 1938 38
f 575 1949 1501
f 138 1947 137
f 1492 1957 1866
f 1932 1969 1238
f 1232 1978 1903
f 1677 1951 983
f 1153 1940 1148
f 232 1941 1522
f 1178 1942 1179
f 1530 1950 146
f 1477 1951 1677
f 1390 1945 1388
f 1780 1956 1086
f 1181 1905 1837
f 1375 1976 1377
f 1165 1941 1841
f 1299 1967 1225
f 1476 1951 1477
f 1488 1975 1487
f 1637 1944 1079
f 45 1953 826
f 123 1954 824
f 162 1955 825
f 231 1957 1496
f 1650 1948 1083
f 219 1984 1827
f 1092 1958 1082
f 1838 1961 1506
f 1809 1990 1192
f 1719 1959 1108
f 1506 1961 1505
f 1548 1962 1176
f 28 1964 27
f 582 1965 1528
f 1186 1963 1605
f 1515 1966 245
f 208 1900 1859
f 1103 1968 1556
f 1948 1983 1083
f 1110 1937 1778
f 224 1970 91
f 1729 1952 578
f 1084 1949 1850
f 1846 1987 808
f 676 1971 705
f 1238 1969 1632
f 1706 1960 1645
f 582 1991 1965
f 1513 1973 580
f 1929 1976 1376
f 61 1977 642
f 213 1980 1456
f 1095 1979 1291
f 1140 1981 1534
f 130 1982 129
f 943 1993 944
f 1440 1987 1439
f 1986 1993 943
f 1083 1983 1215
f 1318 1986 943
f 751 1988 812
f 1778 1985 1106
f 1207 1984 1195
f 1527 1991 582
f 158 1992 157
f 1109 1994 1112
f 248 1974 524
f 1192 1990 1191
f 826 1953 1806
f 1863 1970 224
f 824 1954 1807
f 1876 1978 1233
f 1096 1989 1702
f 1225 1967 1879
f 1878 1927 1100
f 642 1977 1944
f 1233 1936 1876
f 1824 1956 240
f 1850 1949 575
f 1827 1984 1207
f 1702 1989 1807
f 1866 1957 231
f 1923 1972 688
f 1901 1935 1376
f 1893 1943 1508
f 1439 1987 1846
f 1825 1989 1096
f 1904 1947 1220
f 1903 1978 776
f 776 1978 1876
f 228 1975 1906
f 1211 1972 1923
f 1198 1986 1946
f 1946 1986 1318
f 234 1976 1929
