Info    : Meshing 1D...
Info    : [  0%] Meshing curve 1 (Line)
Info    : [ 20%] Meshing curve 2 (Line)
Info    : [ 30%] Meshing curve 3 (Line)
Info    : [ 50%] Meshing curve 4 (Line)
Info    : [ 60%] Meshing curve 5 (BSpline)
Info    : [ 80%] Meshing curve 6 (BSpline)
Info    : [ 90%] Meshing curve 7 (BSpline)
Info    : Done meshing 1D (Wall 0.0847074s, CPU 0.008659s)
Info    : Meshing 2D...
Info    : Meshing surface 1 (Plane, Frontal-Delaunay)
Info    : Done meshing 2D (Wall 0.0635761s, CPU 0.052822s)
Info    : 1075 nodes 1935 elements
Info    : Meshing 1D...
Info    : [  0%] Meshing curve 1 (Line)
Info    : [ 20%] Meshing curve 2 (Line)
Info    : [ 30%] Meshing curve 3 (Line)
Info    : [ 50%] Meshing curve 4 (Line)
Info    : [ 60%] Meshing curve 5 (BSpline)
Info    : [ 80%] Meshing curve 6 (BSpline)
Info    : [ 90%] Meshing curve 7 (BSpline)
Info    : Done meshing 1D (Wall 0.0144433s, CPU 0.006491s)
Info    : Meshing 2D...
Info    : Meshing surface 1 (Plane, Frontal-Delaunay)
Info    : Done meshing 2D (Wall 0.0419027s, CPU 0.040521s)
Info    : 896 nodes 1585 elements
Info    : Meshing 1D...
Info    : [  0%] Meshing curve 1 (Line)
Info    : [ 20%] Meshing curve 2 (Line)
Info    : [ 30%] Meshing curve 3 (Line)
Info    : [ 50%] Meshing curve 4 (Line)
Info    : [ 60%] Meshing curve 5 (BSpline)
Info    : [ 80%] Meshing curve 6 (BSpline)
Info    : [ 90%] Meshing curve 7 (BSpline)
Info    : Done meshing 1D (Wall 0.0730859s, CPU 0.764351s)
Info    : Meshing 2D...
Info    : Meshing surface 1 (Plane, Frontal-Delaunay)
Info    : Done meshing 2D (Wall 0.0985427s, CPU 0.096896s)
Info    : 2424 nodes 4620 elements
Info    : Meshing 1D...
Info    : [  0%] Meshing curve 1 (Line)
Info    : [ 20%] Meshing curve 2 (Line)
Info    : [ 30%] Meshing curve 3 (Line)
Info    : [ 50%] Meshing curve 4 (Line)
Info    : [ 60%] Meshing curve 5 (BSpline)
Info    : [ 80%] Meshing curve 6 (BSpline)
Info    : [ 90%] Meshing curve 7 (BSpline)
Info    : Done meshing 1D (Wall 0.0139705s, CPU 0.006184s)
Info    : Meshing 2D...
Info    : Meshing surface 1 (Plane, Frontal-Delaunay)
Info    : Done meshing 2D (Wall 0.0204818s, CPU 0.018905s)
Info    : 380 nodes 561 elements
Info    : Meshing 1D...
Info    : [  0%] Meshing curve 1 (Line)
Info    : [ 20%] Meshing curve 2 (Line)
Info    : [ 30%] Meshing curve 3 (Line)
Info    : [ 50%] Meshing curve 4 (Line)
Info    : [ 60%] Meshing curve 5 (BSpline)
Info    : [ 80%] Meshing curve 6 (BSpline)
Info    : [ 90%] Meshing curve 7 (BSpline)
Info    : Done meshing 1D (Wall 0.0772543s, CPU 0.656368s)
Info    : Meshing 2D...
Info    : Meshing surface 1 (Plane, Frontal-Delaunay)
Info    : Done meshing 2D (Wall 0.0237496s, CPU 0.022106s)
Info    : 409 nodes 617 elements
Info    : Meshing 1D...
Info    : [  0%] Meshing curve 1 (Line)
Info    : [ 20%] Meshing curve 2 (Line)
Info    : [ 30%] Meshing curve 3 (Line)
Info    : [ 50%] Meshing curve 4 (Line)
Info    : [ 60%] Meshing curve 5 (BSpline)
Info    : [ 80%] Meshing curve 6 (BSpline)
Info    : [ 90%] Meshing curve 7 (BSpline)
Info    : Done meshing 1D (Wall 0.0149227s, CPU 0.007177s)
Info    : Meshing 2D...
Info    : Meshing surface 1 (Plane, Frontal-Delaunay)
Info    : Done meshing 2D (Wall 0.0482289s, CPU 0.046969s)
Info    : 994 nodes 1777 elements
Info    : Meshing 1D...
Info    : [  0%] Meshing curve 1 (Line)
Info    : [ 20%] Meshing curve 2 (Line)
Info    : [ 30%] Meshing curve 3 (Line)
Info    : [ 50%] Meshing curve 4 (Line)
Info    : [ 60%] Meshing curve 5 (BSpline)
Info    : [ 80%] Meshing curve 6 (BSpline)
Info    : [ 90%] Meshing curve 7 (BSpline)
Info    : Done meshing 1D (Wall 0.0735406s, CPU 0.743325s)
Info    : Meshing 2D...
Info    : Meshing surface 1 (Plane, Frontal-Delaunay)
Info    : Done meshing 2D (Wall 0.0857546s, CPU 0.084248s)
Info    : 2232 nodes 4245 elements
Info    : Meshing 1D...
Info    : [  0%] Meshing curve 1 (Line)
Info    : [ 20%] Meshing curve 2 (Line)
Info    : [ 30%] Meshing curve 3 (Line)
Info    : [ 50%] Meshing curve 4 (Line)
Info    : [ 60%] Meshing curve 5 (BSpline)
Info    : [ 80%] Meshing curve 6 (BSpline)
Info    : [ 90%] Meshing curve 7 (BSpline)
Info    : Done meshing 1D (Wall 0.015701s, CPU 0.007755s)
Info    : Meshing 2D...
Info    : Meshing surface 1 (Plane, Frontal-Delaunay)
Info    : Done meshing 2D (Wall 0.0636376s, CPU 0.062175s)
Info    : 1326 nodes 2434 elements
Info    : Meshing 1D...
Info    : [  0%] Meshing curve 1 (Line)
Info    : [ 20%] Meshing curve 2 (Line)
Info    : [ 30%] Meshing curve 3 (Line)
Info    : [ 50%] Meshing curve 4 (Line)
Info    : [ 60%] Meshing curve 5 (BSpline)
Info    : [ 80%] Meshing curve 6 (BSpline)
Info    : [ 90%] Meshing curve 7 (BSpline)
Info    : Done meshing 1D (Wall 0.0828033s, CPU 0.650127s)
Info    : Meshing 2D...
Info    : Meshing surface 1 (Plane, Frontal-Delaunay)
Info    : Done meshing 2D (Wall 0.0407426s, CPU 0.039519s)
Info    : 844 nodes 1481 elements
Info    : Meshing 1D...
Info    : [  0%] Meshing curve 1 (Line)
Info    : [ 20%] Meshing curve 2 (Line)
Info    : [ 30%] Meshing curve 3 (Line)
Info    : [ 50%] Meshing curve 4 (Line)
Info    : [ 60%] Meshing curve 5 (BSpline)
Info    : [ 80%] Meshing curve 6 (BSpline)
Info    : [ 90%] Meshing curve 7 (BSpline)
Info    : Done meshing 1D (Wall 0.0148853s, CPU 0.006686s)
Info    : Meshing 2D...
Info    : Meshing surface 1 (Plane, Frontal-Delaunay)
Info    : Done meshing 2D (Wall 0.0262811s, CPU 0.025045s)
Info    : 470 nodes 738 elements
Maximale Anzahl von Iterationen erreicht.
Maximale Anzahl von Iterationen erreicht.
Maximale Anzahl von Iterationen erreicht.
Konvergenz erreicht nach 54 Iterationen.
Maximale Anzahl von Iterationen erreicht.
Maximale Anzahl von Iterationen erreicht.
Maximale Anzahl von Iterationen erreicht.
Maximale Anzahl von Iterationen erreicht.
Maximale Anzahl von Iterationen erreicht.
Maximale Anzahl von Iterationen erreicht.
Info    : Meshing 1D...
Info    : [  0%] Meshing curve 1 (Line)
Info    : [ 20%] Meshing curve 2 (Line)
Info    : [ 30%] Meshing curve 3 (Line)
Info    : [ 50%] Meshing curve 4 (Line)
Info    : [ 60%] Meshing curve 5 (BSpline)
Info    : [ 80%] Meshing curve 6 (BSpline)
Info    : [ 90%] Meshing curve 7 (BSpline)
Info    : Done meshing 1D (Wall 0.0874228s, CPU 0.009884s)
Info    : Meshing 2D...
Info    : Meshing surface 1 (Plane, Frontal-Delaunay)
Info    : Done meshing 2D (Wall 0.042199s, CPU 0.041011s)
Info    : 835 nodes 1459 elements
Info    : Meshing 1D...
Info    : [  0%] Meshing curve 1 (Line)
Info    : [ 20%] Meshing curve 2 (Line)
Info    : [ 30%] Meshing curve 3 (Line)
Info    : [ 50%] Meshing curve 4 (Line)
Info    : [ 60%] Meshing curve 5 (BSpline)
Info    : [ 80%] Meshing curve 6 (BSpline)
Info    : [ 90%] Meshing curve 7 (BSpline)
Info    : Done meshing 1D (Wall 0.0146401s, CPU 0.007073s)
Info    : Meshing 2D...
Info    : Meshing surface 1 (Plane, Frontal-Delaunay)
Info    : Done meshing 2D (Wall 0.0482901s, CPU 0.04698s)
Info    : 1007 nodes 1803 elements
Info    : Meshing 1D...
Info    : [  0%] Meshing curve 1 (Line)
Info    : [ 20%] Meshing curve 2 (Line)
Info    : [ 30%] Meshing curve 3 (Line)
Info    : [ 50%] Meshing curve 4 (Line)
Info    : [ 60%] Meshing curve 5 (BSpline)
Info    : [ 80%] Meshing curve 6 (BSpline)
Info    : [ 90%] Meshing curve 7 (BSpline)
Info    : Done meshing 1D (Wall 0.045921s, CPU 0.569167s)
Info    : Meshing 2D...
Info    : Meshing surface 1 (Plane, Frontal-Delaunay)
Info    : Done meshing 2D (Wall 0.113212s, CPU 0.249582s)
Info    : 1791 nodes 3361 elements
Info    : Meshing 1D...
Info    : [  0%] Meshing curve 1 (Line)
Info    : [ 20%] Meshing curve 2 (Line)
Info    : [ 30%] Meshing curve 3 (Line)
Info    : [ 50%] Meshing curve 4 (Line)
Info    : [ 60%] Meshing curve 5 (BSpline)
Info    : [ 80%] Meshing curve 6 (BSpline)
Info    : [ 90%] Meshing curve 7 (BSpline)
Info    : Done meshing 1D (Wall 0.0672635s, CPU 0.460985s)
Info    : Meshing 2D...
Info    : Meshing surface 1 (Plane, Frontal-Delaunay)
Info    : Done meshing 2D (Wall 0.0203533s, CPU 0.019254s)
Info    : 373 nodes 547 elements
Info    : Meshing 1D...
Info    : [  0%] Meshing curve 1 (Line)
Info    : [ 20%] Meshing curve 2 (Line)
Info    : [ 30%] Meshing curve 3 (Line)
Info    : [ 50%] Meshing curve 4 (Line)
Info    : [ 60%] Meshing curve 5 (BSpline)
Info    : [ 80%] Meshing curve 6 (BSpline)
Info    : [ 90%] Meshing curve 7 (BSpline)
Info    : Done meshing 1D (Wall 0.0763976s, CPU 0.683368s)
Info    : Meshing 2D...
Info    : Meshing surface 1 (Plane, Frontal-Delaunay)
Info    : Done meshing 2D (Wall 0.0854196s, CPU 0.084222s)
Info    : 2276 nodes 4332 elements
Info    : Meshing 1D...
Info    : [  0%] Meshing curve 1 (Line)
Info    : [ 20%] Meshing curve 2 (Line)
Info    : [ 30%] Meshing curve 3 (Line)
Info    : [ 50%] Meshing curve 4 (Line)
Info    : [ 60%] Meshing curve 5 (BSpline)
Info    : [ 80%] Meshing curve 6 (BSpline)
Info    : [ 90%] Meshing curve 7 (BSpline)
Info    : Done meshing 1D (Wall 0.0156851s, CPU 0.208818s)
Info    : Meshing 2D...
Info    : Meshing surface 1 (Plane, Frontal-Delaunay)
Info    : Done meshing 2D (Wall 0.0337963s, CPU 0.156153s)
Info    : 559 nodes 916 elements
Info    : Meshing 1D...
Info    : [  0%] Meshing curve 1 (Line)
Info    : [ 20%] Meshing curve 2 (Line)
Info    : [ 30%] Meshing curve 3 (Line)
Info    : [ 50%] Meshing curve 4 (Line)
Info    : [ 60%] Meshing curve 5 (BSpline)
Info    : [ 80%] Meshing curve 6 (BSpline)
Info    : [ 90%] Meshing curve 7 (BSpline)
Info    : Done meshing 1D (Wall 0.0709746s, CPU 0.72733s)
Info    : Meshing 2D...
Info    : Meshing surface 1 (Plane, Frontal-Delaunay)
Info    : Done meshing 2D (Wall 0.0408235s, CPU 0.039542s)
Info    : 791 nodes 1375 elements
Info    : Meshing 1D...
Info    : [  0%] Meshing curve 1 (Line)
Info    : [ 20%] Meshing curve 2 (Line)
Info    : [ 30%] Meshing curve 3 (Line)
Info    : [ 50%] Meshing curve 4 (Line)
Info    : [ 60%] Meshing curve 5 (BSpline)
Info    : [ 80%] Meshing curve 6 (BSpline)
Info    : [ 90%] Meshing curve 7 (BSpline)
Info    : Done meshing 1D (Wall 0.143512s, CPU 0.667913s)
Info    : Meshing 2D...
Info    : Meshing surface 1 (Plane, Frontal-Delaunay)
Info    : Done meshing 2D (Wall 0.0437011s, CPU 0.042662s)
Info    : 841 nodes 1472 elements
Info    : Meshing 1D...
Info    : [  0%] Meshing curve 1 (Line)
Info    : [ 20%] Meshing curve 2 (Line)
Info    : [ 30%] Meshing curve 3 (Line)
Info    : [ 50%] Meshing curve 4 (Line)
Info    : [ 60%] Meshing curve 5 (BSpline)
Info    : [ 80%] Meshing curve 6 (BSpline)
Info    : [ 90%] Meshing curve 7 (BSpline)
Info    : Done meshing 1D (Wall 0.0710392s, CPU 0.588651s)
Info    : Meshing 2D...
Info    : Meshing surface 1 (Plane, Frontal-Delaunay)
Info    : Done meshing 2D (Wall 0.0259385s, CPU 0.02447s)
Info    : 478 nodes 755 elements
Info    : Meshing 1D...
Info    : [  0%] Meshing curve 1 (Line)
Info    : [ 20%] Meshing curve 2 (Line)
Info    : [ 30%] Meshing curve 3 (Line)
Info    : [ 50%] Meshing curve 4 (Line)
Info    : [ 60%] Meshing curve 5 (BSpline)
Info    : [ 80%] Meshing curve 6 (BSpline)
Info    : [ 90%] Meshing curve 7 (BSpline)
Info    : Done meshing 1D (Wall 0.0728932s, CPU 0.676127s)
Info    : Meshing 2D...
Info    : Meshing surface 1 (Plane, Frontal-Delaunay)
Info    : Done meshing 2D (Wall 0.0722393s, CPU 0.071035s)
Info    : 1525 nodes 2829 elements
Info    : Meshing 1D...
Info    : [  0%] Meshing curve 1 (Line)
Info    : [ 20%] Meshing curve 2 (Line)
Info    : [ 30%] Meshing curve 3 (Line)
Info    : [ 50%] Meshing curve 4 (Line)
Info    : [ 60%] Meshing curve 5 (BSpline)
Info    : [ 80%] Meshing curve 6 (BSpline)
Info    : [ 90%] Meshing curve 7 (BSpline)
Info    : Done meshing 1D (Wall 0.0706335s, CPU 0.547874s)
Info    : Meshing 2D...
Info    : Meshing surface 1 (Plane, Frontal-Delaunay)
Info    : Done meshing 2D (Wall 0.0635191s, CPU 0.062087s)
Info    : 1398 nodes 2580 elements
Info    : Meshing 1D...
Info    : [  0%] Meshing curve 1 (Line)
Info    : [ 20%] Meshing curve 2 (Line)
Info    : [ 30%] Meshing curve 3 (Line)
Info    : [ 50%] Meshing curve 4 (Line)
Info    : [ 60%] Meshing curve 5 (BSpline)
Info    : [ 80%] Meshing curve 6 (BSpline)
Info    : [ 90%] Meshing curve 7 (BSpline)
Info    : Done meshing 1D (Wall 0.0444924s, CPU 0.563902s)
Info    : Meshing 2D...
Info    : Meshing surface 1 (Plane, Frontal-Delaunay)
Info    : Done meshing 2D (Wall 0.0545768s, CPU 0.135656s)
Info    : 477 nodes 751 elements
Info    : Meshing 1D...
Info    : [  0%] Meshing curve 1 (Line)
Info    : [ 20%] Meshing curve 2 (Line)
Info    : [ 30%] Meshing curve 3 (Line)
Info    : [ 50%] Meshing curve 4 (Line)
Info    : [ 60%] Meshing curve 5 (BSpline)
Info    : [ 80%] Meshing curve 6 (BSpline)
Info    : [ 90%] Meshing curve 7 (BSpline)
Info    : Done meshing 1D (Wall 0.0699073s, CPU 0.620467s)
Info    : Meshing 2D...
Info    : Meshing surface 1 (Plane, Frontal-Delaunay)
Info    : Done meshing 2D (Wall 0.0221075s, CPU 0.020901s)
Info    : 378 nodes 556 elements
Info    : Meshing 1D...
Info    : [  0%] Meshing curve 1 (Line)
Info    : [ 20%] Meshing curve 2 (Line)
Info    : [ 30%] Meshing curve 3 (Line)
Info    : [ 50%] Meshing curve 4 (Line)
Info    : [ 60%] Meshing curve 5 (BSpline)
Info    : [ 80%] Meshing curve 6 (BSpline)
Info    : [ 90%] Meshing curve 7 (BSpline)
Info    : Done meshing 1D (Wall 0.0851426s, CPU 0.893568s)
Info    : Meshing 2D...
Info    : Meshing surface 1 (Plane, Frontal-Delaunay)
Info    : Done meshing 2D (Wall 0.0490604s, CPU 0.047892s)
Info    : 1066 nodes 1923 elements
Info    : Meshing 1D...
Info    : [  0%] Meshing curve 1 (Line)
Info    : [ 20%] Meshing curve 2 (Line)
Info    : [ 30%] Meshing curve 3 (Line)
Info    : [ 50%] Meshing curve 4 (Line)
Info    : [ 60%] Meshing curve 5 (BSpline)
Info    : [ 80%] Meshing curve 6 (BSpline)
Info    : [ 90%] Meshing curve 7 (BSpline)
Info    : Done meshing 1D (Wall 0.0695622s, CPU 0.639287s)
Info    : Meshing 2D...
Info    : Meshing surface 1 (Plane, Frontal-Delaunay)
Info    : Done meshing 2D (Wall 0.073347s, CPU 0.071947s)
Info    : 1544 nodes 2866 elements
Info    : Meshing 1D...
Info    : [  0%] Meshing curve 1 (Line)
Info    : [ 20%] Meshing curve 2 (Line)
Info    : [ 30%] Meshing curve 3 (Line)
Info    : [ 50%] Meshing curve 4 (Line)
Info    : [ 60%] Meshing curve 5 (BSpline)
Info    : [ 80%] Meshing curve 6 (BSpline)
Info    : [ 90%] Meshing curve 7 (BSpline)
Info    : Done meshing 1D (Wall 0.0693604s, CPU 0.56731s)
Info    : Meshing 2D...
Info    : Meshing surface 1 (Plane, Frontal-Delaunay)
Info    : Done meshing 2D (Wall 0.0339034s, CPU 0.032572s)
Info    : 603 nodes 1000 elements
Info    : Meshing 1D...
Info    : [  0%] Meshing curve 1 (Line)
Info    : [ 20%] Meshing curve 2 (Line)
Info    : [ 30%] Meshing curve 3 (Line)
Info    : [ 50%] Meshing curve 4 (Line)
Info    : [ 60%] Meshing curve 5 (BSpline)
Info    : [ 80%] Meshing curve 6 (BSpline)
Info    : [ 90%] Meshing curve 7 (BSpline)
Info    : Done meshing 1D (Wall 0.0442844s, CPU 0.549189s)
Info    : Meshing 2D...
Info    : Meshing surface 1 (Plane, Frontal-Delaunay)
Info    : Done meshing 2D (Wall 0.0694183s, CPU 0.175492s)
Info    : 1371 nodes 2523 elements
Info    : Meshing 1D...
Info    : [  0%] Meshing curve 1 (Line)
Info    : [ 20%] Meshing curve 2 (Line)
Info    : [ 30%] Meshing curve 3 (Line)
Info    : [ 50%] Meshing curve 4 (Line)
Info    : [ 60%] Meshing curve 5 (BSpline)
Info    : [ 80%] Meshing curve 6 (BSpline)
Info    : [ 90%] Meshing curve 7 (BSpline)
Info    : Done meshing 1D (Wall 0.0781077s, CPU 0.591949s)
Info    : Meshing 2D...
Info    : Meshing surface 1 (Plane, Frontal-Delaunay)
Info    : Done meshing 2D (Wall 0.0322369s, CPU 0.030362s)
Info    : 628 nodes 1053 elements
Info    : Meshing 1D...
Info    : [  0%] Meshing curve 1 (Line)
Info    : [ 20%] Meshing curve 2 (Line)
Info    : [ 30%] Meshing curve 3 (Line)
Info    : [ 50%] Meshing curve 4 (Line)
Info    : [ 60%] Meshing curve 5 (BSpline)
Info    : [ 80%] Meshing curve 6 (BSpline)
Info    : [ 90%] Meshing curve 7 (BSpline)
Info    : Done meshing 1D (Wall 0.0804841s, CPU 0.605483s)
Info    : Meshing 2D...
Info    : Meshing surface 1 (Plane, Frontal-Delaunay)
Info    : Done meshing 2D (Wall 0.0264054s, CPU 0.025288s)
Info    : 504 nodes 807 elements
Info    : Meshing 1D...
Info    : [  0%] Meshing curve 1 (Line)
Info    : [ 20%] Meshing curve 2 (Line)
Info    : [ 30%] Meshing curve 3 (Line)
Info    : [ 50%] Meshing curve 4 (Line)
Info    : [ 60%] Meshing curve 5 (BSpline)
Info    : [ 80%] Meshing curve 6 (BSpline)
Info    : [ 90%] Meshing curve 7 (BSpline)
Info    : Done meshing 1D (Wall 0.0679561s, CPU 0.618152s)
Info    : Meshing 2D...
Info    : Meshing surface 1 (Plane, Frontal-Delaunay)
Info    : Done meshing 2D (Wall 0.0446537s, CPU 0.043587s)
Info    : 828 nodes 1446 elements
Info    : Meshing 1D...
Info    : [  0%] Meshing curve 1 (Line)
Info    : [ 20%] Meshing curve 2 (Line)
Info    : [ 30%] Meshing curve 3 (Line)
Info    : [ 50%] Meshing curve 4 (Line)
Info    : [ 60%] Meshing curve 5 (BSpline)
Info    : [ 80%] Meshing curve 6 (BSpline)
Info    : [ 90%] Meshing curve 7 (BSpline)
Info    : Done meshing 1D (Wall 0.0764355s, CPU 0.727336s)
Info    : Meshing 2D...
Info    : Meshing surface 1 (Plane, Frontal-Delaunay)
Info    : Done meshing 2D (Wall 0.0526793s, CPU 0.051467s)
Info    : 1133 nodes 2055 elements
Info    : Meshing 1D...
Info    : [  0%] Meshing curve 1 (Line)
Info    : [ 20%] Meshing curve 2 (Line)
Info    : [ 30%] Meshing curve 3 (Line)
Info    : [ 50%] Meshing curve 4 (Line)
Info    : [ 60%] Meshing curve 5 (BSpline)
Info    : [ 80%] Meshing curve 6 (BSpline)
Info    : [ 90%] Meshing curve 7 (BSpline)
Info    : Done meshing 1D (Wall 0.0161238s, CPU 0.207654s)
Info    : Meshing 2D...
Info    : Meshing surface 1 (Plane, Frontal-Delaunay)
Info    : Done meshing 2D (Wall 0.0311779s, CPU 0.355687s)
Info    : 447 nodes 694 elements
Info    : Meshing 1D...
Info    : [  0%] Meshing curve 1 (Line)
Info    : [ 20%] Meshing curve 2 (Line)
Info    : [ 30%] Meshing curve 3 (Line)
Info    : [ 50%] Meshing curve 4 (Line)
Info    : [ 60%] Meshing curve 5 (BSpline)
Info    : [ 80%] Meshing curve 6 (BSpline)
Info    : [ 90%] Meshing curve 7 (BSpline)
Info    : Done meshing 1D (Wall 0.0518553s, CPU 0.560304s)
Info    : Meshing 2D...
Info    : Meshing surface 1 (Plane, Frontal-Delaunay)
Info    : Done meshing 2D (Wall 0.0255924s, CPU 0.087976s)
Info    : 410 nodes 619 elements
Info    : Meshing 1D...
Info    : [  0%] Meshing curve 1 (Line)
Info    : [ 20%] Meshing curve 2 (Line)
Info    : [ 30%] Meshing curve 3 (Line)
Info    : [ 50%] Meshing curve 4 (Line)
Info    : [ 60%] Meshing curve 5 (BSpline)
Info    : [ 80%] Meshing curve 6 (BSpline)
Info    : [ 90%] Meshing curve 7 (BSpline)
Info    : Done meshing 1D (Wall 0.0840961s, CPU 0.666188s)
Info    : Meshing 2D...
Info    : Meshing surface 1 (Plane, Frontal-Delaunay)
Info    : Done meshing 2D (Wall 0.0304947s, CPU 0.028985s)
Info    : 517 nodes 830 elements
Info    : Meshing 1D...
Info    : [  0%] Meshing curve 1 (Line)
Info    : [ 20%] Meshing curve 2 (Line)
Info    : [ 30%] Meshing curve 3 (Line)
Info    : [ 50%] Meshing curve 4 (Line)
Info    : [ 60%] Meshing curve 5 (BSpline)
Info    : [ 80%] Meshing curve 6 (BSpline)
Info    : [ 90%] Meshing curve 7 (BSpline)
Info    : Done meshing 1D (Wall 0.063587s, CPU 0.613595s)
Info    : Meshing 2D...
Info    : Meshing surface 1 (Plane, Frontal-Delaunay)
Info    : Done meshing 2D (Wall 0.0446345s, CPU 0.043449s)
Info    : 831 nodes 1452 elements
Info    : Meshing 1D...
Info    : [  0%] Meshing curve 1 (Line)
Info    : [ 20%] Meshing curve 2 (Line)
Info    : [ 30%] Meshing curve 3 (Line)
Info    : [ 50%] Meshing curve 4 (Line)
Info    : [ 60%] Meshing curve 5 (BSpline)
Info    : [ 80%] Meshing curve 6 (BSpline)
Info    : [ 90%] Meshing curve 7 (BSpline)
Info    : Done meshing 1D (Wall 0.0814275s, CPU 0.557755s)
Info    : Meshing 2D...
Info    : Meshing surface 1 (Plane, Frontal-Delaunay)
Info    : Done meshing 2D (Wall 0.105365s, CPU 0.103956s)
Info    : 2521 nodes 4811 elements
Info    : Meshing 1D...
Info    : [  0%] Meshing curve 1 (Line)
Info    : [ 20%] Meshing curve 2 (Line)
Info    : [ 30%] Meshing curve 3 (Line)
Info    : [ 50%] Meshing curve 4 (Line)
Info    : [ 60%] Meshing curve 5 (BSpline)
Info    : [ 80%] Meshing curve 6 (BSpline)
Info    : [ 90%] Meshing curve 7 (BSpline)
Info    : Done meshing 1D (Wall 0.0743162s, CPU 0.33294s)
Info    : Meshing 2D...
Info    : Meshing surface 1 (Plane, Frontal-Delaunay)
Info    : Done meshing 2D (Wall 0.053513s, CPU 0.052158s)
Info    : 1071 nodes 1928 elements
Info    : Meshing 1D...
Info    : [  0%] Meshing curve 1 (Line)
Info    : [ 20%] Meshing curve 2 (Line)
Info    : [ 30%] Meshing curve 3 (Line)
Info    : [ 50%] Meshing curve 4 (Line)
Info    : [ 60%] Meshing curve 5 (BSpline)
Info    : [ 80%] Meshing curve 6 (BSpline)
Info    : [ 90%] Meshing curve 7 (BSpline)
Info    : Done meshing 1D (Wall 0.0850726s, CPU 0.727463s)
Info    : Meshing 2D...
Info    : Meshing surface 1 (Plane, Frontal-Delaunay)
Info    : Done meshing 2D (Wall 0.0261718s, CPU 0.024718s)
Info    : 439 nodes 676 elements
Info    : Meshing 1D...
Info    : [  0%] Meshing curve 1 (Line)
Info    : [ 20%] Meshing curve 2 (Line)
Info    : [ 30%] Meshing curve 3 (Line)
Info    : [ 50%] Meshing curve 4 (Line)
Info    : [ 60%] Meshing curve 5 (BSpline)
Info    : [ 80%] Meshing curve 6 (BSpline)
Info    : [ 90%] Meshing curve 7 (BSpline)
Info    : Done meshing 1D (Wall 0.0451116s, CPU 0.456849s)
Info    : Meshing 2D...
Info    : Meshing surface 1 (Plane, Frontal-Delaunay)
Info    : Done meshing 2D (Wall 0.0284409s, CPU 0.256811s)
Info    : 479 nodes 758 elements
Info    : Meshing 1D...
Info    : [  0%] Meshing curve 1 (Line)
Info    : [ 20%] Meshing curve 2 (Line)
Info    : [ 30%] Meshing curve 3 (Line)
Info    : [ 50%] Meshing curve 4 (Line)
Info    : [ 60%] Meshing curve 5 (BSpline)
Info    : [ 80%] Meshing curve 6 (BSpline)
Info    : [ 90%] Meshing curve 7 (BSpline)
Info    : Done meshing 1D (Wall 0.0784389s, CPU 0.598508s)
Info    : Meshing 2D...
Info    : Meshing surface 1 (Plane, Frontal-Delaunay)
Info    : Done meshing 2D (Wall 0.055773s, CPU 0.053932s)
Info    : 1250 nodes 2289 elements
Info    : Meshing 1D...
Info    : [  0%] Meshing curve 1 (Line)
Info    : [ 20%] Meshing curve 2 (Line)
Info    : [ 30%] Meshing curve 3 (Line)
Info    : [ 50%] Meshing curve 4 (Line)
Info    : [ 60%] Meshing curve 5 (BSpline)
Info    : [ 80%] Meshing curve 6 (BSpline)
Info    : [ 90%] Meshing curve 7 (BSpline)
Info    : Done meshing 1D (Wall 0.126959s, CPU 0.65367s)
Info    : Meshing 2D...
Info    : Meshing surface 1 (Plane, Frontal-Delaunay)
Info    : Done meshing 2D (Wall 0.0241602s, CPU 0.022214s)
Info    : 444 nodes 688 elements
Info    : Meshing 1D...
Info    : [  0%] Meshing curve 1 (Line)
Info    : [ 20%] Meshing curve 2 (Line)
Info    : [ 30%] Meshing curve 3 (Line)
Info    : [ 50%] Meshing curve 4 (Line)
Info    : [ 60%] Meshing curve 5 (BSpline)
Info    : [ 80%] Meshing curve 6 (BSpline)
Info    : [ 90%] Meshing curve 7 (BSpline)
Info    : Done meshing 1D (Wall 0.0735069s, CPU 0.907249s)
Info    : Meshing 2D...
Info    : Meshing surface 1 (Plane, Frontal-Delaunay)
Info    : Done meshing 2D (Wall 0.0568841s, CPU 0.055524s)
Info    : 1191 nodes 2168 elements
Info    : Meshing 1D...
Info    : [  0%] Meshing curve 1 (Line)
Info    : [ 20%] Meshing curve 2 (Line)
Info    : [ 30%] Meshing curve 3 (Line)
Info    : [ 50%] Meshing curve 4 (Line)
Info    : [ 60%] Meshing curve 5 (BSpline)
Info    : [ 80%] Meshing curve 6 (BSpline)
Info    : [ 90%] Meshing curve 7 (BSpline)
Info    : Done meshing 1D (Wall 0.0853034s, CPU 0.639657s)
Info    : Meshing 2D...
Info    : Meshing surface 1 (Plane, Frontal-Delaunay)
Info    : Done meshing 2D (Wall 0.0359557s, CPU 0.034745s)
Info    : 633 nodes 1059 elements
Info    : Meshing 1D...
Info    : [  0%] Meshing curve 1 (Line)
Info    : [ 20%] Meshing curve 2 (Line)
Info    : [ 30%] Meshing curve 3 (Line)
Info    : [ 50%] Meshing curve 4 (Line)
Info    : [ 60%] Meshing curve 5 (BSpline)
Info    : [ 80%] Meshing curve 6 (BSpline)
Info    : [ 90%] Meshing curve 7 (BSpline)
Info    : Done meshing 1D (Wall 0.0421145s, CPU 0.544753s)
Info    : Meshing 2D...
Info    : Meshing surface 1 (Plane, Frontal-Delaunay)
Info    : Done meshing 2D (Wall 0.0272099s, CPU 0.17889s)
Info    : 437 nodes 674 elements
Info    : Meshing 1D...
Info    : [  0%] Meshing curve 1 (Line)
Info    : [ 20%] Meshing curve 2 (Line)
Info    : [ 30%] Meshing curve 3 (Line)
Info    : [ 50%] Meshing curve 4 (Line)
Info    : [ 60%] Meshing curve 5 (BSpline)
Info    : [ 80%] Meshing curve 6 (BSpline)
Info    : [ 90%] Meshing curve 7 (BSpline)
Info    : Done meshing 1D (Wall 0.0744817s, CPU 0.675322s)
Info    : Meshing 2D...
Info    : Meshing surface 1 (Plane, Frontal-Delaunay)
Info    : Done meshing 2D (Wall 0.0370231s, CPU 0.035827s)
Info    : 642 nodes 1077 elements
Info    : Meshing 1D...
Info    : [  0%] Meshing curve 1 (Line)
Info    : [ 20%] Meshing curve 2 (Line)
Info    : [ 30%] Meshing curve 3 (Line)
Info    : [ 50%] Meshing curve 4 (Line)
Info    : [ 60%] Meshing curve 5 (BSpline)
Info    : [ 80%] Meshing curve 6 (BSpline)
Info    : [ 90%] Meshing curve 7 (BSpline)
Info    : Done meshing 1D (Wall 0.06994s, CPU 0.81603s)
Info    : Meshing 2D...
Info    : Meshing surface 1 (Plane, Frontal-Delaunay)
Info    : Done meshing 2D (Wall 0.0415313s, CPU 0.040282s)
Info    : 788 nodes 1368 elements
Info    : Meshing 1D...
Info    : [  0%] Meshing curve 1 (Line)
Info    : [ 20%] Meshing curve 2 (Line)
Info    : [ 30%] Meshing curve 3 (Line)
Info    : [ 50%] Meshing curve 4 (Line)
Info    : [ 60%] Meshing curve 5 (BSpline)
Info    : [ 80%] Meshing curve 6 (BSpline)
Info    : [ 90%] Meshing curve 7 (BSpline)
Info    : Done meshing 1D (Wall 0.0751553s, CPU 0.671601s)
Info    : Meshing 2D...
Info    : Meshing surface 1 (Plane, Frontal-Delaunay)
Info    : Done meshing 2D (Wall 0.0728972s, CPU 0.071424s)
Info    : 1634 nodes 3049 elements
Info    : Meshing 1D...
Info    : [  0%] Meshing curve 1 (Line)
Info    : [ 20%] Meshing curve 2 (Line)
Info    : [ 30%] Meshing curve 3 (Line)
Info    : [ 50%] Meshing curve 4 (Line)
Info    : [ 60%] Meshing curve 5 (BSpline)
Info    : [ 80%] Meshing curve 6 (BSpline)
Info    : [ 90%] Meshing curve 7 (BSpline)
Info    : Done meshing 1D (Wall 0.0438189s, CPU 0.570251s)
Info    : Meshing 2D...
Info    : Meshing surface 1 (Plane, Frontal-Delaunay)
Info    : Done meshing 2D (Wall 0.0474449s, CPU 0.045714s)
Info    : 937 nodes 1664 elements
Info    : Meshing 1D...
Info    : [  0%] Meshing curve 1 (Line)
Info    : [ 20%] Meshing curve 2 (Line)
Info    : [ 30%] Meshing curve 3 (Line)
Info    : [ 50%] Meshing curve 4 (Line)
Info    : [ 60%] Meshing curve 5 (BSpline)
Info    : [ 80%] Meshing curve 6 (BSpline)
Info    : [ 90%] Meshing curve 7 (BSpline)
Info    : Done meshing 1D (Wall 0.0701721s, CPU 0.709289s)
Info    : Meshing 2D...
Info    : Meshing surface 1 (Plane, Frontal-Delaunay)
Info    : Done meshing 2D (Wall 0.113372s, CPU 0.111971s)
Info    : 3071 nodes 5914 elements
Info    : Meshing 1D...
Info    : [  0%] Meshing curve 1 (Line)
Info    : [ 20%] Meshing curve 2 (Line)
Info    : [ 30%] Meshing curve 3 (Line)
Info    : [ 50%] Meshing curve 4 (Line)
Info    : [ 60%] Meshing curve 5 (BSpline)
Info    : [ 80%] Meshing curve 6 (BSpline)
Info    : [ 90%] Meshing curve 7 (BSpline)
Info    : Done meshing 1D (Wall 0.0696055s, CPU 0.341878s)
Info    : Meshing 2D...
Info    : Meshing surface 1 (Plane, Frontal-Delaunay)
Info    : Done meshing 2D (Wall 0.0282165s, CPU 0.0269s)
Info    : 474 nodes 745 elements
Info    : Meshing 1D...
Info    : [  0%] Meshing curve 1 (Line)
Info    : [ 20%] Meshing curve 2 (Line)
Info    : [ 30%] Meshing curve 3 (Line)
Info    : [ 50%] Meshing curve 4 (Line)
Info    : [ 60%] Meshing curve 5 (BSpline)
Info    : [ 80%] Meshing curve 6 (BSpline)
Info    : [ 90%] Meshing curve 7 (BSpline)
Info    : Done meshing 1D (Wall 0.0790311s, CPU 0.63608s)
Info    : Meshing 2D...
Info    : Meshing surface 1 (Plane, Frontal-Delaunay)
Info    : Done meshing 2D (Wall 0.106627s, CPU 0.104995s)
Info    : 2719 nodes 5208 elements
Info    : Meshing 1D...
Info    : [  0%] Meshing curve 1 (Line)
Info    : [ 20%] Meshing curve 2 (Line)
Info    : [ 30%] Meshing curve 3 (Line)
Info    : [ 50%] Meshing curve 4 (Line)
Info    : [ 60%] Meshing curve 5 (BSpline)
Info    : [ 80%] Meshing curve 6 (BSpline)
Info    : [ 90%] Meshing curve 7 (BSpline)
Info    : Done meshing 1D (Wall 0.153807s, CPU 0.251719s)
Info    : Meshing 2D...
Info    : Meshing surface 1 (Plane, Frontal-Delaunay)
Info    : Done meshing 2D (Wall 0.0237026s, CPU 0.022523s)
Info    : 440 nodes 679 elements
Info    : Meshing 1D...
Info    : [  0%] Meshing curve 1 (Line)
Info    : [ 20%] Meshing curve 2 (Line)
Info    : [ 30%] Meshing curve 3 (Line)
Info    : [ 50%] Meshing curve 4 (Line)
Info    : [ 60%] Meshing curve 5 (BSpline)
Info    : [ 80%] Meshing curve 6 (BSpline)
Info    : [ 90%] Meshing curve 7 (BSpline)
Info    : Done meshing 1D (Wall 0.0758553s, CPU 0.701852s)
Info    : Meshing 2D...
Info    : Meshing surface 1 (Plane, Frontal-Delaunay)
Info    : Done meshing 2D (Wall 0.0236831s, CPU 0.022514s)
Info    : 416 nodes 631 elements
Info    : Meshing 1D...
Info    : [  0%] Meshing curve 1 (Line)
Info    : [ 20%] Meshing curve 2 (Line)
Info    : [ 30%] Meshing curve 3 (Line)
Info    : [ 50%] Meshing curve 4 (Line)
Info    : [ 60%] Meshing curve 5 (BSpline)
Info    : [ 80%] Meshing curve 6 (BSpline)
Info    : [ 90%] Meshing curve 7 (BSpline)
Info    : Done meshing 1D (Wall 0.067863s, CPU 0.751035s)
Info    : Meshing 2D...
Info    : Meshing surface 1 (Plane, Frontal-Delaunay)
Info    : Done meshing 2D (Wall 0.0264068s, CPU 0.025041s)
Info    : 439 nodes 676 elements
Info    : Meshing 1D...
Info    : [  0%] Meshing curve 1 (Line)
Info    : [ 20%] Meshing curve 2 (Line)
Info    : [ 30%] Meshing curve 3 (Line)
Info    : [ 50%] Meshing curve 4 (Line)
Info    : [ 60%] Meshing curve 5 (BSpline)
Info    : [ 80%] Meshing curve 6 (BSpline)
Info    : [ 90%] Meshing curve 7 (BSpline)
Info    : Done meshing 1D (Wall 0.043689s, CPU 0.522867s)
Info    : Meshing 2D...
Info    : Meshing surface 1 (Plane, Frontal-Delaunay)
Info    : Done meshing 2D (Wall 0.0301019s, CPU 0.182384s)
Info    : 449 nodes 696 elements
Info    : Meshing 1D...
Info    : [  0%] Meshing curve 1 (Line)
Info    : [ 20%] Meshing curve 2 (Line)
Info    : [ 30%] Meshing curve 3 (Line)
Info    : [ 50%] Meshing curve 4 (Line)
Info    : [ 60%] Meshing curve 5 (BSpline)
Info    : [ 80%] Meshing curve 6 (BSpline)
Info    : [ 90%] Meshing curve 7 (BSpline)
Info    : Done meshing 1D (Wall 0.0754402s, CPU 0.62171s)
Info    : Meshing 2D...
Info    : Meshing surface 1 (Plane, Frontal-Delaunay)
Info    : Done meshing 2D (Wall 0.0194767s, CPU 0.017973s)
Info    : 380 nodes 562 elements
Info    : Meshing 1D...
Info    : [  0%] Meshing curve 1 (Line)
Info    : [ 20%] Meshing curve 2 (Line)
Info    : [ 30%] Meshing curve 3 (Line)
Info    : [ 50%] Meshing curve 4 (Line)
Info    : [ 60%] Meshing curve 5 (BSpline)
Info    : [ 80%] Meshing curve 6 (BSpline)
Info    : [ 90%] Meshing curve 7 (BSpline)
Info    : Done meshing 1D (Wall 0.07478s, CPU 0.692347s)
Info    : Meshing 2D...
Info    : Meshing surface 1 (Plane, Frontal-Delaunay)
Info    : Done meshing 2D (Wall 0.0457863s, CPU 0.044353s)
Info    : 882 nodes 1554 elements
Info    : Meshing 1D...
Info    : [  0%] Meshing curve 1 (Line)
Info    : [ 20%] Meshing curve 2 (Line)
Info    : [ 30%] Meshing curve 3 (Line)
Info    : [ 50%] Meshing curve 4 (Line)
Info    : [ 60%] Meshing curve 5 (BSpline)
Info    : [ 80%] Meshing curve 6 (BSpline)
Info    : [ 90%] Meshing curve 7 (BSpline)
Info    : Done meshing 1D (Wall 0.070366s, CPU 0.624841s)
Info    : Meshing 2D...
Info    : Meshing surface 1 (Plane, Frontal-Delaunay)
Info    : Done meshing 2D (Wall 0.0206008s, CPU 0.019434s)
Info    : 383 nodes 567 elements
Info    : Meshing 1D...
Info    : [  0%] Meshing curve 1 (Line)
Info    : [ 20%] Meshing curve 2 (Line)
Info    : [ 30%] Meshing curve 3 (Line)
Info    : [ 50%] Meshing curve 4 (Line)
Info    : [ 60%] Meshing curve 5 (BSpline)
Info    : [ 80%] Meshing curve 6 (BSpline)
Info    : [ 90%] Meshing curve 7 (BSpline)
Info    : Done meshing 1D (Wall 0.0678334s, CPU 0.753763s)
Info    : Meshing 2D...
Info    : Meshing surface 1 (Plane, Frontal-Delaunay)
Info    : Done meshing 2D (Wall 0.0310639s, CPU 0.029559s)
Info    : 565 nodes 926 elements
Info    : Meshing 1D...
Info    : [  0%] Meshing curve 1 (Line)
Info    : [ 20%] Meshing curve 2 (Line)
Info    : [ 30%] Meshing curve 3 (Line)
Info    : [ 50%] Meshing curve 4 (Line)
Info    : [ 60%] Meshing curve 5 (BSpline)
Info    : [ 80%] Meshing curve 6 (BSpline)
Info    : [ 90%] Meshing curve 7 (BSpline)
Info    : Done meshing 1D (Wall 0.0168535s, CPU 0.252475s)
Info    : Meshing 2D...
Info    : Meshing surface 1 (Plane, Frontal-Delaunay)
Info    : Done meshing 2D (Wall 0.0440689s, CPU 0.439122s)
Info    : 445 nodes 689 elements
Info    : Meshing 1D...
Info    : [  0%] Meshing curve 1 (Line)
Info    : [ 20%] Meshing curve 2 (Line)
Info    : [ 30%] Meshing curve 3 (Line)
Info    : [ 50%] Meshing curve 4 (Line)
Info    : [ 60%] Meshing curve 5 (BSpline)
Info    : [ 80%] Meshing curve 6 (BSpline)
Info    : [ 90%] Meshing curve 7 (BSpline)
Info    : Done meshing 1D (Wall 0.0684262s, CPU 0.629603s)
Info    : Meshing 2D...
Info    : Meshing surface 1 (Plane, Frontal-Delaunay)
Info    : Done meshing 2D (Wall 0.061409s, CPU 0.060013s)
Info    : 1422 nodes 2631 elements
Info    : Meshing 1D...
Info    : [  0%] Meshing curve 1 (Line)
Info    : [ 20%] Meshing curve 2 (Line)
Info    : [ 30%] Meshing curve 3 (Line)
Info    : [ 50%] Meshing curve 4 (Line)
Info    : [ 60%] Meshing curve 5 (BSpline)
Info    : [ 80%] Meshing curve 6 (BSpline)
Info    : [ 90%] Meshing curve 7 (BSpline)
Info    : Done meshing 1D (Wall 0.0811605s, CPU 0.52678s)
Info    : Meshing 2D...
Info    : Meshing surface 1 (Plane, Frontal-Delaunay)
Info    : Done meshing 2D (Wall 0.0206424s, CPU 0.018733s)
Info    : 386 nodes 573 elements
Info    : Meshing 1D...
Info    : [  0%] Meshing curve 1 (Line)
Info    : [ 20%] Meshing curve 2 (Line)
Info    : [ 30%] Meshing curve 3 (Line)
Info    : [ 50%] Meshing curve 4 (Line)
Info    : [ 60%] Meshing curve 5 (BSpline)
Info    : [ 80%] Meshing curve 6 (BSpline)
Info    : [ 90%] Meshing curve 7 (BSpline)
Info    : Done meshing 1D (Wall 0.0794582s, CPU 0.672853s)
Info    : Meshing 2D...
Info    : Meshing surface 1 (Plane, Frontal-Delaunay)
Info    : Done meshing 2D (Wall 0.0279877s, CPU 0.026062s)
Info    : 523 nodes 844 elements
Info    : Meshing 1D...
Info    : [  0%] Meshing curve 1 (Line)
Info    : [ 20%] Meshing curve 2 (Line)
Info    : [ 30%] Meshing curve 3 (Line)
Info    : [ 50%] Meshing curve 4 (Line)
Info    : [ 60%] Meshing curve 5 (BSpline)
Info    : [ 80%] Meshing curve 6 (BSpline)
Info    : [ 90%] Meshing curve 7 (BSpline)
Info    : Done meshing 1D (Wall 0.0678973s, CPU 0.670594s)
Info    : Meshing 2D...
Info    : Meshing surface 1 (Plane, Frontal-Delaunay)
Info    : Done meshing 2D (Wall 0.0446463s, CPU 0.043426s)
Info    : 893 nodes 1577 elements
Info    : Meshing 1D...
Info    : [  0%] Meshing curve 1 (Line)
Info    : [ 20%] Meshing curve 2 (Line)
Info    : [ 30%] Meshing curve 3 (Line)
Info    : [ 50%] Meshing curve 4 (Line)
Info    : [ 60%] Meshing curve 5 (BSpline)
Info    : [ 80%] Meshing curve 6 (BSpline)
Info    : [ 90%] Meshing curve 7 (BSpline)
Info    : Done meshing 1D (Wall 0.0415295s, CPU 0.602846s)
Info    : Meshing 2D...
Info    : Meshing surface 1 (Plane, Frontal-Delaunay)
Info    : Done meshing 2D (Wall 0.0343293s, CPU 0.144808s)
Info    : 559 nodes 914 elements
Info    : Meshing 1D...
Info    : [  0%] Meshing curve 1 (Line)
Info    : [ 20%] Meshing curve 2 (Line)
Info    : [ 30%] Meshing curve 3 (Line)
Info    : [ 50%] Meshing curve 4 (Line)
Info    : [ 60%] Meshing curve 5 (BSpline)
Info    : [ 80%] Meshing curve 6 (BSpline)
Info    : [ 90%] Meshing curve 7 (BSpline)
Info    : Done meshing 1D (Wall 0.0950081s, CPU 0.629849s)
Info    : Meshing 2D...
Info    : Meshing surface 1 (Plane, Frontal-Delaunay)
Info    : Done meshing 2D (Wall 0.0269786s, CPU 0.02538s)
Info    : 512 nodes 823 elements
Info    : Meshing 1D...
Info    : [  0%] Meshing curve 1 (Line)
Info    : [ 20%] Meshing curve 2 (Line)
Info    : [ 30%] Meshing curve 3 (Line)
Info    : [ 50%] Meshing curve 4 (Line)
Info    : [ 60%] Meshing curve 5 (BSpline)
Info    : [ 80%] Meshing curve 6 (BSpline)
Info    : [ 90%] Meshing curve 7 (BSpline)
Info    : Done meshing 1D (Wall 0.0611431s, CPU 0.683701s)
Info    : Meshing 2D...
Info    : Meshing surface 1 (Plane, Frontal-Delaunay)
Info    : Done meshing 2D (Wall 0.0351018s, CPU 0.033938s)
Info    : 644 nodes 1082 elements
Info    : Meshing 1D...
Info    : [  0%] Meshing curve 1 (Line)
Info    : [ 20%] Meshing curve 2 (Line)
Info    : [ 30%] Meshing curve 3 (Line)
Info    : [ 50%] Meshing curve 4 (Line)
Info    : [ 60%] Meshing curve 5 (BSpline)
Info    : [ 80%] Meshing curve 6 (BSpline)
Info    : [ 90%] Meshing curve 7 (BSpline)
Info    : Done meshing 1D (Wall 0.0990696s, CPU 0.660261s)
Info    : Meshing 2D...
Info    : Meshing surface 1 (Plane, Frontal-Delaunay)
Info    : Done meshing 2D (Wall 0.0244054s, CPU 0.023274s)
Info    : 409 nodes 617 elements
Info    : Meshing 1D...
Info    : [  0%] Meshing curve 1 (Line)
Info    : [ 20%] Meshing curve 2 (Line)
Info    : [ 30%] Meshing curve 3 (Line)
Info    : [ 50%] Meshing curve 4 (Line)
Info    : [ 60%] Meshing curve 5 (BSpline)
Info    : [ 80%] Meshing curve 6 (BSpline)
Info    : [ 90%] Meshing curve 7 (BSpline)
Info    : Done meshing 1D (Wall 0.130289s, CPU 0.730829s)
Info    : Meshing 2D...
Info    : Meshing surface 1 (Plane, Frontal-Delaunay)
Info    : Done meshing 2D (Wall 0.0458762s, CPU 0.044592s)
Info    : 887 nodes 1564 elements
Info    : Meshing 1D...
Info    : [  0%] Meshing curve 1 (Line)
Info    : [ 20%] Meshing curve 2 (Line)
Info    : [ 30%] Meshing curve 3 (Line)
Info    : [ 50%] Meshing curve 4 (Line)
Info    : [ 60%] Meshing curve 5 (BSpline)
Info    : [ 80%] Meshing curve 6 (BSpline)
Info    : [ 90%] Meshing curve 7 (BSpline)
Info    : Done meshing 1D (Wall 0.0571218s, CPU 0.610182s)
Info    : Meshing 2D...
Info    : Meshing surface 1 (Plane, Frontal-Delaunay)
Info    : Done meshing 2D (Wall 0.107364s, CPU 0.076119s)
Info    : 1785 nodes 3349 elements
Info    : Meshing 1D...
Info    : [  0%] Meshing curve 1 (Line)
Info    : [ 20%] Meshing curve 2 (Line)
Info    : [ 30%] Meshing curve 3 (Line)
Info    : [ 50%] Meshing curve 4 (Line)
Info    : [ 60%] Meshing curve 5 (BSpline)
Info    : [ 80%] Meshing curve 6 (BSpline)
Info    : [ 90%] Meshing curve 7 (BSpline)
Info    : Done meshing 1D (Wall 0.0759082s, CPU 0.478262s)
Info    : Meshing 2D...
Info    : Meshing surface 1 (Plane, Frontal-Delaunay)
Info    : Done meshing 2D (Wall 0.0236632s, CPU 0.021915s)
Info    : 413 nodes 625 elements
Info    : Meshing 1D...
Info    : [  0%] Meshing curve 1 (Line)
Info    : [ 20%] Meshing curve 2 (Line)
Info    : [ 30%] Meshing curve 3 (Line)
Info    : [ 50%] Meshing curve 4 (Line)
Info    : [ 60%] Meshing curve 5 (BSpline)
Info    : [ 80%] Meshing curve 6 (BSpline)
Info    : [ 90%] Meshing curve 7 (BSpline)
Info    : Done meshing 1D (Wall 0.0897895s, CPU 0.586369s)
Info    : Meshing 2D...
Info    : Meshing surface 1 (Plane, Frontal-Delaunay)
Info    : Done meshing 2D (Wall 0.0764553s, CPU 0.075222s)
Info    : 1702 nodes 3182 elements
Info    : Meshing 1D...
Info    : [  0%] Meshing curve 1 (Line)
Info    : [ 20%] Meshing curve 2 (Line)
Info    : [ 30%] Meshing curve 3 (Line)
Info    : [ 50%] Meshing curve 4 (Line)
Info    : [ 60%] Meshing curve 5 (BSpline)
Info    : [ 80%] Meshing curve 6 (BSpline)
Info    : [ 90%] Meshing curve 7 (BSpline)
Info    : Done meshing 1D (Wall 0.0723122s, CPU 0.473065s)
Info    : Meshing 2D...
Info    : Meshing surface 1 (Plane, Frontal-Delaunay)
Info    : Done meshing 2D (Wall 0.0237653s, CPU 0.022517s)
Info    : 420 nodes 639 elements
Info    : Meshing 1D...
Info    : [  0%] Meshing curve 1 (Line)
Info    : [ 20%] Meshing curve 2 (Line)
Info    : [ 30%] Meshing curve 3 (Line)
Info    : [ 50%] Meshing curve 4 (Line)
Info    : [ 60%] Meshing curve 5 (BSpline)
Info    : [ 80%] Meshing curve 6 (BSpline)
Info    : [ 90%] Meshing curve 7 (BSpline)
Info    : Done meshing 1D (Wall 0.0735616s, CPU 0.577876s)
Info    : Meshing 2D...
Info    : Meshing surface 1 (Plane, Frontal-Delaunay)
Info    : Done meshing 2D (Wall 0.0255482s, CPU 0.024273s)
Info    : 435 nodes 668 elements
Info    : Meshing 1D...
Info    : [  0%] Meshing curve 1 (Line)
Info    : [ 20%] Meshing curve 2 (Line)
Info    : [ 30%] Meshing curve 3 (Line)
Info    : [ 50%] Meshing curve 4 (Line)
Info    : [ 60%] Meshing curve 5 (BSpline)
Info    : [ 80%] Meshing curve 6 (BSpline)
Info    : [ 90%] Meshing curve 7 (BSpline)
Info    : Done meshing 1D (Wall 0.0447882s, CPU 0.565682s)
Info    : Meshing 2D...
Info    : Meshing surface 1 (Plane, Frontal-Delaunay)
Info    : Done meshing 2D (Wall 0.0621869s, CPU 0.152771s)
Info    : 509 nodes 817 elements
Info    : Meshing 1D...
Info    : [  0%] Meshing curve 1 (Line)
Info    : [ 20%] Meshing curve 2 (Line)
Info    : [ 30%] Meshing curve 3 (Line)
Info    : [ 50%] Meshing curve 4 (Line)
Info    : [ 60%] Meshing curve 5 (BSpline)
Info    : [ 80%] Meshing curve 6 (BSpline)
Info    : [ 90%] Meshing curve 7 (BSpline)
Info    : Done meshing 1D (Wall 0.0537981s, CPU 0.656203s)
Info    : Meshing 2D...
Info    : Meshing surface 1 (Plane, Frontal-Delaunay)
Info    : Done meshing 2D (Wall 0.0360386s, CPU 0s)
Info    : 692 nodes 1180 elements
Info    : Meshing 1D...
Info    : [  0%] Meshing curve 1 (Line)
Info    : [ 20%] Meshing curve 2 (Line)
Info    : [ 30%] Meshing curve 3 (Line)
Info    : [ 50%] Meshing curve 4 (Line)
Info    : [ 60%] Meshing curve 5 (BSpline)
Info    : [ 80%] Meshing curve 6 (BSpline)
Info    : [ 90%] Meshing curve 7 (BSpline)
Info    : Done meshing 1D (Wall 0.0722153s, CPU 0.629478s)
Info    : Meshing 2D...
Info    : Meshing surface 1 (Plane, Frontal-Delaunay)
Info    : Done meshing 2D (Wall 0.103608s, CPU 0.102376s)
Info    : 2506 nodes 4782 elements
Info    : Meshing 1D...
Info    : [  0%] Meshing curve 1 (Line)
Info    : [ 20%] Meshing curve 2 (Line)
Info    : [ 30%] Meshing curve 3 (Line)
Info    : [ 50%] Meshing curve 4 (Line)
Info    : [ 60%] Meshing curve 5 (BSpline)
Info    : [ 80%] Meshing curve 6 (BSpline)
Info    : [ 90%] Meshing curve 7 (BSpline)
Info    : Done meshing 1D (Wall 0.0413625s, CPU 0.303511s)
Info    : Meshing 2D...
Info    : Meshing surface 1 (Plane, Frontal-Delaunay)
Info    : Done meshing 2D (Wall 0.0281998s, CPU 0.026235s)
Info    : 494 nodes 785 elements
Info    : Meshing 1D...
Info    : [  0%] Meshing curve 1 (Line)
Info    : [ 20%] Meshing curve 2 (Line)
Info    : [ 30%] Meshing curve 3 (Line)
Info    : [ 50%] Meshing curve 4 (Line)
Info    : [ 60%] Meshing curve 5 (BSpline)
Info    : [ 80%] Meshing curve 6 (BSpline)
Info    : [ 90%] Meshing curve 7 (BSpline)
Info    : Done meshing 1D (Wall 0.0688241s, CPU 0.81839s)
Info    : Meshing 2D...
Info    : Meshing surface 1 (Plane, Frontal-Delaunay)
Info    : Done meshing 2D (Wall 0.0360244s, CPU 0.034368s)
Info    : 729 nodes 1253 elements
Info    : Meshing 1D...
Info    : [  0%] Meshing curve 1 (Line)
Info    : [ 20%] Meshing curve 2 (Line)
Info    : [ 30%] Meshing curve 3 (Line)
Info    : [ 50%] Meshing curve 4 (Line)
Info    : [ 60%] Meshing curve 5 (BSpline)
Info    : [ 80%] Meshing curve 6 (BSpline)
Info    : [ 90%] Meshing curve 7 (BSpline)
Info    : Done meshing 1D (Wall 0.0729209s, CPU 0.559003s)
Info    : Meshing 2D...
Info    : Meshing surface 1 (Plane, Frontal-Delaunay)
Info    : Done meshing 2D (Wall 0.0514976s, CPU 0.050325s)
Info    : 1072 nodes 1933 elements
Info    : Meshing 1D...
Info    : [  0%] Meshing curve 1 (Line)
Info    : [ 20%] Meshing curve 2 (Line)
Info    : [ 30%] Meshing curve 3 (Line)
Info    : [ 50%] Meshing curve 4 (Line)
Info    : [ 60%] Meshing curve 5 (BSpline)
Info    : [ 80%] Meshing curve 6 (BSpline)
Info    : [ 90%] Meshing curve 7 (BSpline)
Info    : Done meshing 1D (Wall 0.0716122s, CPU 0.767896s)
Info    : Meshing 2D...
Info    : Meshing surface 1 (Plane, Frontal-Delaunay)
Info    : Done meshing 2D (Wall 0.0276221s, CPU 0.025937s)
Info    : 522 nodes 842 elements
Info    : Meshing 1D...
Info    : [  0%] Meshing curve 1 (Line)
Info    : [ 20%] Meshing curve 2 (Line)
Info    : [ 30%] Meshing curve 3 (Line)
Info    : [ 50%] Meshing curve 4 (Line)
Info    : [ 60%] Meshing curve 5 (BSpline)
Info    : [ 80%] Meshing curve 6 (BSpline)
Info    : [ 90%] Meshing curve 7 (BSpline)
Info    : Done meshing 1D (Wall 0.0796685s, CPU 0.688247s)
Info    : Meshing 2D...
Info    : Meshing surface 1 (Plane, Frontal-Delaunay)
Info    : Done meshing 2D (Wall 0.0365477s, CPU 0.034404s)
Info    : 635 nodes 1063 elements
Info    : Meshing 1D...
Info    : [  0%] Meshing curve 1 (Line)
Info    : [ 20%] Meshing curve 2 (Line)
Info    : [ 30%] Meshing curve 3 (Line)
Info    : [ 50%] Meshing curve 4 (Line)
Info    : [ 60%] Meshing curve 5 (BSpline)
Info    : [ 80%] Meshing curve 6 (BSpline)
Info    : [ 90%] Meshing curve 7 (BSpline)
Info    : Done meshing 1D (Wall 0.0509281s, CPU 0.501921s)
Info    : Meshing 2D...
Info    : Meshing surface 1 (Plane, Frontal-Delaunay)
Info    : Done meshing 2D (Wall 0.0274884s, CPU 0.099148s)
Info    : 442 nodes 682 elements
Info    : Meshing 1D...
Info    : [  0%] Meshing curve 1 (Line)
Info    : [ 20%] Meshing curve 2 (Line)
Info    : [ 30%] Meshing curve 3 (Line)
Info    : [ 50%] Meshing curve 4 (Line)
Info    : [ 60%] Meshing curve 5 (BSpline)
Info    : [ 80%] Meshing curve 6 (BSpline)
Info    : [ 90%] Meshing curve 7 (BSpline)
Info    : Done meshing 1D (Wall 0.0472676s, CPU 0.457772s)
Info    : Meshing 2D...
Info    : Meshing surface 1 (Plane, Frontal-Delaunay)
Info    : Done meshing 2D (Wall 0.0348783s, CPU 0.187611s)
Info    : 546 nodes 887 elements
Info    : Meshing 1D...
Info    : [  0%] Meshing curve 1 (Line)
Info    : [ 20%] Meshing curve 2 (Line)
Info    : [ 30%] Meshing curve 3 (Line)
Info    : [ 50%] Meshing curve 4 (Line)
Info    : [ 60%] Meshing curve 5 (BSpline)
Info    : [ 80%] Meshing curve 6 (BSpline)
Info    : [ 90%] Meshing curve 7 (BSpline)
Info    : Done meshing 1D (Wall 0.0722115s, CPU 0.687526s)
Info    : Meshing 2D...
Info    : Meshing surface 1 (Plane, Frontal-Delaunay)
Info    : Done meshing 2D (Wall 0.029253s, CPU 0.027683s)
Info    : 546 nodes 890 elements
Info    : Meshing 1D...
Info    : [  0%] Meshing curve 1 (Line)
Info    : [ 20%] Meshing curve 2 (Line)
Info    : [ 30%] Meshing curve 3 (Line)
Info    : [ 50%] Meshing curve 4 (Line)
Info    : [ 60%] Meshing curve 5 (BSpline)
Info    : [ 80%] Meshing curve 6 (BSpline)
Info    : [ 90%] Meshing curve 7 (BSpline)
Info    : Done meshing 1D (Wall 0.0868821s, CPU 0.664422s)
Info    : Meshing 2D...
Info    : Meshing surface 1 (Plane, Frontal-Delaunay)
Info    : Done meshing 2D (Wall 0.0475386s, CPU 0.045768s)
Info    : 891 nodes 1571 elements
Info    : Meshing 1D...
Info    : [  0%] Meshing curve 1 (Line)
Info    : [ 20%] Meshing curve 2 (Line)
Info    : [ 30%] Meshing curve 3 (Line)
Info    : [ 50%] Meshing curve 4 (Line)
Info    : [ 60%] Meshing curve 5 (BSpline)
Info    : [ 80%] Meshing curve 6 (BSpline)
Info    : [ 90%] Meshing curve 7 (BSpline)
Info    : Done meshing 1D (Wall 0.0490718s, CPU 0.478357s)
Info    : Meshing 2D...
Info    : Meshing surface 1 (Plane, Frontal-Delaunay)
Info    : Done meshing 2D (Wall 0.0324962s, CPU 0.147829s)
Info    : 598 nodes 993 elements
Info    : Meshing 1D...
Info    : [  0%] Meshing curve 1 (Line)
Info    : [ 20%] Meshing curve 2 (Line)
Info    : [ 30%] Meshing curve 3 (Line)
Info    : [ 50%] Meshing curve 4 (Line)
Info    : [ 60%] Meshing curve 5 (BSpline)
Info    : [ 80%] Meshing curve 6 (BSpline)
Info    : [ 90%] Meshing curve 7 (BSpline)
Info    : Done meshing 1D (Wall 0.0721017s, CPU 0.704951s)
Info    : Meshing 2D...
Info    : Meshing surface 1 (Plane, Frontal-Delaunay)
Info    : Done meshing 2D (Wall 0.0424948s, CPU 0.040872s)
Info    : 769 nodes 1329 elements
Info    : Meshing 1D...
Info    : [  0%] Meshing curve 1 (Line)
Info    : [ 20%] Meshing curve 2 (Line)
Info    : [ 30%] Meshing curve 3 (Line)
Info    : [ 50%] Meshing curve 4 (Line)
Info    : [ 60%] Meshing curve 5 (BSpline)
Info    : [ 80%] Meshing curve 6 (BSpline)
Info    : [ 90%] Meshing curve 7 (BSpline)
Info    : Done meshing 1D (Wall 0.0476134s, CPU 0.535883s)
Info    : Meshing 2D...
Info    : Meshing surface 1 (Plane, Frontal-Delaunay)
Info    : Done meshing 2D (Wall 0.0325591s, CPU 0.073402s)
Info    : 552 nodes 901 elements
Info    : Meshing 1D...
Info    : [  0%] Meshing curve 1 (Line)
Info    : [ 20%] Meshing curve 2 (Line)
Info    : [ 30%] Meshing curve 3 (Line)
Info    : [ 50%] Meshing curve 4 (Line)
Info    : [ 60%] Meshing curve 5 (BSpline)
Info    : [ 80%] Meshing curve 6 (BSpline)
Info    : [ 90%] Meshing curve 7 (BSpline)
Info    : Done meshing 1D (Wall 0.0672301s, CPU 0.801857s)
Info    : Meshing 2D...
Info    : Meshing surface 1 (Plane, Frontal-Delaunay)
Info    : Done meshing 2D (Wall 0.0239333s, CPU 0.022578s)
Info    : 416 nodes 632 elements
Info    : Meshing 1D...
Info    : [  0%] Meshing curve 1 (Line)
Info    : [ 20%] Meshing curve 2 (Line)
Info    : [ 30%] Meshing curve 3 (Line)
Info    : [ 50%] Meshing curve 4 (Line)
Info    : [ 60%] Meshing curve 5 (BSpline)
Info    : [ 80%] Meshing curve 6 (BSpline)
Info    : [ 90%] Meshing curve 7 (BSpline)
Info    : Done meshing 1D (Wall 0.079282s, CPU 0.551756s)
Info    : Meshing 2D...
Info    : Meshing surface 1 (Plane, Frontal-Delaunay)
Info    : Done meshing 2D (Wall 0.0246444s, CPU 0.019506s)
Info    : 410 nodes 619 elements
Info    : Meshing 1D...
Info    : [  0%] Meshing curve 1 (Line)
Info    : [ 20%] Meshing curve 2 (Line)
Info    : [ 30%] Meshing curve 3 (Line)
Info    : [ 50%] Meshing curve 4 (Line)
Info    : [ 60%] Meshing curve 5 (BSpline)
Info    : [ 80%] Meshing curve 6 (BSpline)
Info    : [ 90%] Meshing curve 7 (BSpline)
Info    : Done meshing 1D (Wall 0.0831686s, CPU 0.794416s)
Info    : Meshing 2D...
Info    : Meshing surface 1 (Plane, Frontal-Delaunay)
Info    : Done meshing 2D (Wall 0.022335s, CPU 0.02005s)
Info    : 382 nodes 565 elements
Info    : Meshing 1D...
Info    : [  0%] Meshing curve 1 (Line)
Info    : [ 20%] Meshing curve 2 (Line)
Info    : [ 30%] Meshing curve 3 (Line)
Info    : [ 50%] Meshing curve 4 (Line)
Info    : [ 60%] Meshing curve 5 (BSpline)
Info    : [ 80%] Meshing curve 6 (BSpline)
Info    : [ 90%] Meshing curve 7 (BSpline)
Info    : Done meshing 1D (Wall 0.0744604s, CPU 0.694581s)
Info    : Meshing 2D...
Info    : Meshing surface 1 (Plane, Frontal-Delaunay)
Info    : Done meshing 2D (Wall 0.0888982s, CPU 0.08738s)
Info    : 2053 nodes 3881 elements
Info    : Meshing 1D...
Info    : [  0%] Meshing curve 1 (Line)
Info    : [ 20%] Meshing curve 2 (Line)
Info    : [ 30%] Meshing curve 3 (Line)
Info    : [ 50%] Meshing curve 4 (Line)
Info    : [ 60%] Meshing curve 5 (BSpline)
Info    : [ 80%] Meshing curve 6 (BSpline)
Info    : [ 90%] Meshing curve 7 (BSpline)
Info    : Done meshing 1D (Wall 0.0491996s, CPU 0.485215s)
Info    : Meshing 2D...
Info    : Meshing surface 1 (Plane, Frontal-Delaunay)
Info    : Done meshing 2D (Wall 0.0256453s, CPU 0.024411s)
Info    : 446 nodes 690 elements
Info    : Meshing 1D...
Info    : [  0%] Meshing curve 1 (Line)
Info    : [ 20%] Meshing curve 2 (Line)
Info    : [ 30%] Meshing curve 3 (Line)
Info    : [ 50%] Meshing curve 4 (Line)
Info    : [ 60%] Meshing curve 5 (BSpline)
Info    : [ 80%] Meshing curve 6 (BSpline)
Info    : [ 90%] Meshing curve 7 (BSpline)
Info    : Done meshing 1D (Wall 0.0695534s, CPU 0.731377s)
Info    : Meshing 2D...
Info    : Meshing surface 1 (Plane, Frontal-Delaunay)
Info    : Done meshing 2D (Wall 0.0295843s, CPU 0.028241s)
Info    : 554 nodes 906 elements
Info    : Meshing 1D...
Info    : [  0%] Meshing curve 1 (Line)
Info    : [ 20%] Meshing curve 2 (Line)
Info    : [ 30%] Meshing curve 3 (Line)
Info    : [ 50%] Meshing curve 4 (Line)
Info    : [ 60%] Meshing curve 5 (BSpline)
Info    : [ 80%] Meshing curve 6 (BSpline)
Info    : [ 90%] Meshing curve 7 (BSpline)
Info    : Done meshing 1D (Wall 0.0682302s, CPU 0.576558s)
Info    : Meshing 2D...
Info    : Meshing surface 1 (Plane, Frontal-Delaunay)
Info    : Done meshing 2D (Wall 0.0257164s, CPU 0.024343s)
Info    : 430 nodes 658 elements
Info    : Meshing 1D...
Info    : [  0%] Meshing curve 1 (Line)
Info    : [ 20%] Meshing curve 2 (Line)
Info    : [ 30%] Meshing curve 3 (Line)
Info    : [ 50%] Meshing curve 4 (Line)
Info    : [ 60%] Meshing curve 5 (BSpline)
Info    : [ 80%] Meshing curve 6 (BSpline)
Info    : [ 90%] Meshing curve 7 (BSpline)
Info    : Done meshing 1D (Wall 0.0748345s, CPU 0.643265s)
Info    : Meshing 2D...
Info    : Meshing surface 1 (Plane, Frontal-Delaunay)
Info    : Done meshing 2D (Wall 0.0266265s, CPU 0.02514s)
Info    : 484 nodes 766 elements
Info    : Meshing 1D...
Info    : [  0%] Meshing curve 1 (Line)
Info    : [ 20%] Meshing curve 2 (Line)
Info    : [ 30%] Meshing curve 3 (Line)
Info    : [ 50%] Meshing curve 4 (Line)
Info    : [ 60%] Meshing curve 5 (BSpline)
Info    : [ 80%] Meshing curve 6 (BSpline)
Info    : [ 90%] Meshing curve 7 (BSpline)
Info    : Done meshing 1D (Wall 0.0722505s, CPU 0.706937s)
Info    : Meshing 2D...
Info    : Meshing surface 1 (Plane, Frontal-Delaunay)
Info    : Done meshing 2D (Wall 0.0325947s, CPU 0.030704s)
Info    : 601 nodes 998 elements
Info    : Meshing 1D...
Info    : [  0%] Meshing curve 1 (Line)
Info    : [ 20%] Meshing curve 2 (Line)
Info    : [ 30%] Meshing curve 3 (Line)
Info    : [ 50%] Meshing curve 4 (Line)
Info    : [ 60%] Meshing curve 5 (BSpline)
Info    : [ 80%] Meshing curve 6 (BSpline)
Info    : [ 90%] Meshing curve 7 (BSpline)
Info    : Done meshing 1D (Wall 0.0681825s, CPU 0.692487s)
Info    : Meshing 2D...
Info    : Meshing surface 1 (Plane, Frontal-Delaunay)
Info    : Done meshing 2D (Wall 0.0299992s, CPU 0.028617s)
Info    : 555 nodes 907 elements
Info    : Meshing 1D...
Info    : [  0%] Meshing curve 1 (Line)
Info    : [ 20%] Meshing curve 2 (Line)
Info    : [ 30%] Meshing curve 3 (Line)
Info    : [ 50%] Meshing curve 4 (Line)
Info    : [ 60%] Meshing curve 5 (BSpline)
Info    : [ 80%] Meshing curve 6 (BSpline)
Info    : [ 90%] Meshing curve 7 (BSpline)
Info    : Done meshing 1D (Wall 0.0442076s, CPU 0.557218s)
Info    : Meshing 2D...
Info    : Meshing surface 1 (Plane, Frontal-Delaunay)
Info    : Done meshing 2D (Wall 0.0398598s, CPU 0.30217s)
Info    : 730 nodes 1255 elements
Info    : Meshing 1D...
Info    : [  0%] Meshing curve 1 (Line)
Info    : [ 20%] Meshing curve 2 (Line)
Info    : [ 30%] Meshing curve 3 (Line)
Info    : [ 50%] Meshing curve 4 (Line)
Info    : [ 60%] Meshing curve 5 (BSpline)
Info    : [ 80%] Meshing curve 6 (BSpline)
Info    : [ 90%] Meshing curve 7 (BSpline)
Info    : Done meshing 1D (Wall 0.076711s, CPU 0.536462s)
Info    : Meshing 2D...
Info    : Meshing surface 1 (Plane, Frontal-Delaunay)
Info    : Done meshing 2D (Wall 0.0374459s, CPU 0.036159s)
Info    : 678 nodes 1149 elements
Info    : Meshing 1D...
Info    : [  0%] Meshing curve 1 (Line)
Info    : [ 20%] Meshing curve 2 (Line)
Info    : [ 30%] Meshing curve 3 (Line)
Info    : [ 50%] Meshing curve 4 (Line)
Info    : [ 60%] Meshing curve 5 (BSpline)
Info    : [ 80%] Meshing curve 6 (BSpline)
Info    : [ 90%] Meshing curve 7 (BSpline)
Info    : Done meshing 1D (Wall 0.0753435s, CPU 0.654405s)
Info    : Meshing 2D...
Info    : Meshing surface 1 (Plane, Frontal-Delaunay)
Info    : Done meshing 2D (Wall 0.0351243s, CPU 0.033852s)
Info    : 627 nodes 1048 elements
Info    : Meshing 1D...
Info    : [  0%] Meshing curve 1 (Line)
Info    : [ 20%] Meshing curve 2 (Line)
Info    : [ 30%] Meshing curve 3 (Line)
Info    : [ 50%] Meshing curve 4 (Line)
Info    : [ 60%] Meshing curve 5 (BSpline)
Info    : [ 80%] Meshing curve 6 (BSpline)
Info    : [ 90%] Meshing curve 7 (BSpline)
Info    : Done meshing 1D (Wall 0.0772886s, CPU 0.667994s)
Info    : Meshing 2D...
Info    : Meshing surface 1 (Plane, Frontal-Delaunay)
Info    : Done meshing 2D (Wall 0.0198071s, CPU 0.01812s)
Info    : 370 nodes 541 elements
Info    : Meshing 1D...
Info    : [  0%] Meshing curve 1 (Line)
Info    : [ 20%] Meshing curve 2 (Line)
Info    : [ 30%] Meshing curve 3 (Line)
Info    : [ 50%] Meshing curve 4 (Line)
Info    : [ 60%] Meshing curve 5 (BSpline)
Info    : [ 80%] Meshing curve 6 (BSpline)
Info    : [ 90%] Meshing curve 7 (BSpline)
Info    : Done meshing 1D (Wall 0.0965081s, CPU 0.570231s)
Info    : Meshing 2D...
Info    : Meshing surface 1 (Plane, Frontal-Delaunay)
Info    : Done meshing 2D (Wall 0.0654572s, CPU 0.064078s)
Info    : 1444 nodes 2671 elements
Info    : Meshing 1D...
Info    : [  0%] Meshing curve 1 (Line)
Info    : [ 20%] Meshing curve 2 (Line)
Info    : [ 30%] Meshing curve 3 (Line)
Info    : [ 50%] Meshing curve 4 (Line)
Info    : [ 60%] Meshing curve 5 (BSpline)
Info    : [ 80%] Meshing curve 6 (BSpline)
Info    : [ 90%] Meshing curve 7 (BSpline)
Info    : Done meshing 1D (Wall 0.0443526s, CPU 0.576802s)
Info    : Meshing 2D...
Info    : Meshing surface 1 (Plane, Frontal-Delaunay)
Info    : Done meshing 2D (Wall 0.0254031s, CPU 0.103985s)
Info    : 439 nodes 677 elements
Info    : Meshing 1D...
Info    : [  0%] Meshing curve 1 (Line)
Info    : [ 20%] Meshing curve 2 (Line)
Info    : [ 30%] Meshing curve 3 (Line)
Info    : [ 50%] Meshing curve 4 (Line)
Info    : [ 60%] Meshing curve 5 (BSpline)
Info    : [ 80%] Meshing curve 6 (BSpline)
Info    : [ 90%] Meshing curve 7 (BSpline)
Info    : Done meshing 1D (Wall 0.0921289s, CPU 0.732889s)
Info    : Meshing 2D...
Info    : Meshing surface 1 (Plane, Frontal-Delaunay)
Info    : Done meshing 2D (Wall 0.0389692s, CPU 0.037682s)
Info    : 800 nodes 1394 elements
Info    : Meshing 1D...
Info    : [  0%] Meshing curve 1 (Line)
Info    : [ 20%] Meshing curve 2 (Line)
Info    : [ 30%] Meshing curve 3 (Line)
Info    : [ 50%] Meshing curve 4 (Line)
Info    : [ 60%] Meshing curve 5 (BSpline)
Info    : [ 80%] Meshing curve 6 (BSpline)
Info    : [ 90%] Meshing curve 7 (BSpline)
Info    : Done meshing 1D (Wall 0.0828928s, CPU 0.700448s)
Info    : Meshing 2D...
Info    : Meshing surface 1 (Plane, Frontal-Delaunay)
Info    : Done meshing 2D (Wall 0.114662s, CPU 0.113195s)
Info    : 3125 nodes 6024 elements
Info    : Meshing 1D...
Info    : [  0%] Meshing curve 1 (Line)
Info    : [ 20%] Meshing curve 2 (Line)
Info    : [ 30%] Meshing curve 3 (Line)
Info    : [ 50%] Meshing curve 4 (Line)
Info    : [ 60%] Meshing curve 5 (BSpline)
Info    : [ 80%] Meshing curve 6 (BSpline)
Info    : [ 90%] Meshing curve 7 (BSpline)
Info    : Done meshing 1D (Wall 0.0695978s, CPU 0.168781s)
Info    : Meshing 2D...
Info    : Meshing surface 1 (Plane, Frontal-Delaunay)
Info    : Done meshing 2D (Wall 0.0848561s, CPU 0.083615s)
Info    : 2063 nodes 3903 elements
Info    : Meshing 1D...
Info    : [  0%] Meshing curve 1 (Line)
Info    : [ 20%] Meshing curve 2 (Line)
Info    : [ 30%] Meshing curve 3 (Line)
Info    : [ 50%] Meshing curve 4 (Line)
Info    : [ 60%] Meshing curve 5 (BSpline)
Info    : [ 80%] Meshing curve 6 (BSpline)
Info    : [ 90%] Meshing curve 7 (BSpline)
Info    : Done meshing 1D (Wall 0.0751297s, CPU 0.400869s)
Info    : Meshing 2D...
Info    : Meshing surface 1 (Plane, Frontal-Delaunay)
Info    : Done meshing 2D (Wall 0.0199598s, CPU 0.018814s)
Info    : 384 nodes 570 elements
Info    : Meshing 1D...
Info    : [  0%] Meshing curve 1 (Line)
Info    : [ 20%] Meshing curve 2 (Line)
Info    : [ 30%] Meshing curve 3 (Line)
Info    : [ 50%] Meshing curve 4 (Line)
Info    : [ 60%] Meshing curve 5 (BSpline)
Info    : [ 80%] Meshing curve 6 (BSpline)
Info    : [ 90%] Meshing curve 7 (BSpline)
Info    : Done meshing 1D (Wall 0.047391s, CPU 0.57777s)
Info    : Meshing 2D...
Info    : Meshing surface 1 (Plane, Frontal-Delaunay)
Info    : Done meshing 2D (Wall 0.0579576s, CPU 0.166151s)
Info    : 1105 nodes 1997 elements
Info    : Meshing 1D...
Info    : [  0%] Meshing curve 1 (Line)
Info    : [ 20%] Meshing curve 2 (Line)
Info    : [ 30%] Meshing curve 3 (Line)
Info    : [ 50%] Meshing curve 4 (Line)
Info    : [ 60%] Meshing curve 5 (BSpline)
Info    : [ 80%] Meshing curve 6 (BSpline)
Info    : [ 90%] Meshing curve 7 (BSpline)
Info    : Done meshing 1D (Wall 0.0695914s, CPU 0.645597s)
Info    : Meshing 2D...
Info    : Meshing surface 1 (Plane, Frontal-Delaunay)
Info    : Done meshing 2D (Wall 0.0358207s, CPU 0.034667s)
Info    : 695 nodes 1185 elements
Info    : Meshing 1D...
Info    : [  0%] Meshing curve 1 (Line)
Info    : [ 20%] Meshing curve 2 (Line)
Info    : [ 30%] Meshing curve 3 (Line)
Info    : [ 50%] Meshing curve 4 (Line)
Info    : [ 60%] Meshing curve 5 (BSpline)
Info    : [ 80%] Meshing curve 6 (BSpline)
Info    : [ 90%] Meshing curve 7 (BSpline)
Info    : Done meshing 1D (Wall 0.0152758s, CPU 0.00746s)
Info    : Meshing 2D...
Info    : Meshing surface 1 (Plane, Frontal-Delaunay)
Info    : Done meshing 2D (Wall 0.0724452s, CPU 0.071082s)
Info    : 1722 nodes 3224 elements
Info    : Meshing 1D...
Info    : [  0%] Meshing curve 1 (Line)
Info    : [ 20%] Meshing curve 2 (Line)
Info    : [ 30%] Meshing curve 3 (Line)
Info    : [ 50%] Meshing curve 4 (Line)
Info    : [ 60%] Meshing curve 5 (BSpline)
Info    : [ 80%] Meshing curve 6 (BSpline)
Info    : [ 90%] Meshing curve 7 (BSpline)
Info    : Done meshing 1D (Wall 0.0732396s, CPU 0.509283s)
Info    : Meshing 2D...
Info    : Meshing surface 1 (Plane, Frontal-Delaunay)
Info    : Done meshing 2D (Wall 0.0529363s, CPU 0.051835s)
Info    : 995 nodes 1776 elements
Info    : Meshing 1D...
Info    : [  0%] Meshing curve 1 (Line)
Info    : [ 20%] Meshing curve 2 (Line)
Info    : [ 30%] Meshing curve 3 (Line)
Info    : [ 50%] Meshing curve 4 (Line)
Info    : [ 60%] Meshing curve 5 (BSpline)
Info    : [ 80%] Meshing curve 6 (BSpline)
Info    : [ 90%] Meshing curve 7 (BSpline)
Info    : Done meshing 1D (Wall 0.0433644s, CPU 0.639527s)
Info    : Meshing 2D...
Info    : Meshing surface 1 (Plane, Frontal-Delaunay)
Info    : Done meshing 2D (Wall 0.0286651s, CPU 0.030958s)
Info    : 485 nodes 769 elements
Info    : Meshing 1D...
Info    : [  0%] Meshing curve 1 (Line)
Info    : [ 20%] Meshing curve 2 (Line)
Info    : [ 30%] Meshing curve 3 (Line)
Info    : [ 50%] Meshing curve 4 (Line)
Info    : [ 60%] Meshing curve 5 (BSpline)
Info    : [ 80%] Meshing curve 6 (BSpline)
Info    : [ 90%] Meshing curve 7 (BSpline)
Info    : Done meshing 1D (Wall 0.0790949s, CPU 0.741979s)
Info    : Meshing 2D...
Info    : Meshing surface 1 (Plane, Frontal-Delaunay)
Info    : Done meshing 2D (Wall 0.056196s, CPU 0.054781s)
Info    : 1274 nodes 2337 elements
Info    : Meshing 1D...
Info    : [  0%] Meshing curve 1 (Line)
Info    : [ 20%] Meshing curve 2 (Line)
Info    : [ 30%] Meshing curve 3 (Line)
Info    : [ 50%] Meshing curve 4 (Line)
Info    : [ 60%] Meshing curve 5 (BSpline)
Info    : [ 80%] Meshing curve 6 (BSpline)
Info    : [ 90%] Meshing curve 7 (BSpline)
Info    : Done meshing 1D (Wall 0.070058s, CPU 0.608132s)
Info    : Meshing 2D...
Info    : Meshing surface 1 (Plane, Frontal-Delaunay)
Info    : Done meshing 2D (Wall 0.0358658s, CPU 0.034063s)
Info    : 638 nodes 1070 elements
Info    : Meshing 1D...
Info    : [  0%] Meshing curve 1 (Line)
Info    : [ 20%] Meshing curve 2 (Line)
Info    : [ 30%] Meshing curve 3 (Line)
Info    : [ 50%] Meshing curve 4 (Line)
Info    : [ 60%] Meshing curve 5 (BSpline)
Info    : [ 80%] Meshing curve 6 (BSpline)
Info    : [ 90%] Meshing curve 7 (BSpline)
Info    : Done meshing 1D (Wall 0.0717386s, CPU 0.831095s)
Info    : Meshing 2D...
Info    : Meshing surface 1 (Plane, Frontal-Delaunay)
Info    : Done meshing 2D (Wall 0.0454574s, CPU 0.044163s)
Info    : 874 nodes 1538 elements
Info    : Meshing 1D...
Info    : [  0%] Meshing curve 1 (Line)
Info    : [ 20%] Meshing curve 2 (Line)
Info    : [ 30%] Meshing curve 3 (Line)
Info    : [ 50%] Meshing curve 4 (Line)
Info    : [ 60%] Meshing curve 5 (BSpline)
Info    : [ 80%] Meshing curve 6 (BSpline)
Info    : [ 90%] Meshing curve 7 (BSpline)
Info    : Done meshing 1D (Wall 0.0770776s, CPU 0.79858s)
Info    : Meshing 2D...
Info    : Meshing surface 1 (Plane, Frontal-Delaunay)
Info    : Done meshing 2D (Wall 0.0286829s, CPU 0.027436s)
Info    : 514 nodes 825 elements
Info    : Meshing 1D...
Info    : [  0%] Meshing curve 1 (Line)
Info    : [ 20%] Meshing curve 2 (Line)
Info    : [ 30%] Meshing curve 3 (Line)
Info    : [ 50%] Meshing curve 4 (Line)
Info    : [ 60%] Meshing curve 5 (BSpline)
Info    : [ 80%] Meshing curve 6 (BSpline)
Info    : [ 90%] Meshing curve 7 (BSpline)
Info    : Done meshing 1D (Wall 0.0423297s, CPU 0.460068s)
Info    : Meshing 2D...
Info    : Meshing surface 1 (Plane, Frontal-Delaunay)
Info    : Done meshing 2D (Wall 0.0448353s, CPU 0.272176s)
Info    : 788 nodes 1369 elements
Info    : Meshing 1D...
Info    : [  0%] Meshing curve 1 (Line)
Info    : [ 20%] Meshing curve 2 (Line)
Info    : [ 30%] Meshing curve 3 (Line)
Info    : [ 50%] Meshing curve 4 (Line)
Info    : [ 60%] Meshing curve 5 (BSpline)
Info    : [ 80%] Meshing curve 6 (BSpline)
Info    : [ 90%] Meshing curve 7 (BSpline)
Info    : Done meshing 1D (Wall 0.0768267s, CPU 0.717603s)
Info    : Meshing 2D...
Info    : Meshing surface 1 (Plane, Frontal-Delaunay)
Info    : Done meshing 2D (Wall 0.0254849s, CPU 0.024188s)
Info    : 434 nodes 666 elements
Info    : Meshing 1D...
Info    : [  0%] Meshing curve 1 (Line)
Info    : [ 20%] Meshing curve 2 (Line)
Info    : [ 30%] Meshing curve 3 (Line)
Info    : [ 50%] Meshing curve 4 (Line)
Info    : [ 60%] Meshing curve 5 (BSpline)
Info    : [ 80%] Meshing curve 6 (BSpline)
Info    : [ 90%] Meshing curve 7 (BSpline)
Info    : Done meshing 1D (Wall 0.0499539s, CPU 0.528356s)
Info    : Meshing 2D...
Info    : Meshing surface 1 (Plane, Frontal-Delaunay)
Info    : Done meshing 2D (Wall 0.0876382s, CPU 0.200519s)
Info    : 2038 nodes 3853 elements
Info    : Meshing 1D...
Info    : [  0%] Meshing curve 1 (Line)
Info    : [ 20%] Meshing curve 2 (Line)
Info    : [ 30%] Meshing curve 3 (Line)
Info    : [ 50%] Meshing curve 4 (Line)
Info    : [ 60%] Meshing curve 5 (BSpline)
Info    : [ 80%] Meshing curve 6 (BSpline)
Info    : [ 90%] Meshing curve 7 (BSpline)
Info    : Done meshing 1D (Wall 0.0669209s, CPU 0.434262s)
Info    : Meshing 2D...
Info    : Meshing surface 1 (Plane, Frontal-Delaunay)
Info    : Done meshing 2D (Wall 0.0318244s, CPU 0.030061s)
Info    : 598 nodes 992 elements
Info    : Meshing 1D...
Info    : [  0%] Meshing curve 1 (Line)
Info    : [ 20%] Meshing curve 2 (Line)
Info    : [ 30%] Meshing curve 3 (Line)
Info    : [ 50%] Meshing curve 4 (Line)
Info    : [ 60%] Meshing curve 5 (BSpline)
Info    : [ 80%] Meshing curve 6 (BSpline)
Info    : [ 90%] Meshing curve 7 (BSpline)
Info    : Done meshing 1D (Wall 0.079555s, CPU 0.796191s)
Info    : Meshing 2D...
Info    : Meshing surface 1 (Plane, Frontal-Delaunay)
Info    : Done meshing 2D (Wall 0.0608355s, CPU 0.05961s)
Info    : 1399 nodes 2585 elements
Info    : Meshing 1D...
Info    : [  0%] Meshing curve 1 (Line)
Info    : [ 20%] Meshing curve 2 (Line)
Info    : [ 30%] Meshing curve 3 (Line)
Info    : [ 50%] Meshing curve 4 (Line)
Info    : [ 60%] Meshing curve 5 (BSpline)
Info    : [ 80%] Meshing curve 6 (BSpline)
Info    : [ 90%] Meshing curve 7 (BSpline)
Info    : Done meshing 1D (Wall 0.0802931s, CPU 0.456245s)
Info    : Meshing 2D...
Info    : Meshing surface 1 (Plane, Frontal-Delaunay)
Info    : Done meshing 2D (Wall 0.0339919s, CPU 0.032509s)
Info    : 629 nodes 1053 elements
Info    : Meshing 1D...
Info    : [  0%] Meshing curve 1 (Line)
Info    : [ 20%] Meshing curve 2 (Line)
Info    : [ 30%] Meshing curve 3 (Line)
Info    : [ 50%] Meshing curve 4 (Line)
Info    : [ 60%] Meshing curve 5 (BSpline)
Info    : [ 80%] Meshing curve 6 (BSpline)
Info    : [ 90%] Meshing curve 7 (BSpline)
Info    : Done meshing 1D (Wall 0.0569558s, CPU 0.549348s)
Info    : Meshing 2D...
Info    : Meshing surface 1 (Plane, Frontal-Delaunay)
Info    : Done meshing 2D (Wall 0.0727032s, CPU 0.136743s)
Info    : 1627 nodes 3037 elements
Info    : Meshing 1D...
Info    : [  0%] Meshing curve 1 (Line)
Info    : [ 20%] Meshing curve 2 (Line)
Info    : [ 30%] Meshing curve 3 (Line)
Info    : [ 50%] Meshing curve 4 (Line)
Info    : [ 60%] Meshing curve 5 (BSpline)
Info    : [ 80%] Meshing curve 6 (BSpline)
Info    : [ 90%] Meshing curve 7 (BSpline)
Info    : Done meshing 1D (Wall 0.0791617s, CPU 0.527978s)
Info    : Meshing 2D...
Info    : Meshing surface 1 (Plane, Frontal-Delaunay)
Info    : Done meshing 2D (Wall 0.0814504s, CPU 0.07985s)
Info    : 1879 nodes 3536 elements
Info    : Meshing 1D...
Info    : [  0%] Meshing curve 1 (Line)
Info    : [ 20%] Meshing curve 2 (Line)
Info    : [ 30%] Meshing curve 3 (Line)
Info    : [ 50%] Meshing curve 4 (Line)
Info    : [ 60%] Meshing curve 5 (BSpline)
Info    : [ 80%] Meshing curve 6 (BSpline)
Info    : [ 90%] Meshing curve 7 (BSpline)
Info    : Done meshing 1D (Wall 0.119827s, CPU 0.454604s)
Info    : Meshing 2D...
Info    : Meshing surface 1 (Plane, Frontal-Delaunay)
Info    : Done meshing 2D (Wall 0.0667373s, CPU 0.063681s)
Info    : 1400 nodes 2582 elements
Info    : Meshing 1D...
Info    : [  0%] Meshing curve 1 (Line)
Info    : [ 20%] Meshing curve 2 (Line)
Info    : [ 30%] Meshing curve 3 (Line)
Info    : [ 50%] Meshing curve 4 (Line)
Info    : [ 60%] Meshing curve 5 (BSpline)
Info    : [ 80%] Meshing curve 6 (BSpline)
Info    : [ 90%] Meshing curve 7 (BSpline)
Info    : Done meshing 1D (Wall 0.124796s, CPU 0.518834s)
Info    : Meshing 2D...
Info    : Meshing surface 1 (Plane, Frontal-Delaunay)
Info    : Done meshing 2D (Wall 0.0837209s, CPU 0.032123s)
Info    : 591 nodes 977 elements
Info    : Meshing 1D...
Info    : [  0%] Meshing curve 1 (Line)
Info    : [ 20%] Meshing curve 2 (Line)
Info    : [ 30%] Meshing curve 3 (Line)
Info    : [ 50%] Meshing curve 4 (Line)
Info    : [ 60%] Meshing curve 5 (BSpline)
Info    : [ 80%] Meshing curve 6 (BSpline)
Info    : [ 90%] Meshing curve 7 (BSpline)
Info    : Done meshing 1D (Wall 0.0687935s, CPU 0.587195s)
Info    : Meshing 2D...
Info    : Meshing surface 1 (Plane, Frontal-Delaunay)
Info    : Done meshing 2D (Wall 0.0300132s, CPU 0.028578s)
Info    : 552 nodes 901 elements
Info    : Meshing 1D...
Info    : [  0%] Meshing curve 1 (Line)
Info    : [ 20%] Meshing curve 2 (Line)
Info    : [ 30%] Meshing curve 3 (Line)
Info    : [ 50%] Meshing curve 4 (Line)
Info    : [ 60%] Meshing curve 5 (BSpline)
Info    : [ 80%] Meshing curve 6 (BSpline)
Info    : [ 90%] Meshing curve 7 (BSpline)
Info    : Done meshing 1D (Wall 0.0750156s, CPU 0.709861s)
Info    : Meshing 2D...
Info    : Meshing surface 1 (Plane, Frontal-Delaunay)
Info    : Done meshing 2D (Wall 0.0241456s, CPU 0.022868s)
Info    : 407 nodes 613 elements
Info    : Meshing 1D...
Info    : [  0%] Meshing curve 1 (Line)
Info    : [ 20%] Meshing curve 2 (Line)
Info    : [ 30%] Meshing curve 3 (Line)
Info    : [ 50%] Meshing curve 4 (Line)
Info    : [ 60%] Meshing curve 5 (BSpline)
Info    : [ 80%] Meshing curve 6 (BSpline)
Info    : [ 90%] Meshing curve 7 (BSpline)
Info    : Done meshing 1D (Wall 0.082998s, CPU 0.749446s)
Info    : Meshing 2D...
Info    : Meshing surface 1 (Plane, Frontal-Delaunay)
Info    : Done meshing 2D (Wall 0.0225773s, CPU 0.020992s)
Info    : 379 nodes 558 elements
Info    : Meshing 1D...
Info    : [  0%] Meshing curve 1 (Line)
Info    : [ 20%] Meshing curve 2 (Line)
Info    : [ 30%] Meshing curve 3 (Line)
Info    : [ 50%] Meshing curve 4 (Line)
Info    : [ 60%] Meshing curve 5 (BSpline)
Info    : [ 80%] Meshing curve 6 (BSpline)
Info    : [ 90%] Meshing curve 7 (BSpline)
Info    : Done meshing 1D (Wall 0.0770024s, CPU 0.741089s)
Info    : Meshing 2D...
Info    : Meshing surface 1 (Plane, Frontal-Delaunay)
Info    : Done meshing 2D (Wall 0.034121s, CPU 0.032543s)
Info    : 589 nodes 973 elements
Info    : Meshing 1D...
Info    : [  0%] Meshing curve 1 (Line)
Info    : [ 20%] Meshing curve 2 (Line)
Info    : [ 30%] Meshing curve 3 (Line)
Info    : [ 50%] Meshing curve 4 (Line)
Info    : [ 60%] Meshing curve 5 (BSpline)
Info    : [ 80%] Meshing curve 6 (BSpline)
Info    : [ 90%] Meshing curve 7 (BSpline)
Info    : Done meshing 1D (Wall 0.0814596s, CPU 0.688794s)
Info    : Meshing 2D...
Info    : Meshing surface 1 (Plane, Frontal-Delaunay)
Info    : Done meshing 2D (Wall 0.0209633s, CPU 0.019637s)
Info    : 386 nodes 573 elements
Info    : Meshing 1D...
Info    : [  0%] Meshing curve 1 (Line)
Info    : [ 20%] Meshing curve 2 (Line)
Info    : [ 30%] Meshing curve 3 (Line)
Info    : [ 50%] Meshing curve 4 (Line)
Info    : [ 60%] Meshing curve 5 (BSpline)
Info    : [ 80%] Meshing curve 6 (BSpline)
Info    : [ 90%] Meshing curve 7 (BSpline)
Info    : Done meshing 1D (Wall 0.0829394s, CPU 0.815074s)
Info    : Meshing 2D...
Info    : Meshing surface 1 (Plane, Frontal-Delaunay)
Info    : Done meshing 2D (Wall 0.0232381s, CPU 0.021472s)
Info    : 437 nodes 675 elements
Info    : Meshing 1D...
Info    : [  0%] Meshing curve 1 (Line)
Info    : [ 20%] Meshing curve 2 (Line)
Info    : [ 30%] Meshing curve 3 (Line)
Info    : [ 50%] Meshing curve 4 (Line)
Info    : [ 60%] Meshing curve 5 (BSpline)
Info    : [ 80%] Meshing curve 6 (BSpline)
Info    : [ 90%] Meshing curve 7 (BSpline)
Info    : Done meshing 1D (Wall 0.0505433s, CPU 0.645241s)
Info    : Meshing 2D...
Info    : Meshing surface 1 (Plane, Frontal-Delaunay)
Info    : Done meshing 2D (Wall 0.0601763s, CPU 0s)
Info    : 476 nodes 749 elements
Info    : Meshing 1D...
Info    : [  0%] Meshing curve 1 (Line)
Info    : [ 20%] Meshing curve 2 (Line)
Info    : [ 30%] Meshing curve 3 (Line)
Info    : [ 50%] Meshing curve 4 (Line)
Info    : [ 60%] Meshing curve 5 (BSpline)
Info    : [ 80%] Meshing curve 6 (BSpline)
Info    : [ 90%] Meshing curve 7 (BSpline)
Info    : Done meshing 1D (Wall 0.0750467s, CPU 0.784212s)
Info    : Meshing 2D...
Info    : Meshing surface 1 (Plane, Frontal-Delaunay)
Info    : Done meshing 2D (Wall 0.035094s, CPU 0.033859s)
Info    : 643 nodes 1080 elements
Info    : Meshing 1D...
Info    : [  0%] Meshing curve 1 (Line)
Info    : [ 20%] Meshing curve 2 (Line)
Info    : [ 30%] Meshing curve 3 (Line)
Info    : [ 50%] Meshing curve 4 (Line)
Info    : [ 60%] Meshing curve 5 (BSpline)
Info    : [ 80%] Meshing curve 6 (BSpline)
Info    : [ 90%] Meshing curve 7 (BSpline)
Info    : Done meshing 1D (Wall 0.0530733s, CPU 0.658797s)
Info    : Meshing 2D...
Info    : Meshing surface 1 (Plane, Frontal-Delaunay)
Info    : Done meshing 2D (Wall 0.0206331s, CPU 0.155387s)
Info    : 380 nodes 562 elements
Info    : Meshing 1D...
Info    : [  0%] Meshing curve 1 (Line)
Info    : [ 20%] Meshing curve 2 (Line)
Info    : [ 30%] Meshing curve 3 (Line)
Info    : [ 50%] Meshing curve 4 (Line)
Info    : [ 60%] Meshing curve 5 (BSpline)
Info    : [ 80%] Meshing curve 6 (BSpline)
Info    : [ 90%] Meshing curve 7 (BSpline)
Info    : Done meshing 1D (Wall 0.0729231s, CPU 0.840578s)
Info    : Meshing 2D...
Info    : Meshing surface 1 (Plane, Frontal-Delaunay)
Info    : Done meshing 2D (Wall 0.0397091s, CPU 0.037939s)
Info    : 790 nodes 1374 elements
Info    : Meshing 1D...
Info    : [  0%] Meshing curve 1 (Line)
Info    : [ 20%] Meshing curve 2 (Line)
Info    : [ 30%] Meshing curve 3 (Line)
Info    : [ 50%] Meshing curve 4 (Line)
Info    : [ 60%] Meshing curve 5 (BSpline)
Info    : [ 80%] Meshing curve 6 (BSpline)
Info    : [ 90%] Meshing curve 7 (BSpline)
Info    : Done meshing 1D (Wall 0.0831112s, CPU 0.500659s)
Info    : Meshing 2D...
Info    : Meshing surface 1 (Plane, Frontal-Delaunay)
Info    : Done meshing 2D (Wall 0.0205797s, CPU 0.01924s)
Info    : 381 nodes 564 elements
Info    : Meshing 1D...
Info    : [  0%] Meshing curve 1 (Line)
Info    : [ 20%] Meshing curve 2 (Line)
Info    : [ 30%] Meshing curve 3 (Line)
Info    : [ 50%] Meshing curve 4 (Line)
Info    : [ 60%] Meshing curve 5 (BSpline)
Info    : [ 80%] Meshing curve 6 (BSpline)
Info    : [ 90%] Meshing curve 7 (BSpline)
Info    : Done meshing 1D (Wall 0.0549505s, CPU 0.606046s)
Info    : Meshing 2D...
Info    : Meshing surface 1 (Plane, Frontal-Delaunay)
Info    : Done meshing 2D (Wall 0.0518542s, CPU 0.064732s)
Info    : 410 nodes 620 elements
Info    : Meshing 1D...
Info    : [  0%] Meshing curve 1 (Line)
Info    : [ 20%] Meshing curve 2 (Line)
Info    : [ 30%] Meshing curve 3 (Line)
Info    : [ 50%] Meshing curve 4 (Line)
Info    : [ 60%] Meshing curve 5 (BSpline)
Info    : [ 80%] Meshing curve 6 (BSpline)
Info    : [ 90%] Meshing curve 7 (BSpline)
Info    : Done meshing 1D (Wall 0.0948455s, CPU 0.676805s)
Info    : Meshing 2D...
Info    : Meshing surface 1 (Plane, Frontal-Delaunay)
Info    : Done meshing 2D (Wall 0.0400947s, CPU 0.03817s)
Info    : 744 nodes 1281 elements
Info    : Meshing 1D...
Info    : [  0%] Meshing curve 1 (Line)
Info    : [ 20%] Meshing curve 2 (Line)
Info    : [ 30%] Meshing curve 3 (Line)
Info    : [ 50%] Meshing curve 4 (Line)
Info    : [ 60%] Meshing curve 5 (BSpline)
Info    : [ 80%] Meshing curve 6 (BSpline)
Info    : [ 90%] Meshing curve 7 (BSpline)
Info    : Done meshing 1D (Wall 0.0511494s, CPU 0.560102s)
Info    : Meshing 2D...
Info    : Meshing surface 1 (Plane, Frontal-Delaunay)
Info    : Done meshing 2D (Wall 0.0256362s, CPU 0.22507s)
Info    : 440 nodes 680 elements
Info    : Meshing 1D...
Info    : [  0%] Meshing curve 1 (Line)
Info    : [ 20%] Meshing curve 2 (Line)
Info    : [ 30%] Meshing curve 3 (Line)
Info    : [ 50%] Meshing curve 4 (Line)
Info    : [ 60%] Meshing curve 5 (BSpline)
Info    : [ 80%] Meshing curve 6 (BSpline)
Info    : [ 90%] Meshing curve 7 (BSpline)
Info    : Done meshing 1D (Wall 0.0688047s, CPU 0.803925s)
Info    : Meshing 2D...
Info    : Meshing surface 1 (Plane, Frontal-Delaunay)
Info    : Done meshing 2D (Wall 0.0378229s, CPU 0.036163s)
Info    : 678 nodes 1149 elements
Info    : Meshing 1D...
Info    : [  0%] Meshing curve 1 (Line)
Info    : [ 20%] Meshing curve 2 (Line)
Info    : [ 30%] Meshing curve 3 (Line)
Info    : [ 50%] Meshing curve 4 (Line)
Info    : [ 60%] Meshing curve 5 (BSpline)
Info    : [ 80%] Meshing curve 6 (BSpline)
Info    : [ 90%] Meshing curve 7 (BSpline)
Info    : Done meshing 1D (Wall 0.0718195s, CPU 0.656555s)
Info    : Meshing 2D...
Info    : Meshing surface 1 (Plane, Frontal-Delaunay)
Info    : Done meshing 2D (Wall 0.0215286s, CPU 0.0203s)
Info    : 380 nodes 561 elements
Info    : Meshing 1D...
Info    : [  0%] Meshing curve 1 (Line)
Info    : [ 20%] Meshing curve 2 (Line)
Info    : [ 30%] Meshing curve 3 (Line)
Info    : [ 50%] Meshing curve 4 (Line)
Info    : [ 60%] Meshing curve 5 (BSpline)
Info    : [ 80%] Meshing curve 6 (BSpline)
Info    : [ 90%] Meshing curve 7 (BSpline)
Info    : Done meshing 1D (Wall 0.0779362s, CPU 0.771344s)
Info    : Meshing 2D...
Info    : Meshing surface 1 (Plane, Frontal-Delaunay)
Info    : Done meshing 2D (Wall 0.0227855s, CPU 0.021312s)
Info    : 405 nodes 610 elements
Info    : Meshing 1D...
Info    : [  0%] Meshing curve 1 (Line)
Info    : [ 20%] Meshing curve 2 (Line)
Info    : [ 30%] Meshing curve 3 (Line)
Info    : [ 50%] Meshing curve 4 (Line)
Info    : [ 60%] Meshing curve 5 (BSpline)
Info    : [ 80%] Meshing curve 6 (BSpline)
Info    : [ 90%] Meshing curve 7 (BSpline)
Info    : Done meshing 1D (Wall 0.0772608s, CPU 0.759942s)
Info    : Meshing 2D...
Info    : Meshing surface 1 (Plane, Frontal-Delaunay)
Info    : Done meshing 2D (Wall 0.0281475s, CPU 0.026852s)
Info    : 509 nodes 816 elements
Info    : Meshing 1D...
Info    : [  0%] Meshing curve 1 (Line)
Info    : [ 20%] Meshing curve 2 (Line)
Info    : [ 30%] Meshing curve 3 (Line)
Info    : [ 50%] Meshing curve 4 (Line)
Info    : [ 60%] Meshing curve 5 (BSpline)
Info    : [ 80%] Meshing curve 6 (BSpline)
Info    : [ 90%] Meshing curve 7 (BSpline)
Info    : Done meshing 1D (Wall 0.0531094s, CPU 0.654053s)
Info    : Meshing 2D...
Info    : Meshing surface 1 (Plane, Frontal-Delaunay)
Info    : Done meshing 2D (Wall 0.0337339s, CPU 0.03656s)
Info    : 633 nodes 1063 elements
Info    : Meshing 1D...
Info    : [  0%] Meshing curve 1 (Line)
Info    : [ 20%] Meshing curve 2 (Line)
Info    : [ 30%] Meshing curve 3 (Line)
Info    : [ 50%] Meshing curve 4 (Line)
Info    : [ 60%] Meshing curve 5 (BSpline)
Info    : [ 80%] Meshing curve 6 (BSpline)
Info    : [ 90%] Meshing curve 7 (BSpline)
Info    : Done meshing 1D (Wall 0.0797341s, CPU 0.615847s)
Info    : Meshing 2D...
Info    : Meshing surface 1 (Plane, Frontal-Delaunay)
Info    : Done meshing 2D (Wall 0.0556666s, CPU 0.054476s)
Info    : 1101 nodes 1988 elements
Info    : Meshing 1D...
Info    : [  0%] Meshing curve 1 (Line)
Info    : [ 20%] Meshing curve 2 (Line)
Info    : [ 30%] Meshing curve 3 (Line)
Info    : [ 50%] Meshing curve 4 (Line)
Info    : [ 60%] Meshing curve 5 (BSpline)
Info    : [ 80%] Meshing curve 6 (BSpline)
Info    : [ 90%] Meshing curve 7 (BSpline)
Info    : Done meshing 1D (Wall 0.0770999s, CPU 0.566702s)
Info    : Meshing 2D...
Info    : Meshing surface 1 (Plane, Frontal-Delaunay)
Info    : Done meshing 2D (Wall 0.0320653s, CPU 0.030692s)
Info    : 592 nodes 980 elements
Info    : Meshing 1D...
Info    : [  0%] Meshing curve 1 (Line)
Info    : [ 20%] Meshing curve 2 (Line)
Info    : [ 30%] Meshing curve 3 (Line)
Info    : [ 50%] Meshing curve 4 (Line)
Info    : [ 60%] Meshing curve 5 (BSpline)
Info    : [ 80%] Meshing curve 6 (BSpline)
Info    : [ 90%] Meshing curve 7 (BSpline)
Info    : Done meshing 1D (Wall 0.0709966s, CPU 0.789818s)
Info    : Meshing 2D...
Info    : Meshing surface 1 (Plane, Frontal-Delaunay)
Info    : Done meshing 2D (Wall 0.0262574s, CPU 0.02504s)
Info    : 375 nodes 550 elements
Info    : Meshing 1D...
Info    : [  0%] Meshing curve 1 (Line)
Info    : [ 20%] Meshing curve 2 (Line)
Info    : [ 30%] Meshing curve 3 (Line)
Info    : [ 50%] Meshing curve 4 (Line)
Info    : [ 60%] Meshing curve 5 (BSpline)
Info    : [ 80%] Meshing curve 6 (BSpline)
Info    : [ 90%] Meshing curve 7 (BSpline)
Info    : Done meshing 1D (Wall 0.0788505s, CPU 0.597602s)
Info    : Meshing 2D...
Info    : Meshing surface 1 (Plane, Frontal-Delaunay)
Info    : Done meshing 2D (Wall 0.0204931s, CPU 0.019331s)
Info    : 382 nodes 565 elements
Info    : Meshing 1D...
Info    : [  0%] Meshing curve 1 (Line)
Info    : [ 20%] Meshing curve 2 (Line)
Info    : [ 30%] Meshing curve 3 (Line)
Info    : [ 50%] Meshing curve 4 (Line)
Info    : [ 60%] Meshing curve 5 (BSpline)
Info    : [ 80%] Meshing curve 6 (BSpline)
Info    : [ 90%] Meshing curve 7 (BSpline)
Info    : Done meshing 1D (Wall 0.0543501s, CPU 0.614262s)
Info    : Meshing 2D...
Info    : Meshing surface 1 (Plane, Frontal-Delaunay)
Info    : Done meshing 2D (Wall 0.0424828s, CPU 0.141684s)
Info    : 729 nodes 1249 elements
Info    : Meshing 1D...
Info    : [  0%] Meshing curve 1 (Line)
Info    : [ 20%] Meshing curve 2 (Line)
Info    : [ 30%] Meshing curve 3 (Line)
Info    : [ 50%] Meshing curve 4 (Line)
Info    : [ 60%] Meshing curve 5 (BSpline)
Info    : [ 80%] Meshing curve 6 (BSpline)
Info    : [ 90%] Meshing curve 7 (BSpline)
Info    : Done meshing 1D (Wall 0.0673836s, CPU 0.754927s)
Info    : Meshing 2D...
Info    : Meshing surface 1 (Plane, Frontal-Delaunay)
Info    : Done meshing 2D (Wall 0.0335011s, CPU 0.032178s)
Info    : 631 nodes 1058 elements
Info    : Meshing 1D...
Info    : [  0%] Meshing curve 1 (Line)
Info    : [ 20%] Meshing curve 2 (Line)
Info    : [ 30%] Meshing curve 3 (Line)
Info    : [ 50%] Meshing curve 4 (Line)
Info    : [ 60%] Meshing curve 5 (BSpline)
Info    : [ 80%] Meshing curve 6 (BSpline)
Info    : [ 90%] Meshing curve 7 (BSpline)
Info    : Done meshing 1D (Wall 0.0703511s, CPU 0.63994s)
Info    : Meshing 2D...
Info    : Meshing surface 1 (Plane, Frontal-Delaunay)
Info    : Done meshing 2D (Wall 0.103411s, CPU 0.102263s)
Info    : 2506 nodes 4783 elements
Info    : Meshing 1D...
Info    : [  0%] Meshing curve 1 (Line)
Info    : [ 20%] Meshing curve 2 (Line)
Info    : [ 30%] Meshing curve 3 (Line)
Info    : [ 50%] Meshing curve 4 (Line)
Info    : [ 60%] Meshing curve 5 (BSpline)
Info    : [ 80%] Meshing curve 6 (BSpline)
Info    : [ 90%] Meshing curve 7 (BSpline)
Info    : Done meshing 1D (Wall 0.0734656s, CPU 0.38579s)
Info    : Meshing 2D...
Info    : Meshing surface 1 (Plane, Frontal-Delaunay)
Info    : Done meshing 2D (Wall 0.0754333s, CPU 0.074146s)
Info    : 1882 nodes 3547 elements
Info    : Meshing 1D...
Info    : [  0%] Meshing curve 1 (Line)
Info    : [ 20%] Meshing curve 2 (Line)
Info    : [ 30%] Meshing curve 3 (Line)
Info    : [ 50%] Meshing curve 4 (Line)
Info    : [ 60%] Meshing curve 5 (BSpline)
Info    : [ 80%] Meshing curve 6 (BSpline)
Info    : [ 90%] Meshing curve 7 (BSpline)
Info    : Done meshing 1D (Wall 0.0855247s, CPU 0.441394s)
Info    : Meshing 2D...
Info    : Meshing surface 1 (Plane, Frontal-Delaunay)
Info    : Done meshing 2D (Wall 0.0396923s, CPU 0.038546s)
Info    : 797 nodes 1387 elements
Info    : Meshing 1D...
Info    : [  0%] Meshing curve 1 (Line)
Info    : [ 20%] Meshing curve 2 (Line)
Info    : [ 30%] Meshing curve 3 (Line)
Info    : [ 50%] Meshing curve 4 (Line)
Info    : [ 60%] Meshing curve 5 (BSpline)
Info    : [ 80%] Meshing curve 6 (BSpline)
Info    : [ 90%] Meshing curve 7 (BSpline)
Info    : Done meshing 1D (Wall 0.0451884s, CPU 0.614492s)
Info    : Meshing 2D...
Info    : Meshing surface 1 (Plane, Frontal-Delaunay)
Info    : Done meshing 2D (Wall 0.054243s, CPU 0.093125s)
Info    : 485 nodes 770 elements
Info    : Meshing 1D...
Info    : [  0%] Meshing curve 1 (Line)
Info    : [ 20%] Meshing curve 2 (Line)
Info    : [ 30%] Meshing curve 3 (Line)
Info    : [ 50%] Meshing curve 4 (Line)
Info    : [ 60%] Meshing curve 5 (BSpline)
Info    : [ 80%] Meshing curve 6 (BSpline)
Info    : [ 90%] Meshing curve 7 (BSpline)
Info    : Done meshing 1D (Wall 0.0751977s, CPU 0.609703s)
Info    : Meshing 2D...
Info    : Meshing surface 1 (Plane, Frontal-Delaunay)
Info    : Done meshing 2D (Wall 0.0766602s, CPU 0.075245s)
Info    : 1873 nodes 3529 elements
Info    : Meshing 1D...
Info    : [  0%] Meshing curve 1 (Line)
Info    : [ 20%] Meshing curve 2 (Line)
Info    : [ 30%] Meshing curve 3 (Line)
Info    : [ 50%] Meshing curve 4 (Line)
Info    : [ 60%] Meshing curve 5 (BSpline)
Info    : [ 80%] Meshing curve 6 (BSpline)
Info    : [ 90%] Meshing curve 7 (BSpline)
Info    : Done meshing 1D (Wall 0.0463395s, CPU 0.382366s)
Info    : Meshing 2D...
Info    : Meshing surface 1 (Plane, Frontal-Delaunay)
Info    : Done meshing 2D (Wall 0.0871731s, CPU 0.085946s)
Info    : 2061 nodes 3898 elements
Info    : Meshing 1D...
Info    : [  0%] Meshing curve 1 (Line)
Info    : [ 20%] Meshing curve 2 (Line)
Info    : [ 30%] Meshing curve 3 (Line)
Info    : [ 50%] Meshing curve 4 (Line)
Info    : [ 60%] Meshing curve 5 (BSpline)
Info    : [ 80%] Meshing curve 6 (BSpline)
Info    : [ 90%] Meshing curve 7 (BSpline)
Info    : Done meshing 1D (Wall 0.0789128s, CPU 0.371355s)
Info    : Meshing 2D...
Info    : Meshing surface 1 (Plane, Frontal-Delaunay)
Info    : Done meshing 2D (Wall 0.119119s, CPU 0.117653s)
Info    : 3042 nodes 5851 elements
Info    : Meshing 1D...
Info    : [  0%] Meshing curve 1 (Line)
Info    : [ 20%] Meshing curve 2 (Line)
Info    : [ 30%] Meshing curve 3 (Line)
Info    : [ 50%] Meshing curve 4 (Line)
Info    : [ 60%] Meshing curve 5 (BSpline)
Info    : [ 80%] Meshing curve 6 (BSpline)
Info    : [ 90%] Meshing curve 7 (BSpline)
Info    : Done meshing 1D (Wall 0.0758613s, CPU 0.163917s)
Info    : Meshing 2D...
Info    : Meshing surface 1 (Plane, Frontal-Delaunay)
Info    : Done meshing 2D (Wall 0.0214701s, CPU 0.020164s)
Info    : 415 nodes 631 elements
Info    : Meshing 1D...
Info    : [  0%] Meshing curve 1 (Line)
Info    : [ 20%] Meshing curve 2 (Line)
Info    : [ 30%] Meshing curve 3 (Line)
Info    : [ 50%] Meshing curve 4 (Line)
Info    : [ 60%] Meshing curve 5 (BSpline)
Info    : [ 80%] Meshing curve 6 (BSpline)
Info    : [ 90%] Meshing curve 7 (BSpline)
Info    : Done meshing 1D (Wall 0.0783984s, CPU 0.648194s)
Info    : Meshing 2D...
Info    : Meshing surface 1 (Plane, Frontal-Delaunay)
Info    : Done meshing 2D (Wall 0.0213023s, CPU 0.020092s)
Info    : 378 nodes 557 elements
Info    : Meshing 1D...
Info    : [  0%] Meshing curve 1 (Line)
Info    : [ 20%] Meshing curve 2 (Line)
Info    : [ 30%] Meshing curve 3 (Line)
Info    : [ 50%] Meshing curve 4 (Line)
Info    : [ 60%] Meshing curve 5 (BSpline)
Info    : [ 80%] Meshing curve 6 (BSpline)
Info    : [ 90%] Meshing curve 7 (BSpline)
Info    : Done meshing 1D (Wall 0.0837709s, CPU 0.774945s)
Info    : Meshing 2D...
Info    : Meshing surface 1 (Plane, Frontal-Delaunay)
Info    : Done meshing 2D (Wall 0.0221716s, CPU 0.02098s)
Info    : 382 nodes 564 elements
Info    : Meshing 1D...
Info    : [  0%] Meshing curve 1 (Line)
Info    : [ 20%] Meshing curve 2 (Line)
Info    : [ 30%] Meshing curve 3 (Line)
Info    : [ 50%] Meshing curve 4 (Line)
Info    : [ 60%] Meshing curve 5 (BSpline)
Info    : [ 80%] Meshing curve 6 (BSpline)
Info    : [ 90%] Meshing curve 7 (BSpline)
Info    : Done meshing 1D (Wall 0.0702169s, CPU 0.729151s)
Info    : Meshing 2D...
Info    : Meshing surface 1 (Plane, Frontal-Delaunay)
Info    : Done meshing 2D (Wall 0.03583s, CPU 0.034677s)
Info    : 633 nodes 1059 elements
Info    : Meshing 1D...
Info    : [  0%] Meshing curve 1 (Line)
Info    : [ 20%] Meshing curve 2 (Line)
Info    : [ 30%] Meshing curve 3 (Line)
Info    : [ 50%] Meshing curve 4 (Line)
Info    : [ 60%] Meshing curve 5 (BSpline)
Info    : [ 80%] Meshing curve 6 (BSpline)
Info    : [ 90%] Meshing curve 7 (BSpline)
Info    : Done meshing 1D (Wall 0.0728447s, CPU 0.543635s)
Info    : Meshing 2D...
Info    : Meshing surface 1 (Plane, Frontal-Delaunay)
Info    : Done meshing 2D (Wall 0.0720072s, CPU 0.070235s)
Info    : 1543 nodes 2866 elements
Info    : Meshing 1D...
Info    : [  0%] Meshing curve 1 (Line)
Info    : [ 20%] Meshing curve 2 (Line)
Info    : [ 30%] Meshing curve 3 (Line)
Info    : [ 50%] Meshing curve 4 (Line)
Info    : [ 60%] Meshing curve 5 (BSpline)
Info    : [ 80%] Meshing curve 6 (BSpline)
Info    : [ 90%] Meshing curve 7 (BSpline)
Info    : Done meshing 1D (Wall 0.0701438s, CPU 0.482006s)
Info    : Meshing 2D...
Info    : Meshing surface 1 (Plane, Frontal-Delaunay)
Info    : Done meshing 2D (Wall 0.0836951s, CPU 0.082348s)
Info    : 1862 nodes 3500 elements
Info    : Meshing 1D...
Info    : [  0%] Meshing curve 1 (Line)
Info    : [ 20%] Meshing curve 2 (Line)
Info    : [ 30%] Meshing curve 3 (Line)
Info    : [ 50%] Meshing curve 4 (Line)
Info    : [ 60%] Meshing curve 5 (BSpline)
Info    : [ 80%] Meshing curve 6 (BSpline)
Info    : [ 90%] Meshing curve 7 (BSpline)
Info    : Done meshing 1D (Wall 0.081362s, CPU 0.409781s)
Info    : Meshing 2D...
Info    : Meshing surface 1 (Plane, Frontal-Delaunay)
Info    : Done meshing 2D (Wall 0.0511322s, CPU 0.049608s)
Info    : 1125 nodes 2040 elements
Info    : Meshing 1D...
Info    : [  0%] Meshing curve 1 (Line)
Info    : [ 20%] Meshing curve 2 (Line)
Info    : [ 30%] Meshing curve 3 (Line)
Info    : [ 50%] Meshing curve 4 (Line)
Info    : [ 60%] Meshing curve 5 (BSpline)
Info    : [ 80%] Meshing curve 6 (BSpline)
Info    : [ 90%] Meshing curve 7 (BSpline)
Info    : Done meshing 1D (Wall 0.0840241s, CPU 0.717794s)
Info    : Meshing 2D...
Info    : Meshing surface 1 (Plane, Frontal-Delaunay)
Info    : Done meshing 2D (Wall 0.0961102s, CPU 0.020445s)
Info    : 376 nodes 552 elements
Info    : Meshing 1D...
Info    : [  0%] Meshing curve 1 (Line)
Info    : [ 20%] Meshing curve 2 (Line)
Info    : [ 30%] Meshing curve 3 (Line)
Info    : [ 50%] Meshing curve 4 (Line)
Info    : [ 60%] Meshing curve 5 (BSpline)
Info    : [ 80%] Meshing curve 6 (BSpline)
Info    : [ 90%] Meshing curve 7 (BSpline)
Info    : Done meshing 1D (Wall 0.0718816s, CPU 0.726595s)
Info    : Meshing 2D...
Info    : Meshing surface 1 (Plane, Frontal-Delaunay)
Info    : Done meshing 2D (Wall 0.101282s, CPU 0.099943s)
Info    : 2457 nodes 4686 elements
Info    : Meshing 1D...
Info    : [  0%] Meshing curve 1 (Line)
Info    : [ 20%] Meshing curve 2 (Line)
Info    : [ 30%] Meshing curve 3 (Line)
Info    : [ 50%] Meshing curve 4 (Line)
Info    : [ 60%] Meshing curve 5 (BSpline)
Info    : [ 80%] Meshing curve 6 (BSpline)
Info    : [ 90%] Meshing curve 7 (BSpline)
Info    : Done meshing 1D (Wall 0.0725271s, CPU 0.216885s)
Info    : Meshing 2D...
Info    : Meshing surface 1 (Plane, Frontal-Delaunay)
Info    : Done meshing 2D (Wall 0.0870628s, CPU 0.085507s)
Info    : 2244 nodes 4268 elements
Info    : Meshing 1D...
Info    : [  0%] Meshing curve 1 (Line)
Info    : [ 20%] Meshing curve 2 (Line)
Info    : [ 30%] Meshing curve 3 (Line)
Info    : [ 50%] Meshing curve 4 (Line)
Info    : [ 60%] Meshing curve 5 (BSpline)
Info    : [ 80%] Meshing curve 6 (BSpline)
Info    : [ 90%] Meshing curve 7 (BSpline)
Info    : Done meshing 1D (Wall 0.0820432s, CPU 0.434998s)
Info    : Meshing 2D...
Info    : Meshing surface 1 (Plane, Frontal-Delaunay)
Info    : Done meshing 2D (Wall 0.0403969s, CPU 0.039208s)
Info    : 738 nodes 1267 elements
Info    : Meshing 1D...
Info    : [  0%] Meshing curve 1 (Line)
Info    : [ 20%] Meshing curve 2 (Line)
Info    : [ 30%] Meshing curve 3 (Line)
Info    : [ 50%] Meshing curve 4 (Line)
Info    : [ 60%] Meshing curve 5 (BSpline)
Info    : [ 80%] Meshing curve 6 (BSpline)
Info    : [ 90%] Meshing curve 7 (BSpline)
Info    : Done meshing 1D (Wall 0.0509106s, CPU 0.737724s)
Info    : Meshing 2D...
Info    : Meshing surface 1 (Plane, Frontal-Delaunay)
Info    : Done meshing 2D (Wall 0.0266384s, CPU 0.093097s)
Info    : 471 nodes 742 elements
Info    : Meshing 1D...
Info    : [  0%] Meshing curve 1 (Line)
Info    : [ 20%] Meshing curve 2 (Line)
Info    : [ 30%] Meshing curve 3 (Line)
Info    : [ 50%] Meshing curve 4 (Line)
Info    : [ 60%] Meshing curve 5 (BSpline)
Info    : [ 80%] Meshing curve 6 (BSpline)
Info    : [ 90%] Meshing curve 7 (BSpline)
Info    : Done meshing 1D (Wall 0.0533934s, CPU 0.673975s)
Info    : Meshing 2D...
Info    : Meshing surface 1 (Plane, Frontal-Delaunay)
Info    : Done meshing 2D (Wall 0.0218396s, CPU 0.123912s)
Info    : 376 nodes 553 elements
Info    : Meshing 1D...
Info    : [  0%] Meshing curve 1 (Line)
Info    : [ 20%] Meshing curve 2 (Line)
Info    : [ 30%] Meshing curve 3 (Line)
Info    : [ 50%] Meshing curve 4 (Line)
Info    : [ 60%] Meshing curve 5 (BSpline)
Info    : [ 80%] Meshing curve 6 (BSpline)
Info    : [ 90%] Meshing curve 7 (BSpline)
Info    : Done meshing 1D (Wall 0.112488s, CPU 0.727706s)
Info    : Meshing 2D...
Info    : Meshing surface 1 (Plane, Frontal-Delaunay)
Info    : Done meshing 2D (Wall 0.0368268s, CPU 0.034811s)
Info    : 634 nodes 1061 elements
Info    : Meshing 1D...
Info    : [  0%] Meshing curve 1 (Line)
Info    : [ 20%] Meshing curve 2 (Line)
Info    : [ 30%] Meshing curve 3 (Line)
Info    : [ 50%] Meshing curve 4 (Line)
Info    : [ 60%] Meshing curve 5 (BSpline)
Info    : [ 80%] Meshing curve 6 (BSpline)
Info    : [ 90%] Meshing curve 7 (BSpline)
Info    : Done meshing 1D (Wall 0.0693061s, CPU 0.769516s)
Info    : Meshing 2D...
Info    : Meshing surface 1 (Plane, Frontal-Delaunay)
Info    : Done meshing 2D (Wall 0.0869699s, CPU 0.085346s)
Info    : 2229 nodes 4238 elements
Info    : Meshing 1D...
Info    : [  0%] Meshing curve 1 (Line)
Info    : [ 20%] Meshing curve 2 (Line)
Info    : [ 30%] Meshing curve 3 (Line)
Info    : [ 50%] Meshing curve 4 (Line)
Info    : [ 60%] Meshing curve 5 (BSpline)
Info    : [ 80%] Meshing curve 6 (BSpline)
Info    : [ 90%] Meshing curve 7 (BSpline)
Info    : Done meshing 1D (Wall 0.0828887s, CPU 0.377502s)
Info    : Meshing 2D...
Info    : Meshing surface 1 (Plane, Frontal-Delaunay)
Info    : Done meshing 2D (Wall 0.0214356s, CPU 0.020165s)
Info    : 373 nodes 546 elements
Info    : Meshing 1D...
Info    : [  0%] Meshing curve 1 (Line)
Info    : [ 20%] Meshing curve 2 (Line)
Info    : [ 30%] Meshing curve 3 (Line)
Info    : [ 50%] Meshing curve 4 (Line)
Info    : [ 60%] Meshing curve 5 (BSpline)
Info    : [ 80%] Meshing curve 6 (BSpline)
Info    : [ 90%] Meshing curve 7 (BSpline)
Info    : Done meshing 1D (Wall 0.0817055s, CPU 0.657174s)
Info    : Meshing 2D...
Info    : Meshing surface 1 (Plane, Frontal-Delaunay)
Info    : Done meshing 2D (Wall 0.0372417s, CPU 0.036089s)
Info    : 684 nodes 1162 elements
Info    : Meshing 1D...
Info    : [  0%] Meshing curve 1 (Line)
Info    : [ 20%] Meshing curve 2 (Line)
Info    : [ 30%] Meshing curve 3 (Line)
Info    : [ 50%] Meshing curve 4 (Line)
Info    : [ 60%] Meshing curve 5 (BSpline)
Info    : [ 80%] Meshing curve 6 (BSpline)
Info    : [ 90%] Meshing curve 7 (BSpline)
Info    : Done meshing 1D (Wall 0.0676604s, CPU 0.665735s)
Info    : Meshing 2D...
Info    : Meshing surface 1 (Plane, Frontal-Delaunay)
Info    : Done meshing 2D (Wall 0.0479802s, CPU 0.022407s)
Info    : 413 nodes 626 elements
Info    : Meshing 1D...
Info    : [  0%] Meshing curve 1 (Line)
Info    : [ 20%] Meshing curve 2 (Line)
Info    : [ 30%] Meshing curve 3 (Line)
Info    : [ 50%] Meshing curve 4 (Line)
Info    : [ 60%] Meshing curve 5 (BSpline)
Info    : [ 80%] Meshing curve 6 (BSpline)
Info    : [ 90%] Meshing curve 7 (BSpline)
Info    : Done meshing 1D (Wall 0.0739038s, CPU 0.68118s)
Info    : Meshing 2D...
Info    : Meshing surface 1 (Plane, Frontal-Delaunay)
Info    : Done meshing 2D (Wall 0.0448925s, CPU 0.043649s)
Info    : 796 nodes 1381 elements
Info    : Meshing 1D...
Info    : [  0%] Meshing curve 1 (Line)
Info    : [ 20%] Meshing curve 2 (Line)
Info    : [ 30%] Meshing curve 3 (Line)
Info    : [ 50%] Meshing curve 4 (Line)
Info    : [ 60%] Meshing curve 5 (BSpline)
Info    : [ 80%] Meshing curve 6 (BSpline)
Info    : [ 90%] Meshing curve 7 (BSpline)
Info    : Done meshing 1D (Wall 0.0683668s, CPU 0.681449s)
Info    : Meshing 2D...
Info    : Meshing surface 1 (Plane, Frontal-Delaunay)
Info    : Done meshing 2D (Wall 0.0208172s, CPU 0.019711s)
Info    : 374 nodes 549 elements
Info    : Meshing 1D...
Info    : [  0%] Meshing curve 1 (Line)
Info    : [ 20%] Meshing curve 2 (Line)
Info    : [ 30%] Meshing curve 3 (Line)
Info    : [ 50%] Meshing curve 4 (Line)
Info    : [ 60%] Meshing curve 5 (BSpline)
Info    : [ 80%] Meshing curve 6 (BSpline)
Info    : [ 90%] Meshing curve 7 (BSpline)
Info    : Done meshing 1D (Wall 0.0705833s, CPU 0.792622s)
Info    : Meshing 2D...
Info    : Meshing surface 1 (Plane, Frontal-Delaunay)
Info    : Done meshing 2D (Wall 0.027403s, CPU 0.026269s)
Info    : 478 nodes 754 elements
Info    : Meshing 1D...
Info    : [  0%] Meshing curve 1 (Line)
Info    : [ 20%] Meshing curve 2 (Line)
Info    : [ 30%] Meshing curve 3 (Line)
Info    : [ 50%] Meshing curve 4 (Line)
Info    : [ 60%] Meshing curve 5 (BSpline)
Info    : [ 80%] Meshing curve 6 (BSpline)
Info    : [ 90%] Meshing curve 7 (BSpline)
Info    : Done meshing 1D (Wall 0.0774566s, CPU 0.801815s)
Info    : Meshing 2D...
Info    : Meshing surface 1 (Plane, Frontal-Delaunay)
Info    : Done meshing 2D (Wall 0.0360263s, CPU 0.0349s)
Info    : 629 nodes 1051 elements
Info    : Meshing 1D...
Info    : [  0%] Meshing curve 1 (Line)
Info    : [ 20%] Meshing curve 2 (Line)
Info    : [ 30%] Meshing curve 3 (Line)
Info    : [ 50%] Meshing curve 4 (Line)
Info    : [ 60%] Meshing curve 5 (BSpline)
Info    : [ 80%] Meshing curve 6 (BSpline)
Info    : [ 90%] Meshing curve 7 (BSpline)
Info    : Done meshing 1D (Wall 0.0720595s, CPU 0.642334s)
Info    : Meshing 2D...
Info    : Meshing surface 1 (Plane, Frontal-Delaunay)
Info    : Done meshing 2D (Wall 0.0255502s, CPU 0.024225s)
Info    : 439 nodes 676 elements
Info    : Meshing 1D...
Info    : [  0%] Meshing curve 1 (Line)
Info    : [ 20%] Meshing curve 2 (Line)
Info    : [ 30%] Meshing curve 3 (Line)
Info    : [ 50%] Meshing curve 4 (Line)
Info    : [ 60%] Meshing curve 5 (BSpline)
Info    : [ 80%] Meshing curve 6 (BSpline)
Info    : [ 90%] Meshing curve 7 (BSpline)
Info    : Done meshing 1D (Wall 0.0729984s, CPU 0.642395s)
Info    : Meshing 2D...
Info    : Meshing surface 1 (Plane, Frontal-Delaunay)
Info    : Done meshing 2D (Wall 0.0311792s, CPU 0.029591s)
Info    : 522 nodes 840 elements
Info    : Meshing 1D...
Info    : [  0%] Meshing curve 1 (Line)
Info    : [ 20%] Meshing curve 2 (Line)
Info    : [ 30%] Meshing curve 3 (Line)
Info    : [ 50%] Meshing curve 4 (Line)
Info    : [ 60%] Meshing curve 5 (BSpline)
Info    : [ 80%] Meshing curve 6 (BSpline)
Info    : [ 90%] Meshing curve 7 (BSpline)
Info    : Done meshing 1D (Wall 0.0739841s, CPU 0.620314s)
Info    : Meshing 2D...
Info    : Meshing surface 1 (Plane, Frontal-Delaunay)
Info    : Done meshing 2D (Wall 0.0829855s, CPU 0.081458s)
Info    : 1882 nodes 3539 elements
Info    : Meshing 1D...
Info    : [  0%] Meshing curve 1 (Line)
Info    : [ 20%] Meshing curve 2 (Line)
Info    : [ 30%] Meshing curve 3 (Line)
Info    : [ 50%] Meshing curve 4 (Line)
Info    : [ 60%] Meshing curve 5 (BSpline)
Info    : [ 80%] Meshing curve 6 (BSpline)
Info    : [ 90%] Meshing curve 7 (BSpline)
Info    : Done meshing 1D (Wall 0.08345s, CPU 0.367094s)
Info    : Meshing 2D...
Info    : Meshing surface 1 (Plane, Frontal-Delaunay)
Info    : Done meshing 2D (Wall 0.0202595s, CPU 0.019093s)
Info    : 374 nodes 549 elements
Info    : Meshing 1D...
Info    : [  0%] Meshing curve 1 (Line)
Info    : [ 20%] Meshing curve 2 (Line)
Info    : [ 30%] Meshing curve 3 (Line)
Info    : [ 50%] Meshing curve 4 (Line)
Info    : [ 60%] Meshing curve 5 (BSpline)
Info    : [ 80%] Meshing curve 6 (BSpline)
Info    : [ 90%] Meshing curve 7 (BSpline)
Info    : Done meshing 1D (Wall 0.0781344s, CPU 0.654601s)
Info    : Meshing 2D...
Info    : Meshing surface 1 (Plane, Frontal-Delaunay)
Info    : Done meshing 2D (Wall 0.109008s, CPU 0.106966s)
Info    : 2598 nodes 4964 elements
Info    : Meshing 1D...
Info    : [  0%] Meshing curve 1 (Line)
Info    : [ 20%] Meshing curve 2 (Line)
Info    : [ 30%] Meshing curve 3 (Line)
Info    : [ 50%] Meshing curve 4 (Line)
Info    : [ 60%] Meshing curve 5 (BSpline)
Info    : [ 80%] Meshing curve 6 (BSpline)
Info    : [ 90%] Meshing curve 7 (BSpline)
Info    : Done meshing 1D (Wall 0.042159s, CPU 0.361544s)
Info    : Meshing 2D...
Info    : Meshing surface 1 (Plane, Frontal-Delaunay)
Info    : Done meshing 2D (Wall 0.0224972s, CPU 0.021205s)
Info    : 407 nodes 615 elements
Info    : Meshing 1D...
Info    : [  0%] Meshing curve 1 (Line)
Info    : [ 20%] Meshing curve 2 (Line)
Info    : [ 30%] Meshing curve 3 (Line)
Info    : [ 50%] Meshing curve 4 (Line)
Info    : [ 60%] Meshing curve 5 (BSpline)
Info    : [ 80%] Meshing curve 6 (BSpline)
Info    : [ 90%] Meshing curve 7 (BSpline)
Info    : Done meshing 1D (Wall 0.12534s, CPU 0.667026s)
Info    : Meshing 2D...
Info    : Meshing surface 1 (Plane, Frontal-Delaunay)
Info    : Done meshing 2D (Wall 0.0217705s, CPU 0.020477s)
Info    : 411 nodes 623 elements
Info    : Meshing 1D...
Info    : [  0%] Meshing curve 1 (Line)
Info    : [ 20%] Meshing curve 2 (Line)
Info    : [ 30%] Meshing curve 3 (Line)
Info    : [ 50%] Meshing curve 4 (Line)
Info    : [ 60%] Meshing curve 5 (BSpline)
Info    : [ 80%] Meshing curve 6 (BSpline)
Info    : [ 90%] Meshing curve 7 (BSpline)
Info    : Done meshing 1D (Wall 0.0695777s, CPU 0.674909s)
Info    : Meshing 2D...
Info    : Meshing surface 1 (Plane, Frontal-Delaunay)
Info    : Done meshing 2D (Wall 0.0280614s, CPU 0.026797s)
Info    : 471 nodes 739 elements
Info    : Meshing 1D...
Info    : [  0%] Meshing curve 1 (Line)
Info    : [ 20%] Meshing curve 2 (Line)
Info    : [ 30%] Meshing curve 3 (Line)
Info    : [ 50%] Meshing curve 4 (Line)
Info    : [ 60%] Meshing curve 5 (BSpline)
Info    : [ 80%] Meshing curve 6 (BSpline)
Info    : [ 90%] Meshing curve 7 (BSpline)
Info    : Done meshing 1D (Wall 0.0516349s, CPU 0.631344s)
Info    : Meshing 2D...
Info    : Meshing surface 1 (Plane, Frontal-Delaunay)
Info    : Done meshing 2D (Wall 0.0950135s, CPU 0.143941s)
Info    : 1416 nodes 2615 elements
Info    : Meshing 1D...
Info    : [  0%] Meshing curve 1 (Line)
Info    : [ 20%] Meshing curve 2 (Line)
Info    : [ 30%] Meshing curve 3 (Line)
Info    : [ 50%] Meshing curve 4 (Line)
Info    : [ 60%] Meshing curve 5 (BSpline)
Info    : [ 80%] Meshing curve 6 (BSpline)
Info    : [ 90%] Meshing curve 7 (BSpline)
Info    : Done meshing 1D (Wall 0.0722595s, CPU 0.607986s)
Info    : Meshing 2D...
Info    : Meshing surface 1 (Plane, Frontal-Delaunay)
Info    : Done meshing 2D (Wall 0.0345841s, CPU 0.033017s)
Info    : 627 nodes 1049 elements
Info    : Meshing 1D...
Info    : [  0%] Meshing curve 1 (Line)
Info    : [ 20%] Meshing curve 2 (Line)
Info    : [ 30%] Meshing curve 3 (Line)
Info    : [ 50%] Meshing curve 4 (Line)
Info    : [ 60%] Meshing curve 5 (BSpline)
Info    : [ 80%] Meshing curve 6 (BSpline)
Info    : [ 90%] Meshing curve 7 (BSpline)
Info    : Done meshing 1D (Wall 0.0523162s, CPU 0.66646s)
Info    : Meshing 2D...
Info    : Meshing surface 1 (Plane, Frontal-Delaunay)
Info    : Done meshing 2D (Wall 0.0342777s, CPU 0.067113s)
Info    : 553 nodes 901 elements
Info    : Meshing 1D...
Info    : [  0%] Meshing curve 1 (Line)
Info    : [ 20%] Meshing curve 2 (Line)
Info    : [ 30%] Meshing curve 3 (Line)
Info    : [ 50%] Meshing curve 4 (Line)
Info    : [ 60%] Meshing curve 5 (BSpline)
Info    : [ 80%] Meshing curve 6 (BSpline)
Info    : [ 90%] Meshing curve 7 (BSpline)
Info    : Done meshing 1D (Wall 0.0598424s, CPU 0.773919s)
Info    : Meshing 2D...
Info    : Meshing surface 1 (Plane, Frontal-Delaunay)
Info    : Done meshing 2D (Wall 0.0306765s, CPU 0.029162s)
Info    : 582 nodes 961 elements
Info    : Meshing 1D...
Info    : [  0%] Meshing curve 1 (Line)
Info    : [ 20%] Meshing curve 2 (Line)
Info    : [ 30%] Meshing curve 3 (Line)
Info    : [ 50%] Meshing curve 4 (Line)
Info    : [ 60%] Meshing curve 5 (BSpline)
Info    : [ 80%] Meshing curve 6 (BSpline)
Info    : [ 90%] Meshing curve 7 (BSpline)
Info    : Done meshing 1D (Wall 0.0736924s, CPU 0.688685s)
Info    : Meshing 2D...
Info    : Meshing surface 1 (Plane, Frontal-Delaunay)
Info    : Done meshing 2D (Wall 0.0712599s, CPU 0.069935s)
Info    : 1633 nodes 3049 elements
Info    : Meshing 1D...
Info    : [  0%] Meshing curve 1 (Line)
Info    : [ 20%] Meshing curve 2 (Line)
Info    : [ 30%] Meshing curve 3 (Line)
Info    : [ 50%] Meshing curve 4 (Line)
Info    : [ 60%] Meshing curve 5 (BSpline)
Info    : [ 80%] Meshing curve 6 (BSpline)
Info    : [ 90%] Meshing curve 7 (BSpline)
Info    : Done meshing 1D (Wall 0.078953s, CPU 0.536778s)
Info    : Meshing 2D...
Info    : Meshing surface 1 (Plane, Frontal-Delaunay)
Info    : Done meshing 2D (Wall 0.0520317s, CPU 0.050224s)
Info    : 1000 nodes 1787 elements
Info    : Meshing 1D...
Info    : [  0%] Meshing curve 1 (Line)
Info    : [ 20%] Meshing curve 2 (Line)
Info    : [ 30%] Meshing curve 3 (Line)
Info    : [ 50%] Meshing curve 4 (Line)
Info    : [ 60%] Meshing curve 5 (BSpline)
Info    : [ 80%] Meshing curve 6 (BSpline)
Info    : [ 90%] Meshing curve 7 (BSpline)
Info    : Done meshing 1D (Wall 0.0789216s, CPU 0.569575s)
Info    : Meshing 2D...
Info    : Meshing surface 1 (Plane, Frontal-Delaunay)
Info    : Done meshing 2D (Wall 0.0246445s, CPU 0.022793s)
Info    : 449 nodes 697 elements
Info    : Meshing 1D...
Info    : [  0%] Meshing curve 1 (Line)
Info    : [ 20%] Meshing curve 2 (Line)
Info    : [ 30%] Meshing curve 3 (Line)
Info    : [ 50%] Meshing curve 4 (Line)
Info    : [ 60%] Meshing curve 5 (BSpline)
Info    : [ 80%] Meshing curve 6 (BSpline)
Info    : [ 90%] Meshing curve 7 (BSpline)
Info    : Done meshing 1D (Wall 0.0552323s, CPU 0.647743s)
Info    : Meshing 2D...
Info    : Meshing surface 1 (Plane, Frontal-Delaunay)
Info    : Done meshing 2D (Wall 0.0263648s, CPU 0.08159s)
Info    : 476 nodes 751 elements
Info    : Meshing 1D...
Info    : [  0%] Meshing curve 1 (Line)
Info    : [ 20%] Meshing curve 2 (Line)
Info    : [ 30%] Meshing curve 3 (Line)
Info    : [ 50%] Meshing curve 4 (Line)
Info    : [ 60%] Meshing curve 5 (BSpline)
Info    : [ 80%] Meshing curve 6 (BSpline)
Info    : [ 90%] Meshing curve 7 (BSpline)
Info    : Done meshing 1D (Wall 0.0734957s, CPU 0.652867s)
Info    : Meshing 2D...
Info    : Meshing surface 1 (Plane, Frontal-Delaunay)
Info    : Done meshing 2D (Wall 0.02586s, CPU 0.024501s)
Info    : 479 nodes 757 elements
Info    : Meshing 1D...
Info    : [  0%] Meshing curve 1 (Line)
Info    : [ 20%] Meshing curve 2 (Line)
Info    : [ 30%] Meshing curve 3 (Line)
Info    : [ 50%] Meshing curve 4 (Line)
Info    : [ 60%] Meshing curve 5 (BSpline)
Info    : [ 80%] Meshing curve 6 (BSpline)
Info    : [ 90%] Meshing curve 7 (BSpline)
Info    : Done meshing 1D (Wall 0.0602536s, CPU 0.784996s)
Info    : Meshing 2D...
Info    : Meshing surface 1 (Plane, Frontal-Delaunay)
Info    : Done meshing 2D (Wall 0.049689s, CPU 0.048402s)
Info    : 998 nodes 1785 elements
Info    : Meshing 1D...
Info    : [  0%] Meshing curve 1 (Line)
Info    : [ 20%] Meshing curve 2 (Line)
Info    : [ 30%] Meshing curve 3 (Line)
Info    : [ 50%] Meshing curve 4 (Line)
Info    : [ 60%] Meshing curve 5 (BSpline)
Info    : [ 80%] Meshing curve 6 (BSpline)
Info    : [ 90%] Meshing curve 7 (BSpline)
Info    : Done meshing 1D (Wall 0.0821457s, CPU 0.612943s)
Info    : Meshing 2D...
Info    : Meshing surface 1 (Plane, Frontal-Delaunay)
Info    : Done meshing 2D (Wall 0.0225283s, CPU 0.021293s)
Info    : 381 nodes 562 elements
Info    : Meshing 1D...
Info    : [  0%] Meshing curve 1 (Line)
Info    : [ 20%] Meshing curve 2 (Line)
Info    : [ 30%] Meshing curve 3 (Line)
Info    : [ 50%] Meshing curve 4 (Line)
Info    : [ 60%] Meshing curve 5 (BSpline)
Info    : [ 80%] Meshing curve 6 (BSpline)
Info    : [ 90%] Meshing curve 7 (BSpline)
Info    : Done meshing 1D (Wall 0.0821776s, CPU 0.717811s)
Info    : Meshing 2D...
Info    : Meshing surface 1 (Plane, Frontal-Delaunay)
Info    : Done meshing 2D (Wall 0.0362889s, CPU 0.034993s)
Info    : 641 nodes 1075 elements
Info    : Meshing 1D...
Info    : [  0%] Meshing curve 1 (Line)
Info    : [ 20%] Meshing curve 2 (Line)
Info    : [ 30%] Meshing curve 3 (Line)
Info    : [ 50%] Meshing curve 4 (Line)
Info    : [ 60%] Meshing curve 5 (BSpline)
Info    : [ 80%] Meshing curve 6 (BSpline)
Info    : [ 90%] Meshing curve 7 (BSpline)
Info    : Done meshing 1D (Wall 0.0750808s, CPU 0.569619s)
Info    : Meshing 2D...
Info    : Meshing surface 1 (Plane, Frontal-Delaunay)
Info    : Done meshing 2D (Wall 0.0284747s, CPU 0.0273s)
Info    : 525 nodes 848 elements
Info    : Meshing 1D...
Info    : [  0%] Meshing curve 1 (Line)
Info    : [ 20%] Meshing curve 2 (Line)
Info    : [ 30%] Meshing curve 3 (Line)
Info    : [ 50%] Meshing curve 4 (Line)
Info    : [ 60%] Meshing curve 5 (BSpline)
Info    : [ 80%] Meshing curve 6 (BSpline)
Info    : [ 90%] Meshing curve 7 (BSpline)
Info    : Done meshing 1D (Wall 0.0495978s, CPU 0.679733s)
Info    : Meshing 2D...
Info    : Meshing surface 1 (Plane, Frontal-Delaunay)
Info    : Done meshing 2D (Wall 0.0302489s, CPU 0s)
Info    : 524 nodes 846 elements
Info    : Meshing 1D...
Info    : [  0%] Meshing curve 1 (Line)
Info    : [ 20%] Meshing curve 2 (Line)
Info    : [ 30%] Meshing curve 3 (Line)
Info    : [ 50%] Meshing curve 4 (Line)
Info    : [ 60%] Meshing curve 5 (BSpline)
Info    : [ 80%] Meshing curve 6 (BSpline)
Info    : [ 90%] Meshing curve 7 (BSpline)
Info    : Done meshing 1D (Wall 0.068697s, CPU 0.867465s)
Info    : Meshing 2D...
Info    : Meshing surface 1 (Plane, Frontal-Delaunay)
Info    : Done meshing 2D (Wall 0.0247209s, CPU 0.023463s)
Info    : 407 nodes 613 elements
Info    : Meshing 1D...
Info    : [  0%] Meshing curve 1 (Line)
Info    : [ 20%] Meshing curve 2 (Line)
Info    : [ 30%] Meshing curve 3 (Line)
Info    : [ 50%] Meshing curve 4 (Line)
Info    : [ 60%] Meshing curve 5 (BSpline)
Info    : [ 80%] Meshing curve 6 (BSpline)
Info    : [ 90%] Meshing curve 7 (BSpline)
Info    : Done meshing 1D (Wall 0.0813111s, CPU 0.623015s)
Info    : Meshing 2D...
Info    : Meshing surface 1 (Plane, Frontal-Delaunay)
Info    : Done meshing 2D (Wall 0.0972054s, CPU 0.096038s)
Info    : 2325 nodes 4423 elements
Info    : Meshing 1D...
Info    : [  0%] Meshing curve 1 (Line)
Info    : [ 20%] Meshing curve 2 (Line)
Info    : [ 30%] Meshing curve 3 (Line)
Info    : [ 50%] Meshing curve 4 (Line)
Info    : [ 60%] Meshing curve 5 (BSpline)
Info    : [ 80%] Meshing curve 6 (BSpline)
Info    : [ 90%] Meshing curve 7 (BSpline)
Info    : Done meshing 1D (Wall 0.0707185s, CPU 0.438622s)
Info    : Meshing 2D...
Info    : Meshing surface 1 (Plane, Frontal-Delaunay)
Info    : Done meshing 2D (Wall 0.0385706s, CPU 0.037031s)
Info    : 725 nodes 1243 elements
Info    : Meshing 1D...
Info    : [  0%] Meshing curve 1 (Line)
Info    : [ 20%] Meshing curve 2 (Line)
Info    : [ 30%] Meshing curve 3 (Line)
Info    : [ 50%] Meshing curve 4 (Line)
Info    : [ 60%] Meshing curve 5 (BSpline)
Info    : [ 80%] Meshing curve 6 (BSpline)
Info    : [ 90%] Meshing curve 7 (BSpline)
Info    : Done meshing 1D (Wall 0.0907205s, CPU 0.733549s)
Info    : Meshing 2D...
Info    : Meshing surface 1 (Plane, Frontal-Delaunay)
Info    : Done meshing 2D (Wall 0.0299772s, CPU 0.028641s)
Info    : 556 nodes 909 elements
Info    : Meshing 1D...
Info    : [  0%] Meshing curve 1 (Line)
Info    : [ 20%] Meshing curve 2 (Line)
Info    : [ 30%] Meshing curve 3 (Line)
Info    : [ 50%] Meshing curve 4 (Line)
Info    : [ 60%] Meshing curve 5 (BSpline)
Info    : [ 80%] Meshing curve 6 (BSpline)
Info    : [ 90%] Meshing curve 7 (BSpline)
Info    : Done meshing 1D (Wall 0.0482931s, CPU 0.582217s)
Info    : Meshing 2D...
Info    : Meshing surface 1 (Plane, Frontal-Delaunay)
Info    : Done meshing 2D (Wall 0.0413182s, CPU 0.119691s)
Info    : 728 nodes 1249 elements
Info    : Meshing 1D...
Info    : [  0%] Meshing curve 1 (Line)
Info    : [ 20%] Meshing curve 2 (Line)
Info    : [ 30%] Meshing curve 3 (Line)
Info    : [ 50%] Meshing curve 4 (Line)
Info    : [ 60%] Meshing curve 5 (BSpline)
Info    : [ 80%] Meshing curve 6 (BSpline)
Info    : [ 90%] Meshing curve 7 (BSpline)
Info    : Done meshing 1D (Wall 0.0735852s, CPU 0.722591s)
Info    : Meshing 2D...
Info    : Meshing surface 1 (Plane, Frontal-Delaunay)
Info    : Done meshing 2D (Wall 0.0346016s, CPU 0.033486s)
Info    : 591 nodes 976 elements
Info    : Meshing 1D...
Info    : [  0%] Meshing curve 1 (Line)
Info    : [ 20%] Meshing curve 2 (Line)
Info    : [ 30%] Meshing curve 3 (Line)
Info    : [ 50%] Meshing curve 4 (Line)
Info    : [ 60%] Meshing curve 5 (BSpline)
Info    : [ 80%] Meshing curve 6 (BSpline)
Info    : [ 90%] Meshing curve 7 (BSpline)
Info    : Done meshing 1D (Wall 0.0805129s, CPU 0.779863s)
Info    : Meshing 2D...
Info    : Meshing surface 1 (Plane, Frontal-Delaunay)
Info    : Done meshing 2D (Wall 0.0282585s, CPU 0.026293s)
Info    : 466 nodes 729 elements
Info    : Meshing 1D...
Info    : [  0%] Meshing curve 1 (Line)
Info    : [ 20%] Meshing curve 2 (Line)
Info    : [ 30%] Meshing curve 3 (Line)
Info    : [ 50%] Meshing curve 4 (Line)
Info    : [ 60%] Meshing curve 5 (BSpline)
Info    : [ 80%] Meshing curve 6 (BSpline)
Info    : [ 90%] Meshing curve 7 (BSpline)
Info    : Done meshing 1D (Wall 0.0132751s, CPU 0.005633s)
Info    : Meshing 2D...
Info    : Meshing surface 1 (Plane, Frontal-Delaunay)
Info    : Done meshing 2D (Wall 0.0201011s, CPU 0.019025s)
Info    : 380 nodes 561 elements
Info    : Meshing 1D...
Info    : [  0%] Meshing curve 1 (Line)
Info    : [ 20%] Meshing curve 2 (Line)
Info    : [ 30%] Meshing curve 3 (Line)
Info    : [ 50%] Meshing curve 4 (Line)
Info    : [ 60%] Meshing curve 5 (BSpline)
Info    : [ 80%] Meshing curve 6 (BSpline)
Info    : [ 90%] Meshing curve 7 (BSpline)
Info    : Done meshing 1D (Wall 0.0703158s, CPU 0.786006s)
Info    : Meshing 2D...
Info    : Meshing surface 1 (Plane, Frontal-Delaunay)
Info    : Done meshing 2D (Wall 0.0212439s, CPU 0.02004s)
Info    : 375 nodes 551 elements
Info    : Meshing 1D...
Info    : [  0%] Meshing curve 1 (Line)
Info    : [ 20%] Meshing curve 2 (Line)
Info    : [ 30%] Meshing curve 3 (Line)
Info    : [ 50%] Meshing curve 4 (Line)
Info    : [ 60%] Meshing curve 5 (BSpline)
Info    : [ 80%] Meshing curve 6 (BSpline)
Info    : [ 90%] Meshing curve 7 (BSpline)
Info    : Done meshing 1D (Wall 0.0791412s, CPU 0.693535s)
Info    : Meshing 2D...
Info    : Meshing surface 1 (Plane, Frontal-Delaunay)
Info    : Done meshing 2D (Wall 0.118832s, CPU 0.117386s)
Info    : 2956 nodes 5678 elements
Info    : Meshing 1D...
Info    : [  0%] Meshing curve 1 (Line)
Info    : [ 20%] Meshing curve 2 (Line)
Info    : [ 30%] Meshing curve 3 (Line)
Info    : [ 50%] Meshing curve 4 (Line)
Info    : [ 60%] Meshing curve 5 (BSpline)
Info    : [ 80%] Meshing curve 6 (BSpline)
Info    : [ 90%] Meshing curve 7 (BSpline)
Info    : Done meshing 1D (Wall 0.0726962s, CPU 0.237132s)
Info    : Meshing 2D...
Info    : Meshing surface 1 (Plane, Frontal-Delaunay)
Info    : Done meshing 2D (Wall 0.100958s, CPU 0.099517s)
Info    : 2743 nodes 5264 elements
Info    : Meshing 1D...
Info    : [  0%] Meshing curve 1 (Line)
Info    : [ 20%] Meshing curve 2 (Line)
Info    : [ 30%] Meshing curve 3 (Line)
Info    : [ 50%] Meshing curve 4 (Line)
Info    : [ 60%] Meshing curve 5 (BSpline)
Info    : [ 80%] Meshing curve 6 (BSpline)
Info    : [ 90%] Meshing curve 7 (BSpline)
Info    : Done meshing 1D (Wall 0.0834421s, CPU 0.33836s)
Info    : Meshing 2D...
Info    : Meshing surface 1 (Plane, Frontal-Delaunay)
Info    : Done meshing 2D (Wall 0.0286871s, CPU 0.026837s)
Info    : 475 nodes 747 elements
Info    : Meshing 1D...
Info    : [  0%] Meshing curve 1 (Line)
Info    : [ 20%] Meshing curve 2 (Line)
Info    : [ 30%] Meshing curve 3 (Line)
Info    : [ 50%] Meshing curve 4 (Line)
Info    : [ 60%] Meshing curve 5 (BSpline)
Info    : [ 80%] Meshing curve 6 (BSpline)
Info    : [ 90%] Meshing curve 7 (BSpline)
Info    : Done meshing 1D (Wall 0.0692584s, CPU 0.585649s)
Info    : Meshing 2D...
Info    : Meshing surface 1 (Plane, Frontal-Delaunay)
Info    : Done meshing 2D (Wall 0.0195208s, CPU 0.017914s)
Info    : 379 nodes 560 elements
Info    : Meshing 1D...
Info    : [  0%] Meshing curve 1 (Line)
Info    : [ 20%] Meshing curve 2 (Line)
Info    : [ 30%] Meshing curve 3 (Line)
Info    : [ 50%] Meshing curve 4 (Line)
Info    : [ 60%] Meshing curve 5 (BSpline)
Info    : [ 80%] Meshing curve 6 (BSpline)
Info    : [ 90%] Meshing curve 7 (BSpline)
Info    : Done meshing 1D (Wall 0.0744878s, CPU 0.665389s)
Info    : Meshing 2D...
Info    : Meshing surface 1 (Plane, Frontal-Delaunay)
Info    : Done meshing 2D (Wall 0.020868s, CPU 0.019577s)
Info    : 374 nodes 549 elements
Info    : Meshing 1D...
Info    : [  0%] Meshing curve 1 (Line)
Info    : [ 20%] Meshing curve 2 (Line)
Info    : [ 30%] Meshing curve 3 (Line)
Info    : [ 50%] Meshing curve 4 (Line)
Info    : [ 60%] Meshing curve 5 (BSpline)
Info    : [ 80%] Meshing curve 6 (BSpline)
Info    : [ 90%] Meshing curve 7 (BSpline)
Info    : Done meshing 1D (Wall 0.0338522s, CPU 0.504844s)
Info    : Meshing 2D...
Info    : Meshing surface 1 (Plane, Frontal-Delaunay)
Info    : Done meshing 2D (Wall 0.0289043s, CPU 0.211091s)
Info    : 401 nodes 602 elements
Info    : Meshing 1D...
Info    : [  0%] Meshing curve 1 (Line)
Info    : [ 20%] Meshing curve 2 (Line)
Info    : [ 30%] Meshing curve 3 (Line)
Info    : [ 50%] Meshing curve 4 (Line)
Info    : [ 60%] Meshing curve 5 (BSpline)
Info    : [ 80%] Meshing curve 6 (BSpline)
Info    : [ 90%] Meshing curve 7 (BSpline)
Info    : Done meshing 1D (Wall 0.0842092s, CPU 0.816826s)
Info    : Meshing 2D...
Info    : Meshing surface 1 (Plane, Frontal-Delaunay)
Info    : Done meshing 2D (Wall 0.0465583s, CPU 0.045135s)
Info    : 941 nodes 1672 elements
Info    : Meshing 1D...
Info    : [  0%] Meshing curve 1 (Line)
Info    : [ 20%] Meshing curve 2 (Line)
Info    : [ 30%] Meshing curve 3 (Line)
Info    : [ 50%] Meshing curve 4 (Line)
Info    : [ 60%] Meshing curve 5 (BSpline)
Info    : [ 80%] Meshing curve 6 (BSpline)
Info    : [ 90%] Meshing curve 7 (BSpline)
Info    : Done meshing 1D (Wall 0.0698875s, CPU 0.635667s)
Info    : Meshing 2D...
Info    : Meshing surface 1 (Plane, Frontal-Delaunay)
Info    : Done meshing 2D (Wall 0.0305256s, CPU 0.029075s)
Info    : 562 nodes 921 elements
Info    : Meshing 1D...
Info    : [  0%] Meshing curve 1 (Line)
Info    : [ 20%] Meshing curve 2 (Line)
Info    : [ 30%] Meshing curve 3 (Line)
Info    : [ 50%] Meshing curve 4 (Line)
Info    : [ 60%] Meshing curve 5 (BSpline)
Info    : [ 80%] Meshing curve 6 (BSpline)
Info    : [ 90%] Meshing curve 7 (BSpline)
Info    : Done meshing 1D (Wall 0.0684234s, CPU 0.619004s)
Info    : Meshing 2D...
Info    : Meshing surface 1 (Plane, Frontal-Delaunay)
Info    : Done meshing 2D (Wall 0.0379031s, CPU 0.036666s)
Info    : 730 nodes 1254 elements
Info    : Meshing 1D...
Info    : [  0%] Meshing curve 1 (Line)
Info    : [ 20%] Meshing curve 2 (Line)
Info    : [ 30%] Meshing curve 3 (Line)
Info    : [ 50%] Meshing curve 4 (Line)
Info    : [ 60%] Meshing curve 5 (BSpline)
Info    : [ 80%] Meshing curve 6 (BSpline)
Info    : [ 90%] Meshing curve 7 (BSpline)
Info    : Done meshing 1D (Wall 0.0742996s, CPU 0.738713s)
Info    : Meshing 2D...
Info    : Meshing surface 1 (Plane, Frontal-Delaunay)
Info    : Done meshing 2D (Wall 0.0347271s, CPU 0.033248s)
Info    : 596 nodes 986 elements
Info    : Meshing 1D...
Info    : [  0%] Meshing curve 1 (Line)
Info    : [ 20%] Meshing curve 2 (Line)
Info    : [ 30%] Meshing curve 3 (Line)
Info    : [ 50%] Meshing curve 4 (Line)
Info    : [ 60%] Meshing curve 5 (BSpline)
Info    : [ 80%] Meshing curve 6 (BSpline)
Info    : [ 90%] Meshing curve 7 (BSpline)
Info    : Done meshing 1D (Wall 0.0762927s, CPU 0.716893s)
Info    : Meshing 2D...
Info    : Meshing surface 1 (Plane, Frontal-Delaunay)
Info    : Done meshing 2D (Wall 0.0263145s, CPU 0.024626s)
Info    : 441 nodes 680 elements
Info    : Meshing 1D...
Info    : [  0%] Meshing curve 1 (Line)
Info    : [ 20%] Meshing curve 2 (Line)
Info    : [ 30%] Meshing curve 3 (Line)
Info    : [ 50%] Meshing curve 4 (Line)
Info    : [ 60%] Meshing curve 5 (BSpline)
Info    : [ 80%] Meshing curve 6 (BSpline)
Info    : [ 90%] Meshing curve 7 (BSpline)
Info    : Done meshing 1D (Wall 0.0791539s, CPU 0.640373s)
Info    : Meshing 2D...
Info    : Meshing surface 1 (Plane, Frontal-Delaunay)
Info    : Done meshing 2D (Wall 0.0229893s, CPU 0.021409s)
Info    : 416 nodes 632 elements
Info    : Meshing 1D...
Info    : [  0%] Meshing curve 1 (Line)
Info    : [ 20%] Meshing curve 2 (Line)
Info    : [ 30%] Meshing curve 3 (Line)
Info    : [ 50%] Meshing curve 4 (Line)
Info    : [ 60%] Meshing curve 5 (BSpline)
Info    : [ 80%] Meshing curve 6 (BSpline)
Info    : [ 90%] Meshing curve 7 (BSpline)
Info    : Done meshing 1D (Wall 0.0674342s, CPU 0.764261s)
Info    : Meshing 2D...
Info    : Meshing surface 1 (Plane, Frontal-Delaunay)
Info    : Done meshing 2D (Wall 0.0226313s, CPU 0.021224s)
Info    : 414 nodes 629 elements
Info    : Meshing 1D...
Info    : [  0%] Meshing curve 1 (Line)
Info    : [ 20%] Meshing curve 2 (Line)
Info    : [ 30%] Meshing curve 3 (Line)
Info    : [ 50%] Meshing curve 4 (Line)
Info    : [ 60%] Meshing curve 5 (BSpline)
Info    : [ 80%] Meshing curve 6 (BSpline)
Info    : [ 90%] Meshing curve 7 (BSpline)
Info    : Done meshing 1D (Wall 0.0167526s, CPU 0.289364s)
Info    : Meshing 2D...
Info    : Meshing surface 1 (Plane, Frontal-Delaunay)
Info    : Done meshing 2D (Wall 0.0438094s, CPU 0.379495s)
Info    : 603 nodes 1001 elements
Info    : Meshing 1D...
Info    : [  0%] Meshing curve 1 (Line)
Info    : [ 20%] Meshing curve 2 (Line)
Info    : [ 30%] Meshing curve 3 (Line)
Info    : [ 50%] Meshing curve 4 (Line)
Info    : [ 60%] Meshing curve 5 (BSpline)
Info    : [ 80%] Meshing curve 6 (BSpline)
Info    : [ 90%] Meshing curve 7 (BSpline)
Info    : Done meshing 1D (Wall 0.0750943s, CPU 0.639907s)
Info    : Meshing 2D...
Info    : Meshing surface 1 (Plane, Frontal-Delaunay)
Info    : Done meshing 2D (Wall 0.0372561s, CPU 0.036106s)
Info    : 684 nodes 1161 elements
Info    : Meshing 1D...
Info    : [  0%] Meshing curve 1 (Line)
Info    : [ 20%] Meshing curve 2 (Line)
Info    : [ 30%] Meshing curve 3 (Line)
Info    : [ 50%] Meshing curve 4 (Line)
Info    : [ 60%] Meshing curve 5 (BSpline)
Info    : [ 80%] Meshing curve 6 (BSpline)
Info    : [ 90%] Meshing curve 7 (BSpline)
Info    : Done meshing 1D (Wall 0.0741116s, CPU 0.574266s)
Info    : Meshing 2D...
Info    : Meshing surface 1 (Plane, Frontal-Delaunay)
Info    : Done meshing 2D (Wall 0.0459007s, CPU 0.044454s)
Info    : 885 nodes 1560 elements
Info    : Meshing 1D...
Info    : [  0%] Meshing curve 1 (Line)
Info    : [ 20%] Meshing curve 2 (Line)
Info    : [ 30%] Meshing curve 3 (Line)
Info    : [ 50%] Meshing curve 4 (Line)
Info    : [ 60%] Meshing curve 5 (BSpline)
Info    : [ 80%] Meshing curve 6 (BSpline)
Info    : [ 90%] Meshing curve 7 (BSpline)
Info    : Done meshing 1D (Wall 0.0173314s, CPU 0.2473s)
Info    : Meshing 2D...
Info    : Meshing surface 1 (Plane, Frontal-Delaunay)
Info    : Done meshing 2D (Wall 0.0501445s, CPU 0.408771s)
Info    : 784 nodes 1361 elements
Info    : Meshing 1D...
Info    : [  0%] Meshing curve 1 (Line)
Info    : [ 20%] Meshing curve 2 (Line)
Info    : [ 30%] Meshing curve 3 (Line)
Info    : [ 50%] Meshing curve 4 (Line)
Info    : [ 60%] Meshing curve 5 (BSpline)
Info    : [ 80%] Meshing curve 6 (BSpline)
Info    : [ 90%] Meshing curve 7 (BSpline)
Info    : Done meshing 1D (Wall 0.0824194s, CPU 0.685589s)
Info    : Meshing 2D...
Info    : Meshing surface 1 (Plane, Frontal-Delaunay)
Info    : Done meshing 2D (Wall 0.0774717s, CPU 0.076103s)
Info    : 1667 nodes 3111 elements
Info    : Meshing 1D...
Info    : [  0%] Meshing curve 1 (Line)
Info    : [ 20%] Meshing curve 2 (Line)
Info    : [ 30%] Meshing curve 3 (Line)
Info    : [ 50%] Meshing curve 4 (Line)
Info    : [ 60%] Meshing curve 5 (BSpline)
Info    : [ 80%] Meshing curve 6 (BSpline)
Info    : [ 90%] Meshing curve 7 (BSpline)
Info    : Done meshing 1D (Wall 0.0738029s, CPU 0.556214s)
Info    : Meshing 2D...
Info    : Meshing surface 1 (Plane, Frontal-Delaunay)
Info    : Done meshing 2D (Wall 0.0254439s, CPU 0.023999s)
Info    : 437 nodes 673 elements
Info    : Meshing 1D...
Info    : [  0%] Meshing curve 1 (Line)
Info    : [ 20%] Meshing curve 2 (Line)
Info    : [ 30%] Meshing curve 3 (Line)
Info    : [ 50%] Meshing curve 4 (Line)
Info    : [ 60%] Meshing curve 5 (BSpline)
Info    : [ 80%] Meshing curve 6 (BSpline)
Info    : [ 90%] Meshing curve 7 (BSpline)
Info    : Done meshing 1D (Wall 0.0747577s, CPU 0.616319s)
Info    : Meshing 2D...
Info    : Meshing surface 1 (Plane, Frontal-Delaunay)
Info    : Done meshing 2D (Wall 0.0195722s, CPU 0.018383s)
Info    : 375 nodes 552 elements
Info    : Meshing 1D...
Info    : [  0%] Meshing curve 1 (Line)
Info    : [ 20%] Meshing curve 2 (Line)
Info    : [ 30%] Meshing curve 3 (Line)
Info    : [ 50%] Meshing curve 4 (Line)
Info    : [ 60%] Meshing curve 5 (BSpline)
Info    : [ 80%] Meshing curve 6 (BSpline)
Info    : [ 90%] Meshing curve 7 (BSpline)
Info    : Done meshing 1D (Wall 0.0806596s, CPU 0.617133s)
Info    : Meshing 2D...
Info    : Meshing surface 1 (Plane, Frontal-Delaunay)
Info    : Done meshing 2D (Wall 0.0264389s, CPU 0.025014s)
Info    : 447 nodes 692 elements
Info    : Meshing 1D...
Info    : [  0%] Meshing curve 1 (Line)
Info    : [ 20%] Meshing curve 2 (Line)
Info    : [ 30%] Meshing curve 3 (Line)
Info    : [ 50%] Meshing curve 4 (Line)
Info    : [ 60%] Meshing curve 5 (BSpline)
Info    : [ 80%] Meshing curve 6 (BSpline)
Info    : [ 90%] Meshing curve 7 (BSpline)
Info    : Done meshing 1D (Wall 0.0775265s, CPU 0.687025s)
Info    : Meshing 2D...
Info    : Meshing surface 1 (Plane, Frontal-Delaunay)
Info    : Done meshing 2D (Wall 0.0289028s, CPU 0.027795s)
Info    : 517 nodes 831 elements
Info    : Meshing 1D...
Info    : [  0%] Meshing curve 1 (Line)
Info    : [ 20%] Meshing curve 2 (Line)
Info    : [ 30%] Meshing curve 3 (Line)
Info    : [ 50%] Meshing curve 4 (Line)
Info    : [ 60%] Meshing curve 5 (BSpline)
Info    : [ 80%] Meshing curve 6 (BSpline)
Info    : [ 90%] Meshing curve 7 (BSpline)
Info    : Done meshing 1D (Wall 0.0758853s, CPU 0.611746s)
Info    : Meshing 2D...
Info    : Meshing surface 1 (Plane, Frontal-Delaunay)
Info    : Done meshing 2D (Wall 0.0213318s, CPU 0.020132s)
Info    : 392 nodes 585 elements
Info    : Meshing 1D...
Info    : [  0%] Meshing curve 1 (Line)
Info    : [ 20%] Meshing curve 2 (Line)
Info    : [ 30%] Meshing curve 3 (Line)
Info    : [ 50%] Meshing curve 4 (Line)
Info    : [ 60%] Meshing curve 5 (BSpline)
Info    : [ 80%] Meshing curve 6 (BSpline)
Info    : [ 90%] Meshing curve 7 (BSpline)
Info    : Done meshing 1D (Wall 0.0761699s, CPU 0.701631s)
Info    : Meshing 2D...
Info    : Meshing surface 1 (Plane, Frontal-Delaunay)
Info    : Done meshing 2D (Wall 0.02336s, CPU 0.021796s)
Info    : 406 nodes 612 elements
Info    : Meshing 1D...
Info    : [  0%] Meshing curve 1 (Line)
Info    : [ 20%] Meshing curve 2 (Line)
Info    : [ 30%] Meshing curve 3 (Line)
Info    : [ 50%] Meshing curve 4 (Line)
Info    : [ 60%] Meshing curve 5 (BSpline)
Info    : [ 80%] Meshing curve 6 (BSpline)
Info    : [ 90%] Meshing curve 7 (BSpline)
Info    : Done meshing 1D (Wall 0.075209s, CPU 0.594181s)
Info    : Meshing 2D...
Info    : Meshing surface 1 (Plane, Frontal-Delaunay)
Info    : Done meshing 2D (Wall 0.0971211s, CPU 0.095842s)
Info    : 2327 nodes 4427 elements
Info    : Meshing 1D...
Info    : [  0%] Meshing curve 1 (Line)
Info    : [ 20%] Meshing curve 2 (Line)
Info    : [ 30%] Meshing curve 3 (Line)
Info    : [ 50%] Meshing curve 4 (Line)
Info    : [ 60%] Meshing curve 5 (BSpline)
Info    : [ 80%] Meshing curve 6 (BSpline)
Info    : [ 90%] Meshing curve 7 (BSpline)
Info    : Done meshing 1D (Wall 0.0716162s, CPU 0.41401s)
Info    : Meshing 2D...
Info    : Meshing surface 1 (Plane, Frontal-Delaunay)
Info    : Done meshing 2D (Wall 0.0217822s, CPU 0.020546s)
Info    : 382 nodes 564 elements
Info    : Meshing 1D...
Info    : [  0%] Meshing curve 1 (Line)
Info    : [ 20%] Meshing curve 2 (Line)
Info    : [ 30%] Meshing curve 3 (Line)
Info    : [ 50%] Meshing curve 4 (Line)
Info    : [ 60%] Meshing curve 5 (BSpline)
Info    : [ 80%] Meshing curve 6 (BSpline)
Info    : [ 90%] Meshing curve 7 (BSpline)
Info    : Done meshing 1D (Wall 0.0796188s, CPU 0.627331s)
Info    : Meshing 2D...
Info    : Meshing surface 1 (Plane, Frontal-Delaunay)
Info    : Done meshing 2D (Wall 0.0408186s, CPU 0.039564s)
Info    : 725 nodes 1241 elements
Info    : Meshing 1D...
Info    : [  0%] Meshing curve 1 (Line)
Info    : [ 20%] Meshing curve 2 (Line)
Info    : [ 30%] Meshing curve 3 (Line)
Info    : [ 50%] Meshing curve 4 (Line)
Info    : [ 60%] Meshing curve 5 (BSpline)
Info    : [ 80%] Meshing curve 6 (BSpline)
Info    : [ 90%] Meshing curve 7 (BSpline)
Info    : Done meshing 1D (Wall 0.0460748s, CPU 0.532269s)
Info    : Meshing 2D...
Info    : Meshing surface 1 (Plane, Frontal-Delaunay)
Info    : Done meshing 2D (Wall 0.0272492s, CPU 0.153911s)
Info    : 419 nodes 637 elements
Info    : Meshing 1D...
Info    : [  0%] Meshing curve 1 (Line)
Info    : [ 20%] Meshing curve 2 (Line)
Info    : [ 30%] Meshing curve 3 (Line)
Info    : [ 50%] Meshing curve 4 (Line)
Info    : [ 60%] Meshing curve 5 (BSpline)
Info    : [ 80%] Meshing curve 6 (BSpline)
Info    : [ 90%] Meshing curve 7 (BSpline)
Info    : Done meshing 1D (Wall 0.0495694s, CPU 0.39808s)
Info    : Meshing 2D...
Info    : Meshing surface 1 (Plane, Frontal-Delaunay)
Info    : Done meshing 2D (Wall 0.0277218s, CPU 0.202753s)
Info    : 443 nodes 684 elements
Info    : Meshing 1D...
Info    : [  0%] Meshing curve 1 (Line)
Info    : [ 20%] Meshing curve 2 (Line)
Info    : [ 30%] Meshing curve 3 (Line)
Info    : [ 50%] Meshing curve 4 (Line)
Info    : [ 60%] Meshing curve 5 (BSpline)
Info    : [ 80%] Meshing curve 6 (BSpline)
Info    : [ 90%] Meshing curve 7 (BSpline)
Info    : Done meshing 1D (Wall 0.0721589s, CPU 0.57393s)
Info    : Meshing 2D...
Info    : Meshing surface 1 (Plane, Frontal-Delaunay)
Info    : Done meshing 2D (Wall 0.066812s, CPU 0.065279s)
Info    : 1383 nodes 2547 elements
Info    : Meshing 1D...
Info    : [  0%] Meshing curve 1 (Line)
Info    : [ 20%] Meshing curve 2 (Line)
Info    : [ 30%] Meshing curve 3 (Line)
Info    : [ 50%] Meshing curve 4 (Line)
Info    : [ 60%] Meshing curve 5 (BSpline)
Info    : [ 80%] Meshing curve 6 (BSpline)
Info    : [ 90%] Meshing curve 7 (BSpline)
Info    : Done meshing 1D (Wall 0.0760524s, CPU 0.643638s)
Info    : Meshing 2D...
Info    : Meshing surface 1 (Plane, Frontal-Delaunay)
Info    : Done meshing 2D (Wall 0.0408367s, CPU 0.039486s)
Info    : 833 nodes 1460 elements
Info    : Meshing 1D...
Info    : [  0%] Meshing curve 1 (Line)
Info    : [ 20%] Meshing curve 2 (Line)
Info    : [ 30%] Meshing curve 3 (Line)
Info    : [ 50%] Meshing curve 4 (Line)
Info    : [ 60%] Meshing curve 5 (BSpline)
Info    : [ 80%] Meshing curve 6 (BSpline)
Info    : [ 90%] Meshing curve 7 (BSpline)
Info    : Done meshing 1D (Wall 0.0722763s, CPU 0.764249s)
Info    : Meshing 2D...
Info    : Meshing surface 1 (Plane, Frontal-Delaunay)
Info    : Done meshing 2D (Wall 0.0981967s, CPU 0.096735s)
Info    : 2568 nodes 4913 elements
Info    : Meshing 1D...
Info    : [  0%] Meshing curve 1 (Line)
Info    : [ 20%] Meshing curve 2 (Line)
Info    : [ 30%] Meshing curve 3 (Line)
Info    : [ 50%] Meshing curve 4 (Line)
Info    : [ 60%] Meshing curve 5 (BSpline)
Info    : [ 80%] Meshing curve 6 (BSpline)
Info    : [ 90%] Meshing curve 7 (BSpline)
Info    : Done meshing 1D (Wall 0.0662981s, CPU 0.385216s)
Info    : Meshing 2D...
Info    : Meshing surface 1 (Plane, Frontal-Delaunay)
Info    : Done meshing 2D (Wall 0.0713441s, CPU 0.070254s)
Info    : 1720 nodes 3224 elements
Info    : Meshing 1D...
Info    : [  0%] Meshing curve 1 (Line)
Info    : [ 20%] Meshing curve 2 (Line)
Info    : [ 30%] Meshing curve 3 (Line)
Info    : [ 50%] Meshing curve 4 (Line)
Info    : [ 60%] Meshing curve 5 (BSpline)
Info    : [ 80%] Meshing curve 6 (BSpline)
Info    : [ 90%] Meshing curve 7 (BSpline)
Info    : Done meshing 1D (Wall 0.0773297s, CPU 0.585705s)
Info    : Meshing 2D...
Info    : Meshing surface 1 (Plane, Frontal-Delaunay)
Info    : Done meshing 2D (Wall 0.0205377s, CPU 0.019364s)
Info    : 372 nodes 545 elements
Info    : Meshing 1D...
Info    : [  0%] Meshing curve 1 (Line)
Info    : [ 20%] Meshing curve 2 (Line)
Info    : [ 30%] Meshing curve 3 (Line)
Info    : [ 50%] Meshing curve 4 (Line)
Info    : [ 60%] Meshing curve 5 (BSpline)
Info    : [ 80%] Meshing curve 6 (BSpline)
Info    : [ 90%] Meshing curve 7 (BSpline)
Info    : Done meshing 1D (Wall 0.0836333s, CPU 0.787226s)
Info    : Meshing 2D...
Info    : Meshing surface 1 (Plane, Frontal-Delaunay)
Info    : Done meshing 2D (Wall 0.0448495s, CPU 0.042916s)
Info    : 955 nodes 1702 elements
Info    : Meshing 1D...
Info    : [  0%] Meshing curve 1 (Line)
Info    : [ 20%] Meshing curve 2 (Line)
Info    : [ 30%] Meshing curve 3 (Line)
Info    : [ 50%] Meshing curve 4 (Line)
Info    : [ 60%] Meshing curve 5 (BSpline)
Info    : [ 80%] Meshing curve 6 (BSpline)
Info    : [ 90%] Meshing curve 7 (BSpline)
Info    : Done meshing 1D (Wall 0.0780311s, CPU 0.687276s)
Info    : Meshing 2D...
Info    : Meshing surface 1 (Plane, Frontal-Delaunay)
Info    : Done meshing 2D (Wall 0.0239885s, CPU 0.022738s)
Info    : 438 nodes 676 elements
Info    : Meshing 1D...
Info    : [  0%] Meshing curve 1 (Line)
Info    : [ 20%] Meshing curve 2 (Line)
Info    : [ 30%] Meshing curve 3 (Line)
Info    : [ 50%] Meshing curve 4 (Line)
Info    : [ 60%] Meshing curve 5 (BSpline)
Info    : [ 80%] Meshing curve 6 (BSpline)
Info    : [ 90%] Meshing curve 7 (BSpline)
Info    : Done meshing 1D (Wall 0.0751259s, CPU 0.608676s)
Info    : Meshing 2D...
Info    : Meshing surface 1 (Plane, Frontal-Delaunay)
Info    : Done meshing 2D (Wall 0.0366005s, CPU 0.034616s)
Info    : 685 nodes 1165 elements
Info    : Meshing 1D...
Info    : [  0%] Meshing curve 1 (Line)
Info    : [ 20%] Meshing curve 2 (Line)
Info    : [ 30%] Meshing curve 3 (Line)
Info    : [ 50%] Meshing curve 4 (Line)
Info    : [ 60%] Meshing curve 5 (BSpline)
Info    : [ 80%] Meshing curve 6 (BSpline)
Info    : [ 90%] Meshing curve 7 (BSpline)
Info    : Done meshing 1D (Wall 0.0477002s, CPU 0.545317s)
Info    : Meshing 2D...
Info    : Meshing surface 1 (Plane, Frontal-Delaunay)
Info    : Done meshing 2D (Wall 0.0663978s, CPU 0.121612s)
Info    : 1489 nodes 2765 elements
Info    : Meshing 1D...
Info    : [  0%] Meshing curve 1 (Line)
Info    : [ 20%] Meshing curve 2 (Line)
Info    : [ 30%] Meshing curve 3 (Line)
Info    : [ 50%] Meshing curve 4 (Line)
Info    : [ 60%] Meshing curve 5 (BSpline)
Info    : [ 80%] Meshing curve 6 (BSpline)
Info    : [ 90%] Meshing curve 7 (BSpline)
Info    : Done meshing 1D (Wall 0.0698238s, CPU 0.487581s)
Info    : Meshing 2D...
Info    : Meshing surface 1 (Plane, Frontal-Delaunay)
Info    : Done meshing 2D (Wall 0.0207936s, CPU 0.019579s)
Info    : 388 nodes 578 elements
Info    : Meshing 1D...
Info    : [  0%] Meshing curve 1 (Line)
Info    : [ 20%] Meshing curve 2 (Line)
Info    : [ 30%] Meshing curve 3 (Line)
Info    : [ 50%] Meshing curve 4 (Line)
Info    : [ 60%] Meshing curve 5 (BSpline)
Info    : [ 80%] Meshing curve 6 (BSpline)
Info    : [ 90%] Meshing curve 7 (BSpline)
Info    : Done meshing 1D (Wall 0.078275s, CPU 0.726176s)
Info    : Meshing 2D...
Info    : Meshing surface 1 (Plane, Frontal-Delaunay)
Info    : Done meshing 2D (Wall 0.0310566s, CPU 0.029389s)
Info    : 556 nodes 908 elements
Info    : Meshing 1D...
Info    : [  0%] Meshing curve 1 (Line)
Info    : [ 20%] Meshing curve 2 (Line)
Info    : [ 30%] Meshing curve 3 (Line)
Info    : [ 50%] Meshing curve 4 (Line)
Info    : [ 60%] Meshing curve 5 (BSpline)
Info    : [ 80%] Meshing curve 6 (BSpline)
Info    : [ 90%] Meshing curve 7 (BSpline)
Info    : Done meshing 1D (Wall 0.0683484s, CPU 0.658367s)
Info    : Meshing 2D...
Info    : Meshing surface 1 (Plane, Frontal-Delaunay)
Info    : Done meshing 2D (Wall 0.0307541s, CPU 0.029126s)
Info    : 550 nodes 897 elements
Info    : Meshing 1D...
Info    : [  0%] Meshing curve 1 (Line)
Info    : [ 20%] Meshing curve 2 (Line)
Info    : [ 30%] Meshing curve 3 (Line)
Info    : [ 50%] Meshing curve 4 (Line)
Info    : [ 60%] Meshing curve 5 (BSpline)
Info    : [ 80%] Meshing curve 6 (BSpline)
Info    : [ 90%] Meshing curve 7 (BSpline)
Info    : Done meshing 1D (Wall 0.0783104s, CPU 0.677116s)
Info    : Meshing 2D...
Info    : Meshing surface 1 (Plane, Frontal-Delaunay)
Info    : Done meshing 2D (Wall 0.0465905s, CPU 0.044986s)
Info    : 900 nodes 1590 elements
Info    : Meshing 1D...
Info    : [  0%] Meshing curve 1 (Line)
Info    : [ 20%] Meshing curve 2 (Line)
Info    : [ 30%] Meshing curve 3 (Line)
Info    : [ 50%] Meshing curve 4 (Line)
Info    : [ 60%] Meshing curve 5 (BSpline)
Info    : [ 80%] Meshing curve 6 (BSpline)
Info    : [ 90%] Meshing curve 7 (BSpline)
Info    : Done meshing 1D (Wall 0.0795158s, CPU 0.642542s)
Info    : Meshing 2D...
Info    : Meshing surface 1 (Plane, Frontal-Delaunay)
Info    : Done meshing 2D (Wall 0.0289882s, CPU 0.026828s)
Info    : 477 nodes 751 elements
Info    : Meshing 1D...
Info    : [  0%] Meshing curve 1 (Line)
Info    : [ 20%] Meshing curve 2 (Line)
Info    : [ 30%] Meshing curve 3 (Line)
Info    : [ 50%] Meshing curve 4 (Line)
Info    : [ 60%] Meshing curve 5 (BSpline)
Info    : [ 80%] Meshing curve 6 (BSpline)
Info    : [ 90%] Meshing curve 7 (BSpline)
Info    : Done meshing 1D (Wall 0.046401s, CPU 0.439555s)
Info    : Meshing 2D...
Info    : Meshing surface 1 (Plane, Frontal-Delaunay)
Info    : Done meshing 2D (Wall 0.0264504s, CPU 0.196853s)
Info    : 415 nodes 630 elements
Info    : Meshing 1D...
Info    : [  0%] Meshing curve 1 (Line)
Info    : [ 20%] Meshing curve 2 (Line)
Info    : [ 30%] Meshing curve 3 (Line)
Info    : [ 50%] Meshing curve 4 (Line)
Info    : [ 60%] Meshing curve 5 (BSpline)
Info    : [ 80%] Meshing curve 6 (BSpline)
Info    : [ 90%] Meshing curve 7 (BSpline)
Info    : Done meshing 1D (Wall 0.0799197s, CPU 0.593183s)
Info    : Meshing 2D...
Info    : Meshing surface 1 (Plane, Frontal-Delaunay)
Info    : Done meshing 2D (Wall 0.0265151s, CPU 0.025385s)
Info    : 476 nodes 750 elements
Info    : Meshing 1D...
Info    : [  0%] Meshing curve 1 (Line)
Info    : [ 20%] Meshing curve 2 (Line)
Info    : [ 30%] Meshing curve 3 (Line)
Info    : [ 50%] Meshing curve 4 (Line)
Info    : [ 60%] Meshing curve 5 (BSpline)
Info    : [ 80%] Meshing curve 6 (BSpline)
Info    : [ 90%] Meshing curve 7 (BSpline)
Info    : Done meshing 1D (Wall 0.0663701s, CPU 0.634893s)
Info    : Meshing 2D...
Info    : Meshing surface 1 (Plane, Frontal-Delaunay)
Info    : Done meshing 2D (Wall 0.024157s, CPU 0.022798s)
Info    : 408 nodes 615 elements
Info    : Meshing 1D...
Info    : [  0%] Meshing curve 1 (Line)
Info    : [ 20%] Meshing curve 2 (Line)
Info    : [ 30%] Meshing curve 3 (Line)
Info    : [ 50%] Meshing curve 4 (Line)
Info    : [ 60%] Meshing curve 5 (BSpline)
Info    : [ 80%] Meshing curve 6 (BSpline)
Info    : [ 90%] Meshing curve 7 (BSpline)
Info    : Done meshing 1D (Wall 0.0791596s, CPU 0.684456s)
Info    : Meshing 2D...
Info    : Meshing surface 1 (Plane, Frontal-Delaunay)
Info    : Done meshing 2D (Wall 0.0295582s, CPU 0.028157s)
Info    : 502 nodes 801 elements
Info    : Meshing 1D...
Info    : [  0%] Meshing curve 1 (Line)
Info    : [ 20%] Meshing curve 2 (Line)
Info    : [ 30%] Meshing curve 3 (Line)
Info    : [ 50%] Meshing curve 4 (Line)
Info    : [ 60%] Meshing curve 5 (BSpline)
Info    : [ 80%] Meshing curve 6 (BSpline)
Info    : [ 90%] Meshing curve 7 (BSpline)
Info    : Done meshing 1D (Wall 0.077008s, CPU 0.589611s)
Info    : Meshing 2D...
Info    : Meshing surface 1 (Plane, Frontal-Delaunay)
Info    : Done meshing 2D (Wall 0.0450321s, CPU 0.043638s)
Info    : 954 nodes 1701 elements
Info    : Meshing 1D...
Info    : [  0%] Meshing curve 1 (Line)
Info    : [ 20%] Meshing curve 2 (Line)
Info    : [ 30%] Meshing curve 3 (Line)
Info    : [ 50%] Meshing curve 4 (Line)
Info    : [ 60%] Meshing curve 5 (BSpline)
Info    : [ 80%] Meshing curve 6 (BSpline)
Info    : [ 90%] Meshing curve 7 (BSpline)
Info    : Done meshing 1D (Wall 0.0628258s, CPU 0.674971s)
Info    : Meshing 2D...
Info    : Meshing surface 1 (Plane, Frontal-Delaunay)
Info    : Done meshing 2D (Wall 0.0421878s, CPU 0.040834s)
Info    : 776 nodes 1343 elements
Info    : Meshing 1D...
Info    : [  0%] Meshing curve 1 (Line)
Info    : [ 20%] Meshing curve 2 (Line)
Info    : [ 30%] Meshing curve 3 (Line)
Info    : [ 50%] Meshing curve 4 (Line)
Info    : [ 60%] Meshing curve 5 (BSpline)
Info    : [ 80%] Meshing curve 6 (BSpline)
Info    : [ 90%] Meshing curve 7 (BSpline)
Info    : Done meshing 1D (Wall 0.0652636s, CPU 0.574735s)
Info    : Meshing 2D...
Info    : Meshing surface 1 (Plane, Frontal-Delaunay)
Info    : Done meshing 2D (Wall 0.0665633s, CPU 0.064991s)
Info    : 1379 nodes 2540 elements
Info    : Meshing 1D...
Info    : [  0%] Meshing curve 1 (Line)
Info    : [ 20%] Meshing curve 2 (Line)
Info    : [ 30%] Meshing curve 3 (Line)
Info    : [ 50%] Meshing curve 4 (Line)
Info    : [ 60%] Meshing curve 5 (BSpline)
Info    : [ 80%] Meshing curve 6 (BSpline)
Info    : [ 90%] Meshing curve 7 (BSpline)
Info    : Done meshing 1D (Wall 0.0852085s, CPU 0.578357s)
Info    : Meshing 2D...
Info    : Meshing surface 1 (Plane, Frontal-Delaunay)
Info    : Done meshing 2D (Wall 0.0263195s, CPU 0.024544s)
Info    : 432 nodes 662 elements
Info    : Meshing 1D...
Info    : [  0%] Meshing curve 1 (Line)
Info    : [ 20%] Meshing curve 2 (Line)
Info    : [ 30%] Meshing curve 3 (Line)
Info    : [ 50%] Meshing curve 4 (Line)
Info    : [ 60%] Meshing curve 5 (BSpline)
Info    : [ 80%] Meshing curve 6 (BSpline)
Info    : [ 90%] Meshing curve 7 (BSpline)
Info    : Done meshing 1D (Wall 0.0510097s, CPU 0.626881s)
Info    : Meshing 2D...
Info    : Meshing surface 1 (Plane, Frontal-Delaunay)
Info    : Done meshing 2D (Wall 0.0720754s, CPU 0.180041s)
Info    : 1562 nodes 2906 elements
Info    : Meshing 1D...
Info    : [  0%] Meshing curve 1 (Line)
Info    : [ 20%] Meshing curve 2 (Line)
Info    : [ 30%] Meshing curve 3 (Line)
Info    : [ 50%] Meshing curve 4 (Line)
Info    : [ 60%] Meshing curve 5 (BSpline)
Info    : [ 80%] Meshing curve 6 (BSpline)
Info    : [ 90%] Meshing curve 7 (BSpline)
Info    : Done meshing 1D (Wall 0.107892s, CPU 0.463607s)
Info    : Meshing 2D...
Info    : Meshing surface 1 (Plane, Frontal-Delaunay)
Info    : Done meshing 2D (Wall 0.0697057s, CPU 0.068538s)
Info    : 1451 nodes 2682 elements
Info    : Meshing 1D...
Info    : [  0%] Meshing curve 1 (Line)
Info    : [ 20%] Meshing curve 2 (Line)
Info    : [ 30%] Meshing curve 3 (Line)
Info    : [ 50%] Meshing curve 4 (Line)
Info    : [ 60%] Meshing curve 5 (BSpline)
Info    : [ 80%] Meshing curve 6 (BSpline)
Info    : [ 90%] Meshing curve 7 (BSpline)
Info    : Done meshing 1D (Wall 0.079933s, CPU 0.535953s)
Info    : Meshing 2D...
Info    : Meshing surface 1 (Plane, Frontal-Delaunay)
Info    : Done meshing 2D (Wall 0.0212719s, CPU 0.020083s)
Info    : 401 nodes 603 elements
Info    : Meshing 1D...
Info    : [  0%] Meshing curve 1 (Line)
Info    : [ 20%] Meshing curve 2 (Line)
Info    : [ 30%] Meshing curve 3 (Line)
Info    : [ 50%] Meshing curve 4 (Line)
Info    : [ 60%] Meshing curve 5 (BSpline)
Info    : [ 80%] Meshing curve 6 (BSpline)
Info    : [ 90%] Meshing curve 7 (BSpline)
Info    : Done meshing 1D (Wall 0.0902952s, CPU 0.56984s)
Info    : Meshing 2D...
Info    : Meshing surface 1 (Plane, Frontal-Delaunay)
Info    : Done meshing 2D (Wall 0.0228522s, CPU 0.021359s)
Info    : 411 nodes 622 elements
Info    : Meshing 1D...
Info    : [  0%] Meshing curve 1 (Line)
Info    : [ 20%] Meshing curve 2 (Line)
Info    : [ 30%] Meshing curve 3 (Line)
Info    : [ 50%] Meshing curve 4 (Line)
Info    : [ 60%] Meshing curve 5 (BSpline)
Info    : [ 80%] Meshing curve 6 (BSpline)
Info    : [ 90%] Meshing curve 7 (BSpline)
Info    : Done meshing 1D (Wall 0.0342801s, CPU 0.503715s)
Info    : Meshing 2D...
Info    : Meshing surface 1 (Plane, Frontal-Delaunay)
Info    : Done meshing 2D (Wall 0.0496157s, CPU 0.250676s)
Info    : 820 nodes 1431 elements
Info    : Meshing 1D...
Info    : [  0%] Meshing curve 1 (Line)
Info    : [ 20%] Meshing curve 2 (Line)
Info    : [ 30%] Meshing curve 3 (Line)
Info    : [ 50%] Meshing curve 4 (Line)
Info    : [ 60%] Meshing curve 5 (BSpline)
Info    : [ 80%] Meshing curve 6 (BSpline)
Info    : [ 90%] Meshing curve 7 (BSpline)
Info    : Done meshing 1D (Wall 0.0765881s, CPU 0.687837s)
Info    : Meshing 2D...
Info    : Meshing surface 1 (Plane, Frontal-Delaunay)
Info    : Done meshing 2D (Wall 0.0484587s, CPU 0.047327s)
Info    : 885 nodes 1558 elements
Info    : Meshing 1D...
Info    : [  0%] Meshing curve 1 (Line)
Info    : [ 20%] Meshing curve 2 (Line)
Info    : [ 30%] Meshing curve 3 (Line)
Info    : [ 50%] Meshing curve 4 (Line)
Info    : [ 60%] Meshing curve 5 (BSpline)
Info    : [ 80%] Meshing curve 6 (BSpline)
Info    : [ 90%] Meshing curve 7 (BSpline)
Info    : Done meshing 1D (Wall 0.0715683s, CPU 0.678545s)
Info    : Meshing 2D...
Info    : Meshing surface 1 (Plane, Frontal-Delaunay)
Info    : Done meshing 2D (Wall 0.031793s, CPU 0.030653s)
Info    : 521 nodes 837 elements
Info    : Meshing 1D...
Info    : [  0%] Meshing curve 1 (Line)
Info    : [ 20%] Meshing curve 2 (Line)
Info    : [ 30%] Meshing curve 3 (Line)
Info    : [ 50%] Meshing curve 4 (Line)
Info    : [ 60%] Meshing curve 5 (BSpline)
Info    : [ 80%] Meshing curve 6 (BSpline)
Info    : [ 90%] Meshing curve 7 (BSpline)
Info    : Done meshing 1D (Wall 0.0802163s, CPU 0.773505s)
Info    : Meshing 2D...
Info    : Meshing surface 1 (Plane, Frontal-Delaunay)
Info    : Done meshing 2D (Wall 0.073139s, CPU 0.07198s)
Info    : 1733 nodes 3249 elements
Info    : Meshing 1D...
Info    : [  0%] Meshing curve 1 (Line)
Info    : [ 20%] Meshing curve 2 (Line)
Info    : [ 30%] Meshing curve 3 (Line)
Info    : [ 50%] Meshing curve 4 (Line)
Info    : [ 60%] Meshing curve 5 (BSpline)
Info    : [ 80%] Meshing curve 6 (BSpline)
Info    : [ 90%] Meshing curve 7 (BSpline)
Info    : Done meshing 1D (Wall 0.0153787s, CPU 0.189015s)
Info    : Meshing 2D...
Info    : Meshing surface 1 (Plane, Frontal-Delaunay)
Info    : Done meshing 2D (Wall 0.0256363s, CPU 0.209841s)
Info    : 372 nodes 546 elements
Info    : Meshing 1D...
Info    : [  0%] Meshing curve 1 (Line)
Info    : [ 20%] Meshing curve 2 (Line)
Info    : [ 30%] Meshing curve 3 (Line)
Info    : [ 50%] Meshing curve 4 (Line)
Info    : [ 60%] Meshing curve 5 (BSpline)
Info    : [ 80%] Meshing curve 6 (BSpline)
Info    : [ 90%] Meshing curve 7 (BSpline)
Info    : Done meshing 1D (Wall 0.0739616s, CPU 0.666741s)
Info    : Meshing 2D...
Info    : Meshing surface 1 (Plane, Frontal-Delaunay)
Info    : Done meshing 2D (Wall 0.0357208s, CPU 0.034535s)
Info    : 637 nodes 1068 elements
Info    : Meshing 1D...
Info    : [  0%] Meshing curve 1 (Line)
Info    : [ 20%] Meshing curve 2 (Line)
Info    : [ 30%] Meshing curve 3 (Line)
Info    : [ 50%] Meshing curve 4 (Line)
Info    : [ 60%] Meshing curve 5 (BSpline)
Info    : [ 80%] Meshing curve 6 (BSpline)
Info    : [ 90%] Meshing curve 7 (BSpline)
Info    : Done meshing 1D (Wall 0.0763926s, CPU 0.792797s)
Info    : Meshing 2D...
Info    : Meshing surface 1 (Plane, Frontal-Delaunay)
Info    : Done meshing 2D (Wall 0.021799s, CPU 0.020573s)
Info    : 408 nodes 617 elements
Info    : Meshing 1D...
Info    : [  0%] Meshing curve 1 (Line)
Info    : [ 20%] Meshing curve 2 (Line)
Info    : [ 30%] Meshing curve 3 (Line)
Info    : [ 50%] Meshing curve 4 (Line)
Info    : [ 60%] Meshing curve 5 (BSpline)
Info    : [ 80%] Meshing curve 6 (BSpline)
Info    : [ 90%] Meshing curve 7 (BSpline)
Info    : Done meshing 1D (Wall 0.086733s, CPU 0.79549s)
Info    : Meshing 2D...
Info    : Meshing surface 1 (Plane, Frontal-Delaunay)
Info    : Done meshing 2D (Wall 0.0208974s, CPU 0.019741s)
Info    : 372 nodes 545 elements
Info    : Meshing 1D...
Info    : [  0%] Meshing curve 1 (Line)
Info    : [ 20%] Meshing curve 2 (Line)
Info    : [ 30%] Meshing curve 3 (Line)
Info    : [ 50%] Meshing curve 4 (Line)
Info    : [ 60%] Meshing curve 5 (BSpline)
Info    : [ 80%] Meshing curve 6 (BSpline)
Info    : [ 90%] Meshing curve 7 (BSpline)
Info    : Done meshing 1D (Wall 0.0171318s, CPU 0.272477s)
Info    : Meshing 2D...
Info    : Meshing surface 1 (Plane, Frontal-Delaunay)
Info    : Done meshing 2D (Wall 0.0475822s, CPU 0.423129s)
Info    : 653 nodes 1099 elements
Info    : Meshing 1D...
Info    : [  0%] Meshing curve 1 (Line)
Info    : [ 20%] Meshing curve 2 (Line)
Info    : [ 30%] Meshing curve 3 (Line)
Info    : [ 50%] Meshing curve 4 (Line)
Info    : [ 60%] Meshing curve 5 (BSpline)
Info    : [ 80%] Meshing curve 6 (BSpline)
Info    : [ 90%] Meshing curve 7 (BSpline)
Info    : Done meshing 1D (Wall 0.131062s, CPU 0.752576s)
Info    : Meshing 2D...
Info    : Meshing surface 1 (Plane, Frontal-Delaunay)
Info    : Done meshing 2D (Wall 0.0317355s, CPU 0.030011s)
Info    : 592 nodes 980 elements
Info    : Meshing 1D...
Info    : [  0%] Meshing curve 1 (Line)
Info    : [ 20%] Meshing curve 2 (Line)
Info    : [ 30%] Meshing curve 3 (Line)
Info    : [ 50%] Meshing curve 4 (Line)
Info    : [ 60%] Meshing curve 5 (BSpline)
Info    : [ 80%] Meshing curve 6 (BSpline)
Info    : [ 90%] Meshing curve 7 (BSpline)
Info    : Done meshing 1D (Wall 0.0475969s, CPU 0.556565s)
Info    : Meshing 2D...
Info    : Meshing surface 1 (Plane, Frontal-Delaunay)
Info    : Done meshing 2D (Wall 0.110566s, CPU 0.12407s)
Info    : 1814 nodes 3411 elements
Info    : Meshing 1D...
Info    : [  0%] Meshing curve 1 (Line)
Info    : [ 20%] Meshing curve 2 (Line)
Info    : [ 30%] Meshing curve 3 (Line)
Info    : [ 50%] Meshing curve 4 (Line)
Info    : [ 60%] Meshing curve 5 (BSpline)
Info    : [ 80%] Meshing curve 6 (BSpline)
Info    : [ 90%] Meshing curve 7 (BSpline)
Info    : Done meshing 1D (Wall 0.0432958s, CPU 0.491797s)
Info    : Meshing 2D...
Info    : Meshing surface 1 (Plane, Frontal-Delaunay)
Info    : Done meshing 2D (Wall 0.0383443s, CPU 0.036947s)
Info    : 778 nodes 1351 elements
Info    : Meshing 1D...
Info    : [  0%] Meshing curve 1 (Line)
Info    : [ 20%] Meshing curve 2 (Line)
Info    : [ 30%] Meshing curve 3 (Line)
Info    : [ 50%] Meshing curve 4 (Line)
Info    : [ 60%] Meshing curve 5 (BSpline)
Info    : [ 80%] Meshing curve 6 (BSpline)
Info    : [ 90%] Meshing curve 7 (BSpline)
Info    : Done meshing 1D (Wall 0.0335966s, CPU 0.440272s)
Info    : Meshing 2D...
Info    : Meshing surface 1 (Plane, Frontal-Delaunay)
Info    : Done meshing 2D (Wall 0.0370146s, CPU 0.343775s)
Info    : 557 nodes 910 elements
Info    : Meshing 1D...
Info    : [  0%] Meshing curve 1 (Line)
Info    : [ 20%] Meshing curve 2 (Line)
Info    : [ 30%] Meshing curve 3 (Line)
Info    : [ 50%] Meshing curve 4 (Line)
Info    : [ 60%] Meshing curve 5 (BSpline)
Info    : [ 80%] Meshing curve 6 (BSpline)
Info    : [ 90%] Meshing curve 7 (BSpline)
Info    : Done meshing 1D (Wall 0.0717264s, CPU 0.69319s)
Info    : Meshing 2D...
Info    : Meshing surface 1 (Plane, Frontal-Delaunay)
Info    : Done meshing 2D (Wall 0.0433911s, CPU 0.042114s)
Info    : 893 nodes 1579 elements
Info    : Meshing 1D...
Info    : [  0%] Meshing curve 1 (Line)
Info    : [ 20%] Meshing curve 2 (Line)
Info    : [ 30%] Meshing curve 3 (Line)
Info    : [ 50%] Meshing curve 4 (Line)
Info    : [ 60%] Meshing curve 5 (BSpline)
Info    : [ 80%] Meshing curve 6 (BSpline)
Info    : [ 90%] Meshing curve 7 (BSpline)
Info    : Done meshing 1D (Wall 0.0648655s, CPU 0.691128s)
Info    : Meshing 2D...
Info    : Meshing surface 1 (Plane, Frontal-Delaunay)
Info    : Done meshing 2D (Wall 0.0576702s, CPU 0.05615s)
Info    : 1271 nodes 2330 elements
Info    : Meshing 1D...
Info    : [  0%] Meshing curve 1 (Line)
Info    : [ 20%] Meshing curve 2 (Line)
Info    : [ 30%] Meshing curve 3 (Line)
Info    : [ 50%] Meshing curve 4 (Line)
Info    : [ 60%] Meshing curve 5 (BSpline)
Info    : [ 80%] Meshing curve 6 (BSpline)
Info    : [ 90%] Meshing curve 7 (BSpline)
Info    : Done meshing 1D (Wall 0.0762755s, CPU 0.707485s)
Info    : Meshing 2D...
Info    : Meshing surface 1 (Plane, Frontal-Delaunay)
Info    : Done meshing 2D (Wall 0.121568s, CPU 0.120194s)
Info    : 3008 nodes 5780 elements
Info    : Meshing 1D...
Info    : [  0%] Meshing curve 1 (Line)
Info    : [ 20%] Meshing curve 2 (Line)
Info    : [ 30%] Meshing curve 3 (Line)
Info    : [ 50%] Meshing curve 4 (Line)
Info    : [ 60%] Meshing curve 5 (BSpline)
Info    : [ 80%] Meshing curve 6 (BSpline)
Info    : [ 90%] Meshing curve 7 (BSpline)
Info    : Done meshing 1D (Wall 0.0187544s, CPU 0.235187s)
Info    : Meshing 2D...
Info    : Meshing surface 1 (Plane, Frontal-Delaunay)
Info    : Done meshing 2D (Wall 0.0627551s, CPU 0.061484s)
Info    : 1340 nodes 2465 elements
Info    : Meshing 1D...
Info    : [  0%] Meshing curve 1 (Line)
Info    : [ 20%] Meshing curve 2 (Line)
Info    : [ 30%] Meshing curve 3 (Line)
Info    : [ 50%] Meshing curve 4 (Line)
Info    : [ 60%] Meshing curve 5 (BSpline)
Info    : [ 80%] Meshing curve 6 (BSpline)
Info    : [ 90%] Meshing curve 7 (BSpline)
Info    : Done meshing 1D (Wall 0.0719104s, CPU 0.625503s)
Info    : Meshing 2D...
Info    : Meshing surface 1 (Plane, Frontal-Delaunay)
Info    : Done meshing 2D (Wall 0.0215987s, CPU 0.020245s)
Info    : 390 nodes 581 elements
Info    : Meshing 1D...
Info    : [  0%] Meshing curve 1 (Line)
Info    : [ 20%] Meshing curve 2 (Line)
Info    : [ 30%] Meshing curve 3 (Line)
Info    : [ 50%] Meshing curve 4 (Line)
Info    : [ 60%] Meshing curve 5 (BSpline)
Info    : [ 80%] Meshing curve 6 (BSpline)
Info    : [ 90%] Meshing curve 7 (BSpline)
Info    : Done meshing 1D (Wall 0.0723029s, CPU 0.626173s)
Info    : Meshing 2D...
Info    : Meshing surface 1 (Plane, Frontal-Delaunay)
Info    : Done meshing 2D (Wall 0.035185s, CPU 0.034079s)
Info    : 680 nodes 1155 elements
Info    : Meshing 1D...
Info    : [  0%] Meshing curve 1 (Line)
Info    : [ 20%] Meshing curve 2 (Line)
Info    : [ 30%] Meshing curve 3 (Line)
Info    : [ 50%] Meshing curve 4 (Line)
Info    : [ 60%] Meshing curve 5 (BSpline)
Info    : [ 80%] Meshing curve 6 (BSpline)
Info    : [ 90%] Meshing curve 7 (BSpline)
Info    : Done meshing 1D (Wall 0.116635s, CPU 0.640919s)
Info    : Meshing 2D...
Info    : Meshing surface 1 (Plane, Frontal-Delaunay)
Info    : Done meshing 2D (Wall 0.046912s, CPU 0.045844s)
Info    : 879 nodes 1547 elements
Info    : Meshing 1D...
Info    : [  0%] Meshing curve 1 (Line)
Info    : [ 20%] Meshing curve 2 (Line)
Info    : [ 30%] Meshing curve 3 (Line)
Info    : [ 50%] Meshing curve 4 (Line)
Info    : [ 60%] Meshing curve 5 (BSpline)
Info    : [ 80%] Meshing curve 6 (BSpline)
Info    : [ 90%] Meshing curve 7 (BSpline)
Info    : Done meshing 1D (Wall 0.0762161s, CPU 0.675092s)
Info    : Meshing 2D...
Info    : Meshing surface 1 (Plane, Frontal-Delaunay)
Info    : Done meshing 2D (Wall 0.027932s, CPU 0.026855s)
Info    : 470 nodes 737 elements
Info    : Meshing 1D...
Info    : [  0%] Meshing curve 1 (Line)
Info    : [ 20%] Meshing curve 2 (Line)
Info    : [ 30%] Meshing curve 3 (Line)
Info    : [ 50%] Meshing curve 4 (Line)
Info    : [ 60%] Meshing curve 5 (BSpline)
Info    : [ 80%] Meshing curve 6 (BSpline)
Info    : [ 90%] Meshing curve 7 (BSpline)
Info    : Done meshing 1D (Wall 0.0713636s, CPU 0.616348s)
Info    : Meshing 2D...
Info    : Meshing surface 1 (Plane, Frontal-Delaunay)
Info    : Done meshing 2D (Wall 0.0310105s, CPU 0.029407s)
Info    : 604 nodes 1005 elements
Info    : Meshing 1D...
Info    : [  0%] Meshing curve 1 (Line)
Info    : [ 20%] Meshing curve 2 (Line)
Info    : [ 30%] Meshing curve 3 (Line)
Info    : [ 50%] Meshing curve 4 (Line)
Info    : [ 60%] Meshing curve 5 (BSpline)
Info    : [ 80%] Meshing curve 6 (BSpline)
Info    : [ 90%] Meshing curve 7 (BSpline)
Info    : Done meshing 1D (Wall 0.0842269s, CPU 0.871993s)
Info    : Meshing 2D...
Info    : Meshing surface 1 (Plane, Frontal-Delaunay)
Info    : Done meshing 2D (Wall 0.0563547s, CPU 0.055152s)
Info    : 1142 nodes 2070 elements
Info    : Meshing 1D...
Info    : [  0%] Meshing curve 1 (Line)
Info    : [ 20%] Meshing curve 2 (Line)
Info    : [ 30%] Meshing curve 3 (Line)
Info    : [ 50%] Meshing curve 4 (Line)
Info    : [ 60%] Meshing curve 5 (BSpline)
Info    : [ 80%] Meshing curve 6 (BSpline)
Info    : [ 90%] Meshing curve 7 (BSpline)
Info    : Done meshing 1D (Wall 0.0434442s, CPU 0.583776s)
Info    : Meshing 2D...
Info    : Meshing surface 1 (Plane, Frontal-Delaunay)
Info    : Done meshing 2D (Wall 0.0427427s, CPU 0.159175s)
Info    : 782 nodes 1357 elements
Info    : Meshing 1D...
Info    : [  0%] Meshing curve 1 (Line)
Info    : [ 20%] Meshing curve 2 (Line)
Info    : [ 30%] Meshing curve 3 (Line)
Info    : [ 50%] Meshing curve 4 (Line)
Info    : [ 60%] Meshing curve 5 (BSpline)
Info    : [ 80%] Meshing curve 6 (BSpline)
Info    : [ 90%] Meshing curve 7 (BSpline)
Info    : Done meshing 1D (Wall 0.0750191s, CPU 0.615763s)
Info    : Meshing 2D...
Info    : Meshing surface 1 (Plane, Frontal-Delaunay)
Info    : Done meshing 2D (Wall 0.037359s, CPU 0.036058s)
Info    : 719 nodes 1233 elements
Info    : Meshing 1D...
Info    : [  0%] Meshing curve 1 (Line)
Info    : [ 20%] Meshing curve 2 (Line)
Info    : [ 30%] Meshing curve 3 (Line)
Info    : [ 50%] Meshing curve 4 (Line)
Info    : [ 60%] Meshing curve 5 (BSpline)
Info    : [ 80%] Meshing curve 6 (BSpline)
Info    : [ 90%] Meshing curve 7 (BSpline)
Info    : Done meshing 1D (Wall 0.0600732s, CPU 0.643945s)
Info    : Meshing 2D...
Info    : Meshing surface 1 (Plane, Frontal-Delaunay)
Info    : Done meshing 2D (Wall 0.0693843s, CPU 0.068028s)
Info    : 1479 nodes 2739 elements
Info    : Meshing 1D...
Info    : [  0%] Meshing curve 1 (Line)
Info    : [ 20%] Meshing curve 2 (Line)
Info    : [ 30%] Meshing curve 3 (Line)
Info    : [ 50%] Meshing curve 4 (Line)
Info    : [ 60%] Meshing curve 5 (BSpline)
Info    : [ 80%] Meshing curve 6 (BSpline)
Info    : [ 90%] Meshing curve 7 (BSpline)
Info    : Done meshing 1D (Wall 0.0720733s, CPU 0.534988s)
Info    : Meshing 2D...
Info    : Meshing surface 1 (Plane, Frontal-Delaunay)
Info    : Done meshing 2D (Wall 0.0355722s, CPU 0.034389s)
Info    : 680 nodes 1155 elements
Info    : Meshing 1D...
Info    : [  0%] Meshing curve 1 (Line)
Info    : [ 20%] Meshing curve 2 (Line)
Info    : [ 30%] Meshing curve 3 (Line)
Info    : [ 50%] Meshing curve 4 (Line)
Info    : [ 60%] Meshing curve 5 (BSpline)
Info    : [ 80%] Meshing curve 6 (BSpline)
Info    : [ 90%] Meshing curve 7 (BSpline)
Info    : Done meshing 1D (Wall 0.0740815s, CPU 0.638321s)
Info    : Meshing 2D...
Info    : Meshing surface 1 (Plane, Frontal-Delaunay)
Info    : Done meshing 2D (Wall 0.0771754s, CPU 0.075081s)
Info    : 1791 nodes 3362 elements
Info    : Meshing 1D...
Info    : [  0%] Meshing curve 1 (Line)
Info    : [ 20%] Meshing curve 2 (Line)
Info    : [ 30%] Meshing curve 3 (Line)
Info    : [ 50%] Meshing curve 4 (Line)
Info    : [ 60%] Meshing curve 5 (BSpline)
Info    : [ 80%] Meshing curve 6 (BSpline)
Info    : [ 90%] Meshing curve 7 (BSpline)
Info    : Done meshing 1D (Wall 0.0448779s, CPU 0.460314s)
Info    : Meshing 2D...
Info    : Meshing surface 1 (Plane, Frontal-Delaunay)
Info    : Done meshing 2D (Wall 0.103528s, CPU 0.072088s)
Info    : 1648 nodes 3079 elements
Info    : Meshing 1D...
Info    : [  0%] Meshing curve 1 (Line)
Info    : [ 20%] Meshing curve 2 (Line)
Info    : [ 30%] Meshing curve 3 (Line)
Info    : [ 50%] Meshing curve 4 (Line)
Info    : [ 60%] Meshing curve 5 (BSpline)
Info    : [ 80%] Meshing curve 6 (BSpline)
Info    : [ 90%] Meshing curve 7 (BSpline)
Info    : Done meshing 1D (Wall 0.0716094s, CPU 0.450217s)
Info    : Meshing 2D...
Info    : Meshing surface 1 (Plane, Frontal-Delaunay)
Info    : Done meshing 2D (Wall 0.0983286s, CPU 0.097149s)
Info    : 2314 nodes 4400 elements
Info    : Meshing 1D...
Info    : [  0%] Meshing curve 1 (Line)
Info    : [ 20%] Meshing curve 2 (Line)
Info    : [ 30%] Meshing curve 3 (Line)
Info    : [ 50%] Meshing curve 4 (Line)
Info    : [ 60%] Meshing curve 5 (BSpline)
Info    : [ 80%] Meshing curve 6 (BSpline)
Info    : [ 90%] Meshing curve 7 (BSpline)
Info    : Done meshing 1D (Wall 0.0420993s, CPU 0.449595s)
Info    : Meshing 2D...
Info    : Meshing surface 1 (Plane, Frontal-Delaunay)
Info    : Done meshing 2D (Wall 0.0376781s, CPU 0.0362s)
Info    : 682 nodes 1157 elements
Info    : Meshing 1D...
Info    : [  0%] Meshing curve 1 (Line)
Info    : [ 20%] Meshing curve 2 (Line)
Info    : [ 30%] Meshing curve 3 (Line)
Info    : [ 50%] Meshing curve 4 (Line)
Info    : [ 60%] Meshing curve 5 (BSpline)
Info    : [ 80%] Meshing curve 6 (BSpline)
Info    : [ 90%] Meshing curve 7 (BSpline)
Info    : Done meshing 1D (Wall 0.0757624s, CPU 0.747568s)
Info    : Meshing 2D...
Info    : Meshing surface 1 (Plane, Frontal-Delaunay)
Info    : Done meshing 2D (Wall 0.0568343s, CPU 0.055456s)
Info    : 1127 nodes 2039 elements
Info    : Meshing 1D...
Info    : [  0%] Meshing curve 1 (Line)
Info    : [ 20%] Meshing curve 2 (Line)
Info    : [ 30%] Meshing curve 3 (Line)
Info    : [ 50%] Meshing curve 4 (Line)
Info    : [ 60%] Meshing curve 5 (BSpline)
Info    : [ 80%] Meshing curve 6 (BSpline)
Info    : [ 90%] Meshing curve 7 (BSpline)
Info    : Done meshing 1D (Wall 0.0869357s, CPU 0.613714s)
Info    : Meshing 2D...
Info    : Meshing surface 1 (Plane, Frontal-Delaunay)
Info    : Done meshing 2D (Wall 0.0203023s, CPU 0.018405s)
Info    : 380 nodes 562 elements
Info    : Meshing 1D...
Info    : [  0%] Meshing curve 1 (Line)
Info    : [ 20%] Meshing curve 2 (Line)
Info    : [ 30%] Meshing curve 3 (Line)
Info    : [ 50%] Meshing curve 4 (Line)
Info    : [ 60%] Meshing curve 5 (BSpline)
Info    : [ 80%] Meshing curve 6 (BSpline)
Info    : [ 90%] Meshing curve 7 (BSpline)
Info    : Done meshing 1D (Wall 0.0786323s, CPU 0.713251s)
Info    : Meshing 2D...
Info    : Meshing surface 1 (Plane, Frontal-Delaunay)
Info    : Done meshing 2D (Wall 0.0230778s, CPU 0.021734s)
Info    : 382 nodes 564 elements
Info    : Meshing 1D...
Info    : [  0%] Meshing curve 1 (Line)
Info    : [ 20%] Meshing curve 2 (Line)
Info    : [ 30%] Meshing curve 3 (Line)
Info    : [ 50%] Meshing curve 4 (Line)
Info    : [ 60%] Meshing curve 5 (BSpline)
Info    : [ 80%] Meshing curve 6 (BSpline)
Info    : [ 90%] Meshing curve 7 (BSpline)
Info    : Done meshing 1D (Wall 0.0845378s, CPU 0.655745s)
Info    : Meshing 2D...
Info    : Meshing surface 1 (Plane, Frontal-Delaunay)
Info    : Done meshing 2D (Wall 0.0277813s, CPU 0.026522s)
Info    : 479 nodes 755 elements
Info    : Meshing 1D...
Info    : [  0%] Meshing curve 1 (Line)
Info    : [ 20%] Meshing curve 2 (Line)
Info    : [ 30%] Meshing curve 3 (Line)
Info    : [ 50%] Meshing curve 4 (Line)
Info    : [ 60%] Meshing curve 5 (BSpline)
Info    : [ 80%] Meshing curve 6 (BSpline)
Info    : [ 90%] Meshing curve 7 (BSpline)
Info    : Done meshing 1D (Wall 0.0784403s, CPU 0.786897s)
Info    : Meshing 2D...
Info    : Meshing surface 1 (Plane, Frontal-Delaunay)
Info    : Done meshing 2D (Wall 0.0276932s, CPU 0.026577s)
Info    : 525 nodes 848 elements
Info    : Meshing 1D...
Info    : [  0%] Meshing curve 1 (Line)
Info    : [ 20%] Meshing curve 2 (Line)
Info    : [ 30%] Meshing curve 3 (Line)
Info    : [ 50%] Meshing curve 4 (Line)
Info    : [ 60%] Meshing curve 5 (BSpline)
Info    : [ 80%] Meshing curve 6 (BSpline)
Info    : [ 90%] Meshing curve 7 (BSpline)
Info    : Done meshing 1D (Wall 0.0449023s, CPU 0.362037s)
Info    : Meshing 2D...
Info    : Meshing surface 1 (Plane, Frontal-Delaunay)
Info    : Done meshing 2D (Wall 0.0742433s, CPU 0.283848s)
Info    : 1536 nodes 2853 elements
Info    : Meshing 1D...
Info    : [  0%] Meshing curve 1 (Line)
Info    : [ 20%] Meshing curve 2 (Line)
Info    : [ 30%] Meshing curve 3 (Line)
Info    : [ 50%] Meshing curve 4 (Line)
Info    : [ 60%] Meshing curve 5 (BSpline)
Info    : [ 80%] Meshing curve 6 (BSpline)
Info    : [ 90%] Meshing curve 7 (BSpline)
Info    : Done meshing 1D (Wall 0.0771669s, CPU 0.620875s)
Info    : Meshing 2D...
Info    : Meshing surface 1 (Plane, Frontal-Delaunay)
Info    : Done meshing 2D (Wall 0.059468s, CPU 0.054658s)
Info    : 1238 nodes 2261 elements
Info    : Meshing 1D...
Info    : [  0%] Meshing curve 1 (Line)
Info    : [ 20%] Meshing curve 2 (Line)
Info    : [ 30%] Meshing curve 3 (Line)
Info    : [ 50%] Meshing curve 4 (Line)
Info    : [ 60%] Meshing curve 5 (BSpline)
Info    : [ 80%] Meshing curve 6 (BSpline)
Info    : [ 90%] Meshing curve 7 (BSpline)
Info    : Done meshing 1D (Wall 0.0793049s, CPU 0.535586s)
Info    : Meshing 2D...
Info    : Meshing surface 1 (Plane, Frontal-Delaunay)
Info    : Done meshing 2D (Wall 0.0935432s, CPU 0.092236s)
Info    : 2369 nodes 4515 elements
Info    : Meshing 1D...
Info    : [  0%] Meshing curve 1 (Line)
Info    : [ 20%] Meshing curve 2 (Line)
Info    : [ 30%] Meshing curve 3 (Line)
Info    : [ 50%] Meshing curve 4 (Line)
Info    : [ 60%] Meshing curve 5 (BSpline)
Info    : [ 80%] Meshing curve 6 (BSpline)
Info    : [ 90%] Meshing curve 7 (BSpline)
Info    : Done meshing 1D (Wall 0.0709463s, CPU 0.304799s)
Info    : Meshing 2D...
Info    : Meshing surface 1 (Plane, Frontal-Delaunay)
Info    : Done meshing 2D (Wall 0.0312285s, CPU 0.029857s)
Info    : 551 nodes 898 elements
Info    : Meshing 1D...
Info    : [  0%] Meshing curve 1 (Line)
Info    : [ 20%] Meshing curve 2 (Line)
Info    : [ 30%] Meshing curve 3 (Line)
Info    : [ 50%] Meshing curve 4 (Line)
Info    : [ 60%] Meshing curve 5 (BSpline)
Info    : [ 80%] Meshing curve 6 (BSpline)
Info    : [ 90%] Meshing curve 7 (BSpline)
Info    : Done meshing 1D (Wall 0.0688403s, CPU 0.598302s)
Info    : Meshing 2D...
Info    : Meshing surface 1 (Plane, Frontal-Delaunay)
Info    : Done meshing 2D (Wall 0.0324378s, CPU 0.031275s)
Info    : 557 nodes 909 elements
Info    : Meshing 1D...
Info    : [  0%] Meshing curve 1 (Line)
Info    : [ 20%] Meshing curve 2 (Line)
Info    : [ 30%] Meshing curve 3 (Line)
Info    : [ 50%] Meshing curve 4 (Line)
Info    : [ 60%] Meshing curve 5 (BSpline)
Info    : [ 80%] Meshing curve 6 (BSpline)
Info    : [ 90%] Meshing curve 7 (BSpline)
Info    : Done meshing 1D (Wall 0.0577662s, CPU 0.675676s)
Info    : Meshing 2D...
Info    : Meshing surface 1 (Plane, Frontal-Delaunay)
Info    : Done meshing 2D (Wall 0.101818s, CPU 0.126844s)
Info    : 2420 nodes 4611 elements
Info    : Meshing 1D...
Info    : [  0%] Meshing curve 1 (Line)
Info    : [ 20%] Meshing curve 2 (Line)
Info    : [ 30%] Meshing curve 3 (Line)
Info    : [ 50%] Meshing curve 4 (Line)
Info    : [ 60%] Meshing curve 5 (BSpline)
Info    : [ 80%] Meshing curve 6 (BSpline)
Info    : [ 90%] Meshing curve 7 (BSpline)
Info    : Done meshing 1D (Wall 0.0763903s, CPU 0.409603s)
Info    : Meshing 2D...
Info    : Meshing surface 1 (Plane, Frontal-Delaunay)
Info    : Done meshing 2D (Wall 0.0945668s, CPU 0.093067s)
Info    : 2352 nodes 4478 elements
Info    : Meshing 1D...
Info    : [  0%] Meshing curve 1 (Line)
Info    : [ 20%] Meshing curve 2 (Line)
Info    : [ 30%] Meshing curve 3 (Line)
Info    : [ 50%] Meshing curve 4 (Line)
Info    : [ 60%] Meshing curve 5 (BSpline)
Info    : [ 80%] Meshing curve 6 (BSpline)
Info    : [ 90%] Meshing curve 7 (BSpline)
Info    : Done meshing 1D (Wall 0.0141145s, CPU 0.006228s)
Info    : Meshing 2D...
Info    : Meshing surface 1 (Plane, Frontal-Delaunay)
Info    : Done meshing 2D (Wall 0.0301497s, CPU 0.029017s)
Info    : 547 nodes 889 elements
Info    : Meshing 1D...
Info    : [  0%] Meshing curve 1 (Line)
Info    : [ 20%] Meshing curve 2 (Line)
Info    : [ 30%] Meshing curve 3 (Line)
Info    : [ 50%] Meshing curve 4 (Line)
Info    : [ 60%] Meshing curve 5 (BSpline)
Info    : [ 80%] Meshing curve 6 (BSpline)
Info    : [ 90%] Meshing curve 7 (BSpline)
Info    : Done meshing 1D (Wall 0.0718342s, CPU 0.635981s)
Info    : Meshing 2D...
Info    : Meshing surface 1 (Plane, Frontal-Delaunay)
Info    : Done meshing 2D (Wall 0.0507275s, CPU 0.049341s)
Info    : 990 nodes 1769 elements
Info    : Meshing 1D...
Info    : [  0%] Meshing curve 1 (Line)
Info    : [ 20%] Meshing curve 2 (Line)
Info    : [ 30%] Meshing curve 3 (Line)
Info    : [ 50%] Meshing curve 4 (Line)
Info    : [ 60%] Meshing curve 5 (BSpline)
Info    : [ 80%] Meshing curve 6 (BSpline)
Info    : [ 90%] Meshing curve 7 (BSpline)
Info    : Done meshing 1D (Wall 0.0447861s, CPU 0.578335s)
Info    : Meshing 2D...
Info    : Meshing surface 1 (Plane, Frontal-Delaunay)
Info    : Done meshing 2D (Wall 0.0723168s, CPU 0.142391s)
Info    : 739 nodes 1272 elements
Info    : Meshing 1D...
Info    : [  0%] Meshing curve 1 (Line)
Info    : [ 20%] Meshing curve 2 (Line)
Info    : [ 30%] Meshing curve 3 (Line)
Info    : [ 50%] Meshing curve 4 (Line)
Info    : [ 60%] Meshing curve 5 (BSpline)
Info    : [ 80%] Meshing curve 6 (BSpline)
Info    : [ 90%] Meshing curve 7 (BSpline)
Info    : Done meshing 1D (Wall 0.0483296s, CPU 0.560686s)
Info    : Meshing 2D...
Info    : Meshing surface 1 (Plane, Frontal-Delaunay)
Info    : Done meshing 2D (Wall 0.046197s, CPU 0.068153s)
Info    : 884 nodes 1560 elements
Info    : Meshing 1D...
Info    : [  0%] Meshing curve 1 (Line)
Info    : [ 20%] Meshing curve 2 (Line)
Info    : [ 30%] Meshing curve 3 (Line)
Info    : [ 50%] Meshing curve 4 (Line)
Info    : [ 60%] Meshing curve 5 (BSpline)
Info    : [ 80%] Meshing curve 6 (BSpline)
Info    : [ 90%] Meshing curve 7 (BSpline)
Info    : Done meshing 1D (Wall 0.043102s, CPU 0.595134s)
Info    : Meshing 2D...
Info    : Meshing surface 1 (Plane, Frontal-Delaunay)
Info    : Done meshing 2D (Wall 0.0277739s, CPU 0.071538s)
Info    : 442 nodes 683 elements
Info    : Meshing 1D...
Info    : [  0%] Meshing curve 1 (Line)
Info    : [ 20%] Meshing curve 2 (Line)
Info    : [ 30%] Meshing curve 3 (Line)
Info    : [ 50%] Meshing curve 4 (Line)
Info    : [ 60%] Meshing curve 5 (BSpline)
Info    : [ 80%] Meshing curve 6 (BSpline)
Info    : [ 90%] Meshing curve 7 (BSpline)
Info    : Done meshing 1D (Wall 0.0874159s, CPU 0.636093s)
Info    : Meshing 2D...
Info    : Meshing surface 1 (Plane, Frontal-Delaunay)
Info    : Done meshing 2D (Wall 0.0223353s, CPU 0.020925s)
Info    : 403 nodes 607 elements
Info    : Meshing 1D...
Info    : [  0%] Meshing curve 1 (Line)
Info    : [ 20%] Meshing curve 2 (Line)
Info    : [ 30%] Meshing curve 3 (Line)
Info    : [ 50%] Meshing curve 4 (Line)
Info    : [ 60%] Meshing curve 5 (BSpline)
Info    : [ 80%] Meshing curve 6 (BSpline)
Info    : [ 90%] Meshing curve 7 (BSpline)
Info    : Done meshing 1D (Wall 0.0769638s, CPU 0.760912s)
Info    : Meshing 2D...
Info    : Meshing surface 1 (Plane, Frontal-Delaunay)
Info    : Done meshing 2D (Wall 0.0926775s, CPU 0.091501s)
Info    : 2432 nodes 4642 elements
Info    : Meshing 1D...
Info    : [  0%] Meshing curve 1 (Line)
Info    : [ 20%] Meshing curve 2 (Line)
Info    : [ 30%] Meshing curve 3 (Line)
Info    : [ 50%] Meshing curve 4 (Line)
Info    : [ 60%] Meshing curve 5 (BSpline)
Info    : [ 80%] Meshing curve 6 (BSpline)
Info    : [ 90%] Meshing curve 7 (BSpline)
Info    : Done meshing 1D (Wall 0.0684393s, CPU 0.44243s)
Info    : Meshing 2D...
Info    : Meshing surface 1 (Plane, Frontal-Delaunay)
Info    : Done meshing 2D (Wall 0.0531574s, CPU 0.051882s)
Info    : 1189 nodes 2168 elements
Info    : Meshing 1D...
Info    : [  0%] Meshing curve 1 (Line)
Info    : [ 20%] Meshing curve 2 (Line)
Info    : [ 30%] Meshing curve 3 (Line)
Info    : [ 50%] Meshing curve 4 (Line)
Info    : [ 60%] Meshing curve 5 (BSpline)
Info    : [ 80%] Meshing curve 6 (BSpline)
Info    : [ 90%] Meshing curve 7 (BSpline)
Info    : Done meshing 1D (Wall 0.0462091s, CPU 0.601208s)
Info    : Meshing 2D...
Info    : Meshing surface 1 (Plane, Frontal-Delaunay)
Info    : Done meshing 2D (Wall 0.0258073s, CPU 0.066985s)
Info    : 403 nodes 605 elements
Info    : Meshing 1D...
Info    : [  0%] Meshing curve 1 (Line)
Info    : [ 20%] Meshing curve 2 (Line)
Info    : [ 30%] Meshing curve 3 (Line)
Info    : [ 50%] Meshing curve 4 (Line)
Info    : [ 60%] Meshing curve 5 (BSpline)
Info    : [ 80%] Meshing curve 6 (BSpline)
Info    : [ 90%] Meshing curve 7 (BSpline)
Info    : Done meshing 1D (Wall 0.0760885s, CPU 0.653112s)
Info    : Meshing 2D...
Info    : Meshing surface 1 (Plane, Frontal-Delaunay)
Info    : Done meshing 2D (Wall 0.0222546s, CPU 0.021173s)
Info    : 410 nodes 621 elements
Info    : Meshing 1D...
Info    : [  0%] Meshing curve 1 (Line)
Info    : [ 20%] Meshing curve 2 (Line)
Info    : [ 30%] Meshing curve 3 (Line)
Info    : [ 50%] Meshing curve 4 (Line)
Info    : [ 60%] Meshing curve 5 (BSpline)
Info    : [ 80%] Meshing curve 6 (BSpline)
Info    : [ 90%] Meshing curve 7 (BSpline)
Info    : Done meshing 1D (Wall 0.0744822s, CPU 0.724876s)
Info    : Meshing 2D...
Info    : Meshing surface 1 (Plane, Frontal-Delaunay)
Info    : Done meshing 2D (Wall 0.027798s, CPU 0.0267s)
Info    : 471 nodes 740 elements
Info    : Meshing 1D...
Info    : [  0%] Meshing curve 1 (Line)
Info    : [ 20%] Meshing curve 2 (Line)
Info    : [ 30%] Meshing curve 3 (Line)
Info    : [ 50%] Meshing curve 4 (Line)
Info    : [ 60%] Meshing curve 5 (BSpline)
Info    : [ 80%] Meshing curve 6 (BSpline)
Info    : [ 90%] Meshing curve 7 (BSpline)
Info    : Done meshing 1D (Wall 0.0715236s, CPU 0.869351s)
Info    : Meshing 2D...
Info    : Meshing surface 1 (Plane, Frontal-Delaunay)
Info    : Done meshing 2D (Wall 0.0262406s, CPU 0.024797s)
Info    : 485 nodes 770 elements
Info    : Meshing 1D...
Info    : [  0%] Meshing curve 1 (Line)
Info    : [ 20%] Meshing curve 2 (Line)
Info    : [ 30%] Meshing curve 3 (Line)
Info    : [ 50%] Meshing curve 4 (Line)
Info    : [ 60%] Meshing curve 5 (BSpline)
Info    : [ 80%] Meshing curve 6 (BSpline)
Info    : [ 90%] Meshing curve 7 (BSpline)
Info    : Done meshing 1D (Wall 0.0918205s, CPU 0.669182s)
Info    : Meshing 2D...
Info    : Meshing surface 1 (Plane, Frontal-Delaunay)
Info    : Done meshing 2D (Wall 0.0278466s, CPU 0.026515s)
Info    : 513 nodes 824 elements
Info    : Meshing 1D...
Info    : [  0%] Meshing curve 1 (Line)
Info    : [ 20%] Meshing curve 2 (Line)
Info    : [ 30%] Meshing curve 3 (Line)
Info    : [ 50%] Meshing curve 4 (Line)
Info    : [ 60%] Meshing curve 5 (BSpline)
Info    : [ 80%] Meshing curve 6 (BSpline)
Info    : [ 90%] Meshing curve 7 (BSpline)
Info    : Done meshing 1D (Wall 0.0422363s, CPU 0.591082s)
Info    : Meshing 2D...
Info    : Meshing surface 1 (Plane, Frontal-Delaunay)
Info    : Done meshing 2D (Wall 0.0294158s, CPU 0.178215s)
Info    : 471 nodes 741 elements
Info    : Meshing 1D...
Info    : [  0%] Meshing curve 1 (Line)
Info    : [ 20%] Meshing curve 2 (Line)
Info    : [ 30%] Meshing curve 3 (Line)
Info    : [ 50%] Meshing curve 4 (Line)
Info    : [ 60%] Meshing curve 5 (BSpline)
Info    : [ 80%] Meshing curve 6 (BSpline)
Info    : [ 90%] Meshing curve 7 (BSpline)
Info    : Done meshing 1D (Wall 0.0765036s, CPU 0.691689s)
Info    : Meshing 2D...
Info    : Meshing surface 1 (Plane, Frontal-Delaunay)
Info    : Done meshing 2D (Wall 0.0362745s, CPU 0.034829s)
Info    : 619 nodes 1032 elements
Info    : Meshing 1D...
Info    : [  0%] Meshing curve 1 (Line)
Info    : [ 20%] Meshing curve 2 (Line)
Info    : [ 30%] Meshing curve 3 (Line)
Info    : [ 50%] Meshing curve 4 (Line)
Info    : [ 60%] Meshing curve 5 (BSpline)
Info    : [ 80%] Meshing curve 6 (BSpline)
Info    : [ 90%] Meshing curve 7 (BSpline)
Info    : Done meshing 1D (Wall 0.0711184s, CPU 0.852725s)
Info    : Meshing 2D...
Info    : Meshing surface 1 (Plane, Frontal-Delaunay)
Info    : Done meshing 2D (Wall 0.0444232s, CPU 0.043257s)
Info    : 845 nodes 1481 elements
Info    : Meshing 1D...
Info    : [  0%] Meshing curve 1 (Line)
Info    : [ 20%] Meshing curve 2 (Line)
Info    : [ 30%] Meshing curve 3 (Line)
Info    : [ 50%] Meshing curve 4 (Line)
Info    : [ 60%] Meshing curve 5 (BSpline)
Info    : [ 80%] Meshing curve 6 (BSpline)
Info    : [ 90%] Meshing curve 7 (BSpline)
Info    : Done meshing 1D (Wall 0.0765663s, CPU 0.710694s)
Info    : Meshing 2D...
Info    : Meshing surface 1 (Plane, Frontal-Delaunay)
Info    : Done meshing 2D (Wall 0.121476s, CPU 0.120112s)
Info    : 3135 nodes 6037 elements
Info    : Meshing 1D...
Info    : [  0%] Meshing curve 1 (Line)
Info    : [ 20%] Meshing curve 2 (Line)
Info    : [ 30%] Meshing curve 3 (Line)
Info    : [ 50%] Meshing curve 4 (Line)
Info    : [ 60%] Meshing curve 5 (BSpline)
Info    : [ 80%] Meshing curve 6 (BSpline)
Info    : [ 90%] Meshing curve 7 (BSpline)
Info    : Done meshing 1D (Wall 0.0761579s, CPU 0.253485s)
Info    : Meshing 2D...
Info    : Meshing surface 1 (Plane, Frontal-Delaunay)
Info    : Done meshing 2D (Wall 0.060387s, CPU 0.058999s)
Info    : 1253 nodes 2290 elements
Info    : Meshing 1D...
Info    : [  0%] Meshing curve 1 (Line)
Info    : [ 20%] Meshing curve 2 (Line)
Info    : [ 30%] Meshing curve 3 (Line)
Info    : [ 50%] Meshing curve 4 (Line)
Info    : [ 60%] Meshing curve 5 (BSpline)
Info    : [ 80%] Meshing curve 6 (BSpline)
Info    : [ 90%] Meshing curve 7 (BSpline)
Info    : Done meshing 1D (Wall 0.0758695s, CPU 0.694266s)
Info    : Meshing 2D...
Info    : Meshing surface 1 (Plane, Frontal-Delaunay)
Info    : Done meshing 2D (Wall 0.0484314s, CPU 0.04701s)
Info    : 894 nodes 1576 elements
Info    : Meshing 1D...
Info    : [  0%] Meshing curve 1 (Line)
Info    : [ 20%] Meshing curve 2 (Line)
Info    : [ 30%] Meshing curve 3 (Line)
Info    : [ 50%] Meshing curve 4 (Line)
Info    : [ 60%] Meshing curve 5 (BSpline)
Info    : [ 80%] Meshing curve 6 (BSpline)
Info    : [ 90%] Meshing curve 7 (BSpline)
Info    : Done meshing 1D (Wall 0.0697064s, CPU 0.646217s)
Info    : Meshing 2D...
Info    : Meshing surface 1 (Plane, Frontal-Delaunay)
Info    : Done meshing 2D (Wall 0.037643s, CPU 0.036332s)
Info    : 645 nodes 1083 elements
Info    : Meshing 1D...
Info    : [  0%] Meshing curve 1 (Line)
Info    : [ 20%] Meshing curve 2 (Line)
Info    : [ 30%] Meshing curve 3 (Line)
Info    : [ 50%] Meshing curve 4 (Line)
Info    : [ 60%] Meshing curve 5 (BSpline)
Info    : [ 80%] Meshing curve 6 (BSpline)
Info    : [ 90%] Meshing curve 7 (BSpline)
Info    : Done meshing 1D (Wall 0.0444507s, CPU 0.553207s)
Info    : Meshing 2D...
Info    : Meshing surface 1 (Plane, Frontal-Delaunay)
Info    : Done meshing 2D (Wall 0.0426215s, CPU 0.079766s)
Info    : 787 nodes 1369 elements
Info    : Meshing 1D...
Info    : [  0%] Meshing curve 1 (Line)
Info    : [ 20%] Meshing curve 2 (Line)
Info    : [ 30%] Meshing curve 3 (Line)
Info    : [ 50%] Meshing curve 4 (Line)
Info    : [ 60%] Meshing curve 5 (BSpline)
Info    : [ 80%] Meshing curve 6 (BSpline)
Info    : [ 90%] Meshing curve 7 (BSpline)
Info    : Done meshing 1D (Wall 0.131404s, CPU 0.678207s)
Info    : Meshing 2D...
Info    : Meshing surface 1 (Plane, Frontal-Delaunay)
Info    : Done meshing 2D (Wall 0.0331319s, CPU 0.031942s)
Info    : 587 nodes 969 elements
Info    : Meshing 1D...
Info    : [  0%] Meshing curve 1 (Line)
Info    : [ 20%] Meshing curve 2 (Line)
Info    : [ 30%] Meshing curve 3 (Line)
Info    : [ 50%] Meshing curve 4 (Line)
Info    : [ 60%] Meshing curve 5 (BSpline)
Info    : [ 80%] Meshing curve 6 (BSpline)
Info    : [ 90%] Meshing curve 7 (BSpline)
Info    : Done meshing 1D (Wall 0.0859807s, CPU 0.737808s)
Info    : Meshing 2D...
Info    : Meshing surface 1 (Plane, Frontal-Delaunay)
Info    : Done meshing 2D (Wall 0.0560229s, CPU 0.054631s)
Info    : 1264 nodes 2316 elements
Info    : Meshing 1D...
Info    : [  0%] Meshing curve 1 (Line)
Info    : [ 20%] Meshing curve 2 (Line)
Info    : [ 30%] Meshing curve 3 (Line)
Info    : [ 50%] Meshing curve 4 (Line)
Info    : [ 60%] Meshing curve 5 (BSpline)
Info    : [ 80%] Meshing curve 6 (BSpline)
Info    : [ 90%] Meshing curve 7 (BSpline)
Info    : Done meshing 1D (Wall 0.0730322s, CPU 0.531282s)
Info    : Meshing 2D...
Info    : Meshing surface 1 (Plane, Frontal-Delaunay)
Info    : Done meshing 2D (Wall 0.0275638s, CPU 0.025802s)
Info    : 471 nodes 740 elements
Info    : Meshing 1D...
Info    : [  0%] Meshing curve 1 (Line)
Info    : [ 20%] Meshing curve 2 (Line)
Info    : [ 30%] Meshing curve 3 (Line)
Info    : [ 50%] Meshing curve 4 (Line)
Info    : [ 60%] Meshing curve 5 (BSpline)
Info    : [ 80%] Meshing curve 6 (BSpline)
Info    : [ 90%] Meshing curve 7 (BSpline)
Info    : Done meshing 1D (Wall 0.0743471s, CPU 0.817274s)
Info    : Meshing 2D...
Info    : Meshing surface 1 (Plane, Frontal-Delaunay)
Info    : Done meshing 2D (Wall 0.0255902s, CPU 0.024329s)
Info    : 442 nodes 682 elements
Info    : Meshing 1D...
Info    : [  0%] Meshing curve 1 (Line)
Info    : [ 20%] Meshing curve 2 (Line)
Info    : [ 30%] Meshing curve 3 (Line)
Info    : [ 50%] Meshing curve 4 (Line)
Info    : [ 60%] Meshing curve 5 (BSpline)
Info    : [ 80%] Meshing curve 6 (BSpline)
Info    : [ 90%] Meshing curve 7 (BSpline)
Info    : Done meshing 1D (Wall 0.0755962s, CPU 0.886012s)
Info    : Meshing 2D...
Info    : Meshing surface 1 (Plane, Frontal-Delaunay)
Info    : Done meshing 2D (Wall 0.0462031s, CPU 0.044791s)
Info    : 846 nodes 1481 elements
Info    : Meshing 1D...
Info    : [  0%] Meshing curve 1 (Line)
Info    : [ 20%] Meshing curve 2 (Line)
Info    : [ 30%] Meshing curve 3 (Line)
Info    : [ 50%] Meshing curve 4 (Line)
Info    : [ 60%] Meshing curve 5 (BSpline)
Info    : [ 80%] Meshing curve 6 (BSpline)
Info    : [ 90%] Meshing curve 7 (BSpline)
Info    : Done meshing 1D (Wall 0.0825123s, CPU 0.626489s)
Info    : Meshing 2D...
Info    : Meshing surface 1 (Plane, Frontal-Delaunay)
Info    : Done meshing 2D (Wall 0.0395725s, CPU 0.038384s)
Info    : 692 nodes 1176 elements
Info    : Meshing 1D...
Info    : [  0%] Meshing curve 1 (Line)
Info    : [ 20%] Meshing curve 2 (Line)
Info    : [ 30%] Meshing curve 3 (Line)
Info    : [ 50%] Meshing curve 4 (Line)
Info    : [ 60%] Meshing curve 5 (BSpline)
Info    : [ 80%] Meshing curve 6 (BSpline)
Info    : [ 90%] Meshing curve 7 (BSpline)
Info    : Done meshing 1D (Wall 0.0740746s, CPU 0.644499s)
Info    : Meshing 2D...
Info    : Meshing surface 1 (Plane, Frontal-Delaunay)
Info    : Done meshing 2D (Wall 0.0980525s, CPU 0.09658s)
Info    : 2547 nodes 4871 elements
Info    : Meshing 1D...
Info    : [  0%] Meshing curve 1 (Line)
Info    : [ 20%] Meshing curve 2 (Line)
Info    : [ 30%] Meshing curve 3 (Line)
Info    : [ 50%] Meshing curve 4 (Line)
Info    : [ 60%] Meshing curve 5 (BSpline)
Info    : [ 80%] Meshing curve 6 (BSpline)
Info    : [ 90%] Meshing curve 7 (BSpline)
Info    : Done meshing 1D (Wall 0.0819494s, CPU 0.281367s)
Info    : Meshing 2D...
Info    : Meshing surface 1 (Plane, Frontal-Delaunay)
Info    : Done meshing 2D (Wall 0.0515561s, CPU 0.049882s)
Info    : 1083 nodes 1955 elements
Info    : Meshing 1D...
Info    : [  0%] Meshing curve 1 (Line)
Info    : [ 20%] Meshing curve 2 (Line)
Info    : [ 30%] Meshing curve 3 (Line)
Info    : [ 50%] Meshing curve 4 (Line)
Info    : [ 60%] Meshing curve 5 (BSpline)
Info    : [ 80%] Meshing curve 6 (BSpline)
Info    : [ 90%] Meshing curve 7 (BSpline)
Info    : Done meshing 1D (Wall 0.0461026s, CPU 0.438019s)
Info    : Meshing 2D...
Info    : Meshing surface 1 (Plane, Frontal-Delaunay)
Info    : Done meshing 2D (Wall 0.0421743s, CPU 0.147086s)
Info    : 789 nodes 1371 elements
Info    : Meshing 1D...
Info    : [  0%] Meshing curve 1 (Line)
Info    : [ 20%] Meshing curve 2 (Line)
Info    : [ 30%] Meshing curve 3 (Line)
Info    : [ 50%] Meshing curve 4 (Line)
Info    : [ 60%] Meshing curve 5 (BSpline)
Info    : [ 80%] Meshing curve 6 (BSpline)
Info    : [ 90%] Meshing curve 7 (BSpline)
Info    : Done meshing 1D (Wall 0.0690058s, CPU 0.659784s)
Info    : Meshing 2D...
Info    : Meshing surface 1 (Plane, Frontal-Delaunay)
Info    : Done meshing 2D (Wall 0.064774s, CPU 0.063508s)
Info    : 1321 nodes 2424 elements
Info    : Meshing 1D...
Info    : [  0%] Meshing curve 1 (Line)
Info    : [ 20%] Meshing curve 2 (Line)
Info    : [ 30%] Meshing curve 3 (Line)
Info    : [ 50%] Meshing curve 4 (Line)
Info    : [ 60%] Meshing curve 5 (BSpline)
Info    : [ 80%] Meshing curve 6 (BSpline)
Info    : [ 90%] Meshing curve 7 (BSpline)
Info    : Done meshing 1D (Wall 0.0714041s, CPU 0.439646s)
Info    : Meshing 2D...
Info    : Meshing surface 1 (Plane, Frontal-Delaunay)
Info    : Done meshing 2D (Wall 0.0348274s, CPU 0.033615s)
Info    : 633 nodes 1061 elements
Info    : Meshing 1D...
Info    : [  0%] Meshing curve 1 (Line)
Info    : [ 20%] Meshing curve 2 (Line)
Info    : [ 30%] Meshing curve 3 (Line)
Info    : [ 50%] Meshing curve 4 (Line)
Info    : [ 60%] Meshing curve 5 (BSpline)
Info    : [ 80%] Meshing curve 6 (BSpline)
Info    : [ 90%] Meshing curve 7 (BSpline)
Info    : Done meshing 1D (Wall 0.0686424s, CPU 0.742057s)
Info    : Meshing 2D...
Info    : Meshing surface 1 (Plane, Frontal-Delaunay)
Info    : Done meshing 2D (Wall 0.0722158s, CPU 0.07095s)
Info    : 1738 nodes 3260 elements
Info    : Meshing 1D...
Info    : [  0%] Meshing curve 1 (Line)
Info    : [ 20%] Meshing curve 2 (Line)
Info    : [ 30%] Meshing curve 3 (Line)
Info    : [ 50%] Meshing curve 4 (Line)
Info    : [ 60%] Meshing curve 5 (BSpline)
Info    : [ 80%] Meshing curve 6 (BSpline)
Info    : [ 90%] Meshing curve 7 (BSpline)
Info    : Done meshing 1D (Wall 0.0764176s, CPU 0.529411s)
Info    : Meshing 2D...
Info    : Meshing surface 1 (Plane, Frontal-Delaunay)
Info    : Done meshing 2D (Wall 0.0224157s, CPU 0.021017s)
Info    : 384 nodes 568 elements
Info    : Meshing 1D...
Info    : [  0%] Meshing curve 1 (Line)
Info    : [ 20%] Meshing curve 2 (Line)
Info    : [ 30%] Meshing curve 3 (Line)
Info    : [ 50%] Meshing curve 4 (Line)
Info    : [ 60%] Meshing curve 5 (BSpline)
Info    : [ 80%] Meshing curve 6 (BSpline)
Info    : [ 90%] Meshing curve 7 (BSpline)
Info    : Done meshing 1D (Wall 0.078042s, CPU 0.664787s)
Info    : Meshing 2D...
Info    : Meshing surface 1 (Plane, Frontal-Delaunay)
Info    : Done meshing 2D (Wall 0.036309s, CPU 0.034472s)
Info    : 680 nodes 1155 elements
Info    : Meshing 1D...
Info    : [  0%] Meshing curve 1 (Line)
Info    : [ 20%] Meshing curve 2 (Line)
Info    : [ 30%] Meshing curve 3 (Line)
Info    : [ 50%] Meshing curve 4 (Line)
Info    : [ 60%] Meshing curve 5 (BSpline)
Info    : [ 80%] Meshing curve 6 (BSpline)
Info    : [ 90%] Meshing curve 7 (BSpline)
Info    : Done meshing 1D (Wall 0.0361288s, CPU 0.473932s)
Info    : Meshing 2D...
Info    : Meshing surface 1 (Plane, Frontal-Delaunay)
Info    : Done meshing 2D (Wall 0.152575s, CPU 0.468093s)
Info    : 2981 nodes 5737 elements
Info    : Meshing 1D...
Info    : [  0%] Meshing curve 1 (Line)
Info    : [ 20%] Meshing curve 2 (Line)
Info    : [ 30%] Meshing curve 3 (Line)
Info    : [ 50%] Meshing curve 4 (Line)
Info    : [ 60%] Meshing curve 5 (BSpline)
Info    : [ 80%] Meshing curve 6 (BSpline)
Info    : [ 90%] Meshing curve 7 (BSpline)
Info    : Done meshing 1D (Wall 0.0807727s, CPU 0.170246s)
Info    : Meshing 2D...
Info    : Meshing surface 1 (Plane, Frontal-Delaunay)
Info    : Done meshing 2D (Wall 0.0257536s, CPU 0.024298s)
Info    : 451 nodes 700 elements
Info    : Meshing 1D...
Info    : [  0%] Meshing curve 1 (Line)
Info    : [ 20%] Meshing curve 2 (Line)
Info    : [ 30%] Meshing curve 3 (Line)
Info    : [ 50%] Meshing curve 4 (Line)
Info    : [ 60%] Meshing curve 5 (BSpline)
Info    : [ 80%] Meshing curve 6 (BSpline)
Info    : [ 90%] Meshing curve 7 (BSpline)
Info    : Done meshing 1D (Wall 0.0450115s, CPU 0.374939s)
Info    : Meshing 2D...
Info    : Meshing surface 1 (Plane, Frontal-Delaunay)
Info    : Done meshing 2D (Wall 0.0256042s, CPU 0.220481s)
Info    : 381 nodes 562 elements
Info    : Meshing 1D...
Info    : [  0%] Meshing curve 1 (Line)
Info    : [ 20%] Meshing curve 2 (Line)
Info    : [ 30%] Meshing curve 3 (Line)
Info    : [ 50%] Meshing curve 4 (Line)
Info    : [ 60%] Meshing curve 5 (BSpline)
Info    : [ 80%] Meshing curve 6 (BSpline)
Info    : [ 90%] Meshing curve 7 (BSpline)
Info    : Done meshing 1D (Wall 0.0744614s, CPU 0.674534s)
Info    : Meshing 2D...
Info    : Meshing surface 1 (Plane, Frontal-Delaunay)
Info    : Done meshing 2D (Wall 0.0197001s, CPU 0.017954s)
Info    : 380 nodes 562 elements
Info    : Meshing 1D...
Info    : [  0%] Meshing curve 1 (Line)
Info    : [ 20%] Meshing curve 2 (Line)
Info    : [ 30%] Meshing curve 3 (Line)
Info    : [ 50%] Meshing curve 4 (Line)
Info    : [ 60%] Meshing curve 5 (BSpline)
Info    : [ 80%] Meshing curve 6 (BSpline)
Info    : [ 90%] Meshing curve 7 (BSpline)
Info    : Done meshing 1D (Wall 0.0818414s, CPU 0.807146s)
Info    : Meshing 2D...
Info    : Meshing surface 1 (Plane, Frontal-Delaunay)
Info    : Done meshing 2D (Wall 0.0320864s, CPU 0.030964s)
Info    : 631 nodes 1059 elements
Info    : Meshing 1D...
Info    : [  0%] Meshing curve 1 (Line)
Info    : [ 20%] Meshing curve 2 (Line)
Info    : [ 30%] Meshing curve 3 (Line)
Info    : [ 50%] Meshing curve 4 (Line)
Info    : [ 60%] Meshing curve 5 (BSpline)
Info    : [ 80%] Meshing curve 6 (BSpline)
Info    : [ 90%] Meshing curve 7 (BSpline)
Info    : Done meshing 1D (Wall 0.077524s, CPU 0.721376s)
Info    : Meshing 2D...
Info    : Meshing surface 1 (Plane, Frontal-Delaunay)
Info    : Done meshing 2D (Wall 0.0264101s, CPU 0.024938s)
Info    : 466 nodes 730 elements
Info    : Meshing 1D...
Info    : [  0%] Meshing curve 1 (Line)
Info    : [ 20%] Meshing curve 2 (Line)
Info    : [ 30%] Meshing curve 3 (Line)
Info    : [ 50%] Meshing curve 4 (Line)
Info    : [ 60%] Meshing curve 5 (BSpline)
Info    : [ 80%] Meshing curve 6 (BSpline)
Info    : [ 90%] Meshing curve 7 (BSpline)
Info    : Done meshing 1D (Wall 0.0194495s, CPU 0.240881s)
Info    : Meshing 2D...
Info    : Meshing surface 1 (Plane, Frontal-Delaunay)
Info    : Done meshing 2D (Wall 0.108206s, CPU 0.520275s)
Info    : 2564 nodes 4904 elements
Info    : Meshing 1D...
Info    : [  0%] Meshing curve 1 (Line)
Info    : [ 20%] Meshing curve 2 (Line)
Info    : [ 30%] Meshing curve 3 (Line)
Info    : [ 50%] Meshing curve 4 (Line)
Info    : [ 60%] Meshing curve 5 (BSpline)
Info    : [ 80%] Meshing curve 6 (BSpline)
Info    : [ 90%] Meshing curve 7 (BSpline)
Info    : Done meshing 1D (Wall 0.0434503s, CPU 0.262231s)
Info    : Meshing 2D...
Info    : Meshing surface 1 (Plane, Frontal-Delaunay)
Info    : Done meshing 2D (Wall 0.037029s, CPU 0.035908s)
Info    : 687 nodes 1168 elements
Info    : Meshing 1D...
Info    : [  0%] Meshing curve 1 (Line)
Info    : [ 20%] Meshing curve 2 (Line)
Info    : [ 30%] Meshing curve 3 (Line)
Info    : [ 50%] Meshing curve 4 (Line)
Info    : [ 60%] Meshing curve 5 (BSpline)
Info    : [ 80%] Meshing curve 6 (BSpline)
Info    : [ 90%] Meshing curve 7 (BSpline)
Info    : Done meshing 1D (Wall 0.073549s, CPU 0.72647s)
Info    : Meshing 2D...
Info    : Meshing surface 1 (Plane, Frontal-Delaunay)
Info    : Done meshing 2D (Wall 0.0288124s, CPU 0.027406s)
Info    : 521 nodes 839 elements
Info    : Meshing 1D...
Info    : [  0%] Meshing curve 1 (Line)
Info    : [ 20%] Meshing curve 2 (Line)
Info    : [ 30%] Meshing curve 3 (Line)
Info    : [ 50%] Meshing curve 4 (Line)
Info    : [ 60%] Meshing curve 5 (BSpline)
Info    : [ 80%] Meshing curve 6 (BSpline)
Info    : [ 90%] Meshing curve 7 (BSpline)
Info    : Done meshing 1D (Wall 0.0673531s, CPU 0.644765s)
Info    : Meshing 2D...
Info    : Meshing surface 1 (Plane, Frontal-Delaunay)
Info    : Done meshing 2D (Wall 0.0239191s, CPU 0.022299s)
Info    : 399 nodes 597 elements
Info    : Meshing 1D...
Info    : [  0%] Meshing curve 1 (Line)
Info    : [ 20%] Meshing curve 2 (Line)
Info    : [ 30%] Meshing curve 3 (Line)
Info    : [ 50%] Meshing curve 4 (Line)
Info    : [ 60%] Meshing curve 5 (BSpline)
Info    : [ 80%] Meshing curve 6 (BSpline)
Info    : [ 90%] Meshing curve 7 (BSpline)
Info    : Done meshing 1D (Wall 0.084314s, CPU 0.717375s)
Info    : Meshing 2D...
Info    : Meshing surface 1 (Plane, Frontal-Delaunay)
Info    : Done meshing 2D (Wall 0.0475461s, CPU 0.045758s)
Info    : 1014 nodes 1819 elements
Info    : Meshing 1D...
Info    : [  0%] Meshing curve 1 (Line)
Info    : [ 20%] Meshing curve 2 (Line)
Info    : [ 30%] Meshing curve 3 (Line)
Info    : [ 50%] Meshing curve 4 (Line)
Info    : [ 60%] Meshing curve 5 (BSpline)
Info    : [ 80%] Meshing curve 6 (BSpline)
Info    : [ 90%] Meshing curve 7 (BSpline)
Info    : Done meshing 1D (Wall 0.0853183s, CPU 0.722281s)
Info    : Meshing 2D...
Info    : Meshing surface 1 (Plane, Frontal-Delaunay)
Info    : Done meshing 2D (Wall 0.0351409s, CPU 0.033999s)
Info    : 595 nodes 983 elements
Info    : Meshing 1D...
Info    : [  0%] Meshing curve 1 (Line)
Info    : [ 20%] Meshing curve 2 (Line)
Info    : [ 30%] Meshing curve 3 (Line)
Info    : [ 50%] Meshing curve 4 (Line)
Info    : [ 60%] Meshing curve 5 (BSpline)
Info    : [ 80%] Meshing curve 6 (BSpline)
Info    : [ 90%] Meshing curve 7 (BSpline)
Info    : Done meshing 1D (Wall 0.0439241s, CPU 0.477258s)
Info    : Meshing 2D...
Info    : Meshing surface 1 (Plane, Frontal-Delaunay)
Info    : Done meshing 2D (Wall 0.0703938s, CPU 0.121728s)
Info    : 1451 nodes 2684 elements
Info    : Meshing 1D...
Info    : [  0%] Meshing curve 1 (Line)
Info    : [ 20%] Meshing curve 2 (Line)
Info    : [ 30%] Meshing curve 3 (Line)
Info    : [ 50%] Meshing curve 4 (Line)
Info    : [ 60%] Meshing curve 5 (BSpline)
Info    : [ 80%] Meshing curve 6 (BSpline)
Info    : [ 90%] Meshing curve 7 (BSpline)
Info    : Done meshing 1D (Wall 0.0703278s, CPU 0.503907s)
Info    : Meshing 2D...
Info    : Meshing surface 1 (Plane, Frontal-Delaunay)
Info    : Done meshing 2D (Wall 0.0510238s, CPU 0.04945s)
Info    : 1126 nodes 2043 elements
Info    : Meshing 1D...
Info    : [  0%] Meshing curve 1 (Line)
Info    : [ 20%] Meshing curve 2 (Line)
Info    : [ 30%] Meshing curve 3 (Line)
Info    : [ 50%] Meshing curve 4 (Line)
Info    : [ 60%] Meshing curve 5 (BSpline)
Info    : [ 80%] Meshing curve 6 (BSpline)
Info    : [ 90%] Meshing curve 7 (BSpline)
Info    : Done meshing 1D (Wall 0.0716086s, CPU 0.609722s)
Info    : Meshing 2D...
Info    : Meshing surface 1 (Plane, Frontal-Delaunay)
Info    : Done meshing 2D (Wall 0.0989047s, CPU 0.09725s)
Info    : 2540 nodes 4856 elements
Info    : Meshing 1D...
Info    : [  0%] Meshing curve 1 (Line)
Info    : [ 20%] Meshing curve 2 (Line)
Info    : [ 30%] Meshing curve 3 (Line)
Info    : [ 50%] Meshing curve 4 (Line)
Info    : [ 60%] Meshing curve 5 (BSpline)
Info    : [ 80%] Meshing curve 6 (BSpline)
Info    : [ 90%] Meshing curve 7 (BSpline)
Info    : Done meshing 1D (Wall 0.0697595s, CPU 0.368015s)
Info    : Meshing 2D...
Info    : Meshing surface 1 (Plane, Frontal-Delaunay)
Info    : Done meshing 2D (Wall 0.0334904s, CPU 0.03188s)
Info    : 627 nodes 1050 elements
Info    : Meshing 1D...
Info    : [  0%] Meshing curve 1 (Line)
Info    : [ 20%] Meshing curve 2 (Line)
Info    : [ 30%] Meshing curve 3 (Line)
Info    : [ 50%] Meshing curve 4 (Line)
Info    : [ 60%] Meshing curve 5 (BSpline)
Info    : [ 80%] Meshing curve 6 (BSpline)
Info    : [ 90%] Meshing curve 7 (BSpline)
Info    : Done meshing 1D (Wall 0.0702202s, CPU 0.663175s)
Info    : Meshing 2D...
Info    : Meshing surface 1 (Plane, Frontal-Delaunay)
Info    : Done meshing 2D (Wall 0.053896s, CPU 0.052209s)
Info    : 1136 nodes 2061 elements
Info    : Meshing 1D...
Info    : [  0%] Meshing curve 1 (Line)
Info    : [ 20%] Meshing curve 2 (Line)
Info    : [ 30%] Meshing curve 3 (Line)
Info    : [ 50%] Meshing curve 4 (Line)
Info    : [ 60%] Meshing curve 5 (BSpline)
Info    : [ 80%] Meshing curve 6 (BSpline)
Info    : [ 90%] Meshing curve 7 (BSpline)
Info    : Done meshing 1D (Wall 0.0747799s, CPU 0.637019s)
Info    : Meshing 2D...
Info    : Meshing surface 1 (Plane, Frontal-Delaunay)
Info    : Done meshing 2D (Wall 0.0777171s, CPU 0.076309s)
Info    : 1870 nodes 3521 elements
Info    : Meshing 1D...
Info    : [  0%] Meshing curve 1 (Line)
Info    : [ 20%] Meshing curve 2 (Line)
Info    : [ 30%] Meshing curve 3 (Line)
Info    : [ 50%] Meshing curve 4 (Line)
Info    : [ 60%] Meshing curve 5 (BSpline)
Info    : [ 80%] Meshing curve 6 (BSpline)
Info    : [ 90%] Meshing curve 7 (BSpline)
Info    : Done meshing 1D (Wall 0.0752263s, CPU 0.547041s)
Info    : Meshing 2D...
Info    : Meshing surface 1 (Plane, Frontal-Delaunay)
Info    : Done meshing 2D (Wall 0.0341611s, CPU 0.032796s)
Info    : 649 nodes 1094 elements
Info    : Meshing 1D...
Info    : [  0%] Meshing curve 1 (Line)
Info    : [ 20%] Meshing curve 2 (Line)
Info    : [ 30%] Meshing curve 3 (Line)
Info    : [ 50%] Meshing curve 4 (Line)
Info    : [ 60%] Meshing curve 5 (BSpline)
Info    : [ 80%] Meshing curve 6 (BSpline)
Info    : [ 90%] Meshing curve 7 (BSpline)
Info    : Done meshing 1D (Wall 0.0418091s, CPU 0.368039s)
Info    : Meshing 2D...
Info    : Meshing surface 1 (Plane, Frontal-Delaunay)
Info    : Done meshing 2D (Wall 0.0447232s, CPU 0.23859s)
Info    : 842 nodes 1478 elements
Info    : Meshing 1D...
Info    : [  0%] Meshing curve 1 (Line)
Info    : [ 20%] Meshing curve 2 (Line)
Info    : [ 30%] Meshing curve 3 (Line)
Info    : [ 50%] Meshing curve 4 (Line)
Info    : [ 60%] Meshing curve 5 (BSpline)
Info    : [ 80%] Meshing curve 6 (BSpline)
Info    : [ 90%] Meshing curve 7 (BSpline)
Info    : Done meshing 1D (Wall 0.0737338s, CPU 0.552305s)
Info    : Meshing 2D...
Info    : Meshing surface 1 (Plane, Frontal-Delaunay)
Info    : Done meshing 2D (Wall 0.019737s, CPU 0.018508s)
Info    : 373 nodes 548 elements
Info    : Meshing 1D...
Info    : [  0%] Meshing curve 1 (Line)
Info    : [ 20%] Meshing curve 2 (Line)
Info    : [ 30%] Meshing curve 3 (Line)
Info    : [ 50%] Meshing curve 4 (Line)
Info    : [ 60%] Meshing curve 5 (BSpline)
Info    : [ 80%] Meshing curve 6 (BSpline)
Info    : [ 90%] Meshing curve 7 (BSpline)
Info    : Done meshing 1D (Wall 0.0820654s, CPU 0.851472s)
Info    : Meshing 2D...
Info    : Meshing surface 1 (Plane, Frontal-Delaunay)
Info    : Done meshing 2D (Wall 0.0389379s, CPU 0.037261s)
Info    : 741 nodes 1275 elements
Info    : Meshing 1D...
Info    : [  0%] Meshing curve 1 (Line)
Info    : [ 20%] Meshing curve 2 (Line)
Info    : [ 30%] Meshing curve 3 (Line)
Info    : [ 50%] Meshing curve 4 (Line)
Info    : [ 60%] Meshing curve 5 (BSpline)
Info    : [ 80%] Meshing curve 6 (BSpline)
Info    : [ 90%] Meshing curve 7 (BSpline)
Info    : Done meshing 1D (Wall 0.0737838s, CPU 0.756262s)
Info    : Meshing 2D...
Info    : Meshing surface 1 (Plane, Frontal-Delaunay)
Info    : Done meshing 2D (Wall 0.0283718s, CPU 0.027075s)
Info    : 481 nodes 759 elements
Info    : Meshing 1D...
Info    : [  0%] Meshing curve 1 (Line)
Info    : [ 20%] Meshing curve 2 (Line)
Info    : [ 30%] Meshing curve 3 (Line)
Info    : [ 50%] Meshing curve 4 (Line)
Info    : [ 60%] Meshing curve 5 (BSpline)
Info    : [ 80%] Meshing curve 6 (BSpline)
Info    : [ 90%] Meshing curve 7 (BSpline)
Info    : Done meshing 1D (Wall 0.0829562s, CPU 0.769951s)
Info    : Meshing 2D...
Info    : Meshing surface 1 (Plane, Frontal-Delaunay)
Info    : Done meshing 2D (Wall 0.0628108s, CPU 0.061499s)
Info    : 1255 nodes 2293 elements
Info    : Meshing 1D...
Info    : [  0%] Meshing curve 1 (Line)
Info    : [ 20%] Meshing curve 2 (Line)
Info    : [ 30%] Meshing curve 3 (Line)
Info    : [ 50%] Meshing curve 4 (Line)
Info    : [ 60%] Meshing curve 5 (BSpline)
Info    : [ 80%] Meshing curve 6 (BSpline)
Info    : [ 90%] Meshing curve 7 (BSpline)
Info    : Done meshing 1D (Wall 0.0442805s, CPU 0.530876s)
Info    : Meshing 2D...
Info    : Meshing surface 1 (Plane, Frontal-Delaunay)
Info    : Done meshing 2D (Wall 0.0532062s, CPU 0.062584s)
Info    : 1120 nodes 2029 elements
Info    : Meshing 1D...
Info    : [  0%] Meshing curve 1 (Line)
Info    : [ 20%] Meshing curve 2 (Line)
Info    : [ 30%] Meshing curve 3 (Line)
Info    : [ 50%] Meshing curve 4 (Line)
Info    : [ 60%] Meshing curve 5 (BSpline)
Info    : [ 80%] Meshing curve 6 (BSpline)
Info    : [ 90%] Meshing curve 7 (BSpline)
Info    : Done meshing 1D (Wall 0.0754003s, CPU 0.726725s)
Info    : Meshing 2D...
Info    : Meshing surface 1 (Plane, Frontal-Delaunay)
Info    : Done meshing 2D (Wall 0.0241419s, CPU 0.022038s)
Info    : 407 nodes 613 elements
Info    : Meshing 1D...
Info    : [  0%] Meshing curve 1 (Line)
Info    : [ 20%] Meshing curve 2 (Line)
Info    : [ 30%] Meshing curve 3 (Line)
Info    : [ 50%] Meshing curve 4 (Line)
Info    : [ 60%] Meshing curve 5 (BSpline)
Info    : [ 80%] Meshing curve 6 (BSpline)
Info    : [ 90%] Meshing curve 7 (BSpline)
Info    : Done meshing 1D (Wall 0.0774783s, CPU 0.639446s)
Info    : Meshing 2D...
Info    : Meshing surface 1 (Plane, Frontal-Delaunay)
Info    : Done meshing 2D (Wall 0.0439697s, CPU 0.042599s)
Info    : 840 nodes 1472 elements
Info    : Meshing 1D...
Info    : [  0%] Meshing curve 1 (Line)
Info    : [ 20%] Meshing curve 2 (Line)
Info    : [ 30%] Meshing curve 3 (Line)
Info    : [ 50%] Meshing curve 4 (Line)
Info    : [ 60%] Meshing curve 5 (BSpline)
Info    : [ 80%] Meshing curve 6 (BSpline)
Info    : [ 90%] Meshing curve 7 (BSpline)
Info    : Done meshing 1D (Wall 0.0765671s, CPU 0.613067s)
Info    : Meshing 2D...
Info    : Meshing surface 1 (Plane, Frontal-Delaunay)
Info    : Done meshing 2D (Wall 0.0367576s, CPU 0.035363s)
Info    : 667 nodes 1128 elements
Info    : Meshing 1D...
Info    : [  0%] Meshing curve 1 (Line)
Info    : [ 20%] Meshing curve 2 (Line)
Info    : [ 30%] Meshing curve 3 (Line)
Info    : [ 50%] Meshing curve 4 (Line)
Info    : [ 60%] Meshing curve 5 (BSpline)
Info    : [ 80%] Meshing curve 6 (BSpline)
Info    : [ 90%] Meshing curve 7 (BSpline)
Info    : Done meshing 1D (Wall 0.0775535s, CPU 0.769691s)
Info    : Meshing 2D...
Info    : Meshing surface 1 (Plane, Frontal-Delaunay)
Info    : Done meshing 2D (Wall 0.0669182s, CPU 0.065378s)
Info    : 1477 nodes 2738 elements
Info    : Meshing 1D...
Info    : [  0%] Meshing curve 1 (Line)
Info    : [ 20%] Meshing curve 2 (Line)
Info    : [ 30%] Meshing curve 3 (Line)
Info    : [ 50%] Meshing curve 4 (Line)
Info    : [ 60%] Meshing curve 5 (BSpline)
Info    : [ 80%] Meshing curve 6 (BSpline)
Info    : [ 90%] Meshing curve 7 (BSpline)
Info    : Done meshing 1D (Wall 0.0776849s, CPU 0.565906s)
Info    : Meshing 2D...
Info    : Meshing surface 1 (Plane, Frontal-Delaunay)
Info    : Done meshing 2D (Wall 0.0438186s, CPU 0.042653s)
Info    : 839 nodes 1469 elements
Info    : Meshing 1D...
Info    : [  0%] Meshing curve 1 (Line)
Info    : [ 20%] Meshing curve 2 (Line)
Info    : [ 30%] Meshing curve 3 (Line)
Info    : [ 50%] Meshing curve 4 (Line)
Info    : [ 60%] Meshing curve 5 (BSpline)
Info    : [ 80%] Meshing curve 6 (BSpline)
Info    : [ 90%] Meshing curve 7 (BSpline)
Info    : Done meshing 1D (Wall 0.0691846s, CPU 0.683284s)
Info    : Meshing 2D...
Info    : Meshing surface 1 (Plane, Frontal-Delaunay)
Info    : Done meshing 2D (Wall 0.0262992s, CPU 0.024862s)
Info    : 443 nodes 684 elements
Info    : Meshing 1D...
Info    : [  0%] Meshing curve 1 (Line)
Info    : [ 20%] Meshing curve 2 (Line)
Info    : [ 30%] Meshing curve 3 (Line)
Info    : [ 50%] Meshing curve 4 (Line)
Info    : [ 60%] Meshing curve 5 (BSpline)
Info    : [ 80%] Meshing curve 6 (BSpline)
Info    : [ 90%] Meshing curve 7 (BSpline)
Info    : Done meshing 1D (Wall 0.0447299s, CPU 0.515504s)
Info    : Meshing 2D...
Info    : Meshing surface 1 (Plane, Frontal-Delaunay)
Info    : Done meshing 2D (Wall 0.0420494s, CPU 0.123218s)
Info    : 786 nodes 1367 elements
Info    : Meshing 1D...
Info    : [  0%] Meshing curve 1 (Line)
Info    : [ 20%] Meshing curve 2 (Line)
Info    : [ 30%] Meshing curve 3 (Line)
Info    : [ 50%] Meshing curve 4 (Line)
Info    : [ 60%] Meshing curve 5 (BSpline)
Info    : [ 80%] Meshing curve 6 (BSpline)
Info    : [ 90%] Meshing curve 7 (BSpline)
Info    : Done meshing 1D (Wall 0.079888s, CPU 0.594503s)
Info    : Meshing 2D...
Info    : Meshing surface 1 (Plane, Frontal-Delaunay)
Info    : Done meshing 2D (Wall 0.031948s, CPU 0.030714s)
Info    : 551 nodes 898 elements
Info    : Meshing 1D...
Info    : [  0%] Meshing curve 1 (Line)
Info    : [ 20%] Meshing curve 2 (Line)
Info    : [ 30%] Meshing curve 3 (Line)
Info    : [ 50%] Meshing curve 4 (Line)
Info    : [ 60%] Meshing curve 5 (BSpline)
Info    : [ 80%] Meshing curve 6 (BSpline)
Info    : [ 90%] Meshing curve 7 (BSpline)
Info    : Done meshing 1D (Wall 0.0777131s, CPU 0.715413s)
Info    : Meshing 2D...
Info    : Meshing surface 1 (Plane, Frontal-Delaunay)
Info    : Done meshing 2D (Wall 0.0297636s, CPU 0.028311s)
Info    : 512 nodes 821 elements
Info    : Meshing 1D...
Info    : [  0%] Meshing curve 1 (Line)
Info    : [ 20%] Meshing curve 2 (Line)
Info    : [ 30%] Meshing curve 3 (Line)
Info    : [ 50%] Meshing curve 4 (Line)
Info    : [ 60%] Meshing curve 5 (BSpline)
Info    : [ 80%] Meshing curve 6 (BSpline)
Info    : [ 90%] Meshing curve 7 (BSpline)
Info    : Done meshing 1D (Wall 0.0926841s, CPU 0.692736s)
Info    : Meshing 2D...
Info    : Meshing surface 1 (Plane, Frontal-Delaunay)
Info    : Done meshing 2D (Wall 0.0482649s, CPU 0.046952s)
Info    : 1010 nodes 1811 elements
Info    : Meshing 1D...
Info    : [  0%] Meshing curve 1 (Line)
Info    : [ 20%] Meshing curve 2 (Line)
Info    : [ 30%] Meshing curve 3 (Line)
Info    : [ 50%] Meshing curve 4 (Line)
Info    : [ 60%] Meshing curve 5 (BSpline)
Info    : [ 80%] Meshing curve 6 (BSpline)
Info    : [ 90%] Meshing curve 7 (BSpline)
Info    : Done meshing 1D (Wall 0.0828093s, CPU 0.576219s)
Info    : Meshing 2D...
Info    : Meshing surface 1 (Plane, Frontal-Delaunay)
Info    : Done meshing 2D (Wall 0.0305493s, CPU 0.029117s)
Info    : 589 nodes 975 elements
Info    : Meshing 1D...
Info    : [  0%] Meshing curve 1 (Line)
Info    : [ 20%] Meshing curve 2 (Line)
Info    : [ 30%] Meshing curve 3 (Line)
Info    : [ 50%] Meshing curve 4 (Line)
Info    : [ 60%] Meshing curve 5 (BSpline)
Info    : [ 80%] Meshing curve 6 (BSpline)
Info    : [ 90%] Meshing curve 7 (BSpline)
Info    : Done meshing 1D (Wall 0.0450051s, CPU 0.610362s)
Info    : Meshing 2D...
Info    : Meshing surface 1 (Plane, Frontal-Delaunay)
Info    : Done meshing 2D (Wall 0.0531347s, CPU 0.219644s)
Info    : 378 nodes 556 elements
Info    : Meshing 1D...
Info    : [  0%] Meshing curve 1 (Line)
Info    : [ 20%] Meshing curve 2 (Line)
Info    : [ 30%] Meshing curve 3 (Line)
Info    : [ 50%] Meshing curve 4 (Line)
Info    : [ 60%] Meshing curve 5 (BSpline)
Info    : [ 80%] Meshing curve 6 (BSpline)
Info    : [ 90%] Meshing curve 7 (BSpline)
Info    : Done meshing 1D (Wall 0.0732593s, CPU 0.692859s)
Info    : Meshing 2D...
Info    : Meshing surface 1 (Plane, Frontal-Delaunay)
Info    : Done meshing 2D (Wall 0.0672988s, CPU 0.065976s)
Info    : 1380 nodes 2541 elements
Info    : Meshing 1D...
Info    : [  0%] Meshing curve 1 (Line)
Info    : [ 20%] Meshing curve 2 (Line)
Info    : [ 30%] Meshing curve 3 (Line)
Info    : [ 50%] Meshing curve 4 (Line)
Info    : [ 60%] Meshing curve 5 (BSpline)
Info    : [ 80%] Meshing curve 6 (BSpline)
Info    : [ 90%] Meshing curve 7 (BSpline)
Info    : Done meshing 1D (Wall 0.0780285s, CPU 0.439283s)
Info    : Meshing 2D...
Info    : Meshing surface 1 (Plane, Frontal-Delaunay)
Info    : Done meshing 2D (Wall 0.0331112s, CPU 0.03198s)
Info    : 593 nodes 982 elements
Info    : Meshing 1D...
Info    : [  0%] Meshing curve 1 (Line)
Info    : [ 20%] Meshing curve 2 (Line)
Info    : [ 30%] Meshing curve 3 (Line)
Info    : [ 50%] Meshing curve 4 (Line)
Info    : [ 60%] Meshing curve 5 (BSpline)
Info    : [ 80%] Meshing curve 6 (BSpline)
Info    : [ 90%] Meshing curve 7 (BSpline)
Info    : Done meshing 1D (Wall 0.0782404s, CPU 0.766172s)
Info    : Meshing 2D...
Info    : Meshing surface 1 (Plane, Frontal-Delaunay)
Info    : Done meshing 2D (Wall 0.0287619s, CPU 0.027685s)
Info    : 549 nodes 896 elements
Info    : Meshing 1D...
Info    : [  0%] Meshing curve 1 (Line)
Info    : [ 20%] Meshing curve 2 (Line)
Info    : [ 30%] Meshing curve 3 (Line)
Info    : [ 50%] Meshing curve 4 (Line)
Info    : [ 60%] Meshing curve 5 (BSpline)
Info    : [ 80%] Meshing curve 6 (BSpline)
Info    : [ 90%] Meshing curve 7 (BSpline)
Info    : Done meshing 1D (Wall 0.0713375s, CPU 0.584385s)
Info    : Meshing 2D...
Info    : Meshing surface 1 (Plane, Frontal-Delaunay)
Info    : Done meshing 2D (Wall 0.0319331s, CPU 0.030281s)
Info    : 549 nodes 893 elements
Info    : Meshing 1D...
Info    : [  0%] Meshing curve 1 (Line)
Info    : [ 20%] Meshing curve 2 (Line)
Info    : [ 30%] Meshing curve 3 (Line)
Info    : [ 50%] Meshing curve 4 (Line)
Info    : [ 60%] Meshing curve 5 (BSpline)
Info    : [ 80%] Meshing curve 6 (BSpline)
Info    : [ 90%] Meshing curve 7 (BSpline)
Info    : Done meshing 1D (Wall 0.0428929s, CPU 0.490607s)
Info    : Meshing 2D...
Info    : Meshing surface 1 (Plane, Frontal-Delaunay)
Info    : Done meshing 2D (Wall 0.0521332s, CPU 0.243111s)
Info    : 379 nodes 560 elements
Info    : Meshing 1D...
Info    : [  0%] Meshing curve 1 (Line)
Info    : [ 20%] Meshing curve 2 (Line)
Info    : [ 30%] Meshing curve 3 (Line)
Info    : [ 50%] Meshing curve 4 (Line)
Info    : [ 60%] Meshing curve 5 (BSpline)
Info    : [ 80%] Meshing curve 6 (BSpline)
Info    : [ 90%] Meshing curve 7 (BSpline)
Info    : Done meshing 1D (Wall 0.0161959s, CPU 0.236296s)
Info    : Meshing 2D...
Info    : Meshing surface 1 (Plane, Frontal-Delaunay)
Info    : Done meshing 2D (Wall 0.0321983s, CPU 0.410062s)
Info    : 440 nodes 680 elements
Info    : Meshing 1D...
Info    : [  0%] Meshing curve 1 (Line)
Info    : [ 20%] Meshing curve 2 (Line)
Info    : [ 30%] Meshing curve 3 (Line)
Info    : [ 50%] Meshing curve 4 (Line)
Info    : [ 60%] Meshing curve 5 (BSpline)
Info    : [ 80%] Meshing curve 6 (BSpline)
Info    : [ 90%] Meshing curve 7 (BSpline)
Info    : Done meshing 1D (Wall 0.0995965s, CPU 0.658456s)
Info    : Meshing 2D...
Info    : Meshing surface 1 (Plane, Frontal-Delaunay)
Info    : Done meshing 2D (Wall 0.0540307s, CPU 0.052676s)
Info    : 1126 nodes 2040 elements
Info    : Meshing 1D...
Info    : [  0%] Meshing curve 1 (Line)
Info    : [ 20%] Meshing curve 2 (Line)
Info    : [ 30%] Meshing curve 3 (Line)
Info    : [ 50%] Meshing curve 4 (Line)
Info    : [ 60%] Meshing curve 5 (BSpline)
Info    : [ 80%] Meshing curve 6 (BSpline)
Info    : [ 90%] Meshing curve 7 (BSpline)
Info    : Done meshing 1D (Wall 0.0761834s, CPU 0.633432s)
Info    : Meshing 2D...
Info    : Meshing surface 1 (Plane, Frontal-Delaunay)
Info    : Done meshing 2D (Wall 0.0335342s, CPU 0.03215s)
Info    : 593 nodes 981 elements
Info    : Meshing 1D...
Info    : [  0%] Meshing curve 1 (Line)
Info    : [ 20%] Meshing curve 2 (Line)
Info    : [ 30%] Meshing curve 3 (Line)
Info    : [ 50%] Meshing curve 4 (Line)
Info    : [ 60%] Meshing curve 5 (BSpline)
Info    : [ 80%] Meshing curve 6 (BSpline)
Info    : [ 90%] Meshing curve 7 (BSpline)
Info    : Done meshing 1D (Wall 0.0790969s, CPU 0.607819s)
Info    : Meshing 2D...
Info    : Meshing surface 1 (Plane, Frontal-Delaunay)
Info    : Done meshing 2D (Wall 0.0622325s, CPU 0.060697s)
Info    : 1342 nodes 2469 elements
Info    : Meshing 1D...
Info    : [  0%] Meshing curve 1 (Line)
Info    : [ 20%] Meshing curve 2 (Line)
Info    : [ 30%] Meshing curve 3 (Line)
Info    : [ 50%] Meshing curve 4 (Line)
Info    : [ 60%] Meshing curve 5 (BSpline)
Info    : [ 80%] Meshing curve 6 (BSpline)
Info    : [ 90%] Meshing curve 7 (BSpline)
Info    : Done meshing 1D (Wall 0.0180612s, CPU 0.355804s)
Info    : Meshing 2D...
Info    : Meshing surface 1 (Plane, Frontal-Delaunay)
Info    : Done meshing 2D (Wall 0.0439028s, CPU 0.342845s)
Info    : 638 nodes 1069 elements
Info    : Meshing 1D...
Info    : [  0%] Meshing curve 1 (Line)
Info    : [ 20%] Meshing curve 2 (Line)
Info    : [ 30%] Meshing curve 3 (Line)
Info    : [ 50%] Meshing curve 4 (Line)
Info    : [ 60%] Meshing curve 5 (BSpline)
Info    : [ 80%] Meshing curve 6 (BSpline)
Info    : [ 90%] Meshing curve 7 (BSpline)
Info    : Done meshing 1D (Wall 0.0712552s, CPU 0.742328s)
Info    : Meshing 2D...
Info    : Meshing surface 1 (Plane, Frontal-Delaunay)
Info    : Done meshing 2D (Wall 0.0453945s, CPU 0.04418s)
Info    : 944 nodes 1680 elements
Info    : Meshing 1D...
Info    : [  0%] Meshing curve 1 (Line)
Info    : [ 20%] Meshing curve 2 (Line)
Info    : [ 30%] Meshing curve 3 (Line)
Info    : [ 50%] Meshing curve 4 (Line)
Info    : [ 60%] Meshing curve 5 (BSpline)
Info    : [ 80%] Meshing curve 6 (BSpline)
Info    : [ 90%] Meshing curve 7 (BSpline)
Info    : Done meshing 1D (Wall 0.0482955s, CPU 0.546748s)
Info    : Meshing 2D...
Info    : Meshing surface 1 (Plane, Frontal-Delaunay)
Info    : Done meshing 2D (Wall 0.123681s, CPU 0.165968s)
Info    : 3060 nodes 5885 elements
Info    : Meshing 1D...
Info    : [  0%] Meshing curve 1 (Line)
Info    : [ 20%] Meshing curve 2 (Line)
Info    : [ 30%] Meshing curve 3 (Line)
Info    : [ 50%] Meshing curve 4 (Line)
Info    : [ 60%] Meshing curve 5 (BSpline)
Info    : [ 80%] Meshing curve 6 (BSpline)
Info    : [ 90%] Meshing curve 7 (BSpline)
Info    : Done meshing 1D (Wall 0.0781231s, CPU 0.142922s)
Info    : Meshing 2D...
Info    : Meshing surface 1 (Plane, Frontal-Delaunay)
Info    : Done meshing 2D (Wall 0.0376109s, CPU 0.035735s)
Info    : 736 nodes 1267 elements
Info    : Meshing 1D...
Info    : [  0%] Meshing curve 1 (Line)
Info    : [ 20%] Meshing curve 2 (Line)
Info    : [ 30%] Meshing curve 3 (Line)
Info    : [ 50%] Meshing curve 4 (Line)
Info    : [ 60%] Meshing curve 5 (BSpline)
Info    : [ 80%] Meshing curve 6 (BSpline)
Info    : [ 90%] Meshing curve 7 (BSpline)
Info    : Done meshing 1D (Wall 0.0746611s, CPU 0.766874s)
Info    : Meshing 2D...
Info    : Meshing surface 1 (Plane, Frontal-Delaunay)
Info    : Done meshing 2D (Wall 0.0229822s, CPU 0.021607s)
Info    : 398 nodes 596 elements
Info    : Meshing 1D...
Info    : [  0%] Meshing curve 1 (Line)
Info    : [ 20%] Meshing curve 2 (Line)
Info    : [ 30%] Meshing curve 3 (Line)
Info    : [ 50%] Meshing curve 4 (Line)
Info    : [ 60%] Meshing curve 5 (BSpline)
Info    : [ 80%] Meshing curve 6 (BSpline)
Info    : [ 90%] Meshing curve 7 (BSpline)
Info    : Done meshing 1D (Wall 0.075132s, CPU 0.547361s)
Info    : Meshing 2D...
Info    : Meshing surface 1 (Plane, Frontal-Delaunay)
Info    : Done meshing 2D (Wall 0.0228186s, CPU 0.021589s)
Info    : 400 nodes 600 elements
Info    : Meshing 1D...
Info    : [  0%] Meshing curve 1 (Line)
Info    : [ 20%] Meshing curve 2 (Line)
Info    : [ 30%] Meshing curve 3 (Line)
Info    : [ 50%] Meshing curve 4 (Line)
Info    : [ 60%] Meshing curve 5 (BSpline)
Info    : [ 80%] Meshing curve 6 (BSpline)
Info    : [ 90%] Meshing curve 7 (BSpline)
Info    : Done meshing 1D (Wall 0.0806527s, CPU 0.657993s)
Info    : Meshing 2D...
Info    : Meshing surface 1 (Plane, Frontal-Delaunay)
Info    : Done meshing 2D (Wall 0.106441s, CPU 0.105009s)
Info    : 2640 nodes 5051 elements
Info    : Meshing 1D...
Info    : [  0%] Meshing curve 1 (Line)
Info    : [ 20%] Meshing curve 2 (Line)
Info    : [ 30%] Meshing curve 3 (Line)
Info    : [ 50%] Meshing curve 4 (Line)
Info    : [ 60%] Meshing curve 5 (BSpline)
Info    : [ 80%] Meshing curve 6 (BSpline)
Info    : [ 90%] Meshing curve 7 (BSpline)
Info    : Done meshing 1D (Wall 0.0714911s, CPU 0.257284s)
Info    : Meshing 2D...
Info    : Meshing surface 1 (Plane, Frontal-Delaunay)
Info    : Done meshing 2D (Wall 0.0258161s, CPU 0.024366s)
Info    : 440 nodes 678 elements
Info    : Meshing 1D...
Info    : [  0%] Meshing curve 1 (Line)
Info    : [ 20%] Meshing curve 2 (Line)
Info    : [ 30%] Meshing curve 3 (Line)
Info    : [ 50%] Meshing curve 4 (Line)
Info    : [ 60%] Meshing curve 5 (BSpline)
Info    : [ 80%] Meshing curve 6 (BSpline)
Info    : [ 90%] Meshing curve 7 (BSpline)
Info    : Done meshing 1D (Wall 0.0762066s, CPU 0.744544s)
Info    : Meshing 2D...
Info    : Meshing surface 1 (Plane, Frontal-Delaunay)
Info    : Done meshing 2D (Wall 0.0250977s, CPU 0.023865s)
Info    : 474 nodes 748 elements
Info    : Meshing 1D...
Info    : [  0%] Meshing curve 1 (Line)
Info    : [ 20%] Meshing curve 2 (Line)
Info    : [ 30%] Meshing curve 3 (Line)
Info    : [ 50%] Meshing curve 4 (Line)
Info    : [ 60%] Meshing curve 5 (BSpline)
Info    : [ 80%] Meshing curve 6 (BSpline)
Info    : [ 90%] Meshing curve 7 (BSpline)
Info    : Done meshing 1D (Wall 0.078937s, CPU 0.530375s)
Info    : Meshing 2D...
Info    : Meshing surface 1 (Plane, Frontal-Delaunay)
Info    : Done meshing 2D (Wall 0.0241156s, CPU 0.022931s)
Info    : 415 nodes 629 elements
Info    : Meshing 1D...
Info    : [  0%] Meshing curve 1 (Line)
Info    : [ 20%] Meshing curve 2 (Line)
Info    : [ 30%] Meshing curve 3 (Line)
Info    : [ 50%] Meshing curve 4 (Line)
Info    : [ 60%] Meshing curve 5 (BSpline)
Info    : [ 80%] Meshing curve 6 (BSpline)
Info    : [ 90%] Meshing curve 7 (BSpline)
Info    : Done meshing 1D (Wall 0.0175806s, CPU 0.283926s)
Info    : Meshing 2D...
Info    : Meshing surface 1 (Plane, Frontal-Delaunay)
Info    : Done meshing 2D (Wall 0.0523913s, CPU 0.402269s)
Info    : 786 nodes 1364 elements
Info    : Meshing 1D...
Info    : [  0%] Meshing curve 1 (Line)
Info    : [ 20%] Meshing curve 2 (Line)
Info    : [ 30%] Meshing curve 3 (Line)
Info    : [ 50%] Meshing curve 4 (Line)
Info    : [ 60%] Meshing curve 5 (BSpline)
Info    : [ 80%] Meshing curve 6 (BSpline)
Info    : [ 90%] Meshing curve 7 (BSpline)
Info    : Done meshing 1D (Wall 0.0802905s, CPU 0.62562s)
Info    : Meshing 2D...
Info    : Meshing surface 1 (Plane, Frontal-Delaunay)
Info    : Done meshing 2D (Wall 0.0243921s, CPU 0.023117s)
Info    : 415 nodes 629 elements
Info    : Meshing 1D...
Info    : [  0%] Meshing curve 1 (Line)
Info    : [ 20%] Meshing curve 2 (Line)
Info    : [ 30%] Meshing curve 3 (Line)
Info    : [ 50%] Meshing curve 4 (Line)
Info    : [ 60%] Meshing curve 5 (BSpline)
Info    : [ 80%] Meshing curve 6 (BSpline)
Info    : [ 90%] Meshing curve 7 (BSpline)
Info    : Done meshing 1D (Wall 0.0581492s, CPU 0.723351s)
Info    : Meshing 2D...
Info    : Meshing surface 1 (Plane, Frontal-Delaunay)
Info    : Done meshing 2D (Wall 0.0919732s, CPU 0.107382s)
Info    : 1410 nodes 2604 elements
Info    : Meshing 1D...
Info    : [  0%] Meshing curve 1 (Line)
Info    : [ 20%] Meshing curve 2 (Line)
Info    : [ 30%] Meshing curve 3 (Line)
Info    : [ 50%] Meshing curve 4 (Line)
Info    : [ 60%] Meshing curve 5 (BSpline)
Info    : [ 80%] Meshing curve 6 (BSpline)
Info    : [ 90%] Meshing curve 7 (BSpline)
Info    : Done meshing 1D (Wall 0.0822815s, CPU 0.521957s)
Info    : Meshing 2D...
Info    : Meshing surface 1 (Plane, Frontal-Delaunay)
Info    : Done meshing 2D (Wall 0.0239914s, CPU 0.022153s)
Info    : 449 nodes 698 elements
Info    : Meshing 1D...
Info    : [  0%] Meshing curve 1 (Line)
Info    : [ 20%] Meshing curve 2 (Line)
Info    : [ 30%] Meshing curve 3 (Line)
Info    : [ 50%] Meshing curve 4 (Line)
Info    : [ 60%] Meshing curve 5 (BSpline)
Info    : [ 80%] Meshing curve 6 (BSpline)
Info    : [ 90%] Meshing curve 7 (BSpline)
Info    : Done meshing 1D (Wall 0.0431075s, CPU 0.521228s)
Info    : Meshing 2D...
Info    : Meshing surface 1 (Plane, Frontal-Delaunay)
Info    : Done meshing 2D (Wall 0.0315832s, CPU 0.196735s)
Info    : 519 nodes 837 elements
Info    : Meshing 1D...
Info    : [  0%] Meshing curve 1 (Line)
Info    : [ 20%] Meshing curve 2 (Line)
Info    : [ 30%] Meshing curve 3 (Line)
Info    : [ 50%] Meshing curve 4 (Line)
Info    : [ 60%] Meshing curve 5 (BSpline)
Info    : [ 80%] Meshing curve 6 (BSpline)
Info    : [ 90%] Meshing curve 7 (BSpline)
Info    : Done meshing 1D (Wall 0.0765441s, CPU 0.645319s)
Info    : Meshing 2D...
Info    : Meshing surface 1 (Plane, Frontal-Delaunay)
Info    : Done meshing 2D (Wall 0.0254025s, CPU 0.024144s)
Info    : 479 nodes 757 elements
Info    : Meshing 1D...
Info    : [  0%] Meshing curve 1 (Line)
Info    : [ 20%] Meshing curve 2 (Line)
Info    : [ 30%] Meshing curve 3 (Line)
Info    : [ 50%] Meshing curve 4 (Line)
Info    : [ 60%] Meshing curve 5 (BSpline)
Info    : [ 80%] Meshing curve 6 (BSpline)
Info    : [ 90%] Meshing curve 7 (BSpline)
Info    : Done meshing 1D (Wall 0.049604s, CPU 0.60067s)
Info    : Meshing 2D...
Info    : Meshing surface 1 (Plane, Frontal-Delaunay)
Info    : Done meshing 2D (Wall 0.0218191s, CPU 0.171041s)
Info    : 378 nodes 558 elements
Info    : Meshing 1D...
Info    : [  0%] Meshing curve 1 (Line)
Info    : [ 20%] Meshing curve 2 (Line)
Info    : [ 30%] Meshing curve 3 (Line)
Info    : [ 50%] Meshing curve 4 (Line)
Info    : [ 60%] Meshing curve 5 (BSpline)
Info    : [ 80%] Meshing curve 6 (BSpline)
Info    : [ 90%] Meshing curve 7 (BSpline)
Info    : Done meshing 1D (Wall 0.090059s, CPU 0.856847s)
Info    : Meshing 2D...
Info    : Meshing surface 1 (Plane, Frontal-Delaunay)
Info    : Done meshing 2D (Wall 0.0693739s, CPU 0.068008s)
Info    : 1631 nodes 3046 elements
Info    : Meshing 1D...
Info    : [  0%] Meshing curve 1 (Line)
Info    : [ 20%] Meshing curve 2 (Line)
Info    : [ 30%] Meshing curve 3 (Line)
Info    : [ 50%] Meshing curve 4 (Line)
Info    : [ 60%] Meshing curve 5 (BSpline)
Info    : [ 80%] Meshing curve 6 (BSpline)
Info    : [ 90%] Meshing curve 7 (BSpline)
Info    : Done meshing 1D (Wall 0.0736834s, CPU 0.656787s)
Info    : Meshing 2D...
Info    : Meshing surface 1 (Plane, Frontal-Delaunay)
Info    : Done meshing 2D (Wall 0.0266803s, CPU 0.021941s)
Info    : 515 nodes 829 elements
Info    : Meshing 1D...
Info    : [  0%] Meshing curve 1 (Line)
Info    : [ 20%] Meshing curve 2 (Line)
Info    : [ 30%] Meshing curve 3 (Line)
Info    : [ 50%] Meshing curve 4 (Line)
Info    : [ 60%] Meshing curve 5 (BSpline)
Info    : [ 80%] Meshing curve 6 (BSpline)
Info    : [ 90%] Meshing curve 7 (BSpline)
Info    : Done meshing 1D (Wall 0.013426s, CPU 0.005492s)
Info    : Meshing 2D...
Info    : Meshing surface 1 (Plane, Frontal-Delaunay)
Info    : Done meshing 2D (Wall 0.0220935s, CPU 0.020703s)
Info    : 382 nodes 563 elements
Info    : Meshing 1D...
Info    : [  0%] Meshing curve 1 (Line)
Info    : [ 20%] Meshing curve 2 (Line)
Info    : [ 30%] Meshing curve 3 (Line)
Info    : [ 50%] Meshing curve 4 (Line)
Info    : [ 60%] Meshing curve 5 (BSpline)
Info    : [ 80%] Meshing curve 6 (BSpline)
Info    : [ 90%] Meshing curve 7 (BSpline)
Info    : Done meshing 1D (Wall 0.0813084s, CPU 0.66867s)
Info    : Meshing 2D...
Info    : Meshing surface 1 (Plane, Frontal-Delaunay)
Info    : Done meshing 2D (Wall 0.0212834s, CPU 0.020176s)
Info    : 407 nodes 615 elements
Info    : Meshing 1D...
Info    : [  0%] Meshing curve 1 (Line)
Info    : [ 20%] Meshing curve 2 (Line)
Info    : [ 30%] Meshing curve 3 (Line)
Info    : [ 50%] Meshing curve 4 (Line)
Info    : [ 60%] Meshing curve 5 (BSpline)
Info    : [ 80%] Meshing curve 6 (BSpline)
Info    : [ 90%] Meshing curve 7 (BSpline)
Info    : Done meshing 1D (Wall 0.0467466s, CPU 0.506211s)
Info    : Meshing 2D...
Info    : Meshing surface 1 (Plane, Frontal-Delaunay)
Info    : Done meshing 2D (Wall 0.0317578s, CPU 0.168073s)
Info    : 518 nodes 834 elements
Info    : Meshing 1D...
Info    : [  0%] Meshing curve 1 (Line)
Info    : [ 20%] Meshing curve 2 (Line)
Info    : [ 30%] Meshing curve 3 (Line)
Info    : [ 50%] Meshing curve 4 (Line)
Info    : [ 60%] Meshing curve 5 (BSpline)
Info    : [ 80%] Meshing curve 6 (BSpline)
Info    : [ 90%] Meshing curve 7 (BSpline)
Info    : Done meshing 1D (Wall 0.0700625s, CPU 0.581554s)
Info    : Meshing 2D...
Info    : Meshing surface 1 (Plane, Frontal-Delaunay)
Info    : Done meshing 2D (Wall 0.024054s, CPU 0.022093s)
Info    : 409 nodes 618 elements
Info    : Meshing 1D...
Info    : [  0%] Meshing curve 1 (Line)
Info    : [ 20%] Meshing curve 2 (Line)
Info    : [ 30%] Meshing curve 3 (Line)
Info    : [ 50%] Meshing curve 4 (Line)
Info    : [ 60%] Meshing curve 5 (BSpline)
Info    : [ 80%] Meshing curve 6 (BSpline)
Info    : [ 90%] Meshing curve 7 (BSpline)
Info    : Done meshing 1D (Wall 0.0787883s, CPU 0.782302s)
Info    : Meshing 2D...
Info    : Meshing surface 1 (Plane, Frontal-Delaunay)
Info    : Done meshing 2D (Wall 0.0674221s, CPU 0.066283s)
Info    : 1445 nodes 2672 elements
Info    : Meshing 1D...
Info    : [  0%] Meshing curve 1 (Line)
Info    : [ 20%] Meshing curve 2 (Line)
Info    : [ 30%] Meshing curve 3 (Line)
Info    : [ 50%] Meshing curve 4 (Line)
Info    : [ 60%] Meshing curve 5 (BSpline)
Info    : [ 80%] Meshing curve 6 (BSpline)
Info    : [ 90%] Meshing curve 7 (BSpline)
Info    : Done meshing 1D (Wall 0.0797473s, CPU 0.581087s)
Info    : Meshing 2D...
Info    : Meshing surface 1 (Plane, Frontal-Delaunay)
Info    : Done meshing 2D (Wall 0.0491658s, CPU 0.04772s)
Info    : 938 nodes 1665 elements
Info    : Meshing 1D...
Info    : [  0%] Meshing curve 1 (Line)
Info    : [ 20%] Meshing curve 2 (Line)
Info    : [ 30%] Meshing curve 3 (Line)
Info    : [ 50%] Meshing curve 4 (Line)
Info    : [ 60%] Meshing curve 5 (BSpline)
Info    : [ 80%] Meshing curve 6 (BSpline)
Info    : [ 90%] Meshing curve 7 (BSpline)
Info    : Done meshing 1D (Wall 0.0770234s, CPU 0.569378s)
Info    : Meshing 2D...
Info    : Meshing surface 1 (Plane, Frontal-Delaunay)
Info    : Done meshing 2D (Wall 0.0280515s, CPU 0.02695s)
Info    : 509 nodes 816 elements
Info    : Meshing 1D...
Info    : [  0%] Meshing curve 1 (Line)
Info    : [ 20%] Meshing curve 2 (Line)
Info    : [ 30%] Meshing curve 3 (Line)
Info    : [ 50%] Meshing curve 4 (Line)
Info    : [ 60%] Meshing curve 5 (BSpline)
Info    : [ 80%] Meshing curve 6 (BSpline)
Info    : [ 90%] Meshing curve 7 (BSpline)
Info    : Done meshing 1D (Wall 0.0507505s, CPU 0.506628s)
Info    : Meshing 2D...
Info    : Meshing surface 1 (Plane, Frontal-Delaunay)
Info    : Done meshing 2D (Wall 0.0889348s, CPU 0.149993s)
Info    : 2245 nodes 4270 elements
Info    : Meshing 1D...
Info    : [  0%] Meshing curve 1 (Line)
Info    : [ 20%] Meshing curve 2 (Line)
Info    : [ 30%] Meshing curve 3 (Line)
Info    : [ 50%] Meshing curve 4 (Line)
Info    : [ 60%] Meshing curve 5 (BSpline)
Info    : [ 80%] Meshing curve 6 (BSpline)
Info    : [ 90%] Meshing curve 7 (BSpline)
Info    : Done meshing 1D (Wall 0.0854667s, CPU 0.386635s)
Info    : Meshing 2D...
Info    : Meshing surface 1 (Plane, Frontal-Delaunay)
Info    : Done meshing 2D (Wall 0.0404915s, CPU 0.039384s)
Info    : 677 nodes 1146 elements
Info    : Meshing 1D...
Info    : [  0%] Meshing curve 1 (Line)
Info    : [ 20%] Meshing curve 2 (Line)
Info    : [ 30%] Meshing curve 3 (Line)
Info    : [ 50%] Meshing curve 4 (Line)
Info    : [ 60%] Meshing curve 5 (BSpline)
Info    : [ 80%] Meshing curve 6 (BSpline)
Info    : [ 90%] Meshing curve 7 (BSpline)
Info    : Done meshing 1D (Wall 0.0744735s, CPU 0.60862s)
Info    : Meshing 2D...
Info    : Meshing surface 1 (Plane, Frontal-Delaunay)
Info    : Done meshing 2D (Wall 0.0447276s, CPU 0.043452s)
Info    : 837 nodes 1464 elements
Info    : Meshing 1D...
Info    : [  0%] Meshing curve 1 (Line)
Info    : [ 20%] Meshing curve 2 (Line)
Info    : [ 30%] Meshing curve 3 (Line)
Info    : [ 50%] Meshing curve 4 (Line)
Info    : [ 60%] Meshing curve 5 (BSpline)
Info    : [ 80%] Meshing curve 6 (BSpline)
Info    : [ 90%] Meshing curve 7 (BSpline)
Info    : Done meshing 1D (Wall 0.0740466s, CPU 0.703766s)
Info    : Meshing 2D...
Info    : Meshing surface 1 (Plane, Frontal-Delaunay)
Info    : Done meshing 2D (Wall 0.0654045s, CPU 0.064041s)
Info    : 1392 nodes 2567 elements
Info    : Meshing 1D...
Info    : [  0%] Meshing curve 1 (Line)
Info    : [ 20%] Meshing curve 2 (Line)
Info    : [ 30%] Meshing curve 3 (Line)
Info    : [ 50%] Meshing curve 4 (Line)
Info    : [ 60%] Meshing curve 5 (BSpline)
Info    : [ 80%] Meshing curve 6 (BSpline)
Info    : [ 90%] Meshing curve 7 (BSpline)
Info    : Done meshing 1D (Wall 0.0746599s, CPU 0.666753s)
Info    : Meshing 2D...
Info    : Meshing surface 1 (Plane, Frontal-Delaunay)
Info    : Done meshing 2D (Wall 0.0841197s, CPU 0.083046s)
Info    : 2160 nodes 4101 elements
Info    : Meshing 1D...
Info    : [  0%] Meshing curve 1 (Line)
Info    : [ 20%] Meshing curve 2 (Line)
Info    : [ 30%] Meshing curve 3 (Line)
Info    : [ 50%] Meshing curve 4 (Line)
Info    : [ 60%] Meshing curve 5 (BSpline)
Info    : [ 80%] Meshing curve 6 (BSpline)
Info    : [ 90%] Meshing curve 7 (BSpline)
Info    : Done meshing 1D (Wall 0.0675762s, CPU 0.438932s)
Info    : Meshing 2D...
Info    : Meshing surface 1 (Plane, Frontal-Delaunay)
Info    : Done meshing 2D (Wall 0.0193492s, CPU 0.017727s)
Info    : 380 nodes 562 elements
Info    : Meshing 1D...
Info    : [  0%] Meshing curve 1 (Line)
Info    : [ 20%] Meshing curve 2 (Line)
Info    : [ 30%] Meshing curve 3 (Line)
Info    : [ 50%] Meshing curve 4 (Line)
Info    : [ 60%] Meshing curve 5 (BSpline)
Info    : [ 80%] Meshing curve 6 (BSpline)
Info    : [ 90%] Meshing curve 7 (BSpline)
Info    : Done meshing 1D (Wall 0.0995903s, CPU 0.701576s)
Info    : Meshing 2D...
Info    : Meshing surface 1 (Plane, Frontal-Delaunay)
Info    : Done meshing 2D (Wall 0.0830954s, CPU 0.04546s)
Info    : 883 nodes 1556 elements
Info    : Meshing 1D...
Info    : [  0%] Meshing curve 1 (Line)
Info    : [ 20%] Meshing curve 2 (Line)
Info    : [ 30%] Meshing curve 3 (Line)
Info    : [ 50%] Meshing curve 4 (Line)
Info    : [ 60%] Meshing curve 5 (BSpline)
Info    : [ 80%] Meshing curve 6 (BSpline)
Info    : [ 90%] Meshing curve 7 (BSpline)
Info    : Done meshing 1D (Wall 0.0432604s, CPU 0.664958s)
Info    : Meshing 2D...
Info    : Meshing surface 1 (Plane, Frontal-Delaunay)
Info    : Done meshing 2D (Wall 0.0415409s, CPU 0.156092s)
Info    : 683 nodes 1158 elements
Info    : Meshing 1D...
Info    : [  0%] Meshing curve 1 (Line)
Info    : [ 20%] Meshing curve 2 (Line)
Info    : [ 30%] Meshing curve 3 (Line)
Info    : [ 50%] Meshing curve 4 (Line)
Info    : [ 60%] Meshing curve 5 (BSpline)
Info    : [ 80%] Meshing curve 6 (BSpline)
Info    : [ 90%] Meshing curve 7 (BSpline)
Info    : Done meshing 1D (Wall 0.0678095s, CPU 0.612283s)
Info    : Meshing 2D...
Info    : Meshing surface 1 (Plane, Frontal-Delaunay)
Info    : Done meshing 2D (Wall 0.0283249s, CPU 0.027022s)
Info    : 473 nodes 743 elements
Info    : Meshing 1D...
Info    : [  0%] Meshing curve 1 (Line)
Info    : [ 20%] Meshing curve 2 (Line)
Info    : [ 30%] Meshing curve 3 (Line)
Info    : [ 50%] Meshing curve 4 (Line)
Info    : [ 60%] Meshing curve 5 (BSpline)
Info    : [ 80%] Meshing curve 6 (BSpline)
Info    : [ 90%] Meshing curve 7 (BSpline)
Info    : Done meshing 1D (Wall 0.0751977s, CPU 0.621478s)
Info    : Meshing 2D...
Info    : Meshing surface 1 (Plane, Frontal-Delaunay)
Info    : Done meshing 2D (Wall 0.0451939s, CPU 0.04405s)
Info    : 882 nodes 1555 elements
Info    : Meshing 1D...
Info    : [  0%] Meshing curve 1 (Line)
Info    : [ 20%] Meshing curve 2 (Line)
Info    : [ 30%] Meshing curve 3 (Line)
Info    : [ 50%] Meshing curve 4 (Line)
Info    : [ 60%] Meshing curve 5 (BSpline)
Info    : [ 80%] Meshing curve 6 (BSpline)
Info    : [ 90%] Meshing curve 7 (BSpline)
Info    : Done meshing 1D (Wall 0.0830719s, CPU 0.525356s)
Info    : Meshing 2D...
Info    : Meshing surface 1 (Plane, Frontal-Delaunay)
Info    : Done meshing 2D (Wall 0.0222166s, CPU 0.020792s)
Info    : 377 nodes 554 elements
Info    : Meshing 1D...
Info    : [  0%] Meshing curve 1 (Line)
Info    : [ 20%] Meshing curve 2 (Line)
Info    : [ 30%] Meshing curve 3 (Line)
Info    : [ 50%] Meshing curve 4 (Line)
Info    : [ 60%] Meshing curve 5 (BSpline)
Info    : [ 80%] Meshing curve 6 (BSpline)
Info    : [ 90%] Meshing curve 7 (BSpline)
Info    : Done meshing 1D (Wall 0.0740665s, CPU 0.780925s)
Info    : Meshing 2D...
Info    : Meshing surface 1 (Plane, Frontal-Delaunay)
Info    : Done meshing 2D (Wall 0.0573859s, CPU 0.055749s)
Info    : 1280 nodes 2348 elements
Info    : Meshing 1D...
Info    : [  0%] Meshing curve 1 (Line)
Info    : [ 20%] Meshing curve 2 (Line)
Info    : [ 30%] Meshing curve 3 (Line)
Info    : [ 50%] Meshing curve 4 (Line)
Info    : [ 60%] Meshing curve 5 (BSpline)
Info    : [ 80%] Meshing curve 6 (BSpline)
Info    : [ 90%] Meshing curve 7 (BSpline)
Info    : Done meshing 1D (Wall 0.0434581s, CPU 0.475728s)
Info    : Meshing 2D...
Info    : Meshing surface 1 (Plane, Frontal-Delaunay)
Info    : Done meshing 2D (Wall 0.0230156s, CPU 0.031769s)
Info    : 378 nodes 556 elements
Info    : Meshing 1D...
Info    : [  0%] Meshing curve 1 (Line)
Info    : [ 20%] Meshing curve 2 (Line)
Info    : [ 30%] Meshing curve 3 (Line)
Info    : [ 50%] Meshing curve 4 (Line)
Info    : [ 60%] Meshing curve 5 (BSpline)
Info    : [ 80%] Meshing curve 6 (BSpline)
Info    : [ 90%] Meshing curve 7 (BSpline)
Info    : Done meshing 1D (Wall 0.0751675s, CPU 0.690903s)
Info    : Meshing 2D...
Info    : Meshing surface 1 (Plane, Frontal-Delaunay)
Info    : Done meshing 2D (Wall 0.0350288s, CPU 0.03347s)
Info    : 605 nodes 1004 elements
Info    : Meshing 1D...
Info    : [  0%] Meshing curve 1 (Line)
Info    : [ 20%] Meshing curve 2 (Line)
Info    : [ 30%] Meshing curve 3 (Line)
Info    : [ 50%] Meshing curve 4 (Line)
Info    : [ 60%] Meshing curve 5 (BSpline)
Info    : [ 80%] Meshing curve 6 (BSpline)
Info    : [ 90%] Meshing curve 7 (BSpline)
Info    : Done meshing 1D (Wall 0.0796519s, CPU 0.81743s)
Info    : Meshing 2D...
Info    : Meshing surface 1 (Plane, Frontal-Delaunay)
Info    : Done meshing 2D (Wall 0.0412617s, CPU 0.039993s)
Info    : 827 nodes 1447 elements
Info    : Meshing 1D...
Info    : [  0%] Meshing curve 1 (Line)
Info    : [ 20%] Meshing curve 2 (Line)
Info    : [ 30%] Meshing curve 3 (Line)
Info    : [ 50%] Meshing curve 4 (Line)
Info    : [ 60%] Meshing curve 5 (BSpline)
Info    : [ 80%] Meshing curve 6 (BSpline)
Info    : [ 90%] Meshing curve 7 (BSpline)
Info    : Done meshing 1D (Wall 0.0633479s, CPU 0.60737s)
Info    : Meshing 2D...
Info    : Meshing surface 1 (Plane, Frontal-Delaunay)
Info    : Done meshing 2D (Wall 0.0353894s, CPU 0.033673s)
Info    : 684 nodes 1163 elements
Info    : Meshing 1D...
Info    : [  0%] Meshing curve 1 (Line)
Info    : [ 20%] Meshing curve 2 (Line)
Info    : [ 30%] Meshing curve 3 (Line)
Info    : [ 50%] Meshing curve 4 (Line)
Info    : [ 60%] Meshing curve 5 (BSpline)
Info    : [ 80%] Meshing curve 6 (BSpline)
Info    : [ 90%] Meshing curve 7 (BSpline)
Info    : Done meshing 1D (Wall 0.0772802s, CPU 0.586199s)
Info    : Meshing 2D...
Info    : Meshing surface 1 (Plane, Frontal-Delaunay)
Info    : Done meshing 2D (Wall 0.0438876s, CPU 0.043792s)
Info    : 816 nodes 1422 elements
Info    : Meshing 1D...
Info    : [  0%] Meshing curve 1 (Line)
Info    : [ 20%] Meshing curve 2 (Line)
Info    : [ 30%] Meshing curve 3 (Line)
Info    : [ 50%] Meshing curve 4 (Line)
Info    : [ 60%] Meshing curve 5 (BSpline)
Info    : [ 80%] Meshing curve 6 (BSpline)
Info    : [ 90%] Meshing curve 7 (BSpline)
Info    : Done meshing 1D (Wall 0.0435297s, CPU 0.518707s)
Info    : Meshing 2D...
Info    : Meshing surface 1 (Plane, Frontal-Delaunay)
Info    : Done meshing 2D (Wall 0.0275897s, CPU 0.136273s)
Info    : 453 nodes 705 elements
Info    : Meshing 1D...
Info    : [  0%] Meshing curve 1 (Line)
Info    : [ 20%] Meshing curve 2 (Line)
Info    : [ 30%] Meshing curve 3 (Line)
Info    : [ 50%] Meshing curve 4 (Line)
Info    : [ 60%] Meshing curve 5 (BSpline)
Info    : [ 80%] Meshing curve 6 (BSpline)
Info    : [ 90%] Meshing curve 7 (BSpline)
Info    : Done meshing 1D (Wall 0.0738679s, CPU 0.804082s)
Info    : Meshing 2D...
Info    : Meshing surface 1 (Plane, Frontal-Delaunay)
Info    : Done meshing 2D (Wall 0.0511376s, CPU 0.049672s)
Info    : 1051 nodes 1892 elements
Info    : Meshing 1D...
Info    : [  0%] Meshing curve 1 (Line)
Info    : [ 20%] Meshing curve 2 (Line)
Info    : [ 30%] Meshing curve 3 (Line)
Info    : [ 50%] Meshing curve 4 (Line)
Info    : [ 60%] Meshing curve 5 (BSpline)
Info    : [ 80%] Meshing curve 6 (BSpline)
Info    : [ 90%] Meshing curve 7 (BSpline)
Info    : Done meshing 1D (Wall 0.0738141s, CPU 0.546783s)
Info    : Meshing 2D...
Info    : Meshing surface 1 (Plane, Frontal-Delaunay)
Info    : Done meshing 2D (Wall 0.0708467s, CPU 0.069393s)
Info    : 1721 nodes 3227 elements
Info    : Meshing 1D...
Info    : [  0%] Meshing curve 1 (Line)
Info    : [ 20%] Meshing curve 2 (Line)
Info    : [ 30%] Meshing curve 3 (Line)
Info    : [ 50%] Meshing curve 4 (Line)
Info    : [ 60%] Meshing curve 5 (BSpline)
Info    : [ 80%] Meshing curve 6 (BSpline)
Info    : [ 90%] Meshing curve 7 (BSpline)
Info    : Done meshing 1D (Wall 0.0714216s, CPU 0.325141s)
Info    : Meshing 2D...
Info    : Meshing surface 1 (Plane, Frontal-Delaunay)
Info    : Done meshing 2D (Wall 0.0787158s, CPU 0.077555s)
Info    : 1768 nodes 3314 elements
Info    : Meshing 1D...
Info    : [  0%] Meshing curve 1 (Line)
Info    : [ 20%] Meshing curve 2 (Line)
Info    : [ 30%] Meshing curve 3 (Line)
Info    : [ 50%] Meshing curve 4 (Line)
Info    : [ 60%] Meshing curve 5 (BSpline)
Info    : [ 80%] Meshing curve 6 (BSpline)
Info    : [ 90%] Meshing curve 7 (BSpline)
Info    : Done meshing 1D (Wall 0.0704566s, CPU 0.542241s)
Info    : Meshing 2D...
Info    : Meshing surface 1 (Plane, Frontal-Delaunay)
Info    : Done meshing 2D (Wall 0.0261114s, CPU 0.024695s)
Info    : 447 nodes 692 elements
Info    : Meshing 1D...
Info    : [  0%] Meshing curve 1 (Line)
Info    : [ 20%] Meshing curve 2 (Line)
Info    : [ 30%] Meshing curve 3 (Line)
Info    : [ 50%] Meshing curve 4 (Line)
Info    : [ 60%] Meshing curve 5 (BSpline)
Info    : [ 80%] Meshing curve 6 (BSpline)
Info    : [ 90%] Meshing curve 7 (BSpline)
Info    : Done meshing 1D (Wall 0.0667264s, CPU 0.739506s)
Info    : Meshing 2D...
Info    : Meshing surface 1 (Plane, Frontal-Delaunay)
Info    : Done meshing 2D (Wall 0.0223888s, CPU 0.021038s)
Info    : 405 nodes 611 elements
Info    : Meshing 1D...
Info    : [  0%] Meshing curve 1 (Line)
Info    : [ 20%] Meshing curve 2 (Line)
Info    : [ 30%] Meshing curve 3 (Line)
Info    : [ 50%] Meshing curve 4 (Line)
Info    : [ 60%] Meshing curve 5 (BSpline)
Info    : [ 80%] Meshing curve 6 (BSpline)
Info    : [ 90%] Meshing curve 7 (BSpline)
Info    : Done meshing 1D (Wall 0.0450679s, CPU 0.578459s)
Info    : Meshing 2D...
Info    : Meshing surface 1 (Plane, Frontal-Delaunay)
Info    : Done meshing 2D (Wall 0.0286178s, CPU 0.108608s)
Info    : 478 nodes 756 elements
Info    : Meshing 1D...
Info    : [  0%] Meshing curve 1 (Line)
Info    : [ 20%] Meshing curve 2 (Line)
Info    : [ 30%] Meshing curve 3 (Line)
Info    : [ 50%] Meshing curve 4 (Line)
Info    : [ 60%] Meshing curve 5 (BSpline)
Info    : [ 80%] Meshing curve 6 (BSpline)
Info    : [ 90%] Meshing curve 7 (BSpline)
Info    : Done meshing 1D (Wall 0.0505835s, CPU 0.485394s)
Info    : Meshing 2D...
Info    : Meshing surface 1 (Plane, Frontal-Delaunay)
Info    : Done meshing 2D (Wall 0.0778796s, CPU 0.1664s)
Info    : 1896 nodes 3575 elements
Info    : Meshing 1D...
Info    : [  0%] Meshing curve 1 (Line)
Info    : [ 20%] Meshing curve 2 (Line)
Info    : [ 30%] Meshing curve 3 (Line)
Info    : [ 50%] Meshing curve 4 (Line)
Info    : [ 60%] Meshing curve 5 (BSpline)
Info    : [ 80%] Meshing curve 6 (BSpline)
Info    : [ 90%] Meshing curve 7 (BSpline)
Info    : Done meshing 1D (Wall 0.0747572s, CPU 0.416889s)
Info    : Meshing 2D...
Info    : Meshing surface 1 (Plane, Frontal-Delaunay)
Info    : Done meshing 2D (Wall 0.033773s, CPU 0.032417s)
Info    : 591 nodes 977 elements
Info    : Meshing 1D...
Info    : [  0%] Meshing curve 1 (Line)
Info    : [ 20%] Meshing curve 2 (Line)
Info    : [ 30%] Meshing curve 3 (Line)
Info    : [ 50%] Meshing curve 4 (Line)
Info    : [ 60%] Meshing curve 5 (BSpline)
Info    : [ 80%] Meshing curve 6 (BSpline)
Info    : [ 90%] Meshing curve 7 (BSpline)
Info    : Done meshing 1D (Wall 0.0713422s, CPU 0.837191s)
Info    : Meshing 2D...
Info    : Meshing surface 1 (Plane, Frontal-Delaunay)
Info    : Done meshing 2D (Wall 0.0400857s, CPU 0.038302s)
Info    : 739 nodes 1271 elements
Info    : Meshing 1D...
Info    : [  0%] Meshing curve 1 (Line)
Info    : [ 20%] Meshing curve 2 (Line)
Info    : [ 30%] Meshing curve 3 (Line)
Info    : [ 50%] Meshing curve 4 (Line)
Info    : [ 60%] Meshing curve 5 (BSpline)
Info    : [ 80%] Meshing curve 6 (BSpline)
Info    : [ 90%] Meshing curve 7 (BSpline)
Info    : Done meshing 1D (Wall 0.0781643s, CPU 0.757354s)
Info    : Meshing 2D...
Info    : Meshing surface 1 (Plane, Frontal-Delaunay)
Info    : Done meshing 2D (Wall 0.038299s, CPU 0.037025s)
Info    : 733 nodes 1260 elements
Info    : Meshing 1D...
Info    : [  0%] Meshing curve 1 (Line)
Info    : [ 20%] Meshing curve 2 (Line)
Info    : [ 30%] Meshing curve 3 (Line)
Info    : [ 50%] Meshing curve 4 (Line)
Info    : [ 60%] Meshing curve 5 (BSpline)
Info    : [ 80%] Meshing curve 6 (BSpline)
Info    : [ 90%] Meshing curve 7 (BSpline)
Info    : Done meshing 1D (Wall 0.0412644s, CPU 0.531323s)
Info    : Meshing 2D...
Info    : Meshing surface 1 (Plane, Frontal-Delaunay)
Info    : Done meshing 2D (Wall 0.0699668s, CPU 0.224754s)
Info    : 479 nodes 758 elements
Info    : Meshing 1D...
Info    : [  0%] Meshing curve 1 (Line)
Info    : [ 20%] Meshing curve 2 (Line)
Info    : [ 30%] Meshing curve 3 (Line)
Info    : [ 50%] Meshing curve 4 (Line)
Info    : [ 60%] Meshing curve 5 (BSpline)
Info    : [ 80%] Meshing curve 6 (BSpline)
Info    : [ 90%] Meshing curve 7 (BSpline)
Info    : Done meshing 1D (Wall 0.0768437s, CPU 0.599991s)
Info    : Meshing 2D...
Info    : Meshing surface 1 (Plane, Frontal-Delaunay)
Info    : Done meshing 2D (Wall 0.105339s, CPU 0.104135s)
Info    : 2620 nodes 5012 elements
Info    : Meshing 1D...
Info    : [  0%] Meshing curve 1 (Line)
Info    : [ 20%] Meshing curve 2 (Line)
Info    : [ 30%] Meshing curve 3 (Line)
Info    : [ 50%] Meshing curve 4 (Line)
Info    : [ 60%] Meshing curve 5 (BSpline)
Info    : [ 80%] Meshing curve 6 (BSpline)
Info    : [ 90%] Meshing curve 7 (BSpline)
Info    : Done meshing 1D (Wall 0.0739687s, CPU 0.259152s)
Info    : Meshing 2D...
Info    : Meshing surface 1 (Plane, Frontal-Delaunay)
Info    : Done meshing 2D (Wall 0.025681s, CPU 0.024269s)
Info    : 444 nodes 687 elements
Info    : Meshing 1D...
Info    : [  0%] Meshing curve 1 (Line)
Info    : [ 20%] Meshing curve 2 (Line)
Info    : [ 30%] Meshing curve 3 (Line)
Info    : [ 50%] Meshing curve 4 (Line)
Info    : [ 60%] Meshing curve 5 (BSpline)
Info    : [ 80%] Meshing curve 6 (BSpline)
Info    : [ 90%] Meshing curve 7 (BSpline)
Info    : Done meshing 1D (Wall 0.080802s, CPU 0.623912s)
Info    : Meshing 2D...
Info    : Meshing surface 1 (Plane, Frontal-Delaunay)
Info    : Done meshing 2D (Wall 0.0320819s, CPU 0.030292s)
Info    : 552 nodes 900 elements
Info    : Meshing 1D...
Info    : [  0%] Meshing curve 1 (Line)
Info    : [ 20%] Meshing curve 2 (Line)
Info    : [ 30%] Meshing curve 3 (Line)
Info    : [ 50%] Meshing curve 4 (Line)
Info    : [ 60%] Meshing curve 5 (BSpline)
Info    : [ 80%] Meshing curve 6 (BSpline)
Info    : [ 90%] Meshing curve 7 (BSpline)
Info    : Done meshing 1D (Wall 0.0758625s, CPU 0.572364s)
Info    : Meshing 2D...
Info    : Meshing surface 1 (Plane, Frontal-Delaunay)
Info    : Done meshing 2D (Wall 0.107579s, CPU 0.106086s)
Info    : 2740 nodes 5252 elements
Info    : Meshing 1D...
Info    : [  0%] Meshing curve 1 (Line)
Info    : [ 20%] Meshing curve 2 (Line)
Info    : [ 30%] Meshing curve 3 (Line)
Info    : [ 50%] Meshing curve 4 (Line)
Info    : [ 60%] Meshing curve 5 (BSpline)
Info    : [ 80%] Meshing curve 6 (BSpline)
Info    : [ 90%] Meshing curve 7 (BSpline)
Info    : Done meshing 1D (Wall 0.0803587s, CPU 0.361607s)
Info    : Meshing 2D...
Info    : Meshing surface 1 (Plane, Frontal-Delaunay)
Info    : Done meshing 2D (Wall 0.0265412s, CPU 0.025033s)
Info    : 476 nodes 750 elements
Info    : Meshing 1D...
Info    : [  0%] Meshing curve 1 (Line)
Info    : [ 20%] Meshing curve 2 (Line)
Info    : [ 30%] Meshing curve 3 (Line)
Info    : [ 50%] Meshing curve 4 (Line)
Info    : [ 60%] Meshing curve 5 (BSpline)
Info    : [ 80%] Meshing curve 6 (BSpline)
Info    : [ 90%] Meshing curve 7 (BSpline)
Info    : Done meshing 1D (Wall 0.0458133s, CPU 0.490755s)
Info    : Meshing 2D...
Info    : Meshing surface 1 (Plane, Frontal-Delaunay)
Info    : Done meshing 2D (Wall 0.0261573s, CPU 0.202526s)
Info    : 412 nodes 624 elements
Info    : Meshing 1D...
Info    : [  0%] Meshing curve 1 (Line)
Info    : [ 20%] Meshing curve 2 (Line)
Info    : [ 30%] Meshing curve 3 (Line)
Info    : [ 50%] Meshing curve 4 (Line)
Info    : [ 60%] Meshing curve 5 (BSpline)
Info    : [ 80%] Meshing curve 6 (BSpline)
Info    : [ 90%] Meshing curve 7 (BSpline)
Info    : Done meshing 1D (Wall 0.071867s, CPU 0.711995s)
Info    : Meshing 2D...
Info    : Meshing surface 1 (Plane, Frontal-Delaunay)
Info    : Done meshing 2D (Wall 0.0379793s, CPU 0.036567s)
Info    : 682 nodes 1157 elements
Info    : Meshing 1D...
Info    : [  0%] Meshing curve 1 (Line)
Info    : [ 20%] Meshing curve 2 (Line)
Info    : [ 30%] Meshing curve 3 (Line)
Info    : [ 50%] Meshing curve 4 (Line)
Info    : [ 60%] Meshing curve 5 (BSpline)
Info    : [ 80%] Meshing curve 6 (BSpline)
Info    : [ 90%] Meshing curve 7 (BSpline)
Info    : Done meshing 1D (Wall 0.0499786s, CPU 0.471005s)
Info    : Meshing 2D...
Info    : Meshing surface 1 (Plane, Frontal-Delaunay)
Info    : Done meshing 2D (Wall 0.0220256s, CPU 0.247475s)
Info    : 373 nodes 548 elements
Info    : Meshing 1D...
Info    : [  0%] Meshing curve 1 (Line)
Info    : [ 20%] Meshing curve 2 (Line)
Info    : [ 30%] Meshing curve 3 (Line)
Info    : [ 50%] Meshing curve 4 (Line)
Info    : [ 60%] Meshing curve 5 (BSpline)
Info    : [ 80%] Meshing curve 6 (BSpline)
Info    : [ 90%] Meshing curve 7 (BSpline)
Info    : Done meshing 1D (Wall 0.175849s, CPU 0.644582s)
Info    : Meshing 2D...
Info    : Meshing surface 1 (Plane, Frontal-Delaunay)
Info    : Done meshing 2D (Wall 0.0238267s, CPU 0.021967s)
Info    : 411 nodes 621 elements
Info    : Meshing 1D...
Info    : [  0%] Meshing curve 1 (Line)
Info    : [ 20%] Meshing curve 2 (Line)
Info    : [ 30%] Meshing curve 3 (Line)
Info    : [ 50%] Meshing curve 4 (Line)
Info    : [ 60%] Meshing curve 5 (BSpline)
Info    : [ 80%] Meshing curve 6 (BSpline)
Info    : [ 90%] Meshing curve 7 (BSpline)
Info    : Done meshing 1D (Wall 0.0803161s, CPU 0.60418s)
Info    : Meshing 2D...
Info    : Meshing surface 1 (Plane, Frontal-Delaunay)
Info    : Done meshing 2D (Wall 0.0200797s, CPU 0.018838s)
Info    : 379 nodes 560 elements
Info    : Meshing 1D...
Info    : [  0%] Meshing curve 1 (Line)
Info    : [ 20%] Meshing curve 2 (Line)
Info    : [ 30%] Meshing curve 3 (Line)
Info    : [ 50%] Meshing curve 4 (Line)
Info    : [ 60%] Meshing curve 5 (BSpline)
Info    : [ 80%] Meshing curve 6 (BSpline)
Info    : [ 90%] Meshing curve 7 (BSpline)
Info    : Done meshing 1D (Wall 0.0631087s, CPU 0.871634s)
Info    : Meshing 2D...
Info    : Meshing surface 1 (Plane, Frontal-Delaunay)
Info    : Done meshing 2D (Wall 0.0819221s, CPU 0.080377s)
Info    : 2058 nodes 3898 elements
Info    : Meshing 1D...
Info    : [  0%] Meshing curve 1 (Line)
Info    : [ 20%] Meshing curve 2 (Line)
Info    : [ 30%] Meshing curve 3 (Line)
Info    : [ 50%] Meshing curve 4 (Line)
Info    : [ 60%] Meshing curve 5 (BSpline)
Info    : [ 80%] Meshing curve 6 (BSpline)
Info    : [ 90%] Meshing curve 7 (BSpline)
Info    : Done meshing 1D (Wall 0.0777457s, CPU 0.43405s)
Info    : Meshing 2D...
Info    : Meshing surface 1 (Plane, Frontal-Delaunay)
Info    : Done meshing 2D (Wall 0.0223251s, CPU 0.02098s)
Info    : 388 nodes 576 elements
Info    : Meshing 1D...
Info    : [  0%] Meshing curve 1 (Line)
Info    : [ 20%] Meshing curve 2 (Line)
Info    : [ 30%] Meshing curve 3 (Line)
Info    : [ 50%] Meshing curve 4 (Line)
Info    : [ 60%] Meshing curve 5 (BSpline)
Info    : [ 80%] Meshing curve 6 (BSpline)
Info    : [ 90%] Meshing curve 7 (BSpline)
Info    : Done meshing 1D (Wall 0.085509s, CPU 0.8978s)
Info    : Meshing 2D...
Info    : Meshing surface 1 (Plane, Frontal-Delaunay)
Info    : Done meshing 2D (Wall 0.0232047s, CPU 0.021492s)
Info    : 403 nodes 606 elements
Info    : Meshing 1D...
Info    : [  0%] Meshing curve 1 (Line)
Info    : [ 20%] Meshing curve 2 (Line)
Info    : [ 30%] Meshing curve 3 (Line)
Info    : [ 50%] Meshing curve 4 (Line)
Info    : [ 60%] Meshing curve 5 (BSpline)
Info    : [ 80%] Meshing curve 6 (BSpline)
Info    : [ 90%] Meshing curve 7 (BSpline)
Info    : Done meshing 1D (Wall 0.0479935s, CPU 0.558824s)
Info    : Meshing 2D...
Info    : Meshing surface 1 (Plane, Frontal-Delaunay)
Info    : Done meshing 2D (Wall 0.0324607s, CPU 0.268716s)
Info    : 501 nodes 798 elements
Info    : Meshing 1D...
Info    : [  0%] Meshing curve 1 (Line)
Info    : [ 20%] Meshing curve 2 (Line)
Info    : [ 30%] Meshing curve 3 (Line)
Info    : [ 50%] Meshing curve 4 (Line)
Info    : [ 60%] Meshing curve 5 (BSpline)
Info    : [ 80%] Meshing curve 6 (BSpline)
Info    : [ 90%] Meshing curve 7 (BSpline)
Info    : Done meshing 1D (Wall 0.0842715s, CPU 0.765435s)
Info    : Meshing 2D...
Info    : Meshing surface 1 (Plane, Frontal-Delaunay)
Info    : Done meshing 2D (Wall 0.0352865s, CPU 0.033641s)
Info    : 601 nodes 996 elements
Info    : Meshing 1D...
Info    : [  0%] Meshing curve 1 (Line)
Info    : [ 20%] Meshing curve 2 (Line)
Info    : [ 30%] Meshing curve 3 (Line)
Info    : [ 50%] Meshing curve 4 (Line)
Info    : [ 60%] Meshing curve 5 (BSpline)
Info    : [ 80%] Meshing curve 6 (BSpline)
Info    : [ 90%] Meshing curve 7 (BSpline)
Info    : Done meshing 1D (Wall 0.0803881s, CPU 0.794506s)
Info    : Meshing 2D...
Info    : Meshing surface 1 (Plane, Frontal-Delaunay)
Info    : Done meshing 2D (Wall 0.0445075s, CPU 0.043132s)
Info    : 826 nodes 1442 elements
Info    : Meshing 1D...
Info    : [  0%] Meshing curve 1 (Line)
Info    : [ 20%] Meshing curve 2 (Line)
Info    : [ 30%] Meshing curve 3 (Line)
Info    : [ 50%] Meshing curve 4 (Line)
Info    : [ 60%] Meshing curve 5 (BSpline)
Info    : [ 80%] Meshing curve 6 (BSpline)
Info    : [ 90%] Meshing curve 7 (BSpline)
Info    : Done meshing 1D (Wall 0.0716743s, CPU 0.738896s)
Info    : Meshing 2D...
Info    : Meshing surface 1 (Plane, Frontal-Delaunay)
Info    : Done meshing 2D (Wall 0.0226217s, CPU 0.021055s)
Info    : 379 nodes 558 elements
Info    : Meshing 1D...
Info    : [  0%] Meshing curve 1 (Line)
Info    : [ 20%] Meshing curve 2 (Line)
Info    : [ 30%] Meshing curve 3 (Line)
Info    : [ 50%] Meshing curve 4 (Line)
Info    : [ 60%] Meshing curve 5 (BSpline)
Info    : [ 80%] Meshing curve 6 (BSpline)
Info    : [ 90%] Meshing curve 7 (BSpline)
Info    : Done meshing 1D (Wall 0.0196364s, CPU 0.258352s)
Info    : Meshing 2D...
Info    : Meshing surface 1 (Plane, Frontal-Delaunay)
Info    : Done meshing 2D (Wall 0.103754s, CPU 0.568008s)
Info    : 2438 nodes 4654 elements
Info    : Meshing 1D...
Info    : [  0%] Meshing curve 1 (Line)
Info    : [ 20%] Meshing curve 2 (Line)
Info    : [ 30%] Meshing curve 3 (Line)
Info    : [ 50%] Meshing curve 4 (Line)
Info    : [ 60%] Meshing curve 5 (BSpline)
Info    : [ 80%] Meshing curve 6 (BSpline)
Info    : [ 90%] Meshing curve 7 (BSpline)
Info    : Done meshing 1D (Wall 0.0726434s, CPU 0.396329s)
Info    : Meshing 2D...
Info    : Meshing surface 1 (Plane, Frontal-Delaunay)
Info    : Done meshing 2D (Wall 0.0439219s, CPU 0.042725s)
Info    : 891 nodes 1574 elements
Info    : Meshing 1D...
Info    : [  0%] Meshing curve 1 (Line)
Info    : [ 20%] Meshing curve 2 (Line)
Info    : [ 30%] Meshing curve 3 (Line)
Info    : [ 50%] Meshing curve 4 (Line)
Info    : [ 60%] Meshing curve 5 (BSpline)
Info    : [ 80%] Meshing curve 6 (BSpline)
Info    : [ 90%] Meshing curve 7 (BSpline)
Info    : Done meshing 1D (Wall 0.0419507s, CPU 0.612984s)
Info    : Meshing 2D...
Info    : Meshing surface 1 (Plane, Frontal-Delaunay)
Info    : Done meshing 2D (Wall 0.0636325s, CPU 0.055766s)
Info    : 524 nodes 847 elements
Info    : Meshing 1D...
Info    : [  0%] Meshing curve 1 (Line)
Info    : [ 20%] Meshing curve 2 (Line)
Info    : [ 30%] Meshing curve 3 (Line)
Info    : [ 50%] Meshing curve 4 (Line)
Info    : [ 60%] Meshing curve 5 (BSpline)
Info    : [ 80%] Meshing curve 6 (BSpline)
Info    : [ 90%] Meshing curve 7 (BSpline)
Info    : Done meshing 1D (Wall 0.130447s, CPU 0.728213s)
Info    : Meshing 2D...
Info    : Meshing surface 1 (Plane, Frontal-Delaunay)
Info    : Done meshing 2D (Wall 0.100287s, CPU 0.099183s)
Info    : 2396 nodes 4563 elements
Info    : Meshing 1D...
Info    : [  0%] Meshing curve 1 (Line)
Info    : [ 20%] Meshing curve 2 (Line)
Info    : [ 30%] Meshing curve 3 (Line)
Info    : [ 50%] Meshing curve 4 (Line)
Info    : [ 60%] Meshing curve 5 (BSpline)
Info    : [ 80%] Meshing curve 6 (BSpline)
Info    : [ 90%] Meshing curve 7 (BSpline)
Info    : Done meshing 1D (Wall 0.0442256s, CPU 0.332046s)
Info    : Meshing 2D...
Info    : Meshing surface 1 (Plane, Frontal-Delaunay)
Info    : Done meshing 2D (Wall 0.0681403s, CPU 0.066813s)
Info    : 1480 nodes 2742 elements
Info    : Meshing 1D...
Info    : [  0%] Meshing curve 1 (Line)
Info    : [ 20%] Meshing curve 2 (Line)
Info    : [ 30%] Meshing curve 3 (Line)
Info    : [ 50%] Meshing curve 4 (Line)
Info    : [ 60%] Meshing curve 5 (BSpline)
Info    : [ 80%] Meshing curve 6 (BSpline)
Info    : [ 90%] Meshing curve 7 (BSpline)
Info    : Done meshing 1D (Wall 0.016529s, CPU 0.237386s)
Info    : Meshing 2D...
Info    : Meshing surface 1 (Plane, Frontal-Delaunay)
Info    : Done meshing 2D (Wall 0.0409089s, CPU 0.483695s)
Info    : 588 nodes 971 elements
Info    : Meshing 1D...
Info    : [  0%] Meshing curve 1 (Line)
Info    : [ 20%] Meshing curve 2 (Line)
Info    : [ 30%] Meshing curve 3 (Line)
Info    : [ 50%] Meshing curve 4 (Line)
Info    : [ 60%] Meshing curve 5 (BSpline)
Info    : [ 80%] Meshing curve 6 (BSpline)
Info    : [ 90%] Meshing curve 7 (BSpline)
Info    : Done meshing 1D (Wall 0.0760375s, CPU 0.661968s)
Info    : Meshing 2D...
Info    : Meshing surface 1 (Plane, Frontal-Delaunay)
Info    : Done meshing 2D (Wall 0.048831s, CPU 0.047448s)
Info    : 991 nodes 1772 elements
Info    : Meshing 1D...
Info    : [  0%] Meshing curve 1 (Line)
Info    : [ 20%] Meshing curve 2 (Line)
Info    : [ 30%] Meshing curve 3 (Line)
Info    : [ 50%] Meshing curve 4 (Line)
Info    : [ 60%] Meshing curve 5 (BSpline)
Info    : [ 80%] Meshing curve 6 (BSpline)
Info    : [ 90%] Meshing curve 7 (BSpline)
Info    : Done meshing 1D (Wall 0.071026s, CPU 0.572749s)
Info    : Meshing 2D...
Info    : Meshing surface 1 (Plane, Frontal-Delaunay)
Info    : Done meshing 2D (Wall 0.0407823s, CPU 0.039537s)
Info    : 831 nodes 1456 elements
Info    : Meshing 1D...
Info    : [  0%] Meshing curve 1 (Line)
Info    : [ 20%] Meshing curve 2 (Line)
Info    : [ 30%] Meshing curve 3 (Line)
Info    : [ 50%] Meshing curve 4 (Line)
Info    : [ 60%] Meshing curve 5 (BSpline)
Info    : [ 80%] Meshing curve 6 (BSpline)
Info    : [ 90%] Meshing curve 7 (BSpline)
Info    : Done meshing 1D (Wall 0.0718705s, CPU 0.811593s)
Info    : Meshing 2D...
Info    : Meshing surface 1 (Plane, Frontal-Delaunay)
Info    : Done meshing 2D (Wall 0.0715723s, CPU 0.070429s)
Info    : 1633 nodes 3049 elements
Info    : Meshing 1D...
Info    : [  0%] Meshing curve 1 (Line)
Info    : [ 20%] Meshing curve 2 (Line)
Info    : [ 30%] Meshing curve 3 (Line)
Info    : [ 50%] Meshing curve 4 (Line)
Info    : [ 60%] Meshing curve 5 (BSpline)
Info    : [ 80%] Meshing curve 6 (BSpline)
Info    : [ 90%] Meshing curve 7 (BSpline)
Info    : Done meshing 1D (Wall 0.0944327s, CPU 0.439001s)
Info    : Meshing 2D...
Info    : Meshing surface 1 (Plane, Frontal-Delaunay)
Info    : Done meshing 2D (Wall 0.0710476s, CPU 0.028273s)
Info    : 503 nodes 803 elements
Info    : Meshing 1D...
Info    : [  0%] Meshing curve 1 (Line)
Info    : [ 20%] Meshing curve 2 (Line)
Info    : [ 30%] Meshing curve 3 (Line)
Info    : [ 50%] Meshing curve 4 (Line)
Info    : [ 60%] Meshing curve 5 (BSpline)
Info    : [ 80%] Meshing curve 6 (BSpline)
Info    : [ 90%] Meshing curve 7 (BSpline)
Info    : Done meshing 1D (Wall 0.0688865s, CPU 0.534544s)
Info    : Meshing 2D...
Info    : Meshing surface 1 (Plane, Frontal-Delaunay)
Info    : Done meshing 2D (Wall 0.0259721s, CPU 0.024464s)
Info    : 448 nodes 695 elements
Info    : Meshing 1D...
Info    : [  0%] Meshing curve 1 (Line)
Info    : [ 20%] Meshing curve 2 (Line)
Info    : [ 30%] Meshing curve 3 (Line)
Info    : [ 50%] Meshing curve 4 (Line)
Info    : [ 60%] Meshing curve 5 (BSpline)
Info    : [ 80%] Meshing curve 6 (BSpline)
Info    : [ 90%] Meshing curve 7 (BSpline)
Info    : Done meshing 1D (Wall 0.07033s, CPU 0.651251s)
Info    : Meshing 2D...
Info    : Meshing surface 1 (Plane, Frontal-Delaunay)
Info    : Done meshing 2D (Wall 0.0208059s, CPU 0.01957s)
Info    : 382 nodes 565 elements
Info    : Meshing 1D...
Info    : [  0%] Meshing curve 1 (Line)
Info    : [ 20%] Meshing curve 2 (Line)
Info    : [ 30%] Meshing curve 3 (Line)
Info    : [ 50%] Meshing curve 4 (Line)
Info    : [ 60%] Meshing curve 5 (BSpline)
Info    : [ 80%] Meshing curve 6 (BSpline)
Info    : [ 90%] Meshing curve 7 (BSpline)
Info    : Done meshing 1D (Wall 0.0172912s, CPU 0.11604s)
Info    : Meshing 2D...
Info    : Meshing surface 1 (Plane, Frontal-Delaunay)
Info    : Done meshing 2D (Wall 0.0427194s, CPU 0.566169s)
Info    : 561 nodes 917 elements
Info    : Meshing 1D...
Info    : [  0%] Meshing curve 1 (Line)
Info    : [ 20%] Meshing curve 2 (Line)
Info    : [ 30%] Meshing curve 3 (Line)
Info    : [ 50%] Meshing curve 4 (Line)
Info    : [ 60%] Meshing curve 5 (BSpline)
Info    : [ 80%] Meshing curve 6 (BSpline)
Info    : [ 90%] Meshing curve 7 (BSpline)
Info    : Done meshing 1D (Wall 0.0722483s, CPU 0.658759s)
Info    : Meshing 2D...
Info    : Meshing surface 1 (Plane, Frontal-Delaunay)
Info    : Done meshing 2D (Wall 0.0407883s, CPU 0.039437s)
Info    : 779 nodes 1351 elements
Info    : Meshing 1D...
Info    : [  0%] Meshing curve 1 (Line)
Info    : [ 20%] Meshing curve 2 (Line)
Info    : [ 30%] Meshing curve 3 (Line)
Info    : [ 50%] Meshing curve 4 (Line)
Info    : [ 60%] Meshing curve 5 (BSpline)
Info    : [ 80%] Meshing curve 6 (BSpline)
Info    : [ 90%] Meshing curve 7 (BSpline)
Info    : Done meshing 1D (Wall 0.0442962s, CPU 0.506172s)
Info    : Meshing 2D...
Info    : Meshing surface 1 (Plane, Frontal-Delaunay)
Info    : Done meshing 2D (Wall 0.0701022s, CPU 0.158076s)
Info    : 724 nodes 1243 elements
Info    : Meshing 1D...
Info    : [  0%] Meshing curve 1 (Line)
Info    : [ 20%] Meshing curve 2 (Line)
Info    : [ 30%] Meshing curve 3 (Line)
Info    : [ 50%] Meshing curve 4 (Line)
Info    : [ 60%] Meshing curve 5 (BSpline)
Info    : [ 80%] Meshing curve 6 (BSpline)
Info    : [ 90%] Meshing curve 7 (BSpline)
Info    : Done meshing 1D (Wall 0.062055s, CPU 0.696398s)
Info    : Meshing 2D...
Info    : Meshing surface 1 (Plane, Frontal-Delaunay)
Info    : Done meshing 2D (Wall 0.0263563s, CPU 0.025109s)
Info    : 442 nodes 682 elements
Info    : Meshing 1D...
Info    : [  0%] Meshing curve 1 (Line)
Info    : [ 20%] Meshing curve 2 (Line)
Info    : [ 30%] Meshing curve 3 (Line)
Info    : [ 50%] Meshing curve 4 (Line)
Info    : [ 60%] Meshing curve 5 (BSpline)
Info    : [ 80%] Meshing curve 6 (BSpline)
Info    : [ 90%] Meshing curve 7 (BSpline)
Info    : Done meshing 1D (Wall 0.0831818s, CPU 0.614243s)
Info    : Meshing 2D...
Info    : Meshing surface 1 (Plane, Frontal-Delaunay)
Info    : Done meshing 2D (Wall 0.051343s, CPU 0.050009s)
Info    : 1043 nodes 1875 elements
Info    : Meshing 1D...
Info    : [  0%] Meshing curve 1 (Line)
Info    : [ 20%] Meshing curve 2 (Line)
Info    : [ 30%] Meshing curve 3 (Line)
Info    : [ 50%] Meshing curve 4 (Line)
Info    : [ 60%] Meshing curve 5 (BSpline)
Info    : [ 80%] Meshing curve 6 (BSpline)
Info    : [ 90%] Meshing curve 7 (BSpline)
Info    : Done meshing 1D (Wall 0.0833659s, CPU 0.630869s)
Info    : Meshing 2D...
Info    : Meshing surface 1 (Plane, Frontal-Delaunay)
Info    : Done meshing 2D (Wall 0.0532432s, CPU 0.051841s)
Info    : 1116 nodes 2021 elements
Info    : Meshing 1D...
Info    : [  0%] Meshing curve 1 (Line)
Info    : [ 20%] Meshing curve 2 (Line)
Info    : [ 30%] Meshing curve 3 (Line)
Info    : [ 50%] Meshing curve 4 (Line)
Info    : [ 60%] Meshing curve 5 (BSpline)
Info    : [ 80%] Meshing curve 6 (BSpline)
Info    : [ 90%] Meshing curve 7 (BSpline)
Info    : Done meshing 1D (Wall 0.137629s, CPU 0.737118s)
Info    : Meshing 2D...
Info    : Meshing surface 1 (Plane, Frontal-Delaunay)
Info    : Done meshing 2D (Wall 0.030118s, CPU 0.026673s)
Info    : 521 nodes 840 elements
Info    : Meshing 1D...
Info    : [  0%] Meshing curve 1 (Line)
Info    : [ 20%] Meshing curve 2 (Line)
Info    : [ 30%] Meshing curve 3 (Line)
Info    : [ 50%] Meshing curve 4 (Line)
Info    : [ 60%] Meshing curve 5 (BSpline)
Info    : [ 80%] Meshing curve 6 (BSpline)
Info    : [ 90%] Meshing curve 7 (BSpline)
Info    : Done meshing 1D (Wall 0.0709898s, CPU 0.690078s)
Info    : Meshing 2D...
Info    : Meshing surface 1 (Plane, Frontal-Delaunay)
Info    : Done meshing 2D (Wall 0.0249929s, CPU 0.023656s)
Info    : 448 nodes 695 elements
Info    : Meshing 1D...
Info    : [  0%] Meshing curve 1 (Line)
Info    : [ 20%] Meshing curve 2 (Line)
Info    : [ 30%] Meshing curve 3 (Line)
Info    : [ 50%] Meshing curve 4 (Line)
Info    : [ 60%] Meshing curve 5 (BSpline)
Info    : [ 80%] Meshing curve 6 (BSpline)
Info    : [ 90%] Meshing curve 7 (BSpline)
Info    : Done meshing 1D (Wall 0.0846993s, CPU 0.66639s)
Info    : Meshing 2D...
Info    : Meshing surface 1 (Plane, Frontal-Delaunay)
Info    : Done meshing 2D (Wall 0.0239749s, CPU 0.022322s)
Info    : 439 nodes 678 elements
Info    : Meshing 1D...
Info    : [  0%] Meshing curve 1 (Line)
Info    : [ 20%] Meshing curve 2 (Line)
Info    : [ 30%] Meshing curve 3 (Line)
Info    : [ 50%] Meshing curve 4 (Line)
Info    : [ 60%] Meshing curve 5 (BSpline)
Info    : [ 80%] Meshing curve 6 (BSpline)
Info    : [ 90%] Meshing curve 7 (BSpline)
Info    : Done meshing 1D (Wall 0.0455599s, CPU 0.587848s)
Info    : Meshing 2D...
Info    : Meshing surface 1 (Plane, Frontal-Delaunay)
Info    : Done meshing 2D (Wall 0.0353237s, CPU 0.215688s)
Info    : 554 nodes 903 elements
Info    : Meshing 1D...
Info    : [  0%] Meshing curve 1 (Line)
Info    : [ 20%] Meshing curve 2 (Line)
Info    : [ 30%] Meshing curve 3 (Line)
Info    : [ 50%] Meshing curve 4 (Line)
Info    : [ 60%] Meshing curve 5 (BSpline)
Info    : [ 80%] Meshing curve 6 (BSpline)
Info    : [ 90%] Meshing curve 7 (BSpline)
Info    : Done meshing 1D (Wall 0.0745254s, CPU 0.656028s)
Info    : Meshing 2D...
Info    : Meshing surface 1 (Plane, Frontal-Delaunay)
Info    : Done meshing 2D (Wall 0.0277617s, CPU 0.026592s)
Info    : 503 nodes 804 elements
Info    : Meshing 1D...
Info    : [  0%] Meshing curve 1 (Line)
Info    : [ 20%] Meshing curve 2 (Line)
Info    : [ 30%] Meshing curve 3 (Line)
Info    : [ 50%] Meshing curve 4 (Line)
Info    : [ 60%] Meshing curve 5 (BSpline)
Info    : [ 80%] Meshing curve 6 (BSpline)
Info    : [ 90%] Meshing curve 7 (BSpline)
Info    : Done meshing 1D (Wall 0.0822301s, CPU 0.697553s)
Info    : Meshing 2D...
Info    : Meshing surface 1 (Plane, Frontal-Delaunay)
Info    : Done meshing 2D (Wall 0.0285708s, CPU 0.027408s)
Info    : 510 nodes 818 elements
Info    : Meshing 1D...
Info    : [  0%] Meshing curve 1 (Line)
Info    : [ 20%] Meshing curve 2 (Line)
Info    : [ 30%] Meshing curve 3 (Line)
Info    : [ 50%] Meshing curve 4 (Line)
Info    : [ 60%] Meshing curve 5 (BSpline)
Info    : [ 80%] Meshing curve 6 (BSpline)
Info    : [ 90%] Meshing curve 7 (BSpline)
Info    : Done meshing 1D (Wall 0.0617886s, CPU 0.867045s)
Info    : Meshing 2D...
Info    : Meshing surface 1 (Plane, Frontal-Delaunay)
Info    : Done meshing 2D (Wall 0.0291528s, CPU 0.027894s)
Info    : 478 nodes 753 elements
Info    : Meshing 1D...
Info    : [  0%] Meshing curve 1 (Line)
Info    : [ 20%] Meshing curve 2 (Line)
Info    : [ 30%] Meshing curve 3 (Line)
Info    : [ 50%] Meshing curve 4 (Line)
Info    : [ 60%] Meshing curve 5 (BSpline)
Info    : [ 80%] Meshing curve 6 (BSpline)
Info    : [ 90%] Meshing curve 7 (BSpline)
Info    : Done meshing 1D (Wall 0.08258s, CPU 0.820981s)
Info    : Meshing 2D...
Info    : Meshing surface 1 (Plane, Frontal-Delaunay)
Info    : Done meshing 2D (Wall 0.0356302s, CPU 0.034344s)
Info    : 690 nodes 1175 elements
Info    : Meshing 1D...
Info    : [  0%] Meshing curve 1 (Line)
Info    : [ 20%] Meshing curve 2 (Line)
Info    : [ 30%] Meshing curve 3 (Line)
Info    : [ 50%] Meshing curve 4 (Line)
Info    : [ 60%] Meshing curve 5 (BSpline)
Info    : [ 80%] Meshing curve 6 (BSpline)
Info    : [ 90%] Meshing curve 7 (BSpline)
Info    : Done meshing 1D (Wall 0.0440686s, CPU 0.506363s)
Info    : Meshing 2D...
Info    : Meshing surface 1 (Plane, Frontal-Delaunay)
Info    : Done meshing 2D (Wall 0.03319s, CPU 0.254708s)
Info    : 552 nodes 901 elements
Info    : Meshing 1D...
Info    : [  0%] Meshing curve 1 (Line)
Info    : [ 20%] Meshing curve 2 (Line)
Info    : [ 30%] Meshing curve 3 (Line)
Info    : [ 50%] Meshing curve 4 (Line)
Info    : [ 60%] Meshing curve 5 (BSpline)
Info    : [ 80%] Meshing curve 6 (BSpline)
Info    : [ 90%] Meshing curve 7 (BSpline)
Info    : Done meshing 1D (Wall 0.0755835s, CPU 0.764819s)
Info    : Meshing 2D...
Info    : Meshing surface 1 (Plane, Frontal-Delaunay)
Info    : Done meshing 2D (Wall 0.0692371s, CPU 0.067988s)
Info    : 1605 nodes 2994 elements
Info    : Meshing 1D...
Info    : [  0%] Meshing curve 1 (Line)
Info    : [ 20%] Meshing curve 2 (Line)
Info    : [ 30%] Meshing curve 3 (Line)
Info    : [ 50%] Meshing curve 4 (Line)
Info    : [ 60%] Meshing curve 5 (BSpline)
Info    : [ 80%] Meshing curve 6 (BSpline)
Info    : [ 90%] Meshing curve 7 (BSpline)
Info    : Done meshing 1D (Wall 0.0738552s, CPU 0.631227s)
Info    : Meshing 2D...
Info    : Meshing surface 1 (Plane, Frontal-Delaunay)
Info    : Done meshing 2D (Wall 0.0305159s, CPU 0.029368s)
Info    : 514 nodes 824 elements
Info    : Meshing 1D...
Info    : [  0%] Meshing curve 1 (Line)
Info    : [ 20%] Meshing curve 2 (Line)
Info    : [ 30%] Meshing curve 3 (Line)
Info    : [ 50%] Meshing curve 4 (Line)
Info    : [ 60%] Meshing curve 5 (BSpline)
Info    : [ 80%] Meshing curve 6 (BSpline)
Info    : [ 90%] Meshing curve 7 (BSpline)
Info    : Done meshing 1D (Wall 0.0685225s, CPU 0.553157s)
Info    : Meshing 2D...
Info    : Meshing surface 1 (Plane, Frontal-Delaunay)
Info    : Done meshing 2D (Wall 0.0694988s, CPU 0.068243s)
Info    : 1632 nodes 3048 elements
Info    : Meshing 1D...
Info    : [  0%] Meshing curve 1 (Line)
Info    : [ 20%] Meshing curve 2 (Line)
Info    : [ 30%] Meshing curve 3 (Line)
Info    : [ 50%] Meshing curve 4 (Line)
Info    : [ 60%] Meshing curve 5 (BSpline)
Info    : [ 80%] Meshing curve 6 (BSpline)
Info    : [ 90%] Meshing curve 7 (BSpline)
Info    : Done meshing 1D (Wall 0.0764833s, CPU 0.577308s)
Info    : Meshing 2D...
Info    : Meshing surface 1 (Plane, Frontal-Delaunay)
Info    : Done meshing 2D (Wall 0.0250053s, CPU 0.023811s)
Info    : 431 nodes 661 elements
Info    : Meshing 1D...
Info    : [  0%] Meshing curve 1 (Line)
Info    : [ 20%] Meshing curve 2 (Line)
Info    : [ 30%] Meshing curve 3 (Line)
Info    : [ 50%] Meshing curve 4 (Line)
Info    : [ 60%] Meshing curve 5 (BSpline)
Info    : [ 80%] Meshing curve 6 (BSpline)
Info    : [ 90%] Meshing curve 7 (BSpline)
Info    : Done meshing 1D (Wall 0.0470021s, CPU 0.533748s)
Info    : Meshing 2D...
Info    : Meshing surface 1 (Plane, Frontal-Delaunay)
Info    : Done meshing 2D (Wall 0.0979905s, CPU 0.241899s)
Info    : 2365 nodes 4505 elements
Info    : Meshing 1D...
Info    : [  0%] Meshing curve 1 (Line)
Info    : [ 20%] Meshing curve 2 (Line)
Info    : [ 30%] Meshing curve 3 (Line)
Info    : [ 50%] Meshing curve 4 (Line)
Info    : [ 60%] Meshing curve 5 (BSpline)
Info    : [ 80%] Meshing curve 6 (BSpline)
Info    : [ 90%] Meshing curve 7 (BSpline)
Info    : Done meshing 1D (Wall 0.0435103s, CPU 0.318859s)
Info    : Meshing 2D...
Info    : Meshing surface 1 (Plane, Frontal-Delaunay)
Info    : Done meshing 2D (Wall 0.0314759s, CPU 0.029865s)
Info    : 592 nodes 981 elements
Info    : Meshing 1D...
Info    : [  0%] Meshing curve 1 (Line)
Info    : [ 20%] Meshing curve 2 (Line)
Info    : [ 30%] Meshing curve 3 (Line)
Info    : [ 50%] Meshing curve 4 (Line)
Info    : [ 60%] Meshing curve 5 (BSpline)
Info    : [ 80%] Meshing curve 6 (BSpline)
Info    : [ 90%] Meshing curve 7 (BSpline)
Info    : Done meshing 1D (Wall 0.0750511s, CPU 0.605295s)
Info    : Meshing 2D...
Info    : Meshing surface 1 (Plane, Frontal-Delaunay)
Info    : Done meshing 2D (Wall 0.101782s, CPU 0.100163s)
Info    : 2759 nodes 5294 elements
Info    : Meshing 1D...
Info    : [  0%] Meshing curve 1 (Line)
Info    : [ 20%] Meshing curve 2 (Line)
Info    : [ 30%] Meshing curve 3 (Line)
Info    : [ 50%] Meshing curve 4 (Line)
Info    : [ 60%] Meshing curve 5 (BSpline)
Info    : [ 80%] Meshing curve 6 (BSpline)
Info    : [ 90%] Meshing curve 7 (BSpline)
Info    : Done meshing 1D (Wall 0.071697s, CPU 0.276537s)
Info    : Meshing 2D...
Info    : Meshing surface 1 (Plane, Frontal-Delaunay)
Info    : Done meshing 2D (Wall 0.0987874s, CPU 0.097648s)
Info    : 2525 nodes 4824 elements
Info    : Meshing 1D...
Info    : [  0%] Meshing curve 1 (Line)
Info    : [ 20%] Meshing curve 2 (Line)
Info    : [ 30%] Meshing curve 3 (Line)
Info    : [ 50%] Meshing curve 4 (Line)
Info    : [ 60%] Meshing curve 5 (BSpline)
Info    : [ 80%] Meshing curve 6 (BSpline)
Info    : [ 90%] Meshing curve 7 (BSpline)
Info    : Done meshing 1D (Wall 0.0777167s, CPU 0.394191s)
Info    : Meshing 2D...
Info    : Meshing surface 1 (Plane, Frontal-Delaunay)
Info    : Done meshing 2D (Wall 0.0771866s, CPU 0.075956s)
Info    : 1859 nodes 3499 elements
Info    : Meshing 1D...
Info    : [  0%] Meshing curve 1 (Line)
Info    : [ 20%] Meshing curve 2 (Line)
Info    : [ 30%] Meshing curve 3 (Line)
Info    : [ 50%] Meshing curve 4 (Line)
Info    : [ 60%] Meshing curve 5 (BSpline)
Info    : [ 80%] Meshing curve 6 (BSpline)
Info    : [ 90%] Meshing curve 7 (BSpline)
Info    : Done meshing 1D (Wall 0.0686583s, CPU 0.441364s)
Info    : Meshing 2D...
Info    : Meshing surface 1 (Plane, Frontal-Delaunay)
Info    : Done meshing 2D (Wall 0.0212622s, CPU 0.019967s)
Info    : 374 nodes 549 elements
Info    : Meshing 1D...
Info    : [  0%] Meshing curve 1 (Line)
Info    : [ 20%] Meshing curve 2 (Line)
Info    : [ 30%] Meshing curve 3 (Line)
Info    : [ 50%] Meshing curve 4 (Line)
Info    : [ 60%] Meshing curve 5 (BSpline)
Info    : [ 80%] Meshing curve 6 (BSpline)
Info    : [ 90%] Meshing curve 7 (BSpline)
Info    : Done meshing 1D (Wall 0.0843105s, CPU 0.732135s)
Info    : Meshing 2D...
Info    : Meshing surface 1 (Plane, Frontal-Delaunay)
Info    : Done meshing 2D (Wall 0.0948579s, CPU 0.093244s)
Info    : 2214 nodes 4200 elements
Info    : Meshing 1D...
Info    : [  0%] Meshing curve 1 (Line)
Info    : [ 20%] Meshing curve 2 (Line)
Info    : [ 30%] Meshing curve 3 (Line)
Info    : [ 50%] Meshing curve 4 (Line)
Info    : [ 60%] Meshing curve 5 (BSpline)
Info    : [ 80%] Meshing curve 6 (BSpline)
Info    : [ 90%] Meshing curve 7 (BSpline)
Info    : Done meshing 1D (Wall 0.0739444s, CPU 0.316107s)
Info    : Meshing 2D...
Info    : Meshing surface 1 (Plane, Frontal-Delaunay)
Info    : Done meshing 2D (Wall 0.0275031s, CPU 0.026342s)
Info    : 447 nodes 691 elements
Info    : Meshing 1D...
Info    : [  0%] Meshing curve 1 (Line)
Info    : [ 20%] Meshing curve 2 (Line)
Info    : [ 30%] Meshing curve 3 (Line)
Info    : [ 50%] Meshing curve 4 (Line)
Info    : [ 60%] Meshing curve 5 (BSpline)
Info    : [ 80%] Meshing curve 6 (BSpline)
Info    : [ 90%] Meshing curve 7 (BSpline)
Info    : Done meshing 1D (Wall 0.0450875s, CPU 0.543857s)
Info    : Meshing 2D...
Info    : Meshing surface 1 (Plane, Frontal-Delaunay)
Info    : Done meshing 2D (Wall 0.0476452s, CPU 0.288569s)
Info    : 809 nodes 1408 elements
Info    : Meshing 1D...
Info    : [  0%] Meshing curve 1 (Line)
Info    : [ 20%] Meshing curve 2 (Line)
Info    : [ 30%] Meshing curve 3 (Line)
Info    : [ 50%] Meshing curve 4 (Line)
Info    : [ 60%] Meshing curve 5 (BSpline)
Info    : [ 80%] Meshing curve 6 (BSpline)
Info    : [ 90%] Meshing curve 7 (BSpline)
Info    : Done meshing 1D (Wall 0.0674766s, CPU 0.651611s)
Info    : Meshing 2D...
Info    : Meshing surface 1 (Plane, Frontal-Delaunay)
Info    : Done meshing 2D (Wall 0.0322946s, CPU 0.030473s)
Info    : 593 nodes 982 elements
Info    : Meshing 1D...
Info    : [  0%] Meshing curve 1 (Line)
Info    : [ 20%] Meshing curve 2 (Line)
Info    : [ 30%] Meshing curve 3 (Line)
Info    : [ 50%] Meshing curve 4 (Line)
Info    : [ 60%] Meshing curve 5 (BSpline)
Info    : [ 80%] Meshing curve 6 (BSpline)
Info    : [ 90%] Meshing curve 7 (BSpline)
Info    : Done meshing 1D (Wall 0.0774749s, CPU 0.59539s)
Info    : Meshing 2D...
Info    : Meshing surface 1 (Plane, Frontal-Delaunay)
Info    : Done meshing 2D (Wall 0.0318272s, CPU 0.030112s)
Info    : 560 nodes 916 elements
Info    : Meshing 1D...
Info    : [  0%] Meshing curve 1 (Line)
Info    : [ 20%] Meshing curve 2 (Line)
Info    : [ 30%] Meshing curve 3 (Line)
Info    : [ 50%] Meshing curve 4 (Line)
Info    : [ 60%] Meshing curve 5 (BSpline)
Info    : [ 80%] Meshing curve 6 (BSpline)
Info    : [ 90%] Meshing curve 7 (BSpline)
Info    : Done meshing 1D (Wall 0.070774s, CPU 0.671971s)
Info    : Meshing 2D...
Info    : Meshing surface 1 (Plane, Frontal-Delaunay)
Info    : Done meshing 2D (Wall 0.0997753s, CPU 0.026823s)
Info    : 519 nodes 836 elements
Info    : Meshing 1D...
Info    : [  0%] Meshing curve 1 (Line)
Info    : [ 20%] Meshing curve 2 (Line)
Info    : [ 30%] Meshing curve 3 (Line)
Info    : [ 50%] Meshing curve 4 (Line)
Info    : [ 60%] Meshing curve 5 (BSpline)
Info    : [ 80%] Meshing curve 6 (BSpline)
Info    : [ 90%] Meshing curve 7 (BSpline)
Info    : Done meshing 1D (Wall 0.0724868s, CPU 0.77501s)
Info    : Meshing 2D...
Info    : Meshing surface 1 (Plane, Frontal-Delaunay)
Info    : Done meshing 2D (Wall 0.0389616s, CPU 0.037448s)
Info    : 683 nodes 1158 elements
Info    : Meshing 1D...
Info    : [  0%] Meshing curve 1 (Line)
Info    : [ 20%] Meshing curve 2 (Line)
Info    : [ 30%] Meshing curve 3 (Line)
Info    : [ 50%] Meshing curve 4 (Line)
Info    : [ 60%] Meshing curve 5 (BSpline)
Info    : [ 80%] Meshing curve 6 (BSpline)
Info    : [ 90%] Meshing curve 7 (BSpline)
Info    : Done meshing 1D (Wall 0.045846s, CPU 0.615184s)
Info    : Meshing 2D...
Info    : Meshing surface 1 (Plane, Frontal-Delaunay)
Info    : Done meshing 2D (Wall 0.058693s, CPU 0.165567s)
Info    : 1107 nodes 1999 elements
Info    : Meshing 1D...
Info    : [  0%] Meshing curve 1 (Line)
Info    : [ 20%] Meshing curve 2 (Line)
Info    : [ 30%] Meshing curve 3 (Line)
Info    : [ 50%] Meshing curve 4 (Line)
Info    : [ 60%] Meshing curve 5 (BSpline)
Info    : [ 80%] Meshing curve 6 (BSpline)
Info    : [ 90%] Meshing curve 7 (BSpline)
Info    : Done meshing 1D (Wall 0.0838054s, CPU 0.743699s)
Info    : Meshing 2D...
Info    : Meshing surface 1 (Plane, Frontal-Delaunay)
Info    : Done meshing 2D (Wall 0.0237819s, CPU 0.022085s)
Info    : 447 nodes 694 elements
Info    : Meshing 1D...
Info    : [  0%] Meshing curve 1 (Line)
Info    : [ 20%] Meshing curve 2 (Line)
Info    : [ 30%] Meshing curve 3 (Line)
Info    : [ 50%] Meshing curve 4 (Line)
Info    : [ 60%] Meshing curve 5 (BSpline)
Info    : [ 80%] Meshing curve 6 (BSpline)
Info    : [ 90%] Meshing curve 7 (BSpline)
Info    : Done meshing 1D (Wall 0.0723172s, CPU 0.636487s)
Info    : Meshing 2D...
Info    : Meshing surface 1 (Plane, Frontal-Delaunay)
Info    : Done meshing 2D (Wall 0.0517513s, CPU 0.050656s)
Info    : 1082 nodes 1953 elements
Info    : Meshing 1D...
Info    : [  0%] Meshing curve 1 (Line)
Info    : [ 20%] Meshing curve 2 (Line)
Info    : [ 30%] Meshing curve 3 (Line)
Info    : [ 50%] Meshing curve 4 (Line)
Info    : [ 60%] Meshing curve 5 (BSpline)
Info    : [ 80%] Meshing curve 6 (BSpline)
Info    : [ 90%] Meshing curve 7 (BSpline)
Info    : Done meshing 1D (Wall 0.014514s, CPU 0.006349s)
Info    : Meshing 2D...
Info    : Meshing surface 1 (Plane, Frontal-Delaunay)
Info    : Done meshing 2D (Wall 0.0223089s, CPU 0.02109s)
Info    : 409 nodes 618 elements
Info    : Meshing 1D...
Info    : [  0%] Meshing curve 1 (Line)
Info    : [ 20%] Meshing curve 2 (Line)
Info    : [ 30%] Meshing curve 3 (Line)
Info    : [ 50%] Meshing curve 4 (Line)
Info    : [ 60%] Meshing curve 5 (BSpline)
Info    : [ 80%] Meshing curve 6 (BSpline)
Info    : [ 90%] Meshing curve 7 (BSpline)
Info    : Done meshing 1D (Wall 0.0786207s, CPU 0.668265s)
Info    : Meshing 2D...
Info    : Meshing surface 1 (Plane, Frontal-Delaunay)
Info    : Done meshing 2D (Wall 0.0635115s, CPU 0.061889s)
Info    : 1475 nodes 2736 elements
Info    : Meshing 1D...
Info    : [  0%] Meshing curve 1 (Line)
Info    : [ 20%] Meshing curve 2 (Line)
Info    : [ 30%] Meshing curve 3 (Line)
Info    : [ 50%] Meshing curve 4 (Line)
Info    : [ 60%] Meshing curve 5 (BSpline)
Info    : [ 80%] Meshing curve 6 (BSpline)
Info    : [ 90%] Meshing curve 7 (BSpline)
Info    : Done meshing 1D (Wall 0.082116s, CPU 0.578951s)
Info    : Meshing 2D...
Info    : Meshing surface 1 (Plane, Frontal-Delaunay)
Info    : Done meshing 2D (Wall 0.0368698s, CPU 0.035639s)
Info    : 725 nodes 1245 elements
Info    : Meshing 1D...
Info    : [  0%] Meshing curve 1 (Line)
Info    : [ 20%] Meshing curve 2 (Line)
Info    : [ 30%] Meshing curve 3 (Line)
Info    : [ 50%] Meshing curve 4 (Line)
Info    : [ 60%] Meshing curve 5 (BSpline)
Info    : [ 80%] Meshing curve 6 (BSpline)
Info    : [ 90%] Meshing curve 7 (BSpline)
Info    : Done meshing 1D (Wall 0.0770917s, CPU 0.560704s)
Info    : Meshing 2D...
Info    : Meshing surface 1 (Plane, Frontal-Delaunay)
Info    : Done meshing 2D (Wall 0.0631476s, CPU 0.061813s)
Info    : 1344 nodes 2472 elements
Info    : Meshing 1D...
Info    : [  0%] Meshing curve 1 (Line)
Info    : [ 20%] Meshing curve 2 (Line)
Info    : [ 30%] Meshing curve 3 (Line)
Info    : [ 50%] Meshing curve 4 (Line)
Info    : [ 60%] Meshing curve 5 (BSpline)
Info    : [ 80%] Meshing curve 6 (BSpline)
Info    : [ 90%] Meshing curve 7 (BSpline)
Info    : Done meshing 1D (Wall 0.0714127s, CPU 0.559452s)
Info    : Meshing 2D...
Info    : Meshing surface 1 (Plane, Frontal-Delaunay)
Info    : Done meshing 2D (Wall 0.0446248s, CPU 0.043365s)
Info    : 954 nodes 1700 elements
Info    : Meshing 1D...
Info    : [  0%] Meshing curve 1 (Line)
Info    : [ 20%] Meshing curve 2 (Line)
Info    : [ 30%] Meshing curve 3 (Line)
Info    : [ 50%] Meshing curve 4 (Line)
Info    : [ 60%] Meshing curve 5 (BSpline)
Info    : [ 80%] Meshing curve 6 (BSpline)
Info    : [ 90%] Meshing curve 7 (BSpline)
Info    : Done meshing 1D (Wall 0.0775452s, CPU 0.63585s)
Info    : Meshing 2D...
Info    : Meshing surface 1 (Plane, Frontal-Delaunay)
Info    : Done meshing 2D (Wall 0.0343055s, CPU 0.032944s)
Info    : 648 nodes 1091 elements
Info    : Meshing 1D...
Info    : [  0%] Meshing curve 1 (Line)
Info    : [ 20%] Meshing curve 2 (Line)
Info    : [ 30%] Meshing curve 3 (Line)
Info    : [ 50%] Meshing curve 4 (Line)
Info    : [ 60%] Meshing curve 5 (BSpline)
Info    : [ 80%] Meshing curve 6 (BSpline)
Info    : [ 90%] Meshing curve 7 (BSpline)
Info    : Done meshing 1D (Wall 0.0742326s, CPU 0.807401s)
Info    : Meshing 2D...
Info    : Meshing surface 1 (Plane, Frontal-Delaunay)
Info    : Done meshing 2D (Wall 0.031142s, CPU 0.029878s)
Info    : 514 nodes 824 elements
Info    : Meshing 1D...
Info    : [  0%] Meshing curve 1 (Line)
Info    : [ 20%] Meshing curve 2 (Line)
Info    : [ 30%] Meshing curve 3 (Line)
Info    : [ 50%] Meshing curve 4 (Line)
Info    : [ 60%] Meshing curve 5 (BSpline)
Info    : [ 80%] Meshing curve 6 (BSpline)
Info    : [ 90%] Meshing curve 7 (BSpline)
Info    : Done meshing 1D (Wall 0.0871575s, CPU 0.552705s)
Info    : Meshing 2D...
Info    : Meshing surface 1 (Plane, Frontal-Delaunay)
Info    : Done meshing 2D (Wall 0.0363738s, CPU 0.035083s)
Info    : 681 nodes 1156 elements
Info    : Meshing 1D...
Info    : [  0%] Meshing curve 1 (Line)
Info    : [ 20%] Meshing curve 2 (Line)
Info    : [ 30%] Meshing curve 3 (Line)
Info    : [ 50%] Meshing curve 4 (Line)
Info    : [ 60%] Meshing curve 5 (BSpline)
Info    : [ 80%] Meshing curve 6 (BSpline)
Info    : [ 90%] Meshing curve 7 (BSpline)
Info    : Done meshing 1D (Wall 0.0441019s, CPU 0.584551s)
Info    : Meshing 2D...
Info    : Meshing surface 1 (Plane, Frontal-Delaunay)
Info    : Done meshing 2D (Wall 0.0311605s, CPU 0.125956s)
Info    : 480 nodes 757 elements
Info    : Meshing 1D...
Info    : [  0%] Meshing curve 1 (Line)
Info    : [ 20%] Meshing curve 2 (Line)
Info    : [ 30%] Meshing curve 3 (Line)
Info    : [ 50%] Meshing curve 4 (Line)
Info    : [ 60%] Meshing curve 5 (BSpline)
Info    : [ 80%] Meshing curve 6 (BSpline)
Info    : [ 90%] Meshing curve 7 (BSpline)
Info    : Done meshing 1D (Wall 0.149244s, CPU 0.661511s)
Info    : Meshing 2D...
Info    : Meshing surface 1 (Plane, Frontal-Delaunay)
Info    : Done meshing 2D (Wall 0.0784895s, CPU 0.077213s)
Info    : 1779 nodes 3336 elements
Info    : Meshing 1D...
Info    : [  0%] Meshing curve 1 (Line)
Info    : [ 20%] Meshing curve 2 (Line)
Info    : [ 30%] Meshing curve 3 (Line)
Info    : [ 50%] Meshing curve 4 (Line)
Info    : [ 60%] Meshing curve 5 (BSpline)
Info    : [ 80%] Meshing curve 6 (BSpline)
Info    : [ 90%] Meshing curve 7 (BSpline)
Info    : Done meshing 1D (Wall 0.0716736s, CPU 0.553918s)
Info    : Meshing 2D...
Info    : Meshing surface 1 (Plane, Frontal-Delaunay)
Info    : Done meshing 2D (Wall 0.0242153s, CPU 0.022982s)
Info    : 466 nodes 732 elements
Info    : Meshing 1D...
Info    : [  0%] Meshing curve 1 (Line)
Info    : [ 20%] Meshing curve 2 (Line)
Info    : [ 30%] Meshing curve 3 (Line)
Info    : [ 50%] Meshing curve 4 (Line)
Info    : [ 60%] Meshing curve 5 (BSpline)
Info    : [ 80%] Meshing curve 6 (BSpline)
Info    : [ 90%] Meshing curve 7 (BSpline)
Info    : Done meshing 1D (Wall 0.0760428s, CPU 0.579642s)
Info    : Meshing 2D...
Info    : Meshing surface 1 (Plane, Frontal-Delaunay)
Info    : Done meshing 2D (Wall 0.0279755s, CPU 0.026868s)
Info    : 519 nodes 836 elements
Info    : Meshing 1D...
Info    : [  0%] Meshing curve 1 (Line)
Info    : [ 20%] Meshing curve 2 (Line)
Info    : [ 30%] Meshing curve 3 (Line)
Info    : [ 50%] Meshing curve 4 (Line)
Info    : [ 60%] Meshing curve 5 (BSpline)
Info    : [ 80%] Meshing curve 6 (BSpline)
Info    : [ 90%] Meshing curve 7 (BSpline)
Info    : Done meshing 1D (Wall 0.0445166s, CPU 0.508472s)
Info    : Meshing 2D...
Info    : Meshing surface 1 (Plane, Frontal-Delaunay)
Info    : Done meshing 2D (Wall 0.0918192s, CPU 0.100019s)
Info    : 452 nodes 702 elements
Info    : Meshing 1D...
Info    : [  0%] Meshing curve 1 (Line)
Info    : [ 20%] Meshing curve 2 (Line)
Info    : [ 30%] Meshing curve 3 (Line)
Info    : [ 50%] Meshing curve 4 (Line)
Info    : [ 60%] Meshing curve 5 (BSpline)
Info    : [ 80%] Meshing curve 6 (BSpline)
Info    : [ 90%] Meshing curve 7 (BSpline)
Info    : Done meshing 1D (Wall 0.0668086s, CPU 0.656107s)
Info    : Meshing 2D...
Info    : Meshing surface 1 (Plane, Frontal-Delaunay)
Info    : Done meshing 2D (Wall 0.0267738s, CPU 0.025206s)
Info    : 515 nodes 829 elements
Info    : Meshing 1D...
Info    : [  0%] Meshing curve 1 (Line)
Info    : [ 20%] Meshing curve 2 (Line)
Info    : [ 30%] Meshing curve 3 (Line)
Info    : [ 50%] Meshing curve 4 (Line)
Info    : [ 60%] Meshing curve 5 (BSpline)
Info    : [ 80%] Meshing curve 6 (BSpline)
Info    : [ 90%] Meshing curve 7 (BSpline)
Info    : Done meshing 1D (Wall 0.0789016s, CPU 0.69314s)
Info    : Meshing 2D...
Info    : Meshing surface 1 (Plane, Frontal-Delaunay)
Info    : Done meshing 2D (Wall 0.0357056s, CPU 0.034523s)
Info    : 695 nodes 1185 elements
Info    : Meshing 1D...
Info    : [  0%] Meshing curve 1 (Line)
Info    : [ 20%] Meshing curve 2 (Line)
Info    : [ 30%] Meshing curve 3 (Line)
Info    : [ 50%] Meshing curve 4 (Line)
Info    : [ 60%] Meshing curve 5 (BSpline)
Info    : [ 80%] Meshing curve 6 (BSpline)
Info    : [ 90%] Meshing curve 7 (BSpline)
Info    : Done meshing 1D (Wall 0.0167189s, CPU 0.207368s)
Info    : Meshing 2D...
Info    : Meshing surface 1 (Plane, Frontal-Delaunay)
Info    : Done meshing 2D (Wall 0.0337395s, CPU 0.481562s)
Info    : 440 nodes 679 elements
Info    : Meshing 1D...
Info    : [  0%] Meshing curve 1 (Line)
Info    : [ 20%] Meshing curve 2 (Line)
Info    : [ 30%] Meshing curve 3 (Line)
Info    : [ 50%] Meshing curve 4 (Line)
Info    : [ 60%] Meshing curve 5 (BSpline)
Info    : [ 80%] Meshing curve 6 (BSpline)
Info    : [ 90%] Meshing curve 7 (BSpline)
Info    : Done meshing 1D (Wall 0.0500725s, CPU 0.679895s)
Info    : Meshing 2D...
Info    : Meshing surface 1 (Plane, Frontal-Delaunay)
Info    : Done meshing 2D (Wall 0.0273638s, CPU 0.196664s)
Info    : 483 nodes 766 elements
Info    : Meshing 1D...
Info    : [  0%] Meshing curve 1 (Line)
Info    : [ 20%] Meshing curve 2 (Line)
Info    : [ 30%] Meshing curve 3 (Line)
Info    : [ 50%] Meshing curve 4 (Line)
Info    : [ 60%] Meshing curve 5 (BSpline)
Info    : [ 80%] Meshing curve 6 (BSpline)
Info    : [ 90%] Meshing curve 7 (BSpline)
Info    : Done meshing 1D (Wall 0.0753197s, CPU 0.724331s)
Info    : Meshing 2D...
Info    : Meshing surface 1 (Plane, Frontal-Delaunay)
Info    : Done meshing 2D (Wall 0.0311582s, CPU 0.029555s)
Info    : 600 nodes 997 elements
Info    : Meshing 1D...
Info    : [  0%] Meshing curve 1 (Line)
Info    : [ 20%] Meshing curve 2 (Line)
Info    : [ 30%] Meshing curve 3 (Line)
Info    : [ 50%] Meshing curve 4 (Line)
Info    : [ 60%] Meshing curve 5 (BSpline)
Info    : [ 80%] Meshing curve 6 (BSpline)
Info    : [ 90%] Meshing curve 7 (BSpline)
Info    : Done meshing 1D (Wall 0.0580894s, CPU 0.601194s)
Info    : Meshing 2D...
Info    : Meshing surface 1 (Plane, Frontal-Delaunay)
Info    : Done meshing 2D (Wall 0.0299411s, CPU 0.030367s)
Info    : 551 nodes 899 elements
Info    : Meshing 1D...
Info    : [  0%] Meshing curve 1 (Line)
Info    : [ 20%] Meshing curve 2 (Line)
Info    : [ 30%] Meshing curve 3 (Line)
Info    : [ 50%] Meshing curve 4 (Line)
Info    : [ 60%] Meshing curve 5 (BSpline)
Info    : [ 80%] Meshing curve 6 (BSpline)
Info    : [ 90%] Meshing curve 7 (BSpline)
Info    : Done meshing 1D (Wall 0.0460854s, CPU 0.47211s)
Info    : Meshing 2D...
Info    : Meshing surface 1 (Plane, Frontal-Delaunay)
Info    : Done meshing 2D (Wall 0.0273492s, CPU 0.200596s)
Info    : 435 nodes 670 elements
Info    : Meshing 1D...
Info    : [  0%] Meshing curve 1 (Line)
Info    : [ 20%] Meshing curve 2 (Line)
Info    : [ 30%] Meshing curve 3 (Line)
Info    : [ 50%] Meshing curve 4 (Line)
Info    : [ 60%] Meshing curve 5 (BSpline)
Info    : [ 80%] Meshing curve 6 (BSpline)
Info    : [ 90%] Meshing curve 7 (BSpline)
Info    : Done meshing 1D (Wall 0.0743806s, CPU 0.654421s)
Info    : Meshing 2D...
Info    : Meshing surface 1 (Plane, Frontal-Delaunay)
Info    : Done meshing 2D (Wall 0.0338127s, CPU 0.032434s)
Info    : 592 nodes 979 elements
Info    : Meshing 1D...
Info    : [  0%] Meshing curve 1 (Line)
Info    : [ 20%] Meshing curve 2 (Line)
Info    : [ 30%] Meshing curve 3 (Line)
Info    : [ 50%] Meshing curve 4 (Line)
Info    : [ 60%] Meshing curve 5 (BSpline)
Info    : [ 80%] Meshing curve 6 (BSpline)
Info    : [ 90%] Meshing curve 7 (BSpline)
Info    : Done meshing 1D (Wall 0.0721851s, CPU 0.759221s)
Info    : Meshing 2D...
Info    : Meshing surface 1 (Plane, Frontal-Delaunay)
Info    : Done meshing 2D (Wall 0.0212598s, CPU 0.020071s)
Info    : 389 nodes 579 elements
Info    : Meshing 1D...
Info    : [  0%] Meshing curve 1 (Line)
Info    : [ 20%] Meshing curve 2 (Line)
Info    : [ 30%] Meshing curve 3 (Line)
Info    : [ 50%] Meshing curve 4 (Line)
Info    : [ 60%] Meshing curve 5 (BSpline)
Info    : [ 80%] Meshing curve 6 (BSpline)
Info    : [ 90%] Meshing curve 7 (BSpline)
Info    : Done meshing 1D (Wall 0.046877s, CPU 0.519841s)
Info    : Meshing 2D...
Info    : Meshing surface 1 (Plane, Frontal-Delaunay)
Info    : Done meshing 2D (Wall 0.0677988s, CPU 0.200017s)
Info    : 1482 nodes 2749 elements
Info    : Meshing 1D...
Info    : [  0%] Meshing curve 1 (Line)
Info    : [ 20%] Meshing curve 2 (Line)
Info    : [ 30%] Meshing curve 3 (Line)
Info    : [ 50%] Meshing curve 4 (Line)
Info    : [ 60%] Meshing curve 5 (BSpline)
Info    : [ 80%] Meshing curve 6 (BSpline)
Info    : [ 90%] Meshing curve 7 (BSpline)
Info    : Done meshing 1D (Wall 0.0694059s, CPU 0.581885s)
Info    : Meshing 2D...
Info    : Meshing surface 1 (Plane, Frontal-Delaunay)
Info    : Done meshing 2D (Wall 0.0528614s, CPU 0.051535s)
Info    : 1124 nodes 2038 elements
Info    : Meshing 1D...
Info    : [  0%] Meshing curve 1 (Line)
Info    : [ 20%] Meshing curve 2 (Line)
Info    : [ 30%] Meshing curve 3 (Line)
Info    : [ 50%] Meshing curve 4 (Line)
Info    : [ 60%] Meshing curve 5 (BSpline)
Info    : [ 80%] Meshing curve 6 (BSpline)
Info    : [ 90%] Meshing curve 7 (BSpline)
Info    : Done meshing 1D (Wall 0.0775794s, CPU 0.692035s)
Info    : Meshing 2D...
Info    : Meshing surface 1 (Plane, Frontal-Delaunay)
Info    : Done meshing 2D (Wall 0.0491164s, CPU 0.04795s)
Info    : 890 nodes 1568 elements
Info    : Meshing 1D...
Info    : [  0%] Meshing curve 1 (Line)
Info    : [ 20%] Meshing curve 2 (Line)
Info    : [ 30%] Meshing curve 3 (Line)
Info    : [ 50%] Meshing curve 4 (Line)
Info    : [ 60%] Meshing curve 5 (BSpline)
Info    : [ 80%] Meshing curve 6 (BSpline)
Info    : [ 90%] Meshing curve 7 (BSpline)
Info    : Done meshing 1D (Wall 0.0793169s, CPU 0.718031s)
Info    : Meshing 2D...
Info    : Meshing surface 1 (Plane, Frontal-Delaunay)
Info    : Done meshing 2D (Wall 0.0350568s, CPU 0.033532s)
Info    : 628 nodes 1050 elements
Info    : Meshing 1D...
Info    : [  0%] Meshing curve 1 (Line)
Info    : [ 20%] Meshing curve 2 (Line)
Info    : [ 30%] Meshing curve 3 (Line)
Info    : [ 50%] Meshing curve 4 (Line)
Info    : [ 60%] Meshing curve 5 (BSpline)
Info    : [ 80%] Meshing curve 6 (BSpline)
Info    : [ 90%] Meshing curve 7 (BSpline)
Info    : Done meshing 1D (Wall 0.0175143s, CPU 0.308712s)
Info    : Meshing 2D...
Info    : Meshing surface 1 (Plane, Frontal-Delaunay)
Info    : Done meshing 2D (Wall 0.0499188s, CPU 0.235505s)
Info    : 832 nodes 1453 elements
Info    : Meshing 1D...
Info    : [  0%] Meshing curve 1 (Line)
Info    : [ 20%] Meshing curve 2 (Line)
Info    : [ 30%] Meshing curve 3 (Line)
Info    : [ 50%] Meshing curve 4 (Line)
Info    : [ 60%] Meshing curve 5 (BSpline)
Info    : [ 80%] Meshing curve 6 (BSpline)
Info    : [ 90%] Meshing curve 7 (BSpline)
Info    : Done meshing 1D (Wall 0.0183511s, CPU 0.146873s)
Info    : Meshing 2D...
Info    : Meshing surface 1 (Plane, Frontal-Delaunay)
Info    : Done meshing 2D (Wall 0.0604856s, CPU 0.503809s)
Info    : 1076 nodes 1942 elements
Info    : Meshing 1D...
Info    : [  0%] Meshing curve 1 (Line)
Info    : [ 20%] Meshing curve 2 (Line)
Info    : [ 30%] Meshing curve 3 (Line)
Info    : [ 50%] Meshing curve 4 (Line)
Info    : [ 60%] Meshing curve 5 (BSpline)
Info    : [ 80%] Meshing curve 6 (BSpline)
Info    : [ 90%] Meshing curve 7 (BSpline)
Info    : Done meshing 1D (Wall 0.0451177s, CPU 0.455646s)
Info    : Meshing 2D...
Info    : Meshing surface 1 (Plane, Frontal-Delaunay)
Info    : Done meshing 2D (Wall 0.0613271s, CPU 0.250726s)
Info    : 1277 nodes 2341 elements
Info    : Meshing 1D...
Info    : [  0%] Meshing curve 1 (Line)
Info    : [ 20%] Meshing curve 2 (Line)
Info    : [ 30%] Meshing curve 3 (Line)
Info    : [ 50%] Meshing curve 4 (Line)
Info    : [ 60%] Meshing curve 5 (BSpline)
Info    : [ 80%] Meshing curve 6 (BSpline)
Info    : [ 90%] Meshing curve 7 (BSpline)
Info    : Done meshing 1D (Wall 0.067616s, CPU 0.538461s)
Info    : Meshing 2D...
Info    : Meshing surface 1 (Plane, Frontal-Delaunay)
Info    : Done meshing 2D (Wall 0.0279771s, CPU 0.026599s)
Info    : 519 nodes 836 elements
Info    : Meshing 1D...
Info    : [  0%] Meshing curve 1 (Line)
Info    : [ 20%] Meshing curve 2 (Line)
Info    : [ 30%] Meshing curve 3 (Line)
Info    : [ 50%] Meshing curve 4 (Line)
Info    : [ 60%] Meshing curve 5 (BSpline)
Info    : [ 80%] Meshing curve 6 (BSpline)
Info    : [ 90%] Meshing curve 7 (BSpline)
Info    : Done meshing 1D (Wall 0.0187046s, CPU 0.275041s)
Info    : Meshing 2D...
Info    : Meshing surface 1 (Plane, Frontal-Delaunay)
Info    : Done meshing 2D (Wall 0.074427s, CPU 0.505389s)
Info    : 1344 nodes 2471 elements
Info    : Meshing 1D...
Info    : [  0%] Meshing curve 1 (Line)
Info    : [ 20%] Meshing curve 2 (Line)
Info    : [ 30%] Meshing curve 3 (Line)
Info    : [ 50%] Meshing curve 4 (Line)
Info    : [ 60%] Meshing curve 5 (BSpline)
Info    : [ 80%] Meshing curve 6 (BSpline)
Info    : [ 90%] Meshing curve 7 (BSpline)
Info    : Done meshing 1D (Wall 0.0776572s, CPU 0.589723s)
Info    : Meshing 2D...
Info    : Meshing surface 1 (Plane, Frontal-Delaunay)
Info    : Done meshing 2D (Wall 0.0366754s, CPU 0.035516s)
Info    : 688 nodes 1171 elements
Info    : Meshing 1D...
Info    : [  0%] Meshing curve 1 (Line)
Info    : [ 20%] Meshing curve 2 (Line)
Info    : [ 30%] Meshing curve 3 (Line)
Info    : [ 50%] Meshing curve 4 (Line)
Info    : [ 60%] Meshing curve 5 (BSpline)
Info    : [ 80%] Meshing curve 6 (BSpline)
Info    : [ 90%] Meshing curve 7 (BSpline)
Info    : Done meshing 1D (Wall 0.0168539s, CPU 0.238267s)
Info    : Meshing 2D...
Info    : Meshing surface 1 (Plane, Frontal-Delaunay)
Info    : Done meshing 2D (Wall 0.0423647s, CPU 0.555781s)
Info    : 600 nodes 997 elements
Info    : Meshing 1D...
Info    : [  0%] Meshing curve 1 (Line)
Info    : [ 20%] Meshing curve 2 (Line)
Info    : [ 30%] Meshing curve 3 (Line)
Info    : [ 50%] Meshing curve 4 (Line)
Info    : [ 60%] Meshing curve 5 (BSpline)
Info    : [ 80%] Meshing curve 6 (BSpline)
Info    : [ 90%] Meshing curve 7 (BSpline)
Info    : Done meshing 1D (Wall 0.0761703s, CPU 0.641532s)
Info    : Meshing 2D...
Info    : Meshing surface 1 (Plane, Frontal-Delaunay)
Info    : Done meshing 2D (Wall 0.0503849s, CPU 0.048996s)
Info    : 1081 nodes 1953 elements
Info    : Meshing 1D...
Info    : [  0%] Meshing curve 1 (Line)
Info    : [ 20%] Meshing curve 2 (Line)
Info    : [ 30%] Meshing curve 3 (Line)
Info    : [ 50%] Meshing curve 4 (Line)
Info    : [ 60%] Meshing curve 5 (BSpline)
Info    : [ 80%] Meshing curve 6 (BSpline)
Info    : [ 90%] Meshing curve 7 (BSpline)
Info    : Done meshing 1D (Wall 0.0677996s, CPU 0.646655s)
Info    : Meshing 2D...
Info    : Meshing surface 1 (Plane, Frontal-Delaunay)
Info    : Done meshing 2D (Wall 0.0233029s, CPU 0.022116s)
Info    : 404 nodes 608 elements
Info    : Meshing 1D...
Info    : [  0%] Meshing curve 1 (Line)
Info    : [ 20%] Meshing curve 2 (Line)
Info    : [ 30%] Meshing curve 3 (Line)
Info    : [ 50%] Meshing curve 4 (Line)
Info    : [ 60%] Meshing curve 5 (BSpline)
Info    : [ 80%] Meshing curve 6 (BSpline)
Info    : [ 90%] Meshing curve 7 (BSpline)
Info    : Done meshing 1D (Wall 0.0727344s, CPU 0.641455s)
Info    : Meshing 2D...
Info    : Meshing surface 1 (Plane, Frontal-Delaunay)
Info    : Done meshing 2D (Wall 0.0438809s, CPU 0.041928s)
Info    : 896 nodes 1585 elements
Info    : Meshing 1D...
Info    : [  0%] Meshing curve 1 (Line)
Info    : [ 20%] Meshing curve 2 (Line)
Info    : [ 30%] Meshing curve 3 (Line)
Info    : [ 50%] Meshing curve 4 (Line)
Info    : [ 60%] Meshing curve 5 (BSpline)
Info    : [ 80%] Meshing curve 6 (BSpline)
Info    : [ 90%] Meshing curve 7 (BSpline)
Info    : Done meshing 1D (Wall 0.0687742s, CPU 0.602756s)
Info    : Meshing 2D...
Info    : Meshing surface 1 (Plane, Frontal-Delaunay)
Info    : Done meshing 2D (Wall 0.025393s, CPU 0.02407s)
Info    : 413 nodes 624 elements
Info    : Meshing 1D...
Info    : [  0%] Meshing curve 1 (Line)
Info    : [ 20%] Meshing curve 2 (Line)
Info    : [ 30%] Meshing curve 3 (Line)
Info    : [ 50%] Meshing curve 4 (Line)
Info    : [ 60%] Meshing curve 5 (BSpline)
Info    : [ 80%] Meshing curve 6 (BSpline)
Info    : [ 90%] Meshing curve 7 (BSpline)
Info    : Done meshing 1D (Wall 0.0799759s, CPU 0.8541s)
Info    : Meshing 2D...
Info    : Meshing surface 1 (Plane, Frontal-Delaunay)
Info    : Done meshing 2D (Wall 0.103576s, CPU 0.10183s)
Info    : 2504 nodes 4781 elements
Info    : Meshing 1D...
Info    : [  0%] Meshing curve 1 (Line)
Info    : [ 20%] Meshing curve 2 (Line)
Info    : [ 30%] Meshing curve 3 (Line)
Info    : [ 50%] Meshing curve 4 (Line)
Info    : [ 60%] Meshing curve 5 (BSpline)
Info    : [ 80%] Meshing curve 6 (BSpline)
Info    : [ 90%] Meshing curve 7 (BSpline)
Info    : Done meshing 1D (Wall 0.154454s, CPU 0.362357s)
Info    : Meshing 2D...
Info    : Meshing surface 1 (Plane, Frontal-Delaunay)
Info    : Done meshing 2D (Wall 0.0401871s, CPU 0.038402s)
Info    : 733 nodes 1258 elements
Info    : Meshing 1D...
Info    : [  0%] Meshing curve 1 (Line)
Info    : [ 20%] Meshing curve 2 (Line)
Info    : [ 30%] Meshing curve 3 (Line)
Info    : [ 50%] Meshing curve 4 (Line)
Info    : [ 60%] Meshing curve 5 (BSpline)
Info    : [ 80%] Meshing curve 6 (BSpline)
Info    : [ 90%] Meshing curve 7 (BSpline)
Info    : Done meshing 1D (Wall 0.0462558s, CPU 0.613117s)
Info    : Meshing 2D...
Info    : Meshing surface 1 (Plane, Frontal-Delaunay)
Info    : Done meshing 2D (Wall 0.0553542s, CPU 0.11819s)
Info    : 379 nodes 560 elements
Info    : Meshing 1D...
Info    : [  0%] Meshing curve 1 (Line)
Info    : [ 20%] Meshing curve 2 (Line)
Info    : [ 30%] Meshing curve 3 (Line)
Info    : [ 50%] Meshing curve 4 (Line)
Info    : [ 60%] Meshing curve 5 (BSpline)
Info    : [ 80%] Meshing curve 6 (BSpline)
Info    : [ 90%] Meshing curve 7 (BSpline)
Info    : Done meshing 1D (Wall 0.0802803s, CPU 0.584596s)
Info    : Meshing 2D...
Info    : Meshing surface 1 (Plane, Frontal-Delaunay)
Info    : Done meshing 2D (Wall 0.0317968s, CPU 0.030373s)
Info    : 541 nodes 878 elements
Info    : Meshing 1D...
Info    : [  0%] Meshing curve 1 (Line)
Info    : [ 20%] Meshing curve 2 (Line)
Info    : [ 30%] Meshing curve 3 (Line)
Info    : [ 50%] Meshing curve 4 (Line)
Info    : [ 60%] Meshing curve 5 (BSpline)
Info    : [ 80%] Meshing curve 6 (BSpline)
Info    : [ 90%] Meshing curve 7 (BSpline)
Info    : Done meshing 1D (Wall 0.0759867s, CPU 0.785043s)
Info    : Meshing 2D...
Info    : Meshing surface 1 (Plane, Frontal-Delaunay)
Info    : Done meshing 2D (Wall 0.0257376s, CPU 0.024338s)
Info    : 478 nodes 755 elements
Info    : Meshing 1D...
Info    : [  0%] Meshing curve 1 (Line)
Info    : [ 20%] Meshing curve 2 (Line)
Info    : [ 30%] Meshing curve 3 (Line)
Info    : [ 50%] Meshing curve 4 (Line)
Info    : [ 60%] Meshing curve 5 (BSpline)
Info    : [ 80%] Meshing curve 6 (BSpline)
Info    : [ 90%] Meshing curve 7 (BSpline)
Info    : Done meshing 1D (Wall 0.0837082s, CPU 0.71551s)
Info    : Meshing 2D...
Info    : Meshing surface 1 (Plane, Frontal-Delaunay)
Info    : Done meshing 2D (Wall 0.0546424s, CPU 0.05294s)
Info    : 1185 nodes 2159 elements
Info    : Meshing 1D...
Info    : [  0%] Meshing curve 1 (Line)
Info    : [ 20%] Meshing curve 2 (Line)
Info    : [ 30%] Meshing curve 3 (Line)
Info    : [ 50%] Meshing curve 4 (Line)
Info    : [ 60%] Meshing curve 5 (BSpline)
Info    : [ 80%] Meshing curve 6 (BSpline)
Info    : [ 90%] Meshing curve 7 (BSpline)
Info    : Done meshing 1D (Wall 0.079216s, CPU 0.649384s)
Info    : Meshing 2D...
Info    : Meshing surface 1 (Plane, Frontal-Delaunay)
Info    : Done meshing 2D (Wall 0.0250323s, CPU 0.023713s)
Info    : 412 nodes 622 elements
Info    : Meshing 1D...
Info    : [  0%] Meshing curve 1 (Line)
Info    : [ 20%] Meshing curve 2 (Line)
Info    : [ 30%] Meshing curve 3 (Line)
Info    : [ 50%] Meshing curve 4 (Line)
Info    : [ 60%] Meshing curve 5 (BSpline)
Info    : [ 80%] Meshing curve 6 (BSpline)
Info    : [ 90%] Meshing curve 7 (BSpline)
Info    : Done meshing 1D (Wall 0.0481046s, CPU 0.601759s)
Info    : Meshing 2D...
Info    : Meshing surface 1 (Plane, Frontal-Delaunay)
Info    : Done meshing 2D (Wall 0.0787966s, CPU 0.18131s)
Info    : 948 nodes 1687 elements
Info    : Meshing 1D...
Info    : [  0%] Meshing curve 1 (Line)
Info    : [ 20%] Meshing curve 2 (Line)
Info    : [ 30%] Meshing curve 3 (Line)
Info    : [ 50%] Meshing curve 4 (Line)
Info    : [ 60%] Meshing curve 5 (BSpline)
Info    : [ 80%] Meshing curve 6 (BSpline)
Info    : [ 90%] Meshing curve 7 (BSpline)
Info    : Done meshing 1D (Wall 0.0749344s, CPU 0.713992s)
Info    : Meshing 2D...
Info    : Meshing surface 1 (Plane, Frontal-Delaunay)
Info    : Done meshing 2D (Wall 0.0294748s, CPU 0.028224s)
Info    : 504 nodes 804 elements
Info    : Meshing 1D...
Info    : [  0%] Meshing curve 1 (Line)
Info    : [ 20%] Meshing curve 2 (Line)
Info    : [ 30%] Meshing curve 3 (Line)
Info    : [ 50%] Meshing curve 4 (Line)
Info    : [ 60%] Meshing curve 5 (BSpline)
Info    : [ 80%] Meshing curve 6 (BSpline)
Info    : [ 90%] Meshing curve 7 (BSpline)
Info    : Done meshing 1D (Wall 0.0338812s, CPU 0.490336s)
Info    : Meshing 2D...
Info    : Meshing surface 1 (Plane, Frontal-Delaunay)
Info    : Done meshing 2D (Wall 0.0323315s, CPU 0.355823s)
Info    : 487 nodes 773 elements
Info    : Meshing 1D...
Info    : [  0%] Meshing curve 1 (Line)
Info    : [ 20%] Meshing curve 2 (Line)
Info    : [ 30%] Meshing curve 3 (Line)
Info    : [ 50%] Meshing curve 4 (Line)
Info    : [ 60%] Meshing curve 5 (BSpline)
Info    : [ 80%] Meshing curve 6 (BSpline)
Info    : [ 90%] Meshing curve 7 (BSpline)
Info    : Done meshing 1D (Wall 0.0771932s, CPU 0.793406s)
Info    : Meshing 2D...
Info    : Meshing surface 1 (Plane, Frontal-Delaunay)
Info    : Done meshing 2D (Wall 0.0407894s, CPU 0.039577s)
Info    : 725 nodes 1241 elements
Info    : Meshing 1D...
Info    : [  0%] Meshing curve 1 (Line)
Info    : [ 20%] Meshing curve 2 (Line)
Info    : [ 30%] Meshing curve 3 (Line)
Info    : [ 50%] Meshing curve 4 (Line)
Info    : [ 60%] Meshing curve 5 (BSpline)
Info    : [ 80%] Meshing curve 6 (BSpline)
Info    : [ 90%] Meshing curve 7 (BSpline)
Info    : Done meshing 1D (Wall 0.0762338s, CPU 0.675693s)
Info    : Meshing 2D...
Info    : Meshing surface 1 (Plane, Frontal-Delaunay)
Info    : Done meshing 2D (Wall 0.0248105s, CPU 0.023599s)
Info    : 450 nodes 699 elements
Info    : Meshing 1D...
Info    : [  0%] Meshing curve 1 (Line)
Info    : [ 20%] Meshing curve 2 (Line)
Info    : [ 30%] Meshing curve 3 (Line)
Info    : [ 50%] Meshing curve 4 (Line)
Info    : [ 60%] Meshing curve 5 (BSpline)
Info    : [ 80%] Meshing curve 6 (BSpline)
Info    : [ 90%] Meshing curve 7 (BSpline)
Info    : Done meshing 1D (Wall 0.107277s, CPU 0.721633s)
Info    : Meshing 2D...
Info    : Meshing surface 1 (Plane, Frontal-Delaunay)
Info    : Done meshing 2D (Wall 0.0882738s, CPU 0.08688s)
Info    : 2235 nodes 4249 elements
Info    : Meshing 1D...
Info    : [  0%] Meshing curve 1 (Line)
Info    : [ 20%] Meshing curve 2 (Line)
Info    : [ 30%] Meshing curve 3 (Line)
Info    : [ 50%] Meshing curve 4 (Line)
Info    : [ 60%] Meshing curve 5 (BSpline)
Info    : [ 80%] Meshing curve 6 (BSpline)
Info    : [ 90%] Meshing curve 7 (BSpline)
Info    : Done meshing 1D (Wall 0.0824853s, CPU 0.370534s)
Info    : Meshing 2D...
Info    : Meshing surface 1 (Plane, Frontal-Delaunay)
Info    : Done meshing 2D (Wall 0.0244313s, CPU 0.023266s)
Info    : 441 nodes 682 elements
Info    : Meshing 1D...
Info    : [  0%] Meshing curve 1 (Line)
Info    : [ 20%] Meshing curve 2 (Line)
Info    : [ 30%] Meshing curve 3 (Line)
Info    : [ 50%] Meshing curve 4 (Line)
Info    : [ 60%] Meshing curve 5 (BSpline)
Info    : [ 80%] Meshing curve 6 (BSpline)
Info    : [ 90%] Meshing curve 7 (BSpline)
Info    : Done meshing 1D (Wall 0.0799034s, CPU 0.612643s)
Info    : Meshing 2D...
Info    : Meshing surface 1 (Plane, Frontal-Delaunay)
Info    : Done meshing 2D (Wall 0.0552557s, CPU 0.054054s)
Info    : 1194 nodes 2176 elements
Info    : Meshing 1D...
Info    : [  0%] Meshing curve 1 (Line)
Info    : [ 20%] Meshing curve 2 (Line)
Info    : [ 30%] Meshing curve 3 (Line)
Info    : [ 50%] Meshing curve 4 (Line)
Info    : [ 60%] Meshing curve 5 (BSpline)
Info    : [ 80%] Meshing curve 6 (BSpline)
Info    : [ 90%] Meshing curve 7 (BSpline)
Info    : Done meshing 1D (Wall 0.0697753s, CPU 0.668974s)
Info    : Meshing 2D...
Info    : Meshing surface 1 (Plane, Frontal-Delaunay)
Info    : Done meshing 2D (Wall 0.0547578s, CPU 0.053231s)
Info    : 1121 nodes 2029 elements
Info    : Meshing 1D...
Info    : [  0%] Meshing curve 1 (Line)
Info    : [ 20%] Meshing curve 2 (Line)
Info    : [ 30%] Meshing curve 3 (Line)
Info    : [ 50%] Meshing curve 4 (Line)
Info    : [ 60%] Meshing curve 5 (BSpline)
Info    : [ 80%] Meshing curve 6 (BSpline)
Info    : [ 90%] Meshing curve 7 (BSpline)
Info    : Done meshing 1D (Wall 0.0722697s, CPU 0.512259s)
Info    : Meshing 2D...
Info    : Meshing surface 1 (Plane, Frontal-Delaunay)
Info    : Done meshing 2D (Wall 0.0220545s, CPU 0.020907s)
Info    : 391 nodes 582 elements
Info    : Meshing 1D...
Info    : [  0%] Meshing curve 1 (Line)
Info    : [ 20%] Meshing curve 2 (Line)
Info    : [ 30%] Meshing curve 3 (Line)
Info    : [ 50%] Meshing curve 4 (Line)
Info    : [ 60%] Meshing curve 5 (BSpline)
Info    : [ 80%] Meshing curve 6 (BSpline)
Info    : [ 90%] Meshing curve 7 (BSpline)
Info    : Done meshing 1D (Wall 0.0862481s, CPU 0.655322s)
Info    : Meshing 2D...
Info    : Meshing surface 1 (Plane, Frontal-Delaunay)
Info    : Done meshing 2D (Wall 0.101393s, CPU 0.064847s)
Info    : 1533 nodes 2852 elements
Info    : Meshing 1D...
Info    : [  0%] Meshing curve 1 (Line)
Info    : [ 20%] Meshing curve 2 (Line)
Info    : [ 30%] Meshing curve 3 (Line)
Info    : [ 50%] Meshing curve 4 (Line)
Info    : [ 60%] Meshing curve 5 (BSpline)
Info    : [ 80%] Meshing curve 6 (BSpline)
Info    : [ 90%] Meshing curve 7 (BSpline)
Info    : Done meshing 1D (Wall 0.0749077s, CPU 0.676951s)
Info    : Meshing 2D...
Info    : Meshing surface 1 (Plane, Frontal-Delaunay)
Info    : Done meshing 2D (Wall 0.024453s, CPU 0.023324s)
Info    : 448 nodes 695 elements
Info    : Meshing 1D...
Info    : [  0%] Meshing curve 1 (Line)
Info    : [ 20%] Meshing curve 2 (Line)
Info    : [ 30%] Meshing curve 3 (Line)
Info    : [ 50%] Meshing curve 4 (Line)
Info    : [ 60%] Meshing curve 5 (BSpline)
Info    : [ 80%] Meshing curve 6 (BSpline)
Info    : [ 90%] Meshing curve 7 (BSpline)
Info    : Done meshing 1D (Wall 0.0765109s, CPU 0.681287s)
Info    : Meshing 2D...
Info    : Meshing surface 1 (Plane, Frontal-Delaunay)
Info    : Done meshing 2D (Wall 0.0671923s, CPU 0.065988s)
Info    : 1484 nodes 2751 elements
Info    : Meshing 1D...
Info    : [  0%] Meshing curve 1 (Line)
Info    : [ 20%] Meshing curve 2 (Line)
Info    : [ 30%] Meshing curve 3 (Line)
Info    : [ 50%] Meshing curve 4 (Line)
Info    : [ 60%] Meshing curve 5 (BSpline)
Info    : [ 80%] Meshing curve 6 (BSpline)
Info    : [ 90%] Meshing curve 7 (BSpline)
Info    : Done meshing 1D (Wall 0.0741323s, CPU 0.540858s)
Info    : Meshing 2D...
Info    : Meshing surface 1 (Plane, Frontal-Delaunay)
Info    : Done meshing 2D (Wall 0.0243323s, CPU 0.023076s)
Info    : 407 nodes 613 elements
Info    : Meshing 1D...
Info    : [  0%] Meshing curve 1 (Line)
Info    : [ 20%] Meshing curve 2 (Line)
Info    : [ 30%] Meshing curve 3 (Line)
Info    : [ 50%] Meshing curve 4 (Line)
Info    : [ 60%] Meshing curve 5 (BSpline)
Info    : [ 80%] Meshing curve 6 (BSpline)
Info    : [ 90%] Meshing curve 7 (BSpline)
Info    : Done meshing 1D (Wall 0.0779307s, CPU 0.639993s)
Info    : Meshing 2D...
Info    : Meshing surface 1 (Plane, Frontal-Delaunay)
Info    : Done meshing 2D (Wall 0.0245892s, CPU 0.023334s)
Info    : 437 nodes 673 elements
Info    : Meshing 1D...
Info    : [  0%] Meshing curve 1 (Line)
Info    : [ 20%] Meshing curve 2 (Line)
Info    : [ 30%] Meshing curve 3 (Line)
Info    : [ 50%] Meshing curve 4 (Line)
Info    : [ 60%] Meshing curve 5 (BSpline)
Info    : [ 80%] Meshing curve 6 (BSpline)
Info    : [ 90%] Meshing curve 7 (BSpline)
Info    : Done meshing 1D (Wall 0.0499314s, CPU 0.681212s)
Info    : Meshing 2D...
Info    : Meshing surface 1 (Plane, Frontal-Delaunay)
Info    : Done meshing 2D (Wall 0.0708105s, CPU 0.126193s)
Info    : 480 nodes 757 elements
Info    : Meshing 1D...
Info    : [  0%] Meshing curve 1 (Line)
Info    : [ 20%] Meshing curve 2 (Line)
Info    : [ 30%] Meshing curve 3 (Line)
Info    : [ 50%] Meshing curve 4 (Line)
Info    : [ 60%] Meshing curve 5 (BSpline)
Info    : [ 80%] Meshing curve 6 (BSpline)
Info    : [ 90%] Meshing curve 7 (BSpline)
Info    : Done meshing 1D (Wall 0.0865627s, CPU 0.571443s)
Info    : Meshing 2D...
Info    : Meshing surface 1 (Plane, Frontal-Delaunay)
Info    : Done meshing 2D (Wall 0.0542076s, CPU 0.052802s)
Info    : 1064 nodes 1915 elements
Info    : Meshing 1D...
Info    : [  0%] Meshing curve 1 (Line)
Info    : [ 20%] Meshing curve 2 (Line)
Info    : [ 30%] Meshing curve 3 (Line)
Info    : [ 50%] Meshing curve 4 (Line)
Info    : [ 60%] Meshing curve 5 (BSpline)
Info    : [ 80%] Meshing curve 6 (BSpline)
Info    : [ 90%] Meshing curve 7 (BSpline)
Info    : Done meshing 1D (Wall 0.0789379s, CPU 0.608358s)
Info    : Meshing 2D...
Info    : Meshing surface 1 (Plane, Frontal-Delaunay)
Info    : Done meshing 2D (Wall 0.0581896s, CPU 0.056785s)
Info    : 1328 nodes 2444 elements
Info    : Meshing 1D...
Info    : [  0%] Meshing curve 1 (Line)
Info    : [ 20%] Meshing curve 2 (Line)
Info    : [ 30%] Meshing curve 3 (Line)
Info    : [ 50%] Meshing curve 4 (Line)
Info    : [ 60%] Meshing curve 5 (BSpline)
Info    : [ 80%] Meshing curve 6 (BSpline)
Info    : [ 90%] Meshing curve 7 (BSpline)
Info    : Done meshing 1D (Wall 0.100102s, CPU 0.576071s)
Info    : Meshing 2D...
Info    : Meshing surface 1 (Plane, Frontal-Delaunay)
Info    : Done meshing 2D (Wall 0.0265743s, CPU 0.025144s)
Info    : 511 nodes 821 elements
Info    : Meshing 1D...
Info    : [  0%] Meshing curve 1 (Line)
Info    : [ 20%] Meshing curve 2 (Line)
Info    : [ 30%] Meshing curve 3 (Line)
Info    : [ 50%] Meshing curve 4 (Line)
Info    : [ 60%] Meshing curve 5 (BSpline)
Info    : [ 80%] Meshing curve 6 (BSpline)
Info    : [ 90%] Meshing curve 7 (BSpline)
Info    : Done meshing 1D (Wall 0.0717782s, CPU 0.640711s)
Info    : Meshing 2D...
Info    : Meshing surface 1 (Plane, Frontal-Delaunay)
Info    : Done meshing 2D (Wall 0.0347682s, CPU 0.033221s)
Info    : 683 nodes 1162 elements
Info    : Meshing 1D...
Info    : [  0%] Meshing curve 1 (Line)
Info    : [ 20%] Meshing curve 2 (Line)
Info    : [ 30%] Meshing curve 3 (Line)
Info    : [ 50%] Meshing curve 4 (Line)
Info    : [ 60%] Meshing curve 5 (BSpline)
Info    : [ 80%] Meshing curve 6 (BSpline)
Info    : [ 90%] Meshing curve 7 (BSpline)
Info    : Done meshing 1D (Wall 0.079395s, CPU 0.743214s)
Info    : Meshing 2D...
Info    : Meshing surface 1 (Plane, Frontal-Delaunay)
Info    : Done meshing 2D (Wall 0.028639s, CPU 0.026784s)
Info    : 511 nodes 820 elements
Info    : Meshing 1D...
Info    : [  0%] Meshing curve 1 (Line)
Info    : [ 20%] Meshing curve 2 (Line)
Info    : [ 30%] Meshing curve 3 (Line)
Info    : [ 50%] Meshing curve 4 (Line)
Info    : [ 60%] Meshing curve 5 (BSpline)
Info    : [ 80%] Meshing curve 6 (BSpline)
Info    : [ 90%] Meshing curve 7 (BSpline)
Info    : Done meshing 1D (Wall 0.0424614s, CPU 0.366612s)
Info    : Meshing 2D...
Info    : Meshing surface 1 (Plane, Frontal-Delaunay)
Info    : Done meshing 2D (Wall 0.0755985s, CPU 0.264357s)
Info    : 1540 nodes 2860 elements
Info    : Meshing 1D...
Info    : [  0%] Meshing curve 1 (Line)
Info    : [ 20%] Meshing curve 2 (Line)
Info    : [ 30%] Meshing curve 3 (Line)
Info    : [ 50%] Meshing curve 4 (Line)
Info    : [ 60%] Meshing curve 5 (BSpline)
Info    : [ 80%] Meshing curve 6 (BSpline)
Info    : [ 90%] Meshing curve 7 (BSpline)
Info    : Done meshing 1D (Wall 0.0743054s, CPU 0.639041s)
Info    : Meshing 2D...
Info    : Meshing surface 1 (Plane, Frontal-Delaunay)
Info    : Done meshing 2D (Wall 0.0241232s, CPU 0.022916s)
Info    : 412 nodes 623 elements
Info    : Meshing 1D...
Info    : [  0%] Meshing curve 1 (Line)
Info    : [ 20%] Meshing curve 2 (Line)
Info    : [ 30%] Meshing curve 3 (Line)
Info    : [ 50%] Meshing curve 4 (Line)
Info    : [ 60%] Meshing curve 5 (BSpline)
Info    : [ 80%] Meshing curve 6 (BSpline)
Info    : [ 90%] Meshing curve 7 (BSpline)
Info    : Done meshing 1D (Wall 0.0436207s, CPU 0.551385s)
Info    : Meshing 2D...
Info    : Meshing surface 1 (Plane, Frontal-Delaunay)
Info    : Done meshing 2D (Wall 0.046011s, CPU 0.343859s)
Info    : 833 nodes 1459 elements
Info    : Meshing 1D...
Info    : [  0%] Meshing curve 1 (Line)
Info    : [ 20%] Meshing curve 2 (Line)
Info    : [ 30%] Meshing curve 3 (Line)
Info    : [ 50%] Meshing curve 4 (Line)
Info    : [ 60%] Meshing curve 5 (BSpline)
Info    : [ 80%] Meshing curve 6 (BSpline)
Info    : [ 90%] Meshing curve 7 (BSpline)
Info    : Done meshing 1D (Wall 0.0749141s, CPU 0.573592s)
Info    : Meshing 2D...
Info    : Meshing surface 1 (Plane, Frontal-Delaunay)
Info    : Done meshing 2D (Wall 0.0331999s, CPU 0.031922s)
Info    : 594 nodes 984 elements
Info    : Meshing 1D...
Info    : [  0%] Meshing curve 1 (Line)
Info    : [ 20%] Meshing curve 2 (Line)
Info    : [ 30%] Meshing curve 3 (Line)
Info    : [ 50%] Meshing curve 4 (Line)
Info    : [ 60%] Meshing curve 5 (BSpline)
Info    : [ 80%] Meshing curve 6 (BSpline)
Info    : [ 90%] Meshing curve 7 (BSpline)
Info    : Done meshing 1D (Wall 0.0459873s, CPU 0.656357s)
Info    : Meshing 2D...
Info    : Meshing surface 1 (Plane, Frontal-Delaunay)
Info    : Done meshing 2D (Wall 0.086436s, CPU 0.060786s)
Info    : 850 nodes 1493 elements
Info    : Meshing 1D...
Info    : [  0%] Meshing curve 1 (Line)
Info    : [ 20%] Meshing curve 2 (Line)
Info    : [ 30%] Meshing curve 3 (Line)
Info    : [ 50%] Meshing curve 4 (Line)
Info    : [ 60%] Meshing curve 5 (BSpline)
Info    : [ 80%] Meshing curve 6 (BSpline)
Info    : [ 90%] Meshing curve 7 (BSpline)
Info    : Done meshing 1D (Wall 0.0175011s, CPU 0.114144s)
Info    : Meshing 2D...
Info    : Meshing surface 1 (Plane, Frontal-Delaunay)
Info    : Done meshing 2D (Wall 0.0437545s, CPU 0.522055s)
Info    : 636 nodes 1068 elements
Info    : Meshing 1D...
Info    : [  0%] Meshing curve 1 (Line)
Info    : [ 20%] Meshing curve 2 (Line)
Info    : [ 30%] Meshing curve 3 (Line)
Info    : [ 50%] Meshing curve 4 (Line)
Info    : [ 60%] Meshing curve 5 (BSpline)
Info    : [ 80%] Meshing curve 6 (BSpline)
Info    : [ 90%] Meshing curve 7 (BSpline)
Info    : Done meshing 1D (Wall 0.0431394s, CPU 0.67212s)
Info    : Meshing 2D...
Info    : Meshing surface 1 (Plane, Frontal-Delaunay)
Info    : Done meshing 2D (Wall 0.0289698s, CPU 0.105868s)
Info    : 437 nodes 673 elements
Info    : Meshing 1D...
Info    : [  0%] Meshing curve 1 (Line)
Info    : [ 20%] Meshing curve 2 (Line)
Info    : [ 30%] Meshing curve 3 (Line)
Info    : [ 50%] Meshing curve 4 (Line)
Info    : [ 60%] Meshing curve 5 (BSpline)
Info    : [ 80%] Meshing curve 6 (BSpline)
Info    : [ 90%] Meshing curve 7 (BSpline)
Info    : Done meshing 1D (Wall 0.121624s, CPU 0.600444s)
Info    : Meshing 2D...
Info    : Meshing surface 1 (Plane, Frontal-Delaunay)
Info    : Done meshing 2D (Wall 0.0218252s, CPU 0.020405s)
Info    : 410 nodes 621 elements
Info    : Meshing 1D...
Info    : [  0%] Meshing curve 1 (Line)
Info    : [ 20%] Meshing curve 2 (Line)
Info    : [ 30%] Meshing curve 3 (Line)
Info    : [ 50%] Meshing curve 4 (Line)
Info    : [ 60%] Meshing curve 5 (BSpline)
Info    : [ 80%] Meshing curve 6 (BSpline)
Info    : [ 90%] Meshing curve 7 (BSpline)
Info    : Done meshing 1D (Wall 0.082617s, CPU 0.665924s)
Info    : Meshing 2D...
Info    : Meshing surface 1 (Plane, Frontal-Delaunay)
Info    : Done meshing 2D (Wall 0.0417446s, CPU 0.040464s)
Info    : 735 nodes 1261 elements
Info    : Meshing 1D...
Info    : [  0%] Meshing curve 1 (Line)
Info    : [ 20%] Meshing curve 2 (Line)
Info    : [ 30%] Meshing curve 3 (Line)
Info    : [ 50%] Meshing curve 4 (Line)
Info    : [ 60%] Meshing curve 5 (BSpline)
Info    : [ 80%] Meshing curve 6 (BSpline)
Info    : [ 90%] Meshing curve 7 (BSpline)
Info    : Done meshing 1D (Wall 0.0696908s, CPU 0.770575s)
Info    : Meshing 2D...
Info    : Meshing surface 1 (Plane, Frontal-Delaunay)
Info    : Done meshing 2D (Wall 0.0252775s, CPU 0.023995s)
Info    : 451 nodes 701 elements
Info    : Meshing 1D...
Info    : [  0%] Meshing curve 1 (Line)
Info    : [ 20%] Meshing curve 2 (Line)
Info    : [ 30%] Meshing curve 3 (Line)
Info    : [ 50%] Meshing curve 4 (Line)
Info    : [ 60%] Meshing curve 5 (BSpline)
Info    : [ 80%] Meshing curve 6 (BSpline)
Info    : [ 90%] Meshing curve 7 (BSpline)
Info    : Done meshing 1D (Wall 0.0171023s, CPU 0.226251s)
Info    : Meshing 2D...
Info    : Meshing surface 1 (Plane, Frontal-Delaunay)
Info    : Done meshing 2D (Wall 0.0280202s, CPU 0.33655s)
Info    : 379 nodes 559 elements
Info    : Meshing 1D...
Info    : [  0%] Meshing curve 1 (Line)
Info    : [ 20%] Meshing curve 2 (Line)
Info    : [ 30%] Meshing curve 3 (Line)
Info    : [ 50%] Meshing curve 4 (Line)
Info    : [ 60%] Meshing curve 5 (BSpline)
Info    : [ 80%] Meshing curve 6 (BSpline)
Info    : [ 90%] Meshing curve 7 (BSpline)
Info    : Done meshing 1D (Wall 0.0283736s, CPU 0.336758s)
Info    : Meshing 2D...
Info    : Meshing surface 1 (Plane, Frontal-Delaunay)
Info    : Done meshing 2D (Wall 0.0296205s, CPU 0.482449s)
Info    : 416 nodes 633 elements
Info    : Meshing 1D...
Info    : [  0%] Meshing curve 1 (Line)
Info    : [ 20%] Meshing curve 2 (Line)
Info    : [ 30%] Meshing curve 3 (Line)
Info    : [ 50%] Meshing curve 4 (Line)
Info    : [ 60%] Meshing curve 5 (BSpline)
Info    : [ 80%] Meshing curve 6 (BSpline)
Info    : [ 90%] Meshing curve 7 (BSpline)
Info    : Done meshing 1D (Wall 0.07194s, CPU 0.620285s)
Info    : Meshing 2D...
Info    : Meshing surface 1 (Plane, Frontal-Delaunay)
Info    : Done meshing 2D (Wall 0.0258803s, CPU 0.024418s)
Info    : 441 nodes 681 elements
Info    : Meshing 1D...
Info    : [  0%] Meshing curve 1 (Line)
Info    : [ 20%] Meshing curve 2 (Line)
Info    : [ 30%] Meshing curve 3 (Line)
Info    : [ 50%] Meshing curve 4 (Line)
Info    : [ 60%] Meshing curve 5 (BSpline)
Info    : [ 80%] Meshing curve 6 (BSpline)
Info    : [ 90%] Meshing curve 7 (BSpline)
Info    : Done meshing 1D (Wall 0.047138s, CPU 0.616878s)
Info    : Meshing 2D...
Info    : Meshing surface 1 (Plane, Frontal-Delaunay)
Info    : Done meshing 2D (Wall 0.0411104s, CPU 0.118446s)
Info    : 679 nodes 1151 elements
Info    : Meshing 1D...
Info    : [  0%] Meshing curve 1 (Line)
Info    : [ 20%] Meshing curve 2 (Line)
Info    : [ 30%] Meshing curve 3 (Line)
Info    : [ 50%] Meshing curve 4 (Line)
Info    : [ 60%] Meshing curve 5 (BSpline)
Info    : [ 80%] Meshing curve 6 (BSpline)
Info    : [ 90%] Meshing curve 7 (BSpline)
Info    : Done meshing 1D (Wall 0.0728048s, CPU 0.756479s)
Info    : Meshing 2D...
Info    : Meshing surface 1 (Plane, Frontal-Delaunay)
Info    : Done meshing 2D (Wall 0.029284s, CPU 0.028023s)
Info    : 555 nodes 908 elements
Info    : Meshing 1D...
Info    : [  0%] Meshing curve 1 (Line)
Info    : [ 20%] Meshing curve 2 (Line)
Info    : [ 30%] Meshing curve 3 (Line)
Info    : [ 50%] Meshing curve 4 (Line)
Info    : [ 60%] Meshing curve 5 (BSpline)
Info    : [ 80%] Meshing curve 6 (BSpline)
Info    : [ 90%] Meshing curve 7 (BSpline)
Info    : Done meshing 1D (Wall 0.0767103s, CPU 0.690026s)
Info    : Meshing 2D...
Info    : Meshing surface 1 (Plane, Frontal-Delaunay)
Info    : Done meshing 2D (Wall 0.0378112s, CPU 0.036535s)
Info    : 688 nodes 1169 elements
Info    : Meshing 1D...
Info    : [  0%] Meshing curve 1 (Line)
Info    : [ 20%] Meshing curve 2 (Line)
Info    : [ 30%] Meshing curve 3 (Line)
Info    : [ 50%] Meshing curve 4 (Line)
Info    : [ 60%] Meshing curve 5 (BSpline)
Info    : [ 80%] Meshing curve 6 (BSpline)
Info    : [ 90%] Meshing curve 7 (BSpline)
Info    : Done meshing 1D (Wall 0.0708405s, CPU 0.700193s)
Info    : Meshing 2D...
Info    : Meshing surface 1 (Plane, Frontal-Delaunay)
Info    : Done meshing 2D (Wall 0.0244121s, CPU 0.023081s)
Info    : 411 nodes 621 elements
Info    : Meshing 1D...
Info    : [  0%] Meshing curve 1 (Line)
Info    : [ 20%] Meshing curve 2 (Line)
Info    : [ 30%] Meshing curve 3 (Line)
Info    : [ 50%] Meshing curve 4 (Line)
Info    : [ 60%] Meshing curve 5 (BSpline)
Info    : [ 80%] Meshing curve 6 (BSpline)
Info    : [ 90%] Meshing curve 7 (BSpline)
Info    : Done meshing 1D (Wall 0.0702465s, CPU 0.677729s)
Info    : Meshing 2D...
Info    : Meshing surface 1 (Plane, Frontal-Delaunay)
Info    : Done meshing 2D (Wall 0.0442703s, CPU 0.042156s)
Info    : 827 nodes 1445 elements
Info    : Meshing 1D...
Info    : [  0%] Meshing curve 1 (Line)
Info    : [ 20%] Meshing curve 2 (Line)
Info    : [ 30%] Meshing curve 3 (Line)
Info    : [ 50%] Meshing curve 4 (Line)
Info    : [ 60%] Meshing curve 5 (BSpline)
Info    : [ 80%] Meshing curve 6 (BSpline)
Info    : [ 90%] Meshing curve 7 (BSpline)
Info    : Done meshing 1D (Wall 0.0459732s, CPU 0.688853s)
Info    : Meshing 2D...
Info    : Meshing surface 1 (Plane, Frontal-Delaunay)
Info    : Done meshing 2D (Wall 0.0576104s, CPU 0.192281s)
Info    : 1112 nodes 2012 elements
Info    : Meshing 1D...
Info    : [  0%] Meshing curve 1 (Line)
Info    : [ 20%] Meshing curve 2 (Line)
Info    : [ 30%] Meshing curve 3 (Line)
Info    : [ 50%] Meshing curve 4 (Line)
Info    : [ 60%] Meshing curve 5 (BSpline)
Info    : [ 80%] Meshing curve 6 (BSpline)
Info    : [ 90%] Meshing curve 7 (BSpline)
Info    : Done meshing 1D (Wall 0.0702487s, CPU 0.565144s)
Info    : Meshing 2D...
Info    : Meshing surface 1 (Plane, Frontal-Delaunay)
Info    : Done meshing 2D (Wall 0.0330319s, CPU 0.031802s)
Info    : 588 nodes 971 elements
Info    : Meshing 1D...
Info    : [  0%] Meshing curve 1 (Line)
Info    : [ 20%] Meshing curve 2 (Line)
Info    : [ 30%] Meshing curve 3 (Line)
Info    : [ 50%] Meshing curve 4 (Line)
Info    : [ 60%] Meshing curve 5 (BSpline)
Info    : [ 80%] Meshing curve 6 (BSpline)
Info    : [ 90%] Meshing curve 7 (BSpline)
Info    : Done meshing 1D (Wall 0.0477114s, CPU 0.549659s)
Info    : Meshing 2D...
Info    : Meshing surface 1 (Plane, Frontal-Delaunay)
Info    : Done meshing 2D (Wall 0.0653484s, CPU 0.103464s)
Info    : 681 nodes 1157 elements
Info    : Meshing 1D...
Info    : [  0%] Meshing curve 1 (Line)
Info    : [ 20%] Meshing curve 2 (Line)
Info    : [ 30%] Meshing curve 3 (Line)
Info    : [ 50%] Meshing curve 4 (Line)
Info    : [ 60%] Meshing curve 5 (BSpline)
Info    : [ 80%] Meshing curve 6 (BSpline)
Info    : [ 90%] Meshing curve 7 (BSpline)
Info    : Done meshing 1D (Wall 0.0880098s, CPU 0.749595s)
Info    : Meshing 2D...
Info    : Meshing surface 1 (Plane, Frontal-Delaunay)
Info    : Done meshing 2D (Wall 0.02409s, CPU 0.022097s)
Info    : 447 nodes 694 elements
Info    : Meshing 1D...
Info    : [  0%] Meshing curve 1 (Line)
Info    : [ 20%] Meshing curve 2 (Line)
Info    : [ 30%] Meshing curve 3 (Line)
Info    : [ 50%] Meshing curve 4 (Line)
Info    : [ 60%] Meshing curve 5 (BSpline)
Info    : [ 80%] Meshing curve 6 (BSpline)
Info    : [ 90%] Meshing curve 7 (BSpline)
Info    : Done meshing 1D (Wall 0.0713759s, CPU 0.767576s)
Info    : Meshing 2D...
Info    : Meshing surface 1 (Plane, Frontal-Delaunay)
Info    : Done meshing 2D (Wall 0.0321365s, CPU 0.030869s)
Info    : 592 nodes 980 elements
Info    : Meshing 1D...
Info    : [  0%] Meshing curve 1 (Line)
Info    : [ 20%] Meshing curve 2 (Line)
Info    : [ 30%] Meshing curve 3 (Line)
Info    : [ 50%] Meshing curve 4 (Line)
Info    : [ 60%] Meshing curve 5 (BSpline)
Info    : [ 80%] Meshing curve 6 (BSpline)
Info    : [ 90%] Meshing curve 7 (BSpline)
Info    : Done meshing 1D (Wall 0.0417002s, CPU 0.398899s)
Info    : Meshing 2D...
Info    : Meshing surface 1 (Plane, Frontal-Delaunay)
Info    : Done meshing 2D (Wall 0.0272594s, CPU 0.268042s)
Info    : 379 nodes 558 elements
Info    : Meshing 1D...
Info    : [  0%] Meshing curve 1 (Line)
Info    : [ 20%] Meshing curve 2 (Line)
Info    : [ 30%] Meshing curve 3 (Line)
Info    : [ 50%] Meshing curve 4 (Line)
Info    : [ 60%] Meshing curve 5 (BSpline)
Info    : [ 80%] Meshing curve 6 (BSpline)
Info    : [ 90%] Meshing curve 7 (BSpline)
Info    : Done meshing 1D (Wall 0.06943s, CPU 0.68677s)
Info    : Meshing 2D...
Info    : Meshing surface 1 (Plane, Frontal-Delaunay)
Info    : Done meshing 2D (Wall 0.075893s, CPU 0.074116s)
Info    : 1822 nodes 3426 elements
Info    : Meshing 1D...
Info    : [  0%] Meshing curve 1 (Line)
Info    : [ 20%] Meshing curve 2 (Line)
Info    : [ 30%] Meshing curve 3 (Line)
Info    : [ 50%] Meshing curve 4 (Line)
Info    : [ 60%] Meshing curve 5 (BSpline)
Info    : [ 80%] Meshing curve 6 (BSpline)
Info    : [ 90%] Meshing curve 7 (BSpline)
Info    : Done meshing 1D (Wall 0.078956s, CPU 0.437614s)
Info    : Meshing 2D...
Info    : Meshing surface 1 (Plane, Frontal-Delaunay)
Info    : Done meshing 2D (Wall 0.0600306s, CPU 0.058311s)
Info    : 1198 nodes 2180 elements
Info    : Meshing 1D...
Info    : [  0%] Meshing curve 1 (Line)
Info    : [ 20%] Meshing curve 2 (Line)
Info    : [ 30%] Meshing curve 3 (Line)
Info    : [ 50%] Meshing curve 4 (Line)
Info    : [ 60%] Meshing curve 5 (BSpline)
Info    : [ 80%] Meshing curve 6 (BSpline)
Info    : [ 90%] Meshing curve 7 (BSpline)
Info    : Done meshing 1D (Wall 0.0434766s, CPU 0.536979s)
Info    : Meshing 2D...
Info    : Meshing surface 1 (Plane, Frontal-Delaunay)
Info    : Done meshing 2D (Wall 0.0539426s, CPU 0.113693s)
Info    : 451 nodes 702 elements
Info    : Meshing 1D...
Info    : [  0%] Meshing curve 1 (Line)
Info    : [ 20%] Meshing curve 2 (Line)
Info    : [ 30%] Meshing curve 3 (Line)
Info    : [ 50%] Meshing curve 4 (Line)
Info    : [ 60%] Meshing curve 5 (BSpline)
Info    : [ 80%] Meshing curve 6 (BSpline)
Info    : [ 90%] Meshing curve 7 (BSpline)
Info    : Done meshing 1D (Wall 0.069336s, CPU 0.806127s)
Info    : Meshing 2D...
Info    : Meshing surface 1 (Plane, Frontal-Delaunay)
Info    : Done meshing 2D (Wall 0.034392s, CPU 0.032827s)
Info    : 632 nodes 1059 elements
Info    : Meshing 1D...
Info    : [  0%] Meshing curve 1 (Line)
Info    : [ 20%] Meshing curve 2 (Line)
Info    : [ 30%] Meshing curve 3 (Line)
Info    : [ 50%] Meshing curve 4 (Line)
Info    : [ 60%] Meshing curve 5 (BSpline)
Info    : [ 80%] Meshing curve 6 (BSpline)
Info    : [ 90%] Meshing curve 7 (BSpline)
Info    : Done meshing 1D (Wall 0.0394448s, CPU 0.470582s)
Info    : Meshing 2D...
Info    : Meshing surface 1 (Plane, Frontal-Delaunay)
Info    : Done meshing 2D (Wall 0.0283268s, CPU 0.367202s)
Info    : 415 nodes 630 elements
Info    : Meshing 1D...
Info    : [  0%] Meshing curve 1 (Line)
Info    : [ 20%] Meshing curve 2 (Line)
Info    : [ 30%] Meshing curve 3 (Line)
Info    : [ 50%] Meshing curve 4 (Line)
Info    : [ 60%] Meshing curve 5 (BSpline)
Info    : [ 80%] Meshing curve 6 (BSpline)
Info    : [ 90%] Meshing curve 7 (BSpline)
Info    : Done meshing 1D (Wall 0.068757s, CPU 0.845931s)
Info    : Meshing 2D...
Info    : Meshing surface 1 (Plane, Frontal-Delaunay)
Info    : Done meshing 2D (Wall 0.0361537s, CPU 0.034678s)
Info    : 728 nodes 1252 elements
Info    : Meshing 1D...
Info    : [  0%] Meshing curve 1 (Line)
Info    : [ 20%] Meshing curve 2 (Line)
Info    : [ 30%] Meshing curve 3 (Line)
Info    : [ 50%] Meshing curve 4 (Line)
Info    : [ 60%] Meshing curve 5 (BSpline)
Info    : [ 80%] Meshing curve 6 (BSpline)
Info    : [ 90%] Meshing curve 7 (BSpline)
Info    : Done meshing 1D (Wall 0.0814468s, CPU 0.797002s)
Info    : Meshing 2D...
Info    : Meshing surface 1 (Plane, Frontal-Delaunay)
Info    : Done meshing 2D (Wall 0.0402595s, CPU 0.038943s)
Info    : 780 nodes 1353 elements
Info    : Meshing 1D...
Info    : [  0%] Meshing curve 1 (Line)
Info    : [ 20%] Meshing curve 2 (Line)
Info    : [ 30%] Meshing curve 3 (Line)
Info    : [ 50%] Meshing curve 4 (Line)
Info    : [ 60%] Meshing curve 5 (BSpline)
Info    : [ 80%] Meshing curve 6 (BSpline)
Info    : [ 90%] Meshing curve 7 (BSpline)
Info    : Done meshing 1D (Wall 0.122666s, CPU 0.702968s)
Info    : Meshing 2D...
Info    : Meshing surface 1 (Plane, Frontal-Delaunay)
Info    : Done meshing 2D (Wall 0.0772955s, CPU 0.074367s)
Info    : 1699 nodes 3177 elements
Info    : Meshing 1D...
Info    : [  0%] Meshing curve 1 (Line)
Info    : [ 20%] Meshing curve 2 (Line)
Info    : [ 30%] Meshing curve 3 (Line)
Info    : [ 50%] Meshing curve 4 (Line)
Info    : [ 60%] Meshing curve 5 (BSpline)
Info    : [ 80%] Meshing curve 6 (BSpline)
Info    : [ 90%] Meshing curve 7 (BSpline)
Info    : Done meshing 1D (Wall 0.0796782s, CPU 0.582965s)
Info    : Meshing 2D...
Info    : Meshing surface 1 (Plane, Frontal-Delaunay)
Info    : Done meshing 2D (Wall 0.055261s, CPU 0.030264s)
Info    : 603 nodes 1003 elements
Info    : Meshing 1D...
Info    : [  0%] Meshing curve 1 (Line)
Info    : [ 20%] Meshing curve 2 (Line)
Info    : [ 30%] Meshing curve 3 (Line)
Info    : [ 50%] Meshing curve 4 (Line)
Info    : [ 60%] Meshing curve 5 (BSpline)
Info    : [ 80%] Meshing curve 6 (BSpline)
Info    : [ 90%] Meshing curve 7 (BSpline)
Info    : Done meshing 1D (Wall 0.0459315s, CPU 0.638075s)
Info    : Meshing 2D...
Info    : Meshing surface 1 (Plane, Frontal-Delaunay)
Info    : Done meshing 2D (Wall 0.0592583s, CPU 0.216037s)
Info    : 1067 nodes 1919 elements
Info    : Meshing 1D...
Info    : [  0%] Meshing curve 1 (Line)
Info    : [ 20%] Meshing curve 2 (Line)
Info    : [ 30%] Meshing curve 3 (Line)
Info    : [ 50%] Meshing curve 4 (Line)
Info    : [ 60%] Meshing curve 5 (BSpline)
Info    : [ 80%] Meshing curve 6 (BSpline)
Info    : [ 90%] Meshing curve 7 (BSpline)
Info    : Done meshing 1D (Wall 0.0776485s, CPU 0.748592s)
Info    : Meshing 2D...
Info    : Meshing surface 1 (Plane, Frontal-Delaunay)
Info    : Done meshing 2D (Wall 0.0335574s, CPU 0.032215s)
Info    : 557 nodes 908 elements
Info    : Meshing 1D...
Info    : [  0%] Meshing curve 1 (Line)
Info    : [ 20%] Meshing curve 2 (Line)
Info    : [ 30%] Meshing curve 3 (Line)
Info    : [ 50%] Meshing curve 4 (Line)
Info    : [ 60%] Meshing curve 5 (BSpline)
Info    : [ 80%] Meshing curve 6 (BSpline)
Info    : [ 90%] Meshing curve 7 (BSpline)
Info    : Done meshing 1D (Wall 0.0157589s, CPU 0.006465s)
Info    : Meshing 2D...
Info    : Meshing surface 1 (Plane, Frontal-Delaunay)
Info    : Done meshing 2D (Wall 0.0213782s, CPU 0.019862s)
Info    : 383 nodes 566 elements
Info    : Meshing 1D...
Info    : [  0%] Meshing curve 1 (Line)
Info    : [ 20%] Meshing curve 2 (Line)
Info    : [ 30%] Meshing curve 3 (Line)
Info    : [ 50%] Meshing curve 4 (Line)
Info    : [ 60%] Meshing curve 5 (BSpline)
Info    : [ 80%] Meshing curve 6 (BSpline)
Info    : [ 90%] Meshing curve 7 (BSpline)
Info    : Done meshing 1D (Wall 0.0787072s, CPU 0.762249s)
Info    : Meshing 2D...
Info    : Meshing surface 1 (Plane, Frontal-Delaunay)
Info    : Done meshing 2D (Wall 0.0354724s, CPU 0.033859s)
Info    : 693 nodes 1182 elements
Info    : Meshing 1D...
Info    : [  0%] Meshing curve 1 (Line)
Info    : [ 20%] Meshing curve 2 (Line)
Info    : [ 30%] Meshing curve 3 (Line)
Info    : [ 50%] Meshing curve 4 (Line)
Info    : [ 60%] Meshing curve 5 (BSpline)
Info    : [ 80%] Meshing curve 6 (BSpline)
Info    : [ 90%] Meshing curve 7 (BSpline)
Info    : Done meshing 1D (Wall 0.0745807s, CPU 0.804504s)
Info    : Meshing 2D...
Info    : Meshing surface 1 (Plane, Frontal-Delaunay)
Info    : Done meshing 2D (Wall 0.0237265s, CPU 0.021999s)
Info    : 444 nodes 688 elements
Info    : Meshing 1D...
Info    : [  0%] Meshing curve 1 (Line)
Info    : [ 20%] Meshing curve 2 (Line)
Info    : [ 30%] Meshing curve 3 (Line)
Info    : [ 50%] Meshing curve 4 (Line)
Info    : [ 60%] Meshing curve 5 (BSpline)
Info    : [ 80%] Meshing curve 6 (BSpline)
Info    : [ 90%] Meshing curve 7 (BSpline)
Info    : Done meshing 1D (Wall 0.0726028s, CPU 0.660452s)
Info    : Meshing 2D...
Info    : Meshing surface 1 (Plane, Frontal-Delaunay)
Info    : Done meshing 2D (Wall 0.0688728s, CPU 0.067591s)
Info    : 1550 nodes 2884 elements
Info    : Meshing 1D...
Info    : [  0%] Meshing curve 1 (Line)
Info    : [ 20%] Meshing curve 2 (Line)
Info    : [ 30%] Meshing curve 3 (Line)
Info    : [ 50%] Meshing curve 4 (Line)
Info    : [ 60%] Meshing curve 5 (BSpline)
Info    : [ 80%] Meshing curve 6 (BSpline)
Info    : [ 90%] Meshing curve 7 (BSpline)
Info    : Done meshing 1D (Wall 0.0732005s, CPU 0.568887s)
Info    : Meshing 2D...
Info    : Meshing surface 1 (Plane, Frontal-Delaunay)
Info    : Done meshing 2D (Wall 0.0214054s, CPU 0.020092s)
Info    : 413 nodes 627 elements
Info    : Meshing 1D...
Info    : [  0%] Meshing curve 1 (Line)
Info    : [ 20%] Meshing curve 2 (Line)
Info    : [ 30%] Meshing curve 3 (Line)
Info    : [ 50%] Meshing curve 4 (Line)
Info    : [ 60%] Meshing curve 5 (BSpline)
Info    : [ 80%] Meshing curve 6 (BSpline)
Info    : [ 90%] Meshing curve 7 (BSpline)
Info    : Done meshing 1D (Wall 0.0476252s, CPU 0.577156s)
Info    : Meshing 2D...
Info    : Meshing surface 1 (Plane, Frontal-Delaunay)
Info    : Done meshing 2D (Wall 0.0620892s, CPU 0.136771s)
Info    : 550 nodes 897 elements
Info    : Meshing 1D...
Info    : [  0%] Meshing curve 1 (Line)
Info    : [ 20%] Meshing curve 2 (Line)
Info    : [ 30%] Meshing curve 3 (Line)
Info    : [ 50%] Meshing curve 4 (Line)
Info    : [ 60%] Meshing curve 5 (BSpline)
Info    : [ 80%] Meshing curve 6 (BSpline)
Info    : [ 90%] Meshing curve 7 (BSpline)
Info    : Done meshing 1D (Wall 0.0798516s, CPU 0.754982s)
Info    : Meshing 2D...
Info    : Meshing surface 1 (Plane, Frontal-Delaunay)
Info    : Done meshing 2D (Wall 0.0216857s, CPU 0.020225s)
Info    : 385 nodes 570 elements
Info    : Meshing 1D...
Info    : [  0%] Meshing curve 1 (Line)
Info    : [ 20%] Meshing curve 2 (Line)
Info    : [ 30%] Meshing curve 3 (Line)
Info    : [ 50%] Meshing curve 4 (Line)
Info    : [ 60%] Meshing curve 5 (BSpline)
Info    : [ 80%] Meshing curve 6 (BSpline)
Info    : [ 90%] Meshing curve 7 (BSpline)
Info    : Done meshing 1D (Wall 0.0801818s, CPU 0.677821s)
Info    : Meshing 2D...
Info    : Meshing surface 1 (Plane, Frontal-Delaunay)
Info    : Done meshing 2D (Wall 0.033221s, CPU 0.03168s)
Info    : 636 nodes 1068 elements
Info    : Meshing 1D...
Info    : [  0%] Meshing curve 1 (Line)
Info    : [ 20%] Meshing curve 2 (Line)
Info    : [ 30%] Meshing curve 3 (Line)
Info    : [ 50%] Meshing curve 4 (Line)
Info    : [ 60%] Meshing curve 5 (BSpline)
Info    : [ 80%] Meshing curve 6 (BSpline)
Info    : [ 90%] Meshing curve 7 (BSpline)
Info    : Done meshing 1D (Wall 0.0739295s, CPU 0.612462s)
Info    : Meshing 2D...
Info    : Meshing surface 1 (Plane, Frontal-Delaunay)
Info    : Done meshing 2D (Wall 0.0566049s, CPU 0.055397s)
Info    : 1175 nodes 2136 elements
Info    : Meshing 1D...
Info    : [  0%] Meshing curve 1 (Line)
Info    : [ 20%] Meshing curve 2 (Line)
Info    : [ 30%] Meshing curve 3 (Line)
Info    : [ 50%] Meshing curve 4 (Line)
Info    : [ 60%] Meshing curve 5 (BSpline)
Info    : [ 80%] Meshing curve 6 (BSpline)
Info    : [ 90%] Meshing curve 7 (BSpline)
Info    : Done meshing 1D (Wall 0.0702076s, CPU 0.675031s)
Info    : Meshing 2D...
Info    : Meshing surface 1 (Plane, Frontal-Delaunay)
Info    : Done meshing 2D (Wall 0.0309828s, CPU 0.029741s)
Info    : 583 nodes 963 elements
Info    : Meshing 1D...
Info    : [  0%] Meshing curve 1 (Line)
Info    : [ 20%] Meshing curve 2 (Line)
Info    : [ 30%] Meshing curve 3 (Line)
Info    : [ 50%] Meshing curve 4 (Line)
Info    : [ 60%] Meshing curve 5 (BSpline)
Info    : [ 80%] Meshing curve 6 (BSpline)
Info    : [ 90%] Meshing curve 7 (BSpline)
Info    : Done meshing 1D (Wall 0.0734365s, CPU 0.736777s)
Info    : Meshing 2D...
Info    : Meshing surface 1 (Plane, Frontal-Delaunay)
Info    : Done meshing 2D (Wall 0.0596871s, CPU 0.058492s)
Info    : 1181 nodes 2146 elements
Info    : Meshing 1D...
Info    : [  0%] Meshing curve 1 (Line)
Info    : [ 20%] Meshing curve 2 (Line)
Info    : [ 30%] Meshing curve 3 (Line)
Info    : [ 50%] Meshing curve 4 (Line)
Info    : [ 60%] Meshing curve 5 (BSpline)
Info    : [ 80%] Meshing curve 6 (BSpline)
Info    : [ 90%] Meshing curve 7 (BSpline)
Info    : Done meshing 1D (Wall 0.0723884s, CPU 0.602823s)
Info    : Meshing 2D...
Info    : Meshing surface 1 (Plane, Frontal-Delaunay)
Info    : Done meshing 2D (Wall 0.0697043s, CPU 0.068214s)
Info    : 1457 nodes 2694 elements
Info    : Meshing 1D...
Info    : [  0%] Meshing curve 1 (Line)
Info    : [ 20%] Meshing curve 2 (Line)
Info    : [ 30%] Meshing curve 3 (Line)
Info    : [ 50%] Meshing curve 4 (Line)
Info    : [ 60%] Meshing curve 5 (BSpline)
Info    : [ 80%] Meshing curve 6 (BSpline)
Info    : [ 90%] Meshing curve 7 (BSpline)
Info    : Done meshing 1D (Wall 0.0586417s, CPU 0.581122s)
Info    : Meshing 2D...
Info    : Meshing surface 1 (Plane, Frontal-Delaunay)
Info    : Done meshing 2D (Wall 0.030899s, CPU 0.029286s)
Info    : 547 nodes 891 elements
Info    : Meshing 1D...
Info    : [  0%] Meshing curve 1 (Line)
Info    : [ 20%] Meshing curve 2 (Line)
Info    : [ 30%] Meshing curve 3 (Line)
Info    : [ 50%] Meshing curve 4 (Line)
Info    : [ 60%] Meshing curve 5 (BSpline)
Info    : [ 80%] Meshing curve 6 (BSpline)
Info    : [ 90%] Meshing curve 7 (BSpline)
Info    : Done meshing 1D (Wall 0.0811553s, CPU 0.746881s)
Info    : Meshing 2D...
Info    : Meshing surface 1 (Plane, Frontal-Delaunay)
Info    : Done meshing 2D (Wall 0.0781077s, CPU 0.076666s)
Info    : 1873 nodes 3527 elements
Info    : Meshing 1D...
Info    : [  0%] Meshing curve 1 (Line)
Info    : [ 20%] Meshing curve 2 (Line)
Info    : [ 30%] Meshing curve 3 (Line)
Info    : [ 50%] Meshing curve 4 (Line)
Info    : [ 60%] Meshing curve 5 (BSpline)
Info    : [ 80%] Meshing curve 6 (BSpline)
Info    : [ 90%] Meshing curve 7 (BSpline)
Info    : Done meshing 1D (Wall 0.07027s, CPU 0.512446s)
Info    : Meshing 2D...
Info    : Meshing surface 1 (Plane, Frontal-Delaunay)
Info    : Done meshing 2D (Wall 0.0434785s, CPU 0.042351s)
Info    : 893 nodes 1579 elements
Info    : Meshing 1D...
Info    : [  0%] Meshing curve 1 (Line)
Info    : [ 20%] Meshing curve 2 (Line)
Info    : [ 30%] Meshing curve 3 (Line)
Info    : [ 50%] Meshing curve 4 (Line)
Info    : [ 60%] Meshing curve 5 (BSpline)
Info    : [ 80%] Meshing curve 6 (BSpline)
Info    : [ 90%] Meshing curve 7 (BSpline)
Info    : Done meshing 1D (Wall 0.0756486s, CPU 0.653448s)
Info    : Meshing 2D...
Info    : Meshing surface 1 (Plane, Frontal-Delaunay)
Info    : Done meshing 2D (Wall 0.0757343s, CPU 0.074625s)
Info    : 1629 nodes 3037 elements
Info    : Meshing 1D...
Info    : [  0%] Meshing curve 1 (Line)
Info    : [ 20%] Meshing curve 2 (Line)
Info    : [ 30%] Meshing curve 3 (Line)
Info    : [ 50%] Meshing curve 4 (Line)
Info    : [ 60%] Meshing curve 5 (BSpline)
Info    : [ 80%] Meshing curve 6 (BSpline)
Info    : [ 90%] Meshing curve 7 (BSpline)
Info    : Done meshing 1D (Wall 0.0197079s, CPU 0.206863s)
Info    : Meshing 2D...
Info    : Meshing surface 1 (Plane, Frontal-Delaunay)
Info    : Done meshing 2D (Wall 0.100298s, CPU 0.326335s)
Info    : 2234 nodes 4241 elements
Info    : Meshing 1D...
Info    : [  0%] Meshing curve 1 (Line)
Info    : [ 20%] Meshing curve 2 (Line)
Info    : [ 30%] Meshing curve 3 (Line)
Info    : [ 50%] Meshing curve 4 (Line)
Info    : [ 60%] Meshing curve 5 (BSpline)
Info    : [ 80%] Meshing curve 6 (BSpline)
Info    : [ 90%] Meshing curve 7 (BSpline)
Info    : Done meshing 1D (Wall 0.0710274s, CPU 0.504992s)
Info    : Meshing 2D...
Info    : Meshing surface 1 (Plane, Frontal-Delaunay)
Info    : Done meshing 2D (Wall 0.0275699s, CPU 0.025878s)
Info    : 508 nodes 814 elements
Info    : Meshing 1D...
Info    : [  0%] Meshing curve 1 (Line)
Info    : [ 20%] Meshing curve 2 (Line)
Info    : [ 30%] Meshing curve 3 (Line)
Info    : [ 50%] Meshing curve 4 (Line)
Info    : [ 60%] Meshing curve 5 (BSpline)
Info    : [ 80%] Meshing curve 6 (BSpline)
Info    : [ 90%] Meshing curve 7 (BSpline)
Info    : Done meshing 1D (Wall 0.068194s, CPU 0.835701s)
Info    : Meshing 2D...
Info    : Meshing surface 1 (Plane, Frontal-Delaunay)
Info    : Done meshing 2D (Wall 0.0196119s, CPU 0.018479s)
Info    : 377 nodes 556 elements
Info    : Meshing 1D...
Info    : [  0%] Meshing curve 1 (Line)
Info    : [ 20%] Meshing curve 2 (Line)
Info    : [ 30%] Meshing curve 3 (Line)
Info    : [ 50%] Meshing curve 4 (Line)
Info    : [ 60%] Meshing curve 5 (BSpline)
Info    : [ 80%] Meshing curve 6 (BSpline)
Info    : [ 90%] Meshing curve 7 (BSpline)
Info    : Done meshing 1D (Wall 0.0700021s, CPU 0.702503s)
Info    : Meshing 2D...
Info    : Meshing surface 1 (Plane, Frontal-Delaunay)
Info    : Done meshing 2D (Wall 0.103953s, CPU 0.10273s)
Info    : 2759 nodes 5295 elements
Info    : Meshing 1D...
Info    : [  0%] Meshing curve 1 (Line)
Info    : [ 20%] Meshing curve 2 (Line)
Info    : [ 30%] Meshing curve 3 (Line)
Info    : [ 50%] Meshing curve 4 (Line)
Info    : [ 60%] Meshing curve 5 (BSpline)
Info    : [ 80%] Meshing curve 6 (BSpline)
Info    : [ 90%] Meshing curve 7 (BSpline)
Info    : Done meshing 1D (Wall 0.0732374s, CPU 0.298467s)
Info    : Meshing 2D...
Info    : Meshing surface 1 (Plane, Frontal-Delaunay)
Info    : Done meshing 2D (Wall 0.0238805s, CPU 0.022133s)
Info    : 414 nodes 627 elements
Info    : Meshing 1D...
Info    : [  0%] Meshing curve 1 (Line)
Info    : [ 20%] Meshing curve 2 (Line)
Info    : [ 30%] Meshing curve 3 (Line)
Info    : [ 50%] Meshing curve 4 (Line)
Info    : [ 60%] Meshing curve 5 (BSpline)
Info    : [ 80%] Meshing curve 6 (BSpline)
Info    : [ 90%] Meshing curve 7 (BSpline)
Info    : Done meshing 1D (Wall 0.042677s, CPU 0.656215s)
Info    : Meshing 2D...
Info    : Meshing surface 1 (Plane, Frontal-Delaunay)
Info    : Done meshing 2D (Wall 0.0285651s, CPU 0.274714s)
Info    : 414 nodes 627 elements
Info    : Meshing 1D...
Info    : [  0%] Meshing curve 1 (Line)
Info    : [ 20%] Meshing curve 2 (Line)
Info    : [ 30%] Meshing curve 3 (Line)
Info    : [ 50%] Meshing curve 4 (Line)
Info    : [ 60%] Meshing curve 5 (BSpline)
Info    : [ 80%] Meshing curve 6 (BSpline)
Info    : [ 90%] Meshing curve 7 (BSpline)
Info    : Done meshing 1D (Wall 0.104966s, CPU 0.650609s)
Info    : Meshing 2D...
Info    : Meshing surface 1 (Plane, Frontal-Delaunay)
Info    : Done meshing 2D (Wall 0.0412898s, CPU 0.037709s)
Info    : 680 nodes 1152 elements
Info    : Meshing 1D...
Info    : [  0%] Meshing curve 1 (Line)
Info    : [ 20%] Meshing curve 2 (Line)
Info    : [ 30%] Meshing curve 3 (Line)
Info    : [ 50%] Meshing curve 4 (Line)
Info    : [ 60%] Meshing curve 5 (BSpline)
Info    : [ 80%] Meshing curve 6 (BSpline)
Info    : [ 90%] Meshing curve 7 (BSpline)
Info    : Done meshing 1D (Wall 0.0694713s, CPU 0.794127s)
Info    : Meshing 2D...
Info    : Meshing surface 1 (Plane, Frontal-Delaunay)
Info    : Done meshing 2D (Wall 0.0590874s, CPU 0.057555s)
Info    : 1341 nodes 2470 elements
Info    : Meshing 1D...
Info    : [  0%] Meshing curve 1 (Line)
Info    : [ 20%] Meshing curve 2 (Line)
Info    : [ 30%] Meshing curve 3 (Line)
Info    : [ 50%] Meshing curve 4 (Line)
Info    : [ 60%] Meshing curve 5 (BSpline)
Info    : [ 80%] Meshing curve 6 (BSpline)
Info    : [ 90%] Meshing curve 7 (BSpline)
Info    : Done meshing 1D (Wall 0.0694492s, CPU 0.723681s)
Info    : Meshing 2D...
Info    : Meshing surface 1 (Plane, Frontal-Delaunay)
Info    : Done meshing 2D (Wall 0.0372217s, CPU 0.035891s)
Info    : 690 nodes 1174 elements
Info    : Meshing 1D...
Info    : [  0%] Meshing curve 1 (Line)
Info    : [ 20%] Meshing curve 2 (Line)
Info    : [ 30%] Meshing curve 3 (Line)
Info    : [ 50%] Meshing curve 4 (Line)
Info    : [ 60%] Meshing curve 5 (BSpline)
Info    : [ 80%] Meshing curve 6 (BSpline)
Info    : [ 90%] Meshing curve 7 (BSpline)
Info    : Done meshing 1D (Wall 0.0512762s, CPU 0.580037s)
Info    : Meshing 2D...
Info    : Meshing surface 1 (Plane, Frontal-Delaunay)
Info    : Done meshing 2D (Wall 0.0327147s, CPU 0.055762s)
Info    : 510 nodes 816 elements
Info    : Meshing 1D...
Info    : [  0%] Meshing curve 1 (Line)
Info    : [ 20%] Meshing curve 2 (Line)
Info    : [ 30%] Meshing curve 3 (Line)
Info    : [ 50%] Meshing curve 4 (Line)
Info    : [ 60%] Meshing curve 5 (BSpline)
Info    : [ 80%] Meshing curve 6 (BSpline)
Info    : [ 90%] Meshing curve 7 (BSpline)
Info    : Done meshing 1D (Wall 0.0449514s, CPU 0.556858s)
Info    : Meshing 2D...
Info    : Meshing surface 1 (Plane, Frontal-Delaunay)
Info    : Done meshing 2D (Wall 0.0669471s, CPU 0.114281s)
Info    : 1389 nodes 2563 elements
Info    : Meshing 1D...
Info    : [  0%] Meshing curve 1 (Line)
Info    : [ 20%] Meshing curve 2 (Line)
Info    : [ 30%] Meshing curve 3 (Line)
Info    : [ 50%] Meshing curve 4 (Line)
Info    : [ 60%] Meshing curve 5 (BSpline)
Info    : [ 80%] Meshing curve 6 (BSpline)
Info    : [ 90%] Meshing curve 7 (BSpline)
Info    : Done meshing 1D (Wall 0.0773166s, CPU 0.518943s)
Info    : Meshing 2D...
Info    : Meshing surface 1 (Plane, Frontal-Delaunay)
Info    : Done meshing 2D (Wall 0.025326s, CPU 0.024081s)
Info    : 438 nodes 674 elements
Info    : Meshing 1D...
Info    : [  0%] Meshing curve 1 (Line)
Info    : [ 20%] Meshing curve 2 (Line)
Info    : [ 30%] Meshing curve 3 (Line)
Info    : [ 50%] Meshing curve 4 (Line)
Info    : [ 60%] Meshing curve 5 (BSpline)
Info    : [ 80%] Meshing curve 6 (BSpline)
Info    : [ 90%] Meshing curve 7 (BSpline)
Info    : Done meshing 1D (Wall 0.0173163s, CPU 0.153271s)
Info    : Meshing 2D...
Info    : Meshing surface 1 (Plane, Frontal-Delaunay)
Info    : Done meshing 2D (Wall 0.0439564s, CPU 0.602424s)
Info    : 644 nodes 1085 elements
Info    : Meshing 1D...
Info    : [  0%] Meshing curve 1 (Line)
Info    : [ 20%] Meshing curve 2 (Line)
Info    : [ 30%] Meshing curve 3 (Line)
Info    : [ 50%] Meshing curve 4 (Line)
Info    : [ 60%] Meshing curve 5 (BSpline)
Info    : [ 80%] Meshing curve 6 (BSpline)
Info    : [ 90%] Meshing curve 7 (BSpline)
Info    : Done meshing 1D (Wall 0.0768348s, CPU 0.518046s)
Info    : Meshing 2D...
Info    : Meshing surface 1 (Plane, Frontal-Delaunay)
Info    : Done meshing 2D (Wall 0.0226435s, CPU 0.021074s)
Info    : 405 nodes 610 elements
Info    : Meshing 1D...
Info    : [  0%] Meshing curve 1 (Line)
Info    : [ 20%] Meshing curve 2 (Line)
Info    : [ 30%] Meshing curve 3 (Line)
Info    : [ 50%] Meshing curve 4 (Line)
Info    : [ 60%] Meshing curve 5 (BSpline)
Info    : [ 80%] Meshing curve 6 (BSpline)
Info    : [ 90%] Meshing curve 7 (BSpline)
Info    : Done meshing 1D (Wall 0.148649s, CPU 0.828671s)
Info    : Meshing 2D...
Info    : Meshing surface 1 (Plane, Frontal-Delaunay)
Info    : Done meshing 2D (Wall 0.020001s, CPU 0.018155s)
Info    : 388 nodes 578 elements
Info    : Meshing 1D...
Info    : [  0%] Meshing curve 1 (Line)
Info    : [ 20%] Meshing curve 2 (Line)
Info    : [ 30%] Meshing curve 3 (Line)
Info    : [ 50%] Meshing curve 4 (Line)
Info    : [ 60%] Meshing curve 5 (BSpline)
Info    : [ 80%] Meshing curve 6 (BSpline)
Info    : [ 90%] Meshing curve 7 (BSpline)
Info    : Done meshing 1D (Wall 0.0455137s, CPU 0.656022s)
Info    : Meshing 2D...
Info    : Meshing surface 1 (Plane, Frontal-Delaunay)
Info    : Done meshing 2D (Wall 0.0695788s, CPU 0.124959s)
Info    : 547 nodes 889 elements
Info    : Meshing 1D...
Info    : [  0%] Meshing curve 1 (Line)
Info    : [ 20%] Meshing curve 2 (Line)
Info    : [ 30%] Meshing curve 3 (Line)
Info    : [ 50%] Meshing curve 4 (Line)
Info    : [ 60%] Meshing curve 5 (BSpline)
Info    : [ 80%] Meshing curve 6 (BSpline)
Info    : [ 90%] Meshing curve 7 (BSpline)
Info    : Done meshing 1D (Wall 0.0612661s, CPU 0.553308s)
Info    : Meshing 2D...
Info    : Meshing surface 1 (Plane, Frontal-Delaunay)
Info    : Done meshing 2D (Wall 0.0212963s, CPU 0.020151s)
Info    : 380 nodes 561 elements
Info    : Meshing 1D...
Info    : [  0%] Meshing curve 1 (Line)
Info    : [ 20%] Meshing curve 2 (Line)
Info    : [ 30%] Meshing curve 3 (Line)
Info    : [ 50%] Meshing curve 4 (Line)
Info    : [ 60%] Meshing curve 5 (BSpline)
Info    : [ 80%] Meshing curve 6 (BSpline)
Info    : [ 90%] Meshing curve 7 (BSpline)
Info    : Done meshing 1D (Wall 0.0508233s, CPU 0.474687s)
Info    : Meshing 2D...
Info    : Meshing surface 1 (Plane, Frontal-Delaunay)
Info    : Done meshing 2D (Wall 0.0835553s, CPU 0.187817s)
Info    : 1968 nodes 3716 elements
Info    : Meshing 1D...
Info    : [  0%] Meshing curve 1 (Line)
Info    : [ 20%] Meshing curve 2 (Line)
Info    : [ 30%] Meshing curve 3 (Line)
Info    : [ 50%] Meshing curve 4 (Line)
Info    : [ 60%] Meshing curve 5 (BSpline)
Info    : [ 80%] Meshing curve 6 (BSpline)
Info    : [ 90%] Meshing curve 7 (BSpline)
Info    : Done meshing 1D (Wall 0.0838186s, CPU 0.529748s)
Info    : Meshing 2D...
Info    : Meshing surface 1 (Plane, Frontal-Delaunay)
Info    : Done meshing 2D (Wall 0.026882s, CPU 0.025238s)
Info    : 447 nodes 691 elements
Info    : Meshing 1D...
Info    : [  0%] Meshing curve 1 (Line)
Info    : [ 20%] Meshing curve 2 (Line)
Info    : [ 30%] Meshing curve 3 (Line)
Info    : [ 50%] Meshing curve 4 (Line)
Info    : [ 60%] Meshing curve 5 (BSpline)
Info    : [ 80%] Meshing curve 6 (BSpline)
Info    : [ 90%] Meshing curve 7 (BSpline)
Info    : Done meshing 1D (Wall 0.0687698s, CPU 0.668366s)
Info    : Meshing 2D...
Info    : Meshing surface 1 (Plane, Frontal-Delaunay)
Info    : Done meshing 2D (Wall 0.0433917s, CPU 0.042187s)
Info    : 890 nodes 1573 elements
Info    : Meshing 1D...
Info    : [  0%] Meshing curve 1 (Line)
Info    : [ 20%] Meshing curve 2 (Line)
Info    : [ 30%] Meshing curve 3 (Line)
Info    : [ 50%] Meshing curve 4 (Line)
Info    : [ 60%] Meshing curve 5 (BSpline)
Info    : [ 80%] Meshing curve 6 (BSpline)
Info    : [ 90%] Meshing curve 7 (BSpline)
Info    : Done meshing 1D (Wall 0.0463094s, CPU 0.409973s)
Info    : Meshing 2D...
Info    : Meshing surface 1 (Plane, Frontal-Delaunay)
Info    : Done meshing 2D (Wall 0.0803185s, CPU 0.188607s)
Info    : 678 nodes 1149 elements
Info    : Meshing 1D...
Info    : [  0%] Meshing curve 1 (Line)
Info    : [ 20%] Meshing curve 2 (Line)
Info    : [ 30%] Meshing curve 3 (Line)
Info    : [ 50%] Meshing curve 4 (Line)
Info    : [ 60%] Meshing curve 5 (BSpline)
Info    : [ 80%] Meshing curve 6 (BSpline)
Info    : [ 90%] Meshing curve 7 (BSpline)
Info    : Done meshing 1D (Wall 0.0708104s, CPU 0.666912s)
Info    : Meshing 2D...
Info    : Meshing surface 1 (Plane, Frontal-Delaunay)
Info    : Done meshing 2D (Wall 0.0291094s, CPU 0.027444s)
Info    : 518 nodes 834 elements
Info    : Meshing 1D...
Info    : [  0%] Meshing curve 1 (Line)
Info    : [ 20%] Meshing curve 2 (Line)
Info    : [ 30%] Meshing curve 3 (Line)
Info    : [ 50%] Meshing curve 4 (Line)
Info    : [ 60%] Meshing curve 5 (BSpline)
Info    : [ 80%] Meshing curve 6 (BSpline)
Info    : [ 90%] Meshing curve 7 (BSpline)
Info    : Done meshing 1D (Wall 0.0460403s, CPU 0.662161s)
Info    : Meshing 2D...
Info    : Meshing surface 1 (Plane, Frontal-Delaunay)
Info    : Done meshing 2D (Wall 0.0354317s, CPU 0.213205s)
Info    : 545 nodes 885 elements
Info    : Meshing 1D...
Info    : [  0%] Meshing curve 1 (Line)
Info    : [ 20%] Meshing curve 2 (Line)
Info    : [ 30%] Meshing curve 3 (Line)
Info    : [ 50%] Meshing curve 4 (Line)
Info    : [ 60%] Meshing curve 5 (BSpline)
Info    : [ 80%] Meshing curve 6 (BSpline)
Info    : [ 90%] Meshing curve 7 (BSpline)
Info    : Done meshing 1D (Wall 0.0471646s, CPU 0.590082s)
Info    : Meshing 2D...
Info    : Meshing surface 1 (Plane, Frontal-Delaunay)
Info    : Done meshing 2D (Wall 0.0332217s, CPU 0.141754s)
Info    : 524 nodes 844 elements
Info    : Meshing 1D...
Info    : [  0%] Meshing curve 1 (Line)
Info    : [ 20%] Meshing curve 2 (Line)
Info    : [ 30%] Meshing curve 3 (Line)
Info    : [ 50%] Meshing curve 4 (Line)
Info    : [ 60%] Meshing curve 5 (BSpline)
Info    : [ 80%] Meshing curve 6 (BSpline)
Info    : [ 90%] Meshing curve 7 (BSpline)
Info    : Done meshing 1D (Wall 0.0440288s, CPU 0.524956s)
Info    : Meshing 2D...
Info    : Meshing surface 1 (Plane, Frontal-Delaunay)
Info    : Done meshing 2D (Wall 0.0363857s, CPU 0.285108s)
Info    : 548 nodes 891 elements
Info    : Meshing 1D...
Info    : [  0%] Meshing curve 1 (Line)
Info    : [ 20%] Meshing curve 2 (Line)
Info    : [ 30%] Meshing curve 3 (Line)
Info    : [ 50%] Meshing curve 4 (Line)
Info    : [ 60%] Meshing curve 5 (BSpline)
Info    : [ 80%] Meshing curve 6 (BSpline)
Info    : [ 90%] Meshing curve 7 (BSpline)
Info    : Done meshing 1D (Wall 0.0956594s, CPU 0.647981s)
Info    : Meshing 2D...
Info    : Meshing surface 1 (Plane, Frontal-Delaunay)
Info    : Done meshing 2D (Wall 0.0962964s, CPU 0.094886s)
Info    : 2534 nodes 4847 elements
Info    : Meshing 1D...
Info    : [  0%] Meshing curve 1 (Line)
Info    : [ 20%] Meshing curve 2 (Line)
Info    : [ 30%] Meshing curve 3 (Line)
Info    : [ 50%] Meshing curve 4 (Line)
Info    : [ 60%] Meshing curve 5 (BSpline)
Info    : [ 80%] Meshing curve 6 (BSpline)
Info    : [ 90%] Meshing curve 7 (BSpline)
Info    : Done meshing 1D (Wall 0.0713324s, CPU 0.312246s)
Info    : Meshing 2D...
Info    : Meshing surface 1 (Plane, Frontal-Delaunay)
Info    : Done meshing 2D (Wall 0.0599022s, CPU 0.057849s)
Info    : 1185 nodes 2154 elements
Info    : Meshing 1D...
Info    : [  0%] Meshing curve 1 (Line)
Info    : [ 20%] Meshing curve 2 (Line)
Info    : [ 30%] Meshing curve 3 (Line)
Info    : [ 50%] Meshing curve 4 (Line)
Info    : [ 60%] Meshing curve 5 (BSpline)
Info    : [ 80%] Meshing curve 6 (BSpline)
Info    : [ 90%] Meshing curve 7 (BSpline)
Info    : Done meshing 1D (Wall 0.0813195s, CPU 0.552705s)
Info    : Meshing 2D...
Info    : Meshing surface 1 (Plane, Frontal-Delaunay)
Info    : Done meshing 2D (Wall 0.0412665s, CPU 0.039982s)
Info    : 764 nodes 1320 elements
Info    : Meshing 1D...
Info    : [  0%] Meshing curve 1 (Line)
Info    : [ 20%] Meshing curve 2 (Line)
Info    : [ 30%] Meshing curve 3 (Line)
Info    : [ 50%] Meshing curve 4 (Line)
Info    : [ 60%] Meshing curve 5 (BSpline)
Info    : [ 80%] Meshing curve 6 (BSpline)
Info    : [ 90%] Meshing curve 7 (BSpline)
Info    : Done meshing 1D (Wall 0.0459089s, CPU 0.588389s)
Info    : Meshing 2D...
Info    : Meshing surface 1 (Plane, Frontal-Delaunay)
Info    : Done meshing 2D (Wall 0.0549294s, CPU 0.151476s)
Info    : 1014 nodes 1815 elements
Info    : Meshing 1D...
Info    : [  0%] Meshing curve 1 (Line)
Info    : [ 20%] Meshing curve 2 (Line)
Info    : [ 30%] Meshing curve 3 (Line)
Info    : [ 50%] Meshing curve 4 (Line)
Info    : [ 60%] Meshing curve 5 (BSpline)
Info    : [ 80%] Meshing curve 6 (BSpline)
Info    : [ 90%] Meshing curve 7 (BSpline)
Info    : Done meshing 1D (Wall 0.0781557s, CPU 0.721647s)
Info    : Meshing 2D...
Info    : Meshing surface 1 (Plane, Frontal-Delaunay)
Info    : Done meshing 2D (Wall 0.0245743s, CPU 0.023383s)
Info    : 449 nodes 697 elements
Info    : Meshing 1D...
Info    : [  0%] Meshing curve 1 (Line)
Info    : [ 20%] Meshing curve 2 (Line)
Info    : [ 30%] Meshing curve 3 (Line)
Info    : [ 50%] Meshing curve 4 (Line)
Info    : [ 60%] Meshing curve 5 (BSpline)
Info    : [ 80%] Meshing curve 6 (BSpline)
Info    : [ 90%] Meshing curve 7 (BSpline)
Info    : Done meshing 1D (Wall 0.0733912s, CPU 0.646271s)
Info    : Meshing 2D...
Info    : Meshing surface 1 (Plane, Frontal-Delaunay)
Info    : Done meshing 2D (Wall 0.0260447s, CPU 0.024494s)
Info    : 481 nodes 761 elements
Info    : Meshing 1D...
Info    : [  0%] Meshing curve 1 (Line)
Info    : [ 20%] Meshing curve 2 (Line)
Info    : [ 30%] Meshing curve 3 (Line)
Info    : [ 50%] Meshing curve 4 (Line)
Info    : [ 60%] Meshing curve 5 (BSpline)
Info    : [ 80%] Meshing curve 6 (BSpline)
Info    : [ 90%] Meshing curve 7 (BSpline)
Info    : Done meshing 1D (Wall 0.072727s, CPU 0.559641s)
Info    : Meshing 2D...
Info    : Meshing surface 1 (Plane, Frontal-Delaunay)
Info    : Done meshing 2D (Wall 0.0812673s, CPU 0.080032s)
Info    : 1952 nodes 3684 elements
Info    : Meshing 1D...
Info    : [  0%] Meshing curve 1 (Line)
Info    : [ 20%] Meshing curve 2 (Line)
Info    : [ 30%] Meshing curve 3 (Line)
Info    : [ 50%] Meshing curve 4 (Line)
Info    : [ 60%] Meshing curve 5 (BSpline)
Info    : [ 80%] Meshing curve 6 (BSpline)
Info    : [ 90%] Meshing curve 7 (BSpline)
Info    : Done meshing 1D (Wall 0.0412766s, CPU 0.471533s)
Info    : Meshing 2D...
Info    : Meshing surface 1 (Plane, Frontal-Delaunay)
Info    : Done meshing 2D (Wall 0.0534975s, CPU 0.019908s)
Info    : 381 nodes 563 elements
Info    : Meshing 1D...
Info    : [  0%] Meshing curve 1 (Line)
Info    : [ 20%] Meshing curve 2 (Line)
Info    : [ 30%] Meshing curve 3 (Line)
Info    : [ 50%] Meshing curve 4 (Line)
Info    : [ 60%] Meshing curve 5 (BSpline)
Info    : [ 80%] Meshing curve 6 (BSpline)
Info    : [ 90%] Meshing curve 7 (BSpline)
Info    : Done meshing 1D (Wall 0.0792669s, CPU 0.85275s)
Info    : Meshing 2D...
Info    : Meshing surface 1 (Plane, Frontal-Delaunay)
Info    : Done meshing 2D (Wall 0.0563499s, CPU 0.054525s)
Info    : 1144 nodes 2074 elements
Info    : Meshing 1D...
Info    : [  0%] Meshing curve 1 (Line)
Info    : [ 20%] Meshing curve 2 (Line)
Info    : [ 30%] Meshing curve 3 (Line)
Info    : [ 50%] Meshing curve 4 (Line)
Info    : [ 60%] Meshing curve 5 (BSpline)
Info    : [ 80%] Meshing curve 6 (BSpline)
Info    : [ 90%] Meshing curve 7 (BSpline)
Info    : Done meshing 1D (Wall 0.0751502s, CPU 0.736458s)
Info    : Meshing 2D...
Info    : Meshing surface 1 (Plane, Frontal-Delaunay)
Info    : Done meshing 2D (Wall 0.113664s, CPU 0.112226s)
Info    : 2985 nodes 5741 elements
Info    : Meshing 1D...
Info    : [  0%] Meshing curve 1 (Line)
Info    : [ 20%] Meshing curve 2 (Line)
Info    : [ 30%] Meshing curve 3 (Line)
Info    : [ 50%] Meshing curve 4 (Line)
Info    : [ 60%] Meshing curve 5 (BSpline)
Info    : [ 80%] Meshing curve 6 (BSpline)
Info    : [ 90%] Meshing curve 7 (BSpline)
Info    : Done meshing 1D (Wall 0.0709107s, CPU 0.149706s)
Info    : Meshing 2D...
Info    : Meshing surface 1 (Plane, Frontal-Delaunay)
Info    : Done meshing 2D (Wall 0.0244241s, CPU 0.023159s)
Info    : 468 nodes 736 elements
Info    : Meshing 1D...
Info    : [  0%] Meshing curve 1 (Line)
Info    : [ 20%] Meshing curve 2 (Line)
Info    : [ 30%] Meshing curve 3 (Line)
Info    : [ 50%] Meshing curve 4 (Line)
Info    : [ 60%] Meshing curve 5 (BSpline)
Info    : [ 80%] Meshing curve 6 (BSpline)
Info    : [ 90%] Meshing curve 7 (BSpline)
Info    : Done meshing 1D (Wall 0.0764799s, CPU 0.563525s)
Info    : Meshing 2D...
Info    : Meshing surface 1 (Plane, Frontal-Delaunay)
Info    : Done meshing 2D (Wall 0.0331646s, CPU 0.031902s)
Info    : 627 nodes 1050 elements
Info    : Meshing 1D...
Info    : [  0%] Meshing curve 1 (Line)
Info    : [ 20%] Meshing curve 2 (Line)
Info    : [ 30%] Meshing curve 3 (Line)
Info    : [ 50%] Meshing curve 4 (Line)
Info    : [ 60%] Meshing curve 5 (BSpline)
Info    : [ 80%] Meshing curve 6 (BSpline)
Info    : [ 90%] Meshing curve 7 (BSpline)
Info    : Done meshing 1D (Wall 0.0787915s, CPU 0.623361s)
Info    : Meshing 2D...
Info    : Meshing surface 1 (Plane, Frontal-Delaunay)
Info    : Done meshing 2D (Wall 0.0455826s, CPU 0.044325s)
Info    : 833 nodes 1455 elements
Info    : Meshing 1D...
Info    : [  0%] Meshing curve 1 (Line)
Info    : [ 20%] Meshing curve 2 (Line)
Info    : [ 30%] Meshing curve 3 (Line)
Info    : [ 50%] Meshing curve 4 (Line)
Info    : [ 60%] Meshing curve 5 (BSpline)
Info    : [ 80%] Meshing curve 6 (BSpline)
Info    : [ 90%] Meshing curve 7 (BSpline)
Info    : Done meshing 1D (Wall 0.0450135s, CPU 0.44013s)
Info    : Meshing 2D...
Info    : Meshing surface 1 (Plane, Frontal-Delaunay)
Info    : Done meshing 2D (Wall 0.0325397s, CPU 0.277682s)
Info    : 542 nodes 882 elements
Info    : Meshing 1D...
Info    : [  0%] Meshing curve 1 (Line)
Info    : [ 20%] Meshing curve 2 (Line)
Info    : [ 30%] Meshing curve 3 (Line)
Info    : [ 50%] Meshing curve 4 (Line)
Info    : [ 60%] Meshing curve 5 (BSpline)
Info    : [ 80%] Meshing curve 6 (BSpline)
Info    : [ 90%] Meshing curve 7 (BSpline)
Info    : Done meshing 1D (Wall 0.0732247s, CPU 0.52606s)
Info    : Meshing 2D...
Info    : Meshing surface 1 (Plane, Frontal-Delaunay)
Info    : Done meshing 2D (Wall 0.0320378s, CPU 0.030223s)
Info    : 637 nodes 1071 elements
Info    : Meshing 1D...
Info    : [  0%] Meshing curve 1 (Line)
Info    : [ 20%] Meshing curve 2 (Line)
Info    : [ 30%] Meshing curve 3 (Line)
Info    : [ 50%] Meshing curve 4 (Line)
Info    : [ 60%] Meshing curve 5 (BSpline)
Info    : [ 80%] Meshing curve 6 (BSpline)
Info    : [ 90%] Meshing curve 7 (BSpline)
Info    : Done meshing 1D (Wall 0.076429s, CPU 0.585037s)
Info    : Meshing 2D...
Info    : Meshing surface 1 (Plane, Frontal-Delaunay)
Info    : Done meshing 2D (Wall 0.0344404s, CPU 0.033213s)
Info    : 683 nodes 1162 elements
Info    : Meshing 1D...
Info    : [  0%] Meshing curve 1 (Line)
Info    : [ 20%] Meshing curve 2 (Line)
Info    : [ 30%] Meshing curve 3 (Line)
Info    : [ 50%] Meshing curve 4 (Line)
Info    : [ 60%] Meshing curve 5 (BSpline)
Info    : [ 80%] Meshing curve 6 (BSpline)
Info    : [ 90%] Meshing curve 7 (BSpline)
Info    : Done meshing 1D (Wall 0.0760179s, CPU 0.552072s)
Info    : Meshing 2D...
Info    : Meshing surface 1 (Plane, Frontal-Delaunay)
Info    : Done meshing 2D (Wall 0.0389598s, CPU 0.037682s)
Info    : 679 nodes 1150 elements
Info    : Meshing 1D...
Info    : [  0%] Meshing curve 1 (Line)
Info    : [ 20%] Meshing curve 2 (Line)
Info    : [ 30%] Meshing curve 3 (Line)
Info    : [ 50%] Meshing curve 4 (Line)
Info    : [ 60%] Meshing curve 5 (BSpline)
Info    : [ 80%] Meshing curve 6 (BSpline)
Info    : [ 90%] Meshing curve 7 (BSpline)
Info    : Done meshing 1D (Wall 0.07643s, CPU 0.632288s)
Info    : Meshing 2D...
Info    : Meshing surface 1 (Plane, Frontal-Delaunay)
Info    : Done meshing 2D (Wall 0.0233404s, CPU 0.021665s)
Info    : 381 nodes 561 elements
Info    : Meshing 1D...
Info    : [  0%] Meshing curve 1 (Line)
Info    : [ 20%] Meshing curve 2 (Line)
Info    : [ 30%] Meshing curve 3 (Line)
Info    : [ 50%] Meshing curve 4 (Line)
Info    : [ 60%] Meshing curve 5 (BSpline)
Info    : [ 80%] Meshing curve 6 (BSpline)
Info    : [ 90%] Meshing curve 7 (BSpline)
Info    : Done meshing 1D (Wall 0.0478969s, CPU 0.645488s)
Info    : Meshing 2D...
Info    : Meshing surface 1 (Plane, Frontal-Delaunay)
Info    : Done meshing 2D (Wall 0.0262101s, CPU 0.089377s)
Info    : 409 nodes 617 elements
Info    : Meshing 1D...
Info    : [  0%] Meshing curve 1 (Line)
Info    : [ 20%] Meshing curve 2 (Line)
Info    : [ 30%] Meshing curve 3 (Line)
Info    : [ 50%] Meshing curve 4 (Line)
Info    : [ 60%] Meshing curve 5 (BSpline)
Info    : [ 80%] Meshing curve 6 (BSpline)
Info    : [ 90%] Meshing curve 7 (BSpline)
Info    : Done meshing 1D (Wall 0.067454s, CPU 0.615352s)
Info    : Meshing 2D...
Info    : Meshing surface 1 (Plane, Frontal-Delaunay)
Info    : Done meshing 2D (Wall 0.0215866s, CPU 0.020531s)
Info    : 382 nodes 564 elements
Info    : Meshing 1D...
Info    : [  0%] Meshing curve 1 (Line)
Info    : [ 20%] Meshing curve 2 (Line)
Info    : [ 30%] Meshing curve 3 (Line)
Info    : [ 50%] Meshing curve 4 (Line)
Info    : [ 60%] Meshing curve 5 (BSpline)
Info    : [ 80%] Meshing curve 6 (BSpline)
Info    : [ 90%] Meshing curve 7 (BSpline)
Info    : Done meshing 1D (Wall 0.0906806s, CPU 0.748361s)
Info    : Meshing 2D...
Info    : Meshing surface 1 (Plane, Frontal-Delaunay)
Info    : Done meshing 2D (Wall 0.0343277s, CPU 0.032951s)
Info    : 683 nodes 1162 elements
Info    : Meshing 1D...
Info    : [  0%] Meshing curve 1 (Line)
Info    : [ 20%] Meshing curve 2 (Line)
Info    : [ 30%] Meshing curve 3 (Line)
Info    : [ 50%] Meshing curve 4 (Line)
Info    : [ 60%] Meshing curve 5 (BSpline)
Info    : [ 80%] Meshing curve 6 (BSpline)
Info    : [ 90%] Meshing curve 7 (BSpline)
Info    : Done meshing 1D (Wall 0.0879847s, CPU 0.726321s)
Info    : Meshing 2D...
Info    : Meshing surface 1 (Plane, Frontal-Delaunay)
Info    : Done meshing 2D (Wall 0.112083s, CPU 0.110101s)
Info    : 2962 nodes 5695 elements
Info    : Meshing 1D...
Info    : [  0%] Meshing curve 1 (Line)
Info    : [ 20%] Meshing curve 2 (Line)
Info    : [ 30%] Meshing curve 3 (Line)
Info    : [ 50%] Meshing curve 4 (Line)
Info    : [ 60%] Meshing curve 5 (BSpline)
Info    : [ 80%] Meshing curve 6 (BSpline)
Info    : [ 90%] Meshing curve 7 (BSpline)
Info    : Done meshing 1D (Wall 0.0737731s, CPU 0.154558s)
Info    : Meshing 2D...
Info    : Meshing surface 1 (Plane, Frontal-Delaunay)
Info    : Done meshing 2D (Wall 0.0676389s, CPU 0.065942s)
Info    : 1612 nodes 3009 elements
Info    : Meshing 1D...
Info    : [  0%] Meshing curve 1 (Line)
Info    : [ 20%] Meshing curve 2 (Line)
Info    : [ 30%] Meshing curve 3 (Line)
Info    : [ 50%] Meshing curve 4 (Line)
Info    : [ 60%] Meshing curve 5 (BSpline)
Info    : [ 80%] Meshing curve 6 (BSpline)
Info    : [ 90%] Meshing curve 7 (BSpline)
Info    : Done meshing 1D (Wall 0.0723416s, CPU 0.509185s)
Info    : Meshing 2D...
Info    : Meshing surface 1 (Plane, Frontal-Delaunay)
Info    : Done meshing 2D (Wall 0.0200668s, CPU 0.018717s)
Info    : 380 nodes 562 elements
Info    : Meshing 1D...
Info    : [  0%] Meshing curve 1 (Line)
Info    : [ 20%] Meshing curve 2 (Line)
Info    : [ 30%] Meshing curve 3 (Line)
Info    : [ 50%] Meshing curve 4 (Line)
Info    : [ 60%] Meshing curve 5 (BSpline)
Info    : [ 80%] Meshing curve 6 (BSpline)
Info    : [ 90%] Meshing curve 7 (BSpline)
Info    : Done meshing 1D (Wall 0.0748898s, CPU 0.715612s)
Info    : Meshing 2D...
Info    : Meshing surface 1 (Plane, Frontal-Delaunay)
Info    : Done meshing 2D (Wall 0.058683s, CPU 0.057239s)
Info    : 1187 nodes 2159 elements
Info    : Meshing 1D...
Info    : [  0%] Meshing curve 1 (Line)
Info    : [ 20%] Meshing curve 2 (Line)
Info    : [ 30%] Meshing curve 3 (Line)
Info    : [ 50%] Meshing curve 4 (Line)
Info    : [ 60%] Meshing curve 5 (BSpline)
Info    : [ 80%] Meshing curve 6 (BSpline)
Info    : [ 90%] Meshing curve 7 (BSpline)
Info    : Done meshing 1D (Wall 0.0432143s, CPU 0.406453s)
Info    : Meshing 2D...
Info    : Meshing surface 1 (Plane, Frontal-Delaunay)
Info    : Done meshing 2D (Wall 0.0696662s, CPU 0.192631s)
Info    : 1549 nodes 2882 elements
Info    : Meshing 1D...
Info    : [  0%] Meshing curve 1 (Line)
Info    : [ 20%] Meshing curve 2 (Line)
Info    : [ 30%] Meshing curve 3 (Line)
Info    : [ 50%] Meshing curve 4 (Line)
Info    : [ 60%] Meshing curve 5 (BSpline)
Info    : [ 80%] Meshing curve 6 (BSpline)
Info    : [ 90%] Meshing curve 7 (BSpline)
Info    : Done meshing 1D (Wall 0.140974s, CPU 0.5463s)
Info    : Meshing 2D...
Info    : Meshing surface 1 (Plane, Frontal-Delaunay)
Info    : Done meshing 2D (Wall 0.0364984s, CPU 0.03529s)
Info    : 722 nodes 1238 elements
Info    : Meshing 1D...
Info    : [  0%] Meshing curve 1 (Line)
Info    : [ 20%] Meshing curve 2 (Line)
Info    : [ 30%] Meshing curve 3 (Line)
Info    : [ 50%] Meshing curve 4 (Line)
Info    : [ 60%] Meshing curve 5 (BSpline)
Info    : [ 80%] Meshing curve 6 (BSpline)
Info    : [ 90%] Meshing curve 7 (BSpline)
Info    : Done meshing 1D (Wall 0.0757822s, CPU 0.6006s)
Info    : Meshing 2D...
Info    : Meshing surface 1 (Plane, Frontal-Delaunay)
Info    : Done meshing 2D (Wall 0.0260408s, CPU 0.024699s)
Info    : 470 nodes 739 elements
Info    : Meshing 1D...
Info    : [  0%] Meshing curve 1 (Line)
Info    : [ 20%] Meshing curve 2 (Line)
Info    : [ 30%] Meshing curve 3 (Line)
Info    : [ 50%] Meshing curve 4 (Line)
Info    : [ 60%] Meshing curve 5 (BSpline)
Info    : [ 80%] Meshing curve 6 (BSpline)
Info    : [ 90%] Meshing curve 7 (BSpline)
Info    : Done meshing 1D (Wall 0.0674278s, CPU 0.56994s)
Info    : Meshing 2D...
Info    : Meshing surface 1 (Plane, Frontal-Delaunay)
Info    : Done meshing 2D (Wall 0.0199721s, CPU 0.01502s)
Info    : 380 nodes 562 elements
Info    : Meshing 1D...
Info    : [  0%] Meshing curve 1 (Line)
Info    : [ 20%] Meshing curve 2 (Line)
Info    : [ 30%] Meshing curve 3 (Line)
Info    : [ 50%] Meshing curve 4 (Line)
Info    : [ 60%] Meshing curve 5 (BSpline)
Info    : [ 80%] Meshing curve 6 (BSpline)
Info    : [ 90%] Meshing curve 7 (BSpline)
Info    : Done meshing 1D (Wall 0.0824689s, CPU 0.540734s)
Info    : Meshing 2D...
Info    : Meshing surface 1 (Plane, Frontal-Delaunay)
Info    : Done meshing 2D (Wall 0.0249986s, CPU 0.022902s)
Info    : 443 nodes 685 elements
Info    : Meshing 1D...
Info    : [  0%] Meshing curve 1 (Line)
Info    : [ 20%] Meshing curve 2 (Line)
Info    : [ 30%] Meshing curve 3 (Line)
Info    : [ 50%] Meshing curve 4 (Line)
Info    : [ 60%] Meshing curve 5 (BSpline)
Info    : [ 80%] Meshing curve 6 (BSpline)
Info    : [ 90%] Meshing curve 7 (BSpline)
Info    : Done meshing 1D (Wall 0.0435841s, CPU 0.562534s)
Info    : Meshing 2D...
Info    : Meshing surface 1 (Plane, Frontal-Delaunay)
Info    : Done meshing 2D (Wall 0.0615312s, CPU 0.169495s)
Info    : 445 nodes 689 elements
Info    : Meshing 1D...
Info    : [  0%] Meshing curve 1 (Line)
Info    : [ 20%] Meshing curve 2 (Line)
Info    : [ 30%] Meshing curve 3 (Line)
Info    : [ 50%] Meshing curve 4 (Line)
Info    : [ 60%] Meshing curve 5 (BSpline)
Info    : [ 80%] Meshing curve 6 (BSpline)
Info    : [ 90%] Meshing curve 7 (BSpline)
Info    : Done meshing 1D (Wall 0.0715682s, CPU 0.787878s)
Info    : Meshing 2D...
Info    : Meshing surface 1 (Plane, Frontal-Delaunay)
Info    : Done meshing 2D (Wall 0.0437782s, CPU 0.042088s)
Info    : 881 nodes 1554 elements
Info    : Meshing 1D...
Info    : [  0%] Meshing curve 1 (Line)
Info    : [ 20%] Meshing curve 2 (Line)
Info    : [ 30%] Meshing curve 3 (Line)
Info    : [ 50%] Meshing curve 4 (Line)
Info    : [ 60%] Meshing curve 5 (BSpline)
Info    : [ 80%] Meshing curve 6 (BSpline)
Info    : [ 90%] Meshing curve 7 (BSpline)
Info    : Done meshing 1D (Wall 0.0590059s, CPU 0.592849s)
Info    : Meshing 2D...
Info    : Meshing surface 1 (Plane, Frontal-Delaunay)
Info    : Done meshing 2D (Wall 0.0210482s, CPU 0.019667s)
Info    : 387 nodes 575 elements
Info    : Meshing 1D...
Info    : [  0%] Meshing curve 1 (Line)
Info    : [ 20%] Meshing curve 2 (Line)
Info    : [ 30%] Meshing curve 3 (Line)
Info    : [ 50%] Meshing curve 4 (Line)
Info    : [ 60%] Meshing curve 5 (BSpline)
Info    : [ 80%] Meshing curve 6 (BSpline)
Info    : [ 90%] Meshing curve 7 (BSpline)
Info    : Done meshing 1D (Wall 0.0964112s, CPU 0.715866s)
Info    : Meshing 2D...
Info    : Meshing surface 1 (Plane, Frontal-Delaunay)
Info    : Done meshing 2D (Wall 0.0226224s, CPU 0.021365s)
Info    : 402 nodes 604 elements
Info    : Meshing 1D...
Info    : [  0%] Meshing curve 1 (Line)
Info    : [ 20%] Meshing curve 2 (Line)
Info    : [ 30%] Meshing curve 3 (Line)
Info    : [ 50%] Meshing curve 4 (Line)
Info    : [ 60%] Meshing curve 5 (BSpline)
Info    : [ 80%] Meshing curve 6 (BSpline)
Info    : [ 90%] Meshing curve 7 (BSpline)
Info    : Done meshing 1D (Wall 0.0811458s, CPU 0.876302s)
Info    : Meshing 2D...
Info    : Meshing surface 1 (Plane, Frontal-Delaunay)
Info    : Done meshing 2D (Wall 0.115201s, CPU 0.113338s)
Info    : 2850 nodes 5468 elements
Info    : Meshing 1D...
Info    : [  0%] Meshing curve 1 (Line)
Info    : [ 20%] Meshing curve 2 (Line)
Info    : [ 30%] Meshing curve 3 (Line)
Info    : [ 50%] Meshing curve 4 (Line)
Info    : [ 60%] Meshing curve 5 (BSpline)
Info    : [ 80%] Meshing curve 6 (BSpline)
Info    : [ 90%] Meshing curve 7 (BSpline)
Info    : Done meshing 1D (Wall 0.0811305s, CPU 0.160899s)
Info    : Meshing 2D...
Info    : Meshing surface 1 (Plane, Frontal-Delaunay)
Info    : Done meshing 2D (Wall 0.0838384s, CPU 0.082075s)
Info    : 2170 nodes 4121 elements
Info    : Meshing 1D...
Info    : [  0%] Meshing curve 1 (Line)
Info    : [ 20%] Meshing curve 2 (Line)
Info    : [ 30%] Meshing curve 3 (Line)
Info    : [ 50%] Meshing curve 4 (Line)
Info    : [ 60%] Meshing curve 5 (BSpline)
Info    : [ 80%] Meshing curve 6 (BSpline)
Info    : [ 90%] Meshing curve 7 (BSpline)
Info    : Done meshing 1D (Wall 0.0441726s, CPU 0.472243s)
Info    : Meshing 2D...
Info    : Meshing surface 1 (Plane, Frontal-Delaunay)
Info    : Done meshing 2D (Wall 0.104847s, CPU 0.102694s)
Info    : 2656 nodes 5085 elements
Info    : Meshing 1D...
Info    : [  0%] Meshing curve 1 (Line)
Info    : [ 20%] Meshing curve 2 (Line)
Info    : [ 30%] Meshing curve 3 (Line)
Info    : [ 50%] Meshing curve 4 (Line)
Info    : [ 60%] Meshing curve 5 (BSpline)
Info    : [ 80%] Meshing curve 6 (BSpline)
Info    : [ 90%] Meshing curve 7 (BSpline)
Info    : Done meshing 1D (Wall 0.081653s, CPU 0.366039s)
Info    : Meshing 2D...
Info    : Meshing surface 1 (Plane, Frontal-Delaunay)
Info    : Done meshing 2D (Wall 0.0614984s, CPU 0.060174s)
Info    : 1415 nodes 2617 elements
Info    : Meshing 1D...
Info    : [  0%] Meshing curve 1 (Line)
Info    : [ 20%] Meshing curve 2 (Line)
Info    : [ 30%] Meshing curve 3 (Line)
Info    : [ 50%] Meshing curve 4 (Line)
Info    : [ 60%] Meshing curve 5 (BSpline)
Info    : [ 80%] Meshing curve 6 (BSpline)
Info    : [ 90%] Meshing curve 7 (BSpline)
Info    : Done meshing 1D (Wall 0.0771445s, CPU 0.482028s)
Info    : Meshing 2D...
Info    : Meshing surface 1 (Plane, Frontal-Delaunay)
Info    : Done meshing 2D (Wall 0.0236262s, CPU 0.022417s)
Info    : 407 nodes 613 elements
Info    : Meshing 1D...
Info    : [  0%] Meshing curve 1 (Line)
Info    : [ 20%] Meshing curve 2 (Line)
Info    : [ 30%] Meshing curve 3 (Line)
Info    : [ 50%] Meshing curve 4 (Line)
Info    : [ 60%] Meshing curve 5 (BSpline)
Info    : [ 80%] Meshing curve 6 (BSpline)
Info    : [ 90%] Meshing curve 7 (BSpline)
Info    : Done meshing 1D (Wall 0.0771661s, CPU 0.723395s)
Info    : Meshing 2D...
Info    : Meshing surface 1 (Plane, Frontal-Delaunay)
Info    : Done meshing 2D (Wall 0.0650886s, CPU 0.06335s)
Info    : 1496 nodes 2778 elements
Info    : Meshing 1D...
Info    : [  0%] Meshing curve 1 (Line)
Info    : [ 20%] Meshing curve 2 (Line)
Info    : [ 30%] Meshing curve 3 (Line)
Info    : [ 50%] Meshing curve 4 (Line)
Info    : [ 60%] Meshing curve 5 (BSpline)
Info    : [ 80%] Meshing curve 6 (BSpline)
Info    : [ 90%] Meshing curve 7 (BSpline)
Info    : Done meshing 1D (Wall 0.0851455s, CPU 0.579843s)
Info    : Meshing 2D...
Info    : Meshing surface 1 (Plane, Frontal-Delaunay)
Info    : Done meshing 2D (Wall 0.0316212s, CPU 0.029906s)
Info    : 552 nodes 900 elements
Info    : Meshing 1D...
Info    : [  0%] Meshing curve 1 (Line)
Info    : [ 20%] Meshing curve 2 (Line)
Info    : [ 30%] Meshing curve 3 (Line)
Info    : [ 50%] Meshing curve 4 (Line)
Info    : [ 60%] Meshing curve 5 (BSpline)
Info    : [ 80%] Meshing curve 6 (BSpline)
Info    : [ 90%] Meshing curve 7 (BSpline)
Info    : Done meshing 1D (Wall 0.0732796s, CPU 0.633714s)
Info    : Meshing 2D...
Info    : Meshing surface 1 (Plane, Frontal-Delaunay)
Info    : Done meshing 2D (Wall 0.0310992s, CPU 0.029533s)
Info    : 598 nodes 993 elements
Info    : Meshing 1D...
Info    : [  0%] Meshing curve 1 (Line)
Info    : [ 20%] Meshing curve 2 (Line)
Info    : [ 30%] Meshing curve 3 (Line)
Info    : [ 50%] Meshing curve 4 (Line)
Info    : [ 60%] Meshing curve 5 (BSpline)
Info    : [ 80%] Meshing curve 6 (BSpline)
Info    : [ 90%] Meshing curve 7 (BSpline)
Info    : Done meshing 1D (Wall 0.0436935s, CPU 0.504815s)
Info    : Meshing 2D...
Info    : Meshing surface 1 (Plane, Frontal-Delaunay)
Info    : Done meshing 2D (Wall 0.0452136s, CPU 0.263983s)
Info    : 832 nodes 1457 elements
Info    : Meshing 1D...
Info    : [  0%] Meshing curve 1 (Line)
Info    : [ 20%] Meshing curve 2 (Line)
Info    : [ 30%] Meshing curve 3 (Line)
Info    : [ 50%] Meshing curve 4 (Line)
Info    : [ 60%] Meshing curve 5 (BSpline)
Info    : [ 80%] Meshing curve 6 (BSpline)
Info    : [ 90%] Meshing curve 7 (BSpline)
Info    : Done meshing 1D (Wall 0.0662862s, CPU 0.608449s)
Info    : Meshing 2D...
Info    : Meshing surface 1 (Plane, Frontal-Delaunay)
Info    : Done meshing 2D (Wall 0.0357516s, CPU 0.034512s)
Info    : 634 nodes 1062 elements
Info    : Meshing 1D...
Info    : [  0%] Meshing curve 1 (Line)
Info    : [ 20%] Meshing curve 2 (Line)
Info    : [ 30%] Meshing curve 3 (Line)
Info    : [ 50%] Meshing curve 4 (Line)
Info    : [ 60%] Meshing curve 5 (BSpline)
Info    : [ 80%] Meshing curve 6 (BSpline)
Info    : [ 90%] Meshing curve 7 (BSpline)
Info    : Done meshing 1D (Wall 0.0715186s, CPU 0.817888s)
Info    : Meshing 2D...
Info    : Meshing surface 1 (Plane, Frontal-Delaunay)
Info    : Done meshing 2D (Wall 0.0372673s, CPU 0.035992s)
Info    : 652 nodes 1097 elements
Info    : Meshing 1D...
Info    : [  0%] Meshing curve 1 (Line)
Info    : [ 20%] Meshing curve 2 (Line)
Info    : [ 30%] Meshing curve 3 (Line)
Info    : [ 50%] Meshing curve 4 (Line)
Info    : [ 60%] Meshing curve 5 (BSpline)
Info    : [ 80%] Meshing curve 6 (BSpline)
Info    : [ 90%] Meshing curve 7 (BSpline)
Info    : Done meshing 1D (Wall 0.0744084s, CPU 0.566386s)
Info    : Meshing 2D...
Info    : Meshing surface 1 (Plane, Frontal-Delaunay)
Info    : Done meshing 2D (Wall 0.0239579s, CPU 0.022788s)
Info    : 406 nodes 611 elements
Info    : Meshing 1D...
Info    : [  0%] Meshing curve 1 (Line)
Info    : [ 20%] Meshing curve 2 (Line)
Info    : [ 30%] Meshing curve 3 (Line)
Info    : [ 50%] Meshing curve 4 (Line)
Info    : [ 60%] Meshing curve 5 (BSpline)
Info    : [ 80%] Meshing curve 6 (BSpline)
Info    : [ 90%] Meshing curve 7 (BSpline)
Info    : Done meshing 1D (Wall 0.073496s, CPU 0.613285s)
Info    : Meshing 2D...
Info    : Meshing surface 1 (Plane, Frontal-Delaunay)
Info    : Done meshing 2D (Wall 0.0598873s, CPU 0.058759s)
Info    : 1273 nodes 2332 elements
Info    : Meshing 1D...
Info    : [  0%] Meshing curve 1 (Line)
Info    : [ 20%] Meshing curve 2 (Line)
Info    : [ 30%] Meshing curve 3 (Line)
Info    : [ 50%] Meshing curve 4 (Line)
Info    : [ 60%] Meshing curve 5 (BSpline)
Info    : [ 80%] Meshing curve 6 (BSpline)
Info    : [ 90%] Meshing curve 7 (BSpline)
Info    : Done meshing 1D (Wall 0.0442581s, CPU 0.520168s)
Info    : Meshing 2D...
Info    : Meshing surface 1 (Plane, Frontal-Delaunay)
Info    : Done meshing 2D (Wall 0.0254819s, CPU 0.090113s)
Info    : 405 nodes 609 elements
Info    : Meshing 1D...
Info    : [  0%] Meshing curve 1 (Line)
Info    : [ 20%] Meshing curve 2 (Line)
Info    : [ 30%] Meshing curve 3 (Line)
Info    : [ 50%] Meshing curve 4 (Line)
Info    : [ 60%] Meshing curve 5 (BSpline)
Info    : [ 80%] Meshing curve 6 (BSpline)
Info    : [ 90%] Meshing curve 7 (BSpline)
Info    : Done meshing 1D (Wall 0.076733s, CPU 0.605352s)
Info    : Meshing 2D...
Info    : Meshing surface 1 (Plane, Frontal-Delaunay)
Info    : Done meshing 2D (Wall 0.0233687s, CPU 0.022177s)
Info    : 420 nodes 640 elements
Info    : Meshing 1D...
Info    : [  0%] Meshing curve 1 (Line)
Info    : [ 20%] Meshing curve 2 (Line)
Info    : [ 30%] Meshing curve 3 (Line)
Info    : [ 50%] Meshing curve 4 (Line)
Info    : [ 60%] Meshing curve 5 (BSpline)
Info    : [ 80%] Meshing curve 6 (BSpline)
Info    : [ 90%] Meshing curve 7 (BSpline)
Info    : Done meshing 1D (Wall 0.0751661s, CPU 0.894677s)
Info    : Meshing 2D...
Info    : Meshing surface 1 (Plane, Frontal-Delaunay)
Info    : Done meshing 2D (Wall 0.0337378s, CPU 0.032226s)
Info    : 640 nodes 1076 elements
Info    : Meshing 1D...
Info    : [  0%] Meshing curve 1 (Line)
Info    : [ 20%] Meshing curve 2 (Line)
Info    : [ 30%] Meshing curve 3 (Line)
Info    : [ 50%] Meshing curve 4 (Line)
Info    : [ 60%] Meshing curve 5 (BSpline)
Info    : [ 80%] Meshing curve 6 (BSpline)
Info    : [ 90%] Meshing curve 7 (BSpline)
Info    : Done meshing 1D (Wall 0.0678162s, CPU 0.648443s)
Info    : Meshing 2D...
Info    : Meshing surface 1 (Plane, Frontal-Delaunay)
Info    : Done meshing 2D (Wall 0.0301681s, CPU 0.028765s)
Info    : 514 nodes 825 elements
Info    : Meshing 1D...
Info    : [  0%] Meshing curve 1 (Line)
Info    : [ 20%] Meshing curve 2 (Line)
Info    : [ 30%] Meshing curve 3 (Line)
Info    : [ 50%] Meshing curve 4 (Line)
Info    : [ 60%] Meshing curve 5 (BSpline)
Info    : [ 80%] Meshing curve 6 (BSpline)
Info    : [ 90%] Meshing curve 7 (BSpline)
Info    : Done meshing 1D (Wall 0.0708337s, CPU 0.73599s)
Info    : Meshing 2D...
Info    : Meshing surface 1 (Plane, Frontal-Delaunay)
Info    : Done meshing 2D (Wall 0.023755s, CPU 0.022567s)
Info    : 438 nodes 676 elements
Info    : Meshing 1D...
Info    : [  0%] Meshing curve 1 (Line)
Info    : [ 20%] Meshing curve 2 (Line)
Info    : [ 30%] Meshing curve 3 (Line)
Info    : [ 50%] Meshing curve 4 (Line)
Info    : [ 60%] Meshing curve 5 (BSpline)
Info    : [ 80%] Meshing curve 6 (BSpline)
Info    : [ 90%] Meshing curve 7 (BSpline)
Info    : Done meshing 1D (Wall 0.0467258s, CPU 0.622322s)
Info    : Meshing 2D...
Info    : Meshing surface 1 (Plane, Frontal-Delaunay)
Info    : Done meshing 2D (Wall 0.0507939s, CPU 0.171054s)
Info    : 897 nodes 1583 elements
Info    : Meshing 1D...
Info    : [  0%] Meshing curve 1 (Line)
Info    : [ 20%] Meshing curve 2 (Line)
Info    : [ 30%] Meshing curve 3 (Line)
Info    : [ 50%] Meshing curve 4 (Line)
Info    : [ 60%] Meshing curve 5 (BSpline)
Info    : [ 80%] Meshing curve 6 (BSpline)
Info    : [ 90%] Meshing curve 7 (BSpline)
Info    : Done meshing 1D (Wall 0.0743021s, CPU 0.587955s)
Info    : Meshing 2D...
Info    : Meshing surface 1 (Plane, Frontal-Delaunay)
Info    : Done meshing 2D (Wall 0.0339955s, CPU 0.032546s)
Info    : 591 nodes 976 elements
Info    : Meshing 1D...
Info    : [  0%] Meshing curve 1 (Line)
Info    : [ 20%] Meshing curve 2 (Line)
Info    : [ 30%] Meshing curve 3 (Line)
Info    : [ 50%] Meshing curve 4 (Line)
Info    : [ 60%] Meshing curve 5 (BSpline)
Info    : [ 80%] Meshing curve 6 (BSpline)
Info    : [ 90%] Meshing curve 7 (BSpline)
Info    : Done meshing 1D (Wall 0.0735655s, CPU 0.593595s)
Info    : Meshing 2D...
Info    : Meshing surface 1 (Plane, Frontal-Delaunay)
Info    : Done meshing 2D (Wall 0.0304298s, CPU 0.028875s)
Info    : 552 nodes 901 elements
Info    : Meshing 1D...
Info    : [  0%] Meshing curve 1 (Line)
Info    : [ 20%] Meshing curve 2 (Line)
Info    : [ 30%] Meshing curve 3 (Line)
Info    : [ 50%] Meshing curve 4 (Line)
Info    : [ 60%] Meshing curve 5 (BSpline)
Info    : [ 80%] Meshing curve 6 (BSpline)
Info    : [ 90%] Meshing curve 7 (BSpline)
Info    : Done meshing 1D (Wall 0.0863989s, CPU 0.577495s)
Info    : Meshing 2D...
Info    : Meshing surface 1 (Plane, Frontal-Delaunay)
Info    : Done meshing 2D (Wall 0.0367698s, CPU 0.034765s)
Info    : 632 nodes 1058 elements
Info    : Meshing 1D...
Info    : [  0%] Meshing curve 1 (Line)
Info    : [ 20%] Meshing curve 2 (Line)
Info    : [ 30%] Meshing curve 3 (Line)
Info    : [ 50%] Meshing curve 4 (Line)
Info    : [ 60%] Meshing curve 5 (BSpline)
Info    : [ 80%] Meshing curve 6 (BSpline)
Info    : [ 90%] Meshing curve 7 (BSpline)
Info    : Done meshing 1D (Wall 0.0853188s, CPU 0.742198s)
Info    : Meshing 2D...
Info    : Meshing surface 1 (Plane, Frontal-Delaunay)
Info    : Done meshing 2D (Wall 0.0425185s, CPU 0.040913s)
Info    : 887 nodes 1567 elements
Info    : Meshing 1D...
Info    : [  0%] Meshing curve 1 (Line)
Info    : [ 20%] Meshing curve 2 (Line)
Info    : [ 30%] Meshing curve 3 (Line)
Info    : [ 50%] Meshing curve 4 (Line)
Info    : [ 60%] Meshing curve 5 (BSpline)
Info    : [ 80%] Meshing curve 6 (BSpline)
Info    : [ 90%] Meshing curve 7 (BSpline)
Info    : Done meshing 1D (Wall 0.0740325s, CPU 0.707215s)
Info    : Meshing 2D...
Info    : Meshing surface 1 (Plane, Frontal-Delaunay)
Info    : Done meshing 2D (Wall 0.0584193s, CPU 0.057056s)
Info    : 1114 nodes 2012 elements
Info    : Meshing 1D...
Info    : [  0%] Meshing curve 1 (Line)
Info    : [ 20%] Meshing curve 2 (Line)
Info    : [ 30%] Meshing curve 3 (Line)
Info    : [ 50%] Meshing curve 4 (Line)
Info    : [ 60%] Meshing curve 5 (BSpline)
Info    : [ 80%] Meshing curve 6 (BSpline)
Info    : [ 90%] Meshing curve 7 (BSpline)
Info    : Done meshing 1D (Wall 0.073372s, CPU 0.760759s)
Info    : Meshing 2D...
Info    : Meshing surface 1 (Plane, Frontal-Delaunay)
Info    : Done meshing 2D (Wall 0.0237874s, CPU 0.022547s)
Info    : 408 nodes 615 elements
Info    : Meshing 1D...
Info    : [  0%] Meshing curve 1 (Line)
Info    : [ 20%] Meshing curve 2 (Line)
Info    : [ 30%] Meshing curve 3 (Line)
Info    : [ 50%] Meshing curve 4 (Line)
Info    : [ 60%] Meshing curve 5 (BSpline)
Info    : [ 80%] Meshing curve 6 (BSpline)
Info    : [ 90%] Meshing curve 7 (BSpline)
Info    : Done meshing 1D (Wall 0.0143856s, CPU 0.006838s)
Info    : Meshing 2D...
Info    : Meshing surface 1 (Plane, Frontal-Delaunay)
Info    : Done meshing 2D (Wall 0.0907052s, CPU 0.089635s)
Info    : 2451 nodes 4680 elements
Info    : Meshing 1D...
Info    : [  0%] Meshing curve 1 (Line)
Info    : [ 20%] Meshing curve 2 (Line)
Info    : [ 30%] Meshing curve 3 (Line)
Info    : [ 50%] Meshing curve 4 (Line)
Info    : [ 60%] Meshing curve 5 (BSpline)
Info    : [ 80%] Meshing curve 6 (BSpline)
Info    : [ 90%] Meshing curve 7 (BSpline)
Info    : Done meshing 1D (Wall 0.07329s, CPU 0.364516s)
Info    : Meshing 2D...
Info    : Meshing surface 1 (Plane, Frontal-Delaunay)
Info    : Done meshing 2D (Wall 0.0507644s, CPU 0.049564s)
Info    : 990 nodes 1768 elements
Info    : Meshing 1D...
Info    : [  0%] Meshing curve 1 (Line)
Info    : [ 20%] Meshing curve 2 (Line)
Info    : [ 30%] Meshing curve 3 (Line)
Info    : [ 50%] Meshing curve 4 (Line)
Info    : [ 60%] Meshing curve 5 (BSpline)
Info    : [ 80%] Meshing curve 6 (BSpline)
Info    : [ 90%] Meshing curve 7 (BSpline)
Info    : Done meshing 1D (Wall 0.0696032s, CPU 0.791647s)
Info    : Meshing 2D...
Info    : Meshing surface 1 (Plane, Frontal-Delaunay)
Info    : Done meshing 2D (Wall 0.061502s, CPU 0.060209s)
Info    : 1324 nodes 2433 elements
Info    : Meshing 1D...
Info    : [  0%] Meshing curve 1 (Line)
Info    : [ 20%] Meshing curve 2 (Line)
Info    : [ 30%] Meshing curve 3 (Line)
Info    : [ 50%] Meshing curve 4 (Line)
Info    : [ 60%] Meshing curve 5 (BSpline)
Info    : [ 80%] Meshing curve 6 (BSpline)
Info    : [ 90%] Meshing curve 7 (BSpline)
Info    : Done meshing 1D (Wall 0.0443022s, CPU 0.591522s)
Info    : Meshing 2D...
Info    : Meshing surface 1 (Plane, Frontal-Delaunay)
Info    : Done meshing 2D (Wall 0.0484029s, CPU 0s)
Info    : 1012 nodes 1816 elements
Info    : Meshing 1D...
Info    : [  0%] Meshing curve 1 (Line)
Info    : [ 20%] Meshing curve 2 (Line)
Info    : [ 30%] Meshing curve 3 (Line)
Info    : [ 50%] Meshing curve 4 (Line)
Info    : [ 60%] Meshing curve 5 (BSpline)
Info    : [ 80%] Meshing curve 6 (BSpline)
Info    : [ 90%] Meshing curve 7 (BSpline)
Info    : Done meshing 1D (Wall 0.0694346s, CPU 0.699484s)
Info    : Meshing 2D...
Info    : Meshing surface 1 (Plane, Frontal-Delaunay)
Info    : Done meshing 2D (Wall 0.0265026s, CPU 0.025267s)
Info    : 437 nodes 672 elements
Info    : Meshing 1D...
Info    : [  0%] Meshing curve 1 (Line)
Info    : [ 20%] Meshing curve 2 (Line)
Info    : [ 30%] Meshing curve 3 (Line)
Info    : [ 50%] Meshing curve 4 (Line)
Info    : [ 60%] Meshing curve 5 (BSpline)
Info    : [ 80%] Meshing curve 6 (BSpline)
Info    : [ 90%] Meshing curve 7 (BSpline)
Info    : Done meshing 1D (Wall 0.0174501s, CPU 0.28026s)
Info    : Meshing 2D...
Info    : Meshing surface 1 (Plane, Frontal-Delaunay)
Info    : Done meshing 2D (Wall 0.0360104s, CPU 0.152114s)
Info    : 602 nodes 1001 elements
Info    : Meshing 1D...
Info    : [  0%] Meshing curve 1 (Line)
Info    : [ 20%] Meshing curve 2 (Line)
Info    : [ 30%] Meshing curve 3 (Line)
Info    : [ 50%] Meshing curve 4 (Line)
Info    : [ 60%] Meshing curve 5 (BSpline)
Info    : [ 80%] Meshing curve 6 (BSpline)
Info    : [ 90%] Meshing curve 7 (BSpline)
Info    : Done meshing 1D (Wall 0.0159579s, CPU 0.242405s)
Info    : Meshing 2D...
Info    : Meshing surface 1 (Plane, Frontal-Delaunay)
Info    : Done meshing 2D (Wall 0.0383393s, CPU 0.422723s)
Info    : 550 nodes 898 elements
Info    : Meshing 1D...
Info    : [  0%] Meshing curve 1 (Line)
Info    : [ 20%] Meshing curve 2 (Line)
Info    : [ 30%] Meshing curve 3 (Line)
Info    : [ 50%] Meshing curve 4 (Line)
Info    : [ 60%] Meshing curve 5 (BSpline)
Info    : [ 80%] Meshing curve 6 (BSpline)
Info    : [ 90%] Meshing curve 7 (BSpline)
Info    : Done meshing 1D (Wall 0.0832026s, CPU 0.715469s)
Info    : Meshing 2D...
Info    : Meshing surface 1 (Plane, Frontal-Delaunay)
Info    : Done meshing 2D (Wall 0.0217958s, CPU 0.020458s)
Info    : 402 nodes 605 elements
Info    : Meshing 1D...
Info    : [  0%] Meshing curve 1 (Line)
Info    : [ 20%] Meshing curve 2 (Line)
Info    : [ 30%] Meshing curve 3 (Line)
Info    : [ 50%] Meshing curve 4 (Line)
Info    : [ 60%] Meshing curve 5 (BSpline)
Info    : [ 80%] Meshing curve 6 (BSpline)
Info    : [ 90%] Meshing curve 7 (BSpline)
Info    : Done meshing 1D (Wall 0.0768486s, CPU 0.848477s)
Info    : Meshing 2D...
Info    : Meshing surface 1 (Plane, Frontal-Delaunay)
Info    : Done meshing 2D (Wall 0.113386s, CPU 0.111191s)
Info    : 3070 nodes 5915 elements
Info    : Meshing 1D...
Info    : [  0%] Meshing curve 1 (Line)
Info    : [ 20%] Meshing curve 2 (Line)
Info    : [ 30%] Meshing curve 3 (Line)
Info    : [ 50%] Meshing curve 4 (Line)
Info    : [ 60%] Meshing curve 5 (BSpline)
Info    : [ 80%] Meshing curve 6 (BSpline)
Info    : [ 90%] Meshing curve 7 (BSpline)
Info    : Done meshing 1D (Wall 0.0837582s, CPU 0.094821s)
Info    : Meshing 2D...
Info    : Meshing surface 1 (Plane, Frontal-Delaunay)
Info    : Done meshing 2D (Wall 0.0844262s, CPU 0.083232s)
Info    : 2085 nodes 3949 elements
Info    : Meshing 1D...
Info    : [  0%] Meshing curve 1 (Line)
Info    : [ 20%] Meshing curve 2 (Line)
Info    : [ 30%] Meshing curve 3 (Line)
Info    : [ 50%] Meshing curve 4 (Line)
Info    : [ 60%] Meshing curve 5 (BSpline)
Info    : [ 80%] Meshing curve 6 (BSpline)
Info    : [ 90%] Meshing curve 7 (BSpline)
Info    : Done meshing 1D (Wall 0.0680573s, CPU 0.516217s)
Info    : Meshing 2D...
Info    : Meshing surface 1 (Plane, Frontal-Delaunay)
Info    : Done meshing 2D (Wall 0.0317006s, CPU 0.029858s)
Info    : 545 nodes 886 elements
Info    : Meshing 1D...
Info    : [  0%] Meshing curve 1 (Line)
Info    : [ 20%] Meshing curve 2 (Line)
Info    : [ 30%] Meshing curve 3 (Line)
Info    : [ 50%] Meshing curve 4 (Line)
Info    : [ 60%] Meshing curve 5 (BSpline)
Info    : [ 80%] Meshing curve 6 (BSpline)
Info    : [ 90%] Meshing curve 7 (BSpline)
Info    : Done meshing 1D (Wall 0.0757637s, CPU 0.568568s)
Info    : Meshing 2D...
Info    : Meshing surface 1 (Plane, Frontal-Delaunay)
Info    : Done meshing 2D (Wall 0.0358605s, CPU 0.034728s)
Info    : 637 nodes 1068 elements
Info    : Meshing 1D...
Info    : [  0%] Meshing curve 1 (Line)
Info    : [ 20%] Meshing curve 2 (Line)
Info    : [ 30%] Meshing curve 3 (Line)
Info    : [ 50%] Meshing curve 4 (Line)
Info    : [ 60%] Meshing curve 5 (BSpline)
Info    : [ 80%] Meshing curve 6 (BSpline)
Info    : [ 90%] Meshing curve 7 (BSpline)
Info    : Done meshing 1D (Wall 0.0469121s, CPU 0.712948s)
Info    : Meshing 2D...
Info    : Meshing surface 1 (Plane, Frontal-Delaunay)
Info    : Done meshing 2D (Wall 0.104286s, CPU 0.164808s)
Info    : 2369 nodes 4508 elements
Info    : Meshing 1D...
Info    : [  0%] Meshing curve 1 (Line)
Info    : [ 20%] Meshing curve 2 (Line)
Info    : [ 30%] Meshing curve 3 (Line)
Info    : [ 50%] Meshing curve 4 (Line)
Info    : [ 60%] Meshing curve 5 (BSpline)
Info    : [ 80%] Meshing curve 6 (BSpline)
Info    : [ 90%] Meshing curve 7 (BSpline)
Info    : Done meshing 1D (Wall 0.0701417s, CPU 0.287896s)
Info    : Meshing 2D...
Info    : Meshing surface 1 (Plane, Frontal-Delaunay)
Info    : Done meshing 2D (Wall 0.0324915s, CPU 0.031128s)
Info    : 593 nodes 982 elements
Info    : Meshing 1D...
Info    : [  0%] Meshing curve 1 (Line)
Info    : [ 20%] Meshing curve 2 (Line)
Info    : [ 30%] Meshing curve 3 (Line)
Info    : [ 50%] Meshing curve 4 (Line)
Info    : [ 60%] Meshing curve 5 (BSpline)
Info    : [ 80%] Meshing curve 6 (BSpline)
Info    : [ 90%] Meshing curve 7 (BSpline)
Info    : Done meshing 1D (Wall 0.0738605s, CPU 0.652898s)
Info    : Meshing 2D...
Info    : Meshing surface 1 (Plane, Frontal-Delaunay)
Info    : Done meshing 2D (Wall 0.0666795s, CPU 0.065155s)
Info    : 1499 nodes 2782 elements
Info    : Meshing 1D...
Info    : [  0%] Meshing curve 1 (Line)
Info    : [ 20%] Meshing curve 2 (Line)
Info    : [ 30%] Meshing curve 3 (Line)
Info    : [ 50%] Meshing curve 4 (Line)
Info    : [ 60%] Meshing curve 5 (BSpline)
Info    : [ 80%] Meshing curve 6 (BSpline)
Info    : [ 90%] Meshing curve 7 (BSpline)
Info    : Done meshing 1D (Wall 0.0454558s, CPU 0.639946s)
Info    : Meshing 2D...
Info    : Meshing surface 1 (Plane, Frontal-Delaunay)
Info    : Done meshing 2D (Wall 0.0498039s, CPU 0.046065s)
Info    : 375 nodes 550 elements
Info    : Meshing 1D...
Info    : [  0%] Meshing curve 1 (Line)
Info    : [ 20%] Meshing curve 2 (Line)
Info    : [ 30%] Meshing curve 3 (Line)
Info    : [ 50%] Meshing curve 4 (Line)
Info    : [ 60%] Meshing curve 5 (BSpline)
Info    : [ 80%] Meshing curve 6 (BSpline)
Info    : [ 90%] Meshing curve 7 (BSpline)
Info    : Done meshing 1D (Wall 0.0722474s, CPU 0.660283s)
Info    : Meshing 2D...
Info    : Meshing surface 1 (Plane, Frontal-Delaunay)
Info    : Done meshing 2D (Wall 0.0779362s, CPU 0.076412s)
Info    : 1821 nodes 3423 elements
Info    : Meshing 1D...
Info    : [  0%] Meshing curve 1 (Line)
Info    : [ 20%] Meshing curve 2 (Line)
Info    : [ 30%] Meshing curve 3 (Line)
Info    : [ 50%] Meshing curve 4 (Line)
Info    : [ 60%] Meshing curve 5 (BSpline)
Info    : [ 80%] Meshing curve 6 (BSpline)
Info    : [ 90%] Meshing curve 7 (BSpline)
Info    : Done meshing 1D (Wall 0.136301s, CPU 0.478618s)
Info    : Meshing 2D...
Info    : Meshing surface 1 (Plane, Frontal-Delaunay)
Info    : Done meshing 2D (Wall 0.0280597s, CPU 0.026667s)
Info    : 476 nodes 749 elements
Info    : Meshing 1D...
Info    : [  0%] Meshing curve 1 (Line)
Info    : [ 20%] Meshing curve 2 (Line)
Info    : [ 30%] Meshing curve 3 (Line)
Info    : [ 50%] Meshing curve 4 (Line)
Info    : [ 60%] Meshing curve 5 (BSpline)
Info    : [ 80%] Meshing curve 6 (BSpline)
Info    : [ 90%] Meshing curve 7 (BSpline)
Info    : Done meshing 1D (Wall 0.0500768s, CPU 0.574638s)
Info    : Meshing 2D...
Info    : Meshing surface 1 (Plane, Frontal-Delaunay)
Info    : Done meshing 2D (Wall 0.110517s, CPU 0.245398s)
Info    : 2594 nodes 4956 elements
Info    : Meshing 1D...
Info    : [  0%] Meshing curve 1 (Line)
Info    : [ 20%] Meshing curve 2 (Line)
Info    : [ 30%] Meshing curve 3 (Line)
Info    : [ 50%] Meshing curve 4 (Line)
Info    : [ 60%] Meshing curve 5 (BSpline)
Info    : [ 80%] Meshing curve 6 (BSpline)
Info    : [ 90%] Meshing curve 7 (BSpline)
Info    : Done meshing 1D (Wall 0.0778555s, CPU 0.310953s)
Info    : Meshing 2D...
Info    : Meshing surface 1 (Plane, Frontal-Delaunay)
Info    : Done meshing 2D (Wall 0.0222861s, CPU 0.020825s)
Info    : 382 nodes 564 elements
Info    : Meshing 1D...
Info    : [  0%] Meshing curve 1 (Line)
Info    : [ 20%] Meshing curve 2 (Line)
Info    : [ 30%] Meshing curve 3 (Line)
Info    : [ 50%] Meshing curve 4 (Line)
Info    : [ 60%] Meshing curve 5 (BSpline)
Info    : [ 80%] Meshing curve 6 (BSpline)
Info    : [ 90%] Meshing curve 7 (BSpline)
Info    : Done meshing 1D (Wall 0.0674177s, CPU 0.736372s)
Info    : Meshing 2D...
Info    : Meshing surface 1 (Plane, Frontal-Delaunay)
Info    : Done meshing 2D (Wall 0.0459372s, CPU 0.044527s)
Info    : 837 nodes 1463 elements
Info    : Meshing 1D...
Info    : [  0%] Meshing curve 1 (Line)
Info    : [ 20%] Meshing curve 2 (Line)
Info    : [ 30%] Meshing curve 3 (Line)
Info    : [ 50%] Meshing curve 4 (Line)
Info    : [ 60%] Meshing curve 5 (BSpline)
Info    : [ 80%] Meshing curve 6 (BSpline)
Info    : [ 90%] Meshing curve 7 (BSpline)
Info    : Done meshing 1D (Wall 0.0818652s, CPU 0.565742s)
Info    : Meshing 2D...
Info    : Meshing surface 1 (Plane, Frontal-Delaunay)
Info    : Done meshing 2D (Wall 0.0212358s, CPU 0.019974s)
Info    : 383 nodes 567 elements
Info    : Meshing 1D...
Info    : [  0%] Meshing curve 1 (Line)
Info    : [ 20%] Meshing curve 2 (Line)
Info    : [ 30%] Meshing curve 3 (Line)
Info    : [ 50%] Meshing curve 4 (Line)
Info    : [ 60%] Meshing curve 5 (BSpline)
Info    : [ 80%] Meshing curve 6 (BSpline)
Info    : [ 90%] Meshing curve 7 (BSpline)
Info    : Done meshing 1D (Wall 0.089979s, CPU 0.655771s)
Info    : Meshing 2D...
Info    : Meshing surface 1 (Plane, Frontal-Delaunay)
Info    : Done meshing 2D (Wall 0.0501664s, CPU 0.048817s)
Info    : 961 nodes 1710 elements
Info    : Meshing 1D...
Info    : [  0%] Meshing curve 1 (Line)
Info    : [ 20%] Meshing curve 2 (Line)
Info    : [ 30%] Meshing curve 3 (Line)
Info    : [ 50%] Meshing curve 4 (Line)
Info    : [ 60%] Meshing curve 5 (BSpline)
Info    : [ 80%] Meshing curve 6 (BSpline)
Info    : [ 90%] Meshing curve 7 (BSpline)
Info    : Done meshing 1D (Wall 0.0432153s, CPU 0.462338s)
Info    : Meshing 2D...
Info    : Meshing surface 1 (Plane, Frontal-Delaunay)
Info    : Done meshing 2D (Wall 0.0257264s, CPU 0.170433s)
Info    : 382 nodes 564 elements
Info    : Meshing 1D...
Info    : [  0%] Meshing curve 1 (Line)
Info    : [ 20%] Meshing curve 2 (Line)
Info    : [ 30%] Meshing curve 3 (Line)
Info    : [ 50%] Meshing curve 4 (Line)
Info    : [ 60%] Meshing curve 5 (BSpline)
Info    : [ 80%] Meshing curve 6 (BSpline)
Info    : [ 90%] Meshing curve 7 (BSpline)
Info    : Done meshing 1D (Wall 0.0806688s, CPU 0.838053s)
Info    : Meshing 2D...
Info    : Meshing surface 1 (Plane, Frontal-Delaunay)
Info    : Done meshing 2D (Wall 0.0479888s, CPU 0.046119s)
Info    : 872 nodes 1533 elements
Info    : Meshing 1D...
Info    : [  0%] Meshing curve 1 (Line)
Info    : [ 20%] Meshing curve 2 (Line)
Info    : [ 30%] Meshing curve 3 (Line)
Info    : [ 50%] Meshing curve 4 (Line)
Info    : [ 60%] Meshing curve 5 (BSpline)
Info    : [ 80%] Meshing curve 6 (BSpline)
Info    : [ 90%] Meshing curve 7 (BSpline)
Info    : Done meshing 1D (Wall 0.0767421s, CPU 0.550387s)
Info    : Meshing 2D...
Info    : Meshing surface 1 (Plane, Frontal-Delaunay)
Info    : Done meshing 2D (Wall 0.0216926s, CPU 0.020244s)
Info    : 412 nodes 625 elements
Info    : Meshing 1D...
Info    : [  0%] Meshing curve 1 (Line)
Info    : [ 20%] Meshing curve 2 (Line)
Info    : [ 30%] Meshing curve 3 (Line)
Info    : [ 50%] Meshing curve 4 (Line)
Info    : [ 60%] Meshing curve 5 (BSpline)
Info    : [ 80%] Meshing curve 6 (BSpline)
Info    : [ 90%] Meshing curve 7 (BSpline)
Info    : Done meshing 1D (Wall 0.0570886s, CPU 0.580222s)
Info    : Meshing 2D...
Info    : Meshing surface 1 (Plane, Frontal-Delaunay)
Info    : Done meshing 2D (Wall 0.0282287s, CPU 0.112885s)
Info    : 470 nodes 737 elements
Info    : Meshing 1D...
Info    : [  0%] Meshing curve 1 (Line)
Info    : [ 20%] Meshing curve 2 (Line)
Info    : [ 30%] Meshing curve 3 (Line)
Info    : [ 50%] Meshing curve 4 (Line)
Info    : [ 60%] Meshing curve 5 (BSpline)
Info    : [ 80%] Meshing curve 6 (BSpline)
Info    : [ 90%] Meshing curve 7 (BSpline)
Info    : Done meshing 1D (Wall 0.0589332s, CPU 0.797779s)
Info    : Meshing 2D...
Info    : Meshing surface 1 (Plane, Frontal-Delaunay)
Info    : Done meshing 2D (Wall 0.0263393s, CPU 0.025055s)
Info    : 432 nodes 662 elements
Info    : Meshing 1D...
Info    : [  0%] Meshing curve 1 (Line)
Info    : [ 20%] Meshing curve 2 (Line)
Info    : [ 30%] Meshing curve 3 (Line)
Info    : [ 50%] Meshing curve 4 (Line)
Info    : [ 60%] Meshing curve 5 (BSpline)
Info    : [ 80%] Meshing curve 6 (BSpline)
Info    : [ 90%] Meshing curve 7 (BSpline)
Info    : Done meshing 1D (Wall 0.0767069s, CPU 0.642464s)
Info    : Meshing 2D...
Info    : Meshing surface 1 (Plane, Frontal-Delaunay)
Info    : Done meshing 2D (Wall 0.038885s, CPU 0.037643s)
Info    : 735 nodes 1264 elements
Info    : Meshing 1D...
Info    : [  0%] Meshing curve 1 (Line)
Info    : [ 20%] Meshing curve 2 (Line)
Info    : [ 30%] Meshing curve 3 (Line)
Info    : [ 50%] Meshing curve 4 (Line)
Info    : [ 60%] Meshing curve 5 (BSpline)
Info    : [ 80%] Meshing curve 6 (BSpline)
Info    : [ 90%] Meshing curve 7 (BSpline)
Info    : Done meshing 1D (Wall 0.0722719s, CPU 0.625338s)
Info    : Meshing 2D...
Info    : Meshing surface 1 (Plane, Frontal-Delaunay)
Info    : Done meshing 2D (Wall 0.0498052s, CPU 0.048588s)
Info    : 1003 nodes 1795 elements
Info    : Meshing 1D...
Info    : [  0%] Meshing curve 1 (Line)
Info    : [ 20%] Meshing curve 2 (Line)
Info    : [ 30%] Meshing curve 3 (Line)
Info    : [ 50%] Meshing curve 4 (Line)
Info    : [ 60%] Meshing curve 5 (BSpline)
Info    : [ 80%] Meshing curve 6 (BSpline)
Info    : [ 90%] Meshing curve 7 (BSpline)
Info    : Done meshing 1D (Wall 0.0726407s, CPU 0.805712s)
Info    : Meshing 2D...
Info    : Meshing surface 1 (Plane, Frontal-Delaunay)
Info    : Done meshing 2D (Wall 0.0302246s, CPU 0.028856s)
Info    : 516 nodes 828 elements
Info    : Meshing 1D...
Info    : [  0%] Meshing curve 1 (Line)
Info    : [ 20%] Meshing curve 2 (Line)
Info    : [ 30%] Meshing curve 3 (Line)
Info    : [ 50%] Meshing curve 4 (Line)
Info    : [ 60%] Meshing curve 5 (BSpline)
Info    : [ 80%] Meshing curve 6 (BSpline)
Info    : [ 90%] Meshing curve 7 (BSpline)
Info    : Done meshing 1D (Wall 0.0792007s, CPU 0.716654s)
Info    : Meshing 2D...
Info    : Meshing surface 1 (Plane, Frontal-Delaunay)
Info    : Done meshing 2D (Wall 0.0360368s, CPU 0.034225s)
Info    : 726 nodes 1248 elements
Info    : Meshing 1D...
Info    : [  0%] Meshing curve 1 (Line)
Info    : [ 20%] Meshing curve 2 (Line)
Info    : [ 30%] Meshing curve 3 (Line)
Info    : [ 50%] Meshing curve 4 (Line)
Info    : [ 60%] Meshing curve 5 (BSpline)
Info    : [ 80%] Meshing curve 6 (BSpline)
Info    : [ 90%] Meshing curve 7 (BSpline)
Info    : Done meshing 1D (Wall 0.049454s, CPU 0.5316s)
Info    : Meshing 2D...
Info    : Meshing surface 1 (Plane, Frontal-Delaunay)
Info    : Done meshing 2D (Wall 0.0624014s, CPU 0.1901s)
Info    : 1406 nodes 2600 elements
Info    : Meshing 1D...
Info    : [  0%] Meshing curve 1 (Line)
Info    : [ 20%] Meshing curve 2 (Line)
Info    : [ 30%] Meshing curve 3 (Line)
Info    : [ 50%] Meshing curve 4 (Line)
Info    : [ 60%] Meshing curve 5 (BSpline)
Info    : [ 80%] Meshing curve 6 (BSpline)
Info    : [ 90%] Meshing curve 7 (BSpline)
Info    : Done meshing 1D (Wall 0.0802526s, CPU 0.610636s)
Info    : Meshing 2D...
Info    : Meshing surface 1 (Plane, Frontal-Delaunay)
Info    : Done meshing 2D (Wall 0.0257358s, CPU 0.024385s)
Info    : 451 nodes 701 elements
Info    : Meshing 1D...
Info    : [  0%] Meshing curve 1 (Line)
Info    : [ 20%] Meshing curve 2 (Line)
Info    : [ 30%] Meshing curve 3 (Line)
Info    : [ 50%] Meshing curve 4 (Line)
Info    : [ 60%] Meshing curve 5 (BSpline)
Info    : [ 80%] Meshing curve 6 (BSpline)
Info    : [ 90%] Meshing curve 7 (BSpline)
Info    : Done meshing 1D (Wall 0.0667968s, CPU 0.69821s)
Info    : Meshing 2D...
Info    : Meshing surface 1 (Plane, Frontal-Delaunay)
Info    : Done meshing 2D (Wall 0.0221481s, CPU 0.020724s)
Info    : 407 nodes 615 elements
Info    : Meshing 1D...
Info    : [  0%] Meshing curve 1 (Line)
Info    : [ 20%] Meshing curve 2 (Line)
Info    : [ 30%] Meshing curve 3 (Line)
Info    : [ 50%] Meshing curve 4 (Line)
Info    : [ 60%] Meshing curve 5 (BSpline)
Info    : [ 80%] Meshing curve 6 (BSpline)
Info    : [ 90%] Meshing curve 7 (BSpline)
Info    : Done meshing 1D (Wall 0.0692744s, CPU 0.825335s)
Info    : Meshing 2D...
Info    : Meshing surface 1 (Plane, Frontal-Delaunay)
Info    : Done meshing 2D (Wall 0.0312479s, CPU 0.029586s)
Info    : 517 nodes 831 elements
Info    : Meshing 1D...
Info    : [  0%] Meshing curve 1 (Line)
Info    : [ 20%] Meshing curve 2 (Line)
Info    : [ 30%] Meshing curve 3 (Line)
Info    : [ 50%] Meshing curve 4 (Line)
Info    : [ 60%] Meshing curve 5 (BSpline)
Info    : [ 80%] Meshing curve 6 (BSpline)
Info    : [ 90%] Meshing curve 7 (BSpline)
Info    : Done meshing 1D (Wall 0.0783371s, CPU 0.741269s)
Info    : Meshing 2D...
Info    : Meshing surface 1 (Plane, Frontal-Delaunay)
Info    : Done meshing 2D (Wall 0.0260374s, CPU 0.024568s)
Info    : 442 nodes 682 elements
Info    : Meshing 1D...
Info    : [  0%] Meshing curve 1 (Line)
Info    : [ 20%] Meshing curve 2 (Line)
Info    : [ 30%] Meshing curve 3 (Line)
Info    : [ 50%] Meshing curve 4 (Line)
Info    : [ 60%] Meshing curve 5 (BSpline)
Info    : [ 80%] Meshing curve 6 (BSpline)
Info    : [ 90%] Meshing curve 7 (BSpline)
Info    : Done meshing 1D (Wall 0.0427828s, CPU 0.486331s)
Info    : Meshing 2D...
Info    : Meshing surface 1 (Plane, Frontal-Delaunay)
Info    : Done meshing 2D (Wall 0.0297571s, CPU 0.233555s)
Info    : 438 nodes 674 elements
Info    : Meshing 1D...
Info    : [  0%] Meshing curve 1 (Line)
Info    : [ 20%] Meshing curve 2 (Line)
Info    : [ 30%] Meshing curve 3 (Line)
Info    : [ 50%] Meshing curve 4 (Line)
Info    : [ 60%] Meshing curve 5 (BSpline)
Info    : [ 80%] Meshing curve 6 (BSpline)
Info    : [ 90%] Meshing curve 7 (BSpline)
Info    : Done meshing 1D (Wall 0.0165916s, CPU 0.231812s)
Info    : Meshing 2D...
Info    : Meshing surface 1 (Plane, Frontal-Delaunay)
Info    : Done meshing 2D (Wall 0.0317429s, CPU 0.353738s)
Info    : 438 nodes 676 elements
Info    : Meshing 1D...
Info    : [  0%] Meshing curve 1 (Line)
Info    : [ 20%] Meshing curve 2 (Line)
Info    : [ 30%] Meshing curve 3 (Line)
Info    : [ 50%] Meshing curve 4 (Line)
Info    : [ 60%] Meshing curve 5 (BSpline)
Info    : [ 80%] Meshing curve 6 (BSpline)
Info    : [ 90%] Meshing curve 7 (BSpline)
Info    : Done meshing 1D (Wall 0.0810637s, CPU 0.646096s)
Info    : Meshing 2D...
Info    : Meshing surface 1 (Plane, Frontal-Delaunay)
Info    : Done meshing 2D (Wall 0.0300828s, CPU 0.028505s)
Info    : 555 nodes 907 elements
Info    : Meshing 1D...
Info    : [  0%] Meshing curve 1 (Line)
Info    : [ 20%] Meshing curve 2 (Line)
Info    : [ 30%] Meshing curve 3 (Line)
Info    : [ 50%] Meshing curve 4 (Line)
Info    : [ 60%] Meshing curve 5 (BSpline)
Info    : [ 80%] Meshing curve 6 (BSpline)
Info    : [ 90%] Meshing curve 7 (BSpline)
Info    : Done meshing 1D (Wall 0.0820713s, CPU 0.686737s)
Info    : Meshing 2D...
Info    : Meshing surface 1 (Plane, Frontal-Delaunay)
Info    : Done meshing 2D (Wall 0.0304385s, CPU 0.028975s)
Info    : 512 nodes 820 elements
Info    : Meshing 1D...
Info    : [  0%] Meshing curve 1 (Line)
Info    : [ 20%] Meshing curve 2 (Line)
Info    : [ 30%] Meshing curve 3 (Line)
Info    : [ 50%] Meshing curve 4 (Line)
Info    : [ 60%] Meshing curve 5 (BSpline)
Info    : [ 80%] Meshing curve 6 (BSpline)
Info    : [ 90%] Meshing curve 7 (BSpline)
Info    : Done meshing 1D (Wall 0.0795164s, CPU 0.53532s)
Info    : Meshing 2D...
Info    : Meshing surface 1 (Plane, Frontal-Delaunay)
Info    : Done meshing 2D (Wall 0.0811513s, CPU 0.079886s)
Info    : 1974 nodes 3728 elements
Info    : Meshing 1D...
Info    : [  0%] Meshing curve 1 (Line)
Info    : [ 20%] Meshing curve 2 (Line)
Info    : [ 30%] Meshing curve 3 (Line)
Info    : [ 50%] Meshing curve 4 (Line)
Info    : [ 60%] Meshing curve 5 (BSpline)
Info    : [ 80%] Meshing curve 6 (BSpline)
Info    : [ 90%] Meshing curve 7 (BSpline)
Info    : Done meshing 1D (Wall 0.0687354s, CPU 0.52991s)
Info    : Meshing 2D...
Info    : Meshing surface 1 (Plane, Frontal-Delaunay)
Info    : Done meshing 2D (Wall 0.0382323s, CPU 0.036694s)
Info    : 744 nodes 1282 elements
Info    : Meshing 1D...
Info    : [  0%] Meshing curve 1 (Line)
Info    : [ 20%] Meshing curve 2 (Line)
Info    : [ 30%] Meshing curve 3 (Line)
Info    : [ 50%] Meshing curve 4 (Line)
Info    : [ 60%] Meshing curve 5 (BSpline)
Info    : [ 80%] Meshing curve 6 (BSpline)
Info    : [ 90%] Meshing curve 7 (BSpline)
Info    : Done meshing 1D (Wall 0.0810193s, CPU 0.783015s)
Info    : Meshing 2D...
Info    : Meshing surface 1 (Plane, Frontal-Delaunay)
Info    : Done meshing 2D (Wall 0.02097s, CPU 0.019685s)
Info    : 383 nodes 568 elements
Info    : Meshing 1D...
Info    : [  0%] Meshing curve 1 (Line)
Info    : [ 20%] Meshing curve 2 (Line)
Info    : [ 30%] Meshing curve 3 (Line)
Info    : [ 50%] Meshing curve 4 (Line)
Info    : [ 60%] Meshing curve 5 (BSpline)
Info    : [ 80%] Meshing curve 6 (BSpline)
Info    : [ 90%] Meshing curve 7 (BSpline)
Info    : Done meshing 1D (Wall 0.0783922s, CPU 0.701811s)
Info    : Meshing 2D...
Info    : Meshing surface 1 (Plane, Frontal-Delaunay)
Info    : Done meshing 2D (Wall 0.0311892s, CPU 0.029514s)
Info    : 599 nodes 995 elements
Info    : Meshing 1D...
Info    : [  0%] Meshing curve 1 (Line)
Info    : [ 20%] Meshing curve 2 (Line)
Info    : [ 30%] Meshing curve 3 (Line)
Info    : [ 50%] Meshing curve 4 (Line)
Info    : [ 60%] Meshing curve 5 (BSpline)
Info    : [ 80%] Meshing curve 6 (BSpline)
Info    : [ 90%] Meshing curve 7 (BSpline)
Info    : Done meshing 1D (Wall 0.0688434s, CPU 0.583731s)
Info    : Meshing 2D...
Info    : Meshing surface 1 (Plane, Frontal-Delaunay)
Info    : Done meshing 2D (Wall 0.0769618s, CPU 0.07565s)
Info    : 1615 nodes 3008 elements
Info    : Meshing 1D...
Info    : [  0%] Meshing curve 1 (Line)
Info    : [ 20%] Meshing curve 2 (Line)
Info    : [ 30%] Meshing curve 3 (Line)
Info    : [ 50%] Meshing curve 4 (Line)
Info    : [ 60%] Meshing curve 5 (BSpline)
Info    : [ 80%] Meshing curve 6 (BSpline)
Info    : [ 90%] Meshing curve 7 (BSpline)
Info    : Done meshing 1D (Wall 0.077639s, CPU 0.479892s)
Info    : Meshing 2D...
Info    : Meshing surface 1 (Plane, Frontal-Delaunay)
Info    : Done meshing 2D (Wall 0.0857656s, CPU 0.084497s)
Info    : 2134 nodes 4048 elements
Info    : Meshing 1D...
Info    : [  0%] Meshing curve 1 (Line)
Info    : [ 20%] Meshing curve 2 (Line)
Info    : [ 30%] Meshing curve 3 (Line)
Info    : [ 50%] Meshing curve 4 (Line)
Info    : [ 60%] Meshing curve 5 (BSpline)
Info    : [ 80%] Meshing curve 6 (BSpline)
Info    : [ 90%] Meshing curve 7 (BSpline)
Info    : Done meshing 1D (Wall 0.075123s, CPU 0.391291s)
Info    : Meshing 2D...
Info    : Meshing surface 1 (Plane, Frontal-Delaunay)
Info    : Done meshing 2D (Wall 0.0279008s, CPU 0.026672s)
Info    : 517 nodes 832 elements
Info    : Meshing 1D...
Info    : [  0%] Meshing curve 1 (Line)
Info    : [ 20%] Meshing curve 2 (Line)
Info    : [ 30%] Meshing curve 3 (Line)
Info    : [ 50%] Meshing curve 4 (Line)
Info    : [ 60%] Meshing curve 5 (BSpline)
Info    : [ 80%] Meshing curve 6 (BSpline)
Info    : [ 90%] Meshing curve 7 (BSpline)
Info    : Done meshing 1D (Wall 0.0751969s, CPU 0.638937s)
Info    : Meshing 2D...
Info    : Meshing surface 1 (Plane, Frontal-Delaunay)
Info    : Done meshing 2D (Wall 0.0283548s, CPU 0.027226s)
Info    : 507 nodes 811 elements
Info    : Meshing 1D...
Info    : [  0%] Meshing curve 1 (Line)
Info    : [ 20%] Meshing curve 2 (Line)
Info    : [ 30%] Meshing curve 3 (Line)
Info    : [ 50%] Meshing curve 4 (Line)
Info    : [ 60%] Meshing curve 5 (BSpline)
Info    : [ 80%] Meshing curve 6 (BSpline)
Info    : [ 90%] Meshing curve 7 (BSpline)
Info    : Done meshing 1D (Wall 0.0792889s, CPU 0.754902s)
Info    : Meshing 2D...
Info    : Meshing surface 1 (Plane, Frontal-Delaunay)
Info    : Done meshing 2D (Wall 0.0233759s, CPU 0.023352s)
Info    : 438 nodes 675 elements
Info    : Meshing 1D...
Info    : [  0%] Meshing curve 1 (Line)
Info    : [ 20%] Meshing curve 2 (Line)
Info    : [ 30%] Meshing curve 3 (Line)
Info    : [ 50%] Meshing curve 4 (Line)
Info    : [ 60%] Meshing curve 5 (BSpline)
Info    : [ 80%] Meshing curve 6 (BSpline)
Info    : [ 90%] Meshing curve 7 (BSpline)
Info    : Done meshing 1D (Wall 0.0475111s, CPU 0.538631s)
Info    : Meshing 2D...
Info    : Meshing surface 1 (Plane, Frontal-Delaunay)
Info    : Done meshing 2D (Wall 0.0250245s, CPU 0.158493s)
Info    : 413 nodes 627 elements
Info    : Meshing 1D...
Info    : [  0%] Meshing curve 1 (Line)
Info    : [ 20%] Meshing curve 2 (Line)
Info    : [ 30%] Meshing curve 3 (Line)
Info    : [ 50%] Meshing curve 4 (Line)
Info    : [ 60%] Meshing curve 5 (BSpline)
Info    : [ 80%] Meshing curve 6 (BSpline)
Info    : [ 90%] Meshing curve 7 (BSpline)
Info    : Done meshing 1D (Wall 0.070855s, CPU 0.605629s)
Info    : Meshing 2D...
Info    : Meshing surface 1 (Plane, Frontal-Delaunay)
Info    : Done meshing 2D (Wall 0.0232971s, CPU 0.021586s)
Info    : 399 nodes 598 elements
Info    : Meshing 1D...
Info    : [  0%] Meshing curve 1 (Line)
Info    : [ 20%] Meshing curve 2 (Line)
Info    : [ 30%] Meshing curve 3 (Line)
Info    : [ 50%] Meshing curve 4 (Line)
Info    : [ 60%] Meshing curve 5 (BSpline)
Info    : [ 80%] Meshing curve 6 (BSpline)
Info    : [ 90%] Meshing curve 7 (BSpline)
Info    : Done meshing 1D (Wall 0.0864783s, CPU 0.668753s)
Info    : Meshing 2D...
Info    : Meshing surface 1 (Plane, Frontal-Delaunay)
Info    : Done meshing 2D (Wall 0.0545482s, CPU 0.053055s)
Info    : 1209 nodes 2207 elements
Info    : Meshing 1D...
Info    : [  0%] Meshing curve 1 (Line)
Info    : [ 20%] Meshing curve 2 (Line)
Info    : [ 30%] Meshing curve 3 (Line)
Info    : [ 50%] Meshing curve 4 (Line)
Info    : [ 60%] Meshing curve 5 (BSpline)
Info    : [ 80%] Meshing curve 6 (BSpline)
Info    : [ 90%] Meshing curve 7 (BSpline)
Info    : Done meshing 1D (Wall 0.0797428s, CPU 0.680694s)
Info    : Meshing 2D...
Info    : Meshing surface 1 (Plane, Frontal-Delaunay)
Info    : Done meshing 2D (Wall 0.0241285s, CPU 0.022298s)
Info    : 438 nodes 676 elements
Info    : Meshing 1D...
Info    : [  0%] Meshing curve 1 (Line)
Info    : [ 20%] Meshing curve 2 (Line)
Info    : [ 30%] Meshing curve 3 (Line)
Info    : [ 50%] Meshing curve 4 (Line)
Info    : [ 60%] Meshing curve 5 (BSpline)
Info    : [ 80%] Meshing curve 6 (BSpline)
Info    : [ 90%] Meshing curve 7 (BSpline)
Info    : Done meshing 1D (Wall 0.0785598s, CPU 0.700981s)
Info    : Meshing 2D...
Info    : Meshing surface 1 (Plane, Frontal-Delaunay)
Info    : Done meshing 2D (Wall 0.0843105s, CPU 0.081701s)
Info    : 1943 nodes 3664 elements
Info    : Meshing 1D...
Info    : [  0%] Meshing curve 1 (Line)
Info    : [ 20%] Meshing curve 2 (Line)
Info    : [ 30%] Meshing curve 3 (Line)
Info    : [ 50%] Meshing curve 4 (Line)
Info    : [ 60%] Meshing curve 5 (BSpline)
Info    : [ 80%] Meshing curve 6 (BSpline)
Info    : [ 90%] Meshing curve 7 (BSpline)
Info    : Done meshing 1D (Wall 0.0787278s, CPU 0.515769s)
Info    : Meshing 2D...
Info    : Meshing surface 1 (Plane, Frontal-Delaunay)
Info    : Done meshing 2D (Wall 0.0460425s, CPU 0.044646s)
Info    : 935 nodes 1661 elements
Info    : Meshing 1D...
Info    : [  0%] Meshing curve 1 (Line)
Info    : [ 20%] Meshing curve 2 (Line)
Info    : [ 30%] Meshing curve 3 (Line)
Info    : [ 50%] Meshing curve 4 (Line)
Info    : [ 60%] Meshing curve 5 (BSpline)
Info    : [ 80%] Meshing curve 6 (BSpline)
Info    : [ 90%] Meshing curve 7 (BSpline)
Info    : Done meshing 1D (Wall 0.0858834s, CPU 0.6736s)
Info    : Meshing 2D...
Info    : Meshing surface 1 (Plane, Frontal-Delaunay)
Info    : Done meshing 2D (Wall 0.106054s, CPU 0.104559s)
Info    : 2761 nodes 5297 elements
Info    : Meshing 1D...
Info    : [  0%] Meshing curve 1 (Line)
Info    : [ 20%] Meshing curve 2 (Line)
Info    : [ 30%] Meshing curve 3 (Line)
Info    : [ 50%] Meshing curve 4 (Line)
Info    : [ 60%] Meshing curve 5 (BSpline)
Info    : [ 80%] Meshing curve 6 (BSpline)
Info    : [ 90%] Meshing curve 7 (BSpline)
Info    : Done meshing 1D (Wall 0.0730173s, CPU 0.276983s)
Info    : Meshing 2D...
Info    : Meshing surface 1 (Plane, Frontal-Delaunay)
Info    : Done meshing 2D (Wall 0.0255785s, CPU 0.024124s)
Info    : 435 nodes 668 elements
Info    : Meshing 1D...
Info    : [  0%] Meshing curve 1 (Line)
Info    : [ 20%] Meshing curve 2 (Line)
Info    : [ 30%] Meshing curve 3 (Line)
Info    : [ 50%] Meshing curve 4 (Line)
Info    : [ 60%] Meshing curve 5 (BSpline)
Info    : [ 80%] Meshing curve 6 (BSpline)
Info    : [ 90%] Meshing curve 7 (BSpline)
Info    : Done meshing 1D (Wall 0.0721925s, CPU 0.815688s)
Info    : Meshing 2D...
Info    : Meshing surface 1 (Plane, Frontal-Delaunay)
Info    : Done meshing 2D (Wall 0.0343764s, CPU 0.032872s)
Info    : 645 nodes 1085 elements
Info    : Meshing 1D...
Info    : [  0%] Meshing curve 1 (Line)
Info    : [ 20%] Meshing curve 2 (Line)
Info    : [ 30%] Meshing curve 3 (Line)
Info    : [ 50%] Meshing curve 4 (Line)
Info    : [ 60%] Meshing curve 5 (BSpline)
Info    : [ 80%] Meshing curve 6 (BSpline)
Info    : [ 90%] Meshing curve 7 (BSpline)
Info    : Done meshing 1D (Wall 0.0778116s, CPU 0.797792s)
Info    : Meshing 2D...
Info    : Meshing surface 1 (Plane, Frontal-Delaunay)
Info    : Done meshing 2D (Wall 0.0896799s, CPU 0.088299s)
Info    : 2251 nodes 4279 elements
Info    : Meshing 1D...
Info    : [  0%] Meshing curve 1 (Line)
Info    : [ 20%] Meshing curve 2 (Line)
Info    : [ 30%] Meshing curve 3 (Line)
Info    : [ 50%] Meshing curve 4 (Line)
Info    : [ 60%] Meshing curve 5 (BSpline)
Info    : [ 80%] Meshing curve 6 (BSpline)
Info    : [ 90%] Meshing curve 7 (BSpline)
Info    : Done meshing 1D (Wall 0.0689351s, CPU 0.420593s)
Info    : Meshing 2D...
Info    : Meshing surface 1 (Plane, Frontal-Delaunay)
Info    : Done meshing 2D (Wall 0.0868971s, CPU 0.085292s)
Info    : 2256 nodes 4291 elements
Info    : Meshing 1D...
Info    : [  0%] Meshing curve 1 (Line)
Info    : [ 20%] Meshing curve 2 (Line)
Info    : [ 30%] Meshing curve 3 (Line)
Info    : [ 50%] Meshing curve 4 (Line)
Info    : [ 60%] Meshing curve 5 (BSpline)
Info    : [ 80%] Meshing curve 6 (BSpline)
Info    : [ 90%] Meshing curve 7 (BSpline)
Info    : Done meshing 1D (Wall 0.0744629s, CPU 0.343741s)
Info    : Meshing 2D...
Info    : Meshing surface 1 (Plane, Frontal-Delaunay)
Info    : Done meshing 2D (Wall 0.0211783s, CPU 0.020079s)
Info    : 388 nodes 577 elements
Info    : Meshing 1D...
Info    : [  0%] Meshing curve 1 (Line)
Info    : [ 20%] Meshing curve 2 (Line)
Info    : [ 30%] Meshing curve 3 (Line)
Info    : [ 50%] Meshing curve 4 (Line)
Info    : [ 60%] Meshing curve 5 (BSpline)
Info    : [ 80%] Meshing curve 6 (BSpline)
Info    : [ 90%] Meshing curve 7 (BSpline)
Info    : Done meshing 1D (Wall 0.0799826s, CPU 0.782157s)
Info    : Meshing 2D...
Info    : Meshing surface 1 (Plane, Frontal-Delaunay)
Info    : Done meshing 2D (Wall 0.026759s, CPU 0.025118s)
Info    : 462 nodes 722 elements
Info    : Meshing 1D...
Info    : [  0%] Meshing curve 1 (Line)
Info    : [ 20%] Meshing curve 2 (Line)
Info    : [ 30%] Meshing curve 3 (Line)
Info    : [ 50%] Meshing curve 4 (Line)
Info    : [ 60%] Meshing curve 5 (BSpline)
Info    : [ 80%] Meshing curve 6 (BSpline)
Info    : [ 90%] Meshing curve 7 (BSpline)
Info    : Done meshing 1D (Wall 0.0804019s, CPU 0.648217s)
Info    : Meshing 2D...
Info    : Meshing surface 1 (Plane, Frontal-Delaunay)
Info    : Done meshing 2D (Wall 0.0615502s, CPU 0.060188s)
Info    : 1328 nodes 2441 elements
Info    : Meshing 1D...
Info    : [  0%] Meshing curve 1 (Line)
Info    : [ 20%] Meshing curve 2 (Line)
Info    : [ 30%] Meshing curve 3 (Line)
Info    : [ 50%] Meshing curve 4 (Line)
Info    : [ 60%] Meshing curve 5 (BSpline)
Info    : [ 80%] Meshing curve 6 (BSpline)
Info    : [ 90%] Meshing curve 7 (BSpline)
Info    : Done meshing 1D (Wall 0.0768744s, CPU 0.47179s)
Info    : Meshing 2D...
Info    : Meshing surface 1 (Plane, Frontal-Delaunay)
Info    : Done meshing 2D (Wall 0.0410289s, CPU 0.039898s)
Info    : 791 nodes 1375 elements
Info    : Meshing 1D...
Info    : [  0%] Meshing curve 1 (Line)
Info    : [ 20%] Meshing curve 2 (Line)
Info    : [ 30%] Meshing curve 3 (Line)
Info    : [ 50%] Meshing curve 4 (Line)
Info    : [ 60%] Meshing curve 5 (BSpline)
Info    : [ 80%] Meshing curve 6 (BSpline)
Info    : [ 90%] Meshing curve 7 (BSpline)
Info    : Done meshing 1D (Wall 0.0794408s, CPU 0.634403s)
Info    : Meshing 2D...
Info    : Meshing surface 1 (Plane, Frontal-Delaunay)
Info    : Done meshing 2D (Wall 0.049778s, CPU 0.048205s)
Info    : 1004 nodes 1798 elements
Info    : Meshing 1D...
Info    : [  0%] Meshing curve 1 (Line)
Info    : [ 20%] Meshing curve 2 (Line)
Info    : [ 30%] Meshing curve 3 (Line)
Info    : [ 50%] Meshing curve 4 (Line)
Info    : [ 60%] Meshing curve 5 (BSpline)
Info    : [ 80%] Meshing curve 6 (BSpline)
Info    : [ 90%] Meshing curve 7 (BSpline)
Info    : Done meshing 1D (Wall 0.0693399s, CPU 0.66793s)
Info    : Meshing 2D...
Info    : Meshing surface 1 (Plane, Frontal-Delaunay)
Info    : Done meshing 2D (Wall 0.0203911s, CPU 0.018536s)
Info    : 383 nodes 567 elements
Info    : Meshing 1D...
Info    : [  0%] Meshing curve 1 (Line)
Info    : [ 20%] Meshing curve 2 (Line)
Info    : [ 30%] Meshing curve 3 (Line)
Info    : [ 50%] Meshing curve 4 (Line)
Info    : [ 60%] Meshing curve 5 (BSpline)
Info    : [ 80%] Meshing curve 6 (BSpline)
Info    : [ 90%] Meshing curve 7 (BSpline)
Info    : Done meshing 1D (Wall 0.0721237s, CPU 0.661811s)
Info    : Meshing 2D...
Info    : Meshing surface 1 (Plane, Frontal-Delaunay)
Info    : Done meshing 2D (Wall 0.0275024s, CPU 0.026273s)
Info    : 493 nodes 784 elements
Info    : Meshing 1D...
Info    : [  0%] Meshing curve 1 (Line)
Info    : [ 20%] Meshing curve 2 (Line)
Info    : [ 30%] Meshing curve 3 (Line)
Info    : [ 50%] Meshing curve 4 (Line)
Info    : [ 60%] Meshing curve 5 (BSpline)
Info    : [ 80%] Meshing curve 6 (BSpline)
Info    : [ 90%] Meshing curve 7 (BSpline)
Info    : Done meshing 1D (Wall 0.0725358s, CPU 0.670378s)
Info    : Meshing 2D...
Info    : Meshing surface 1 (Plane, Frontal-Delaunay)
Info    : Done meshing 2D (Wall 0.0236951s, CPU 0.022414s)
Info    : 445 nodes 690 elements
Info    : Meshing 1D...
Info    : [  0%] Meshing curve 1 (Line)
Info    : [ 20%] Meshing curve 2 (Line)
Info    : [ 30%] Meshing curve 3 (Line)
Info    : [ 50%] Meshing curve 4 (Line)
Info    : [ 60%] Meshing curve 5 (BSpline)
Info    : [ 80%] Meshing curve 6 (BSpline)
Info    : [ 90%] Meshing curve 7 (BSpline)
Info    : Done meshing 1D (Wall 0.0522044s, CPU 0.650223s)
Info    : Meshing 2D...
Info    : Meshing surface 1 (Plane, Frontal-Delaunay)
Info    : Done meshing 2D (Wall 0.0331274s, CPU 0.038079s)
Info    : 600 nodes 997 elements
Info    : Meshing 1D...
Info    : [  0%] Meshing curve 1 (Line)
Info    : [ 20%] Meshing curve 2 (Line)
Info    : [ 30%] Meshing curve 3 (Line)
Info    : [ 50%] Meshing curve 4 (Line)
Info    : [ 60%] Meshing curve 5 (BSpline)
Info    : [ 80%] Meshing curve 6 (BSpline)
Info    : [ 90%] Meshing curve 7 (BSpline)
Info    : Done meshing 1D (Wall 0.112561s, CPU 0.647277s)
Info    : Meshing 2D...
Info    : Meshing surface 1 (Plane, Frontal-Delaunay)
Info    : Done meshing 2D (Wall 0.0605176s, CPU 0.057994s)
Info    : 1200 nodes 2184 elements
Info    : Meshing 1D...
Info    : [  0%] Meshing curve 1 (Line)
Info    : [ 20%] Meshing curve 2 (Line)
Info    : [ 30%] Meshing curve 3 (Line)
Info    : [ 50%] Meshing curve 4 (Line)
Info    : [ 60%] Meshing curve 5 (BSpline)
Info    : [ 80%] Meshing curve 6 (BSpline)
Info    : [ 90%] Meshing curve 7 (BSpline)
Info    : Done meshing 1D (Wall 0.0793268s, CPU 0.644186s)
Info    : Meshing 2D...
Info    : Meshing surface 1 (Plane, Frontal-Delaunay)
Info    : Done meshing 2D (Wall 0.0962396s, CPU 0.094374s)
Info    : 2320 nodes 4413 elements
Info    : Meshing 1D...
Info    : [  0%] Meshing curve 1 (Line)
Info    : [ 20%] Meshing curve 2 (Line)
Info    : [ 30%] Meshing curve 3 (Line)
Info    : [ 50%] Meshing curve 4 (Line)
Info    : [ 60%] Meshing curve 5 (BSpline)
Info    : [ 80%] Meshing curve 6 (BSpline)
Info    : [ 90%] Meshing curve 7 (BSpline)
Info    : Done meshing 1D (Wall 0.0664193s, CPU 0.292223s)
Info    : Meshing 2D...
Info    : Meshing surface 1 (Plane, Frontal-Delaunay)
Info    : Done meshing 2D (Wall 0.0216122s, CPU 0.02037s)
Info    : 386 nodes 572 elements
Info    : Meshing 1D...
Info    : [  0%] Meshing curve 1 (Line)
Info    : [ 20%] Meshing curve 2 (Line)
Info    : [ 30%] Meshing curve 3 (Line)
Info    : [ 50%] Meshing curve 4 (Line)
Info    : [ 60%] Meshing curve 5 (BSpline)
Info    : [ 80%] Meshing curve 6 (BSpline)
Info    : [ 90%] Meshing curve 7 (BSpline)
Info    : Done meshing 1D (Wall 0.04598s, CPU 0.531624s)
Info    : Meshing 2D...
Info    : Meshing surface 1 (Plane, Frontal-Delaunay)
Info    : Done meshing 2D (Wall 0.109829s, CPU 0.17709s)
Info    : 725 nodes 1243 elements
Info    : Meshing 1D...
Info    : [  0%] Meshing curve 1 (Line)
Info    : [ 20%] Meshing curve 2 (Line)
Info    : [ 30%] Meshing curve 3 (Line)
Info    : [ 50%] Meshing curve 4 (Line)
Info    : [ 60%] Meshing curve 5 (BSpline)
Info    : [ 80%] Meshing curve 6 (BSpline)
Info    : [ 90%] Meshing curve 7 (BSpline)
Info    : Done meshing 1D (Wall 0.0802051s, CPU 0.698907s)
Info    : Meshing 2D...
Info    : Meshing surface 1 (Plane, Frontal-Delaunay)
Info    : Done meshing 2D (Wall 0.0233979s, CPU 0.021615s)
Info    : 419 nodes 638 elements
Info    : Meshing 1D...
Info    : [  0%] Meshing curve 1 (Line)
Info    : [ 20%] Meshing curve 2 (Line)
Info    : [ 30%] Meshing curve 3 (Line)
Info    : [ 50%] Meshing curve 4 (Line)
Info    : [ 60%] Meshing curve 5 (BSpline)
Info    : [ 80%] Meshing curve 6 (BSpline)
Info    : [ 90%] Meshing curve 7 (BSpline)
Info    : Done meshing 1D (Wall 0.0820469s, CPU 0.638925s)
Info    : Meshing 2D...
Info    : Meshing surface 1 (Plane, Frontal-Delaunay)
Info    : Done meshing 2D (Wall 0.0345141s, CPU 0.033221s)
Info    : 625 nodes 1045 elements
Info    : Meshing 1D...
Info    : [  0%] Meshing curve 1 (Line)
Info    : [ 20%] Meshing curve 2 (Line)
Info    : [ 30%] Meshing curve 3 (Line)
Info    : [ 50%] Meshing curve 4 (Line)
Info    : [ 60%] Meshing curve 5 (BSpline)
Info    : [ 80%] Meshing curve 6 (BSpline)
Info    : [ 90%] Meshing curve 7 (BSpline)
Info    : Done meshing 1D (Wall 0.0680993s, CPU 0.745981s)
Info    : Meshing 2D...
Info    : Meshing surface 1 (Plane, Frontal-Delaunay)
Info    : Done meshing 2D (Wall 0.0217971s, CPU 0.020406s)
Info    : 403 nodes 607 elements
Info    : Meshing 1D...
Info    : [  0%] Meshing curve 1 (Line)
Info    : [ 20%] Meshing curve 2 (Line)
Info    : [ 30%] Meshing curve 3 (Line)
Info    : [ 50%] Meshing curve 4 (Line)
Info    : [ 60%] Meshing curve 5 (BSpline)
Info    : [ 80%] Meshing curve 6 (BSpline)
Info    : [ 90%] Meshing curve 7 (BSpline)
Info    : Done meshing 1D (Wall 0.0865913s, CPU 0.668399s)
Info    : Meshing 2D...
Info    : Meshing surface 1 (Plane, Frontal-Delaunay)
Info    : Done meshing 2D (Wall 0.0224193s, CPU 0.021073s)
Info    : 422 nodes 644 elements
Info    : Meshing 1D...
Info    : [  0%] Meshing curve 1 (Line)
Info    : [ 20%] Meshing curve 2 (Line)
Info    : [ 30%] Meshing curve 3 (Line)
Info    : [ 50%] Meshing curve 4 (Line)
Info    : [ 60%] Meshing curve 5 (BSpline)
Info    : [ 80%] Meshing curve 6 (BSpline)
Info    : [ 90%] Meshing curve 7 (BSpline)
Info    : Done meshing 1D (Wall 0.0472754s, CPU 0.66686s)
Info    : Meshing 2D...
Info    : Meshing surface 1 (Plane, Frontal-Delaunay)
Info    : Done meshing 2D (Wall 0.0338153s, CPU 0.168836s)
Info    : 596 nodes 989 elements
Info    : Meshing 1D...
Info    : [  0%] Meshing curve 1 (Line)
Info    : [ 20%] Meshing curve 2 (Line)
Info    : [ 30%] Meshing curve 3 (Line)
Info    : [ 50%] Meshing curve 4 (Line)
Info    : [ 60%] Meshing curve 5 (BSpline)
Info    : [ 80%] Meshing curve 6 (BSpline)
Info    : [ 90%] Meshing curve 7 (BSpline)
Info    : Done meshing 1D (Wall 0.0712863s, CPU 0.733378s)
Info    : Meshing 2D...
Info    : Meshing surface 1 (Plane, Frontal-Delaunay)
Info    : Done meshing 2D (Wall 0.0232173s, CPU 0.021418s)
Info    : 414 nodes 629 elements
Info    : Meshing 1D...
Info    : [  0%] Meshing curve 1 (Line)
Info    : [ 20%] Meshing curve 2 (Line)
Info    : [ 30%] Meshing curve 3 (Line)
Info    : [ 50%] Meshing curve 4 (Line)
Info    : [ 60%] Meshing curve 5 (BSpline)
Info    : [ 80%] Meshing curve 6 (BSpline)
Info    : [ 90%] Meshing curve 7 (BSpline)
Info    : Done meshing 1D (Wall 0.0679263s, CPU 0.807957s)
Info    : Meshing 2D...
Info    : Meshing surface 1 (Plane, Frontal-Delaunay)
Info    : Done meshing 2D (Wall 0.0482254s, CPU 0.046179s)
Info    : 1015 nodes 1821 elements
Info    : Meshing 1D...
Info    : [  0%] Meshing curve 1 (Line)
Info    : [ 20%] Meshing curve 2 (Line)
Info    : [ 30%] Meshing curve 3 (Line)
Info    : [ 50%] Meshing curve 4 (Line)
Info    : [ 60%] Meshing curve 5 (BSpline)
Info    : [ 80%] Meshing curve 6 (BSpline)
Info    : [ 90%] Meshing curve 7 (BSpline)
Info    : Done meshing 1D (Wall 0.0691128s, CPU 0.639488s)
Info    : Meshing 2D...
Info    : Meshing surface 1 (Plane, Frontal-Delaunay)
Info    : Done meshing 2D (Wall 0.022225s, CPU 0.020696s)
Info    : 417 nodes 635 elements
Info    : Meshing 1D...
Info    : [  0%] Meshing curve 1 (Line)
Info    : [ 20%] Meshing curve 2 (Line)
Info    : [ 30%] Meshing curve 3 (Line)
Info    : [ 50%] Meshing curve 4 (Line)
Info    : [ 60%] Meshing curve 5 (BSpline)
Info    : [ 80%] Meshing curve 6 (BSpline)
Info    : [ 90%] Meshing curve 7 (BSpline)
Info    : Done meshing 1D (Wall 0.0728809s, CPU 0.642028s)
Info    : Meshing 2D...
Info    : Meshing surface 1 (Plane, Frontal-Delaunay)
Info    : Done meshing 2D (Wall 0.026202s, CPU 0.024828s)
Info    : 437 nodes 672 elements
Info    : Meshing 1D...
Info    : [  0%] Meshing curve 1 (Line)
Info    : [ 20%] Meshing curve 2 (Line)
Info    : [ 30%] Meshing curve 3 (Line)
Info    : [ 50%] Meshing curve 4 (Line)
Info    : [ 60%] Meshing curve 5 (BSpline)
Info    : [ 80%] Meshing curve 6 (BSpline)
Info    : [ 90%] Meshing curve 7 (BSpline)
Info    : Done meshing 1D (Wall 0.0356019s, CPU 0.475989s)
Info    : Meshing 2D...
Info    : Meshing surface 1 (Plane, Frontal-Delaunay)
Info    : Done meshing 2D (Wall 0.0771867s, CPU 0.313538s)
Info    : 1725 nodes 3234 elements
Info    : Meshing 1D...
Info    : [  0%] Meshing curve 1 (Line)
Info    : [ 20%] Meshing curve 2 (Line)
Info    : [ 30%] Meshing curve 3 (Line)
Info    : [ 50%] Meshing curve 4 (Line)
Info    : [ 60%] Meshing curve 5 (BSpline)
Info    : [ 80%] Meshing curve 6 (BSpline)
Info    : [ 90%] Meshing curve 7 (BSpline)
Info    : Done meshing 1D (Wall 0.0335966s, CPU 0.396942s)
Info    : Meshing 2D...
Info    : Meshing surface 1 (Plane, Frontal-Delaunay)
Info    : Done meshing 2D (Wall 0.0391894s, CPU 0.181897s)
Info    : 682 nodes 1157 elements
Info    : Meshing 1D...
Info    : [  0%] Meshing curve 1 (Line)
Info    : [ 20%] Meshing curve 2 (Line)
Info    : [ 30%] Meshing curve 3 (Line)
Info    : [ 50%] Meshing curve 4 (Line)
Info    : [ 60%] Meshing curve 5 (BSpline)
Info    : [ 80%] Meshing curve 6 (BSpline)
Info    : [ 90%] Meshing curve 7 (BSpline)
Info    : Done meshing 1D (Wall 0.0172065s, CPU 0.097608s)
Info    : Meshing 2D...
Info    : Meshing surface 1 (Plane, Frontal-Delaunay)
Info    : Done meshing 2D (Wall 0.043851s, CPU 0.567462s)
Info    : 598 nodes 991 elements
Info    : Meshing 1D...
Info    : [  0%] Meshing curve 1 (Line)
Info    : [ 20%] Meshing curve 2 (Line)
Info    : [ 30%] Meshing curve 3 (Line)
Info    : [ 50%] Meshing curve 4 (Line)
Info    : [ 60%] Meshing curve 5 (BSpline)
Info    : [ 80%] Meshing curve 6 (BSpline)
Info    : [ 90%] Meshing curve 7 (BSpline)
Info    : Done meshing 1D (Wall 0.0804057s, CPU 0.605061s)
Info    : Meshing 2D...
Info    : Meshing surface 1 (Plane, Frontal-Delaunay)
Info    : Done meshing 2D (Wall 0.0260981s, CPU 0.024682s)
Info    : 444 nodes 686 elements
Info    : Meshing 1D...
Info    : [  0%] Meshing curve 1 (Line)
Info    : [ 20%] Meshing curve 2 (Line)
Info    : [ 30%] Meshing curve 3 (Line)
Info    : [ 50%] Meshing curve 4 (Line)
Info    : [ 60%] Meshing curve 5 (BSpline)
Info    : [ 80%] Meshing curve 6 (BSpline)
Info    : [ 90%] Meshing curve 7 (BSpline)
Info    : Done meshing 1D (Wall 0.0577397s, CPU 0.732522s)
Info    : Meshing 2D...
Info    : Meshing surface 1 (Plane, Frontal-Delaunay)
Info    : Done meshing 2D (Wall 0.0414056s, CPU 0.079886s)
Info    : 749 nodes 1289 elements
Info    : Meshing 1D...
Info    : [  0%] Meshing curve 1 (Line)
Info    : [ 20%] Meshing curve 2 (Line)
Info    : [ 30%] Meshing curve 3 (Line)
Info    : [ 50%] Meshing curve 4 (Line)
Info    : [ 60%] Meshing curve 5 (BSpline)
Info    : [ 80%] Meshing curve 6 (BSpline)
Info    : [ 90%] Meshing curve 7 (BSpline)
Info    : Done meshing 1D (Wall 0.0539086s, CPU 0.71659s)
Info    : Meshing 2D...
Info    : Meshing surface 1 (Plane, Frontal-Delaunay)
Info    : Done meshing 2D (Wall 0.032769s, CPU 0.065383s)
Info    : 589 nodes 975 elements
Info    : Meshing 1D...
Info    : [  0%] Meshing curve 1 (Line)
Info    : [ 20%] Meshing curve 2 (Line)
Info    : [ 30%] Meshing curve 3 (Line)
Info    : [ 50%] Meshing curve 4 (Line)
Info    : [ 60%] Meshing curve 5 (BSpline)
Info    : [ 80%] Meshing curve 6 (BSpline)
Info    : [ 90%] Meshing curve 7 (BSpline)
Info    : Done meshing 1D (Wall 0.065048s, CPU 0.759009s)
Info    : Meshing 2D...
Info    : Meshing surface 1 (Plane, Frontal-Delaunay)
Info    : Done meshing 2D (Wall 0.0213641s, CPU 0.020167s)
Info    : 413 nodes 627 elements
Info    : Meshing 1D...
Info    : [  0%] Meshing curve 1 (Line)
Info    : [ 20%] Meshing curve 2 (Line)
Info    : [ 30%] Meshing curve 3 (Line)
Info    : [ 50%] Meshing curve 4 (Line)
Info    : [ 60%] Meshing curve 5 (BSpline)
Info    : [ 80%] Meshing curve 6 (BSpline)
Info    : [ 90%] Meshing curve 7 (BSpline)
Info    : Done meshing 1D (Wall 0.0514842s, CPU 0.492663s)
Info    : Meshing 2D...
Info    : Meshing surface 1 (Plane, Frontal-Delaunay)
Info    : Done meshing 2D (Wall 0.031715s, CPU 0.240269s)
Info    : 525 nodes 847 elements
Info    : Meshing 1D...
Info    : [  0%] Meshing curve 1 (Line)
Info    : [ 20%] Meshing curve 2 (Line)
Info    : [ 30%] Meshing curve 3 (Line)
Info    : [ 50%] Meshing curve 4 (Line)
Info    : [ 60%] Meshing curve 5 (BSpline)
Info    : [ 80%] Meshing curve 6 (BSpline)
Info    : [ 90%] Meshing curve 7 (BSpline)
Info    : Done meshing 1D (Wall 0.0718243s, CPU 0.82589s)
Info    : Meshing 2D...
Info    : Meshing surface 1 (Plane, Frontal-Delaunay)
Info    : Done meshing 2D (Wall 0.0533284s, CPU 0.05202s)
Info    : 1154 nodes 2097 elements
Info    : Meshing 1D...
Info    : [  0%] Meshing curve 1 (Line)
Info    : [ 20%] Meshing curve 2 (Line)
Info    : [ 30%] Meshing curve 3 (Line)
Info    : [ 50%] Meshing curve 4 (Line)
Info    : [ 60%] Meshing curve 5 (BSpline)
Info    : [ 80%] Meshing curve 6 (BSpline)
Info    : [ 90%] Meshing curve 7 (BSpline)
Info    : Done meshing 1D (Wall 0.0788607s, CPU 0.71406s)
Info    : Meshing 2D...
Info    : Meshing surface 1 (Plane, Frontal-Delaunay)
Info    : Done meshing 2D (Wall 0.0407967s, CPU 0.039677s)
Info    : 781 nodes 1354 elements
Info    : Meshing 1D...
Info    : [  0%] Meshing curve 1 (Line)
Info    : [ 20%] Meshing curve 2 (Line)
Info    : [ 30%] Meshing curve 3 (Line)
Info    : [ 50%] Meshing curve 4 (Line)
Info    : [ 60%] Meshing curve 5 (BSpline)
Info    : [ 80%] Meshing curve 6 (BSpline)
Info    : [ 90%] Meshing curve 7 (BSpline)
Info    : Done meshing 1D (Wall 0.0772112s, CPU 0.66317s)
Info    : Meshing 2D...
Info    : Meshing surface 1 (Plane, Frontal-Delaunay)
Info    : Done meshing 2D (Wall 0.0265211s, CPU 0.024897s)
Info    : 449 nodes 696 elements
Info    : Meshing 1D...
Info    : [  0%] Meshing curve 1 (Line)
Info    : [ 20%] Meshing curve 2 (Line)
Info    : [ 30%] Meshing curve 3 (Line)
Info    : [ 50%] Meshing curve 4 (Line)
Info    : [ 60%] Meshing curve 5 (BSpline)
Info    : [ 80%] Meshing curve 6 (BSpline)
Info    : [ 90%] Meshing curve 7 (BSpline)
Info    : Done meshing 1D (Wall 0.0740808s, CPU 0.727922s)
Info    : Meshing 2D...
Info    : Meshing surface 1 (Plane, Frontal-Delaunay)
Info    : Done meshing 2D (Wall 0.0459243s, CPU 0.044593s)
Info    : 870 nodes 1530 elements
Info    : Meshing 1D...
Info    : [  0%] Meshing curve 1 (Line)
Info    : [ 20%] Meshing curve 2 (Line)
Info    : [ 30%] Meshing curve 3 (Line)
Info    : [ 50%] Meshing curve 4 (Line)
Info    : [ 60%] Meshing curve 5 (BSpline)
Info    : [ 80%] Meshing curve 6 (BSpline)
Info    : [ 90%] Meshing curve 7 (BSpline)
Info    : Done meshing 1D (Wall 0.045654s, CPU 0.515997s)
Info    : Meshing 2D...
Info    : Meshing surface 1 (Plane, Frontal-Delaunay)
Info    : Done meshing 2D (Wall 0.0502728s, CPU 0.152778s)
Info    : 378 nodes 558 elements
Info    : Meshing 1D...
Info    : [  0%] Meshing curve 1 (Line)
Info    : [ 20%] Meshing curve 2 (Line)
Info    : [ 30%] Meshing curve 3 (Line)
Info    : [ 50%] Meshing curve 4 (Line)
Info    : [ 60%] Meshing curve 5 (BSpline)
Info    : [ 80%] Meshing curve 6 (BSpline)
Info    : [ 90%] Meshing curve 7 (BSpline)
Info    : Done meshing 1D (Wall 0.0819083s, CPU 0.658813s)
Info    : Meshing 2D...
Info    : Meshing surface 1 (Plane, Frontal-Delaunay)
Info    : Done meshing 2D (Wall 0.0240634s, CPU 0.022913s)
Info    : 409 nodes 617 elements
Info    : Meshing 1D...
Info    : [  0%] Meshing curve 1 (Line)
Info    : [ 20%] Meshing curve 2 (Line)
Info    : [ 30%] Meshing curve 3 (Line)
Info    : [ 50%] Meshing curve 4 (Line)
Info    : [ 60%] Meshing curve 5 (BSpline)
Info    : [ 80%] Meshing curve 6 (BSpline)
Info    : [ 90%] Meshing curve 7 (BSpline)
Info    : Done meshing 1D (Wall 0.0725535s, CPU 0.677489s)
Info    : Meshing 2D...
Info    : Meshing surface 1 (Plane, Frontal-Delaunay)
Info    : Done meshing 2D (Wall 0.0278844s, CPU 0.026679s)
Info    : 512 nodes 822 elements
Info    : Meshing 1D...
Info    : [  0%] Meshing curve 1 (Line)
Info    : [ 20%] Meshing curve 2 (Line)
Info    : [ 30%] Meshing curve 3 (Line)
Info    : [ 50%] Meshing curve 4 (Line)
Info    : [ 60%] Meshing curve 5 (BSpline)
Info    : [ 80%] Meshing curve 6 (BSpline)
Info    : [ 90%] Meshing curve 7 (BSpline)
Info    : Done meshing 1D (Wall 0.109071s, CPU 0.732778s)
Info    : Meshing 2D...
Info    : Meshing surface 1 (Plane, Frontal-Delaunay)
Info    : Done meshing 2D (Wall 0.0549358s, CPU 0.053249s)
Info    : 1222 nodes 2233 elements
Info    : Meshing 1D...
Info    : [  0%] Meshing curve 1 (Line)
Info    : [ 20%] Meshing curve 2 (Line)
Info    : [ 30%] Meshing curve 3 (Line)
Info    : [ 50%] Meshing curve 4 (Line)
Info    : [ 60%] Meshing curve 5 (BSpline)
Info    : [ 80%] Meshing curve 6 (BSpline)
Info    : [ 90%] Meshing curve 7 (BSpline)
Info    : Done meshing 1D (Wall 0.0785728s, CPU 0.564716s)
Info    : Meshing 2D...
Info    : Meshing surface 1 (Plane, Frontal-Delaunay)
Info    : Done meshing 2D (Wall 0.093319s, CPU 0.09205s)
Info    : 2239 nodes 4253 elements
Info    : Meshing 1D...
Info    : [  0%] Meshing curve 1 (Line)
Info    : [ 20%] Meshing curve 2 (Line)
Info    : [ 30%] Meshing curve 3 (Line)
Info    : [ 50%] Meshing curve 4 (Line)
Info    : [ 60%] Meshing curve 5 (BSpline)
Info    : [ 80%] Meshing curve 6 (BSpline)
Info    : [ 90%] Meshing curve 7 (BSpline)
Info    : Done meshing 1D (Wall 0.0137098s, CPU 0.006104s)
Info    : Meshing 2D...
Info    : Meshing surface 1 (Plane, Frontal-Delaunay)
Info    : Done meshing 2D (Wall 0.033152s, CPU 0.032s)
Info    : 599 nodes 992 elements
Info    : Meshing 1D...
Info    : [  0%] Meshing curve 1 (Line)
Info    : [ 20%] Meshing curve 2 (Line)
Info    : [ 30%] Meshing curve 3 (Line)
Info    : [ 50%] Meshing curve 4 (Line)
Info    : [ 60%] Meshing curve 5 (BSpline)
Info    : [ 80%] Meshing curve 6 (BSpline)
Info    : [ 90%] Meshing curve 7 (BSpline)
Info    : Done meshing 1D (Wall 0.0530458s, CPU 0.645012s)
Info    : Meshing 2D...
Info    : Meshing surface 1 (Plane, Frontal-Delaunay)
Info    : Done meshing 2D (Wall 0.0356867s, CPU 0.134783s)
Info    : 684 nodes 1164 elements
Info    : Meshing 1D...
Info    : [  0%] Meshing curve 1 (Line)
Info    : [ 20%] Meshing curve 2 (Line)
Info    : [ 30%] Meshing curve 3 (Line)
Info    : [ 50%] Meshing curve 4 (Line)
Info    : [ 60%] Meshing curve 5 (BSpline)
Info    : [ 80%] Meshing curve 6 (BSpline)
Info    : [ 90%] Meshing curve 7 (BSpline)
Info    : Done meshing 1D (Wall 0.0720879s, CPU 0.638213s)
Info    : Meshing 2D...
Info    : Meshing surface 1 (Plane, Frontal-Delaunay)
Info    : Done meshing 2D (Wall 0.025505s, CPU 0.024368s)
Info    : 479 nodes 757 elements
Info    : Meshing 1D...
Info    : [  0%] Meshing curve 1 (Line)
Info    : [ 20%] Meshing curve 2 (Line)
Info    : [ 30%] Meshing curve 3 (Line)
Info    : [ 50%] Meshing curve 4 (Line)
Info    : [ 60%] Meshing curve 5 (BSpline)
Info    : [ 80%] Meshing curve 6 (BSpline)
Info    : [ 90%] Meshing curve 7 (BSpline)
Info    : Done meshing 1D (Wall 0.0705669s, CPU 0.532371s)
Info    : Meshing 2D...
Info    : Meshing surface 1 (Plane, Frontal-Delaunay)
Info    : Done meshing 2D (Wall 0.0229413s, CPU 0.021373s)
Info    : 408 nodes 616 elements
Info    : Meshing 1D...
Info    : [  0%] Meshing curve 1 (Line)
Info    : [ 20%] Meshing curve 2 (Line)
Info    : [ 30%] Meshing curve 3 (Line)
Info    : [ 50%] Meshing curve 4 (Line)
Info    : [ 60%] Meshing curve 5 (BSpline)
Info    : [ 80%] Meshing curve 6 (BSpline)
Info    : [ 90%] Meshing curve 7 (BSpline)
Info    : Done meshing 1D (Wall 0.0804006s, CPU 0.611349s)
Info    : Meshing 2D...
Info    : Meshing surface 1 (Plane, Frontal-Delaunay)
Info    : Done meshing 2D (Wall 0.0321359s, CPU 0.030781s)
Info    : 631 nodes 1059 elements
Info    : Meshing 1D...
Info    : [  0%] Meshing curve 1 (Line)
Info    : [ 20%] Meshing curve 2 (Line)
Info    : [ 30%] Meshing curve 3 (Line)
Info    : [ 50%] Meshing curve 4 (Line)
Info    : [ 60%] Meshing curve 5 (BSpline)
Info    : [ 80%] Meshing curve 6 (BSpline)
Info    : [ 90%] Meshing curve 7 (BSpline)
Info    : Done meshing 1D (Wall 0.0815972s, CPU 0.660536s)
Info    : Meshing 2D...
Info    : Meshing surface 1 (Plane, Frontal-Delaunay)
Info    : Done meshing 2D (Wall 0.05181s, CPU 0.050481s)
Info    : 1077 nodes 1943 elements
Info    : Meshing 1D...
Info    : [  0%] Meshing curve 1 (Line)
Info    : [ 20%] Meshing curve 2 (Line)
Info    : [ 30%] Meshing curve 3 (Line)
Info    : [ 50%] Meshing curve 4 (Line)
Info    : [ 60%] Meshing curve 5 (BSpline)
Info    : [ 80%] Meshing curve 6 (BSpline)
Info    : [ 90%] Meshing curve 7 (BSpline)
Info    : Done meshing 1D (Wall 0.081099s, CPU 0.708815s)
Info    : Meshing 2D...
Info    : Meshing surface 1 (Plane, Frontal-Delaunay)
Info    : Done meshing 2D (Wall 0.030578s, CPU 0.029062s)
Info    : 595 nodes 988 elements
Info    : Meshing 1D...
Info    : [  0%] Meshing curve 1 (Line)
Info    : [ 20%] Meshing curve 2 (Line)
Info    : [ 30%] Meshing curve 3 (Line)
Info    : [ 50%] Meshing curve 4 (Line)
Info    : [ 60%] Meshing curve 5 (BSpline)
Info    : [ 80%] Meshing curve 6 (BSpline)
Info    : [ 90%] Meshing curve 7 (BSpline)
Info    : Done meshing 1D (Wall 0.075684s, CPU 0.787736s)
Info    : Meshing 2D...
Info    : Meshing surface 1 (Plane, Frontal-Delaunay)
Info    : Done meshing 2D (Wall 0.0225967s, CPU 0.021018s)
Info    : 374 nodes 548 elements
Info    : Meshing 1D...
Info    : [  0%] Meshing curve 1 (Line)
Info    : [ 20%] Meshing curve 2 (Line)
Info    : [ 30%] Meshing curve 3 (Line)
Info    : [ 50%] Meshing curve 4 (Line)
Info    : [ 60%] Meshing curve 5 (BSpline)
Info    : [ 80%] Meshing curve 6 (BSpline)
Info    : [ 90%] Meshing curve 7 (BSpline)
Info    : Done meshing 1D (Wall 0.0775127s, CPU 0.78058s)
Info    : Meshing 2D...
Info    : Meshing surface 1 (Plane, Frontal-Delaunay)
Info    : Done meshing 2D (Wall 0.0228246s, CPU 0.021339s)
Info    : 377 nodes 554 elements
Info    : Meshing 1D...
Info    : [  0%] Meshing curve 1 (Line)
Info    : [ 20%] Meshing curve 2 (Line)
Info    : [ 30%] Meshing curve 3 (Line)
Info    : [ 50%] Meshing curve 4 (Line)
Info    : [ 60%] Meshing curve 5 (BSpline)
Info    : [ 80%] Meshing curve 6 (BSpline)
Info    : [ 90%] Meshing curve 7 (BSpline)
Info    : Done meshing 1D (Wall 0.0621835s, CPU 0.792144s)
Info    : Meshing 2D...
Info    : Meshing surface 1 (Plane, Frontal-Delaunay)
Info    : Done meshing 2D (Wall 0.0250868s, CPU 0.023839s)
Info    : 431 nodes 661 elements
Info    : Meshing 1D...
Info    : [  0%] Meshing curve 1 (Line)
Info    : [ 20%] Meshing curve 2 (Line)
Info    : [ 30%] Meshing curve 3 (Line)
Info    : [ 50%] Meshing curve 4 (Line)
Info    : [ 60%] Meshing curve 5 (BSpline)
Info    : [ 80%] Meshing curve 6 (BSpline)
Info    : [ 90%] Meshing curve 7 (BSpline)
Info    : Done meshing 1D (Wall 0.0746493s, CPU 0.648241s)
Info    : Meshing 2D...
Info    : Meshing surface 1 (Plane, Frontal-Delaunay)
Info    : Done meshing 2D (Wall 0.0250491s, CPU 0.023702s)
Info    : 434 nodes 667 elements
Info    : Meshing 1D...
Info    : [  0%] Meshing curve 1 (Line)
Info    : [ 20%] Meshing curve 2 (Line)
Info    : [ 30%] Meshing curve 3 (Line)
Info    : [ 50%] Meshing curve 4 (Line)
Info    : [ 60%] Meshing curve 5 (BSpline)
Info    : [ 80%] Meshing curve 6 (BSpline)
Info    : [ 90%] Meshing curve 7 (BSpline)
Info    : Done meshing 1D (Wall 0.0838278s, CPU 0.599478s)
Info    : Meshing 2D...
Info    : Meshing surface 1 (Plane, Frontal-Delaunay)
Info    : Done meshing 2D (Wall 0.066909s, CPU 0.065421s)
Info    : 1473 nodes 2729 elements
Info    : Meshing 1D...
Info    : [  0%] Meshing curve 1 (Line)
Info    : [ 20%] Meshing curve 2 (Line)
Info    : [ 30%] Meshing curve 3 (Line)
Info    : [ 50%] Meshing curve 4 (Line)
Info    : [ 60%] Meshing curve 5 (BSpline)
Info    : [ 80%] Meshing curve 6 (BSpline)
Info    : [ 90%] Meshing curve 7 (BSpline)
Info    : Done meshing 1D (Wall 0.0827514s, CPU 0.602824s)
Info    : Meshing 2D...
Info    : Meshing surface 1 (Plane, Frontal-Delaunay)
Info    : Done meshing 2D (Wall 0.0294629s, CPU 0.028208s)
Info    : 581 nodes 960 elements
Info    : Meshing 1D...
Info    : [  0%] Meshing curve 1 (Line)
Info    : [ 20%] Meshing curve 2 (Line)
Info    : [ 30%] Meshing curve 3 (Line)
Info    : [ 50%] Meshing curve 4 (Line)
Info    : [ 60%] Meshing curve 5 (BSpline)
Info    : [ 80%] Meshing curve 6 (BSpline)
Info    : [ 90%] Meshing curve 7 (BSpline)
Info    : Done meshing 1D (Wall 0.0694277s, CPU 0.812111s)
Info    : Meshing 2D...
Info    : Meshing surface 1 (Plane, Frontal-Delaunay)
Info    : Done meshing 2D (Wall 0.0543091s, CPU 0.052928s)
Info    : 1039 nodes 1864 elements
Info    : Meshing 1D...
Info    : [  0%] Meshing curve 1 (Line)
Info    : [ 20%] Meshing curve 2 (Line)
Info    : [ 30%] Meshing curve 3 (Line)
Info    : [ 50%] Meshing curve 4 (Line)
Info    : [ 60%] Meshing curve 5 (BSpline)
Info    : [ 80%] Meshing curve 6 (BSpline)
Info    : [ 90%] Meshing curve 7 (BSpline)
Info    : Done meshing 1D (Wall 0.0739136s, CPU 0.640965s)
Info    : Meshing 2D...
Info    : Meshing surface 1 (Plane, Frontal-Delaunay)
Info    : Done meshing 2D (Wall 0.0658024s, CPU 0.064327s)
Info    : 1328 nodes 2437 elements
Info    : Meshing 1D...
Info    : [  0%] Meshing curve 1 (Line)
Info    : [ 20%] Meshing curve 2 (Line)
Info    : [ 30%] Meshing curve 3 (Line)
Info    : [ 50%] Meshing curve 4 (Line)
Info    : [ 60%] Meshing curve 5 (BSpline)
Info    : [ 80%] Meshing curve 6 (BSpline)
Info    : [ 90%] Meshing curve 7 (BSpline)
Info    : Done meshing 1D (Wall 0.0717063s, CPU 0.669201s)
Info    : Meshing 2D...
Info    : Meshing surface 1 (Plane, Frontal-Delaunay)
Info    : Done meshing 2D (Wall 0.0210775s, CPU 0.019165s)
Info    : 376 nodes 553 elements
Info    : Meshing 1D...
Info    : [  0%] Meshing curve 1 (Line)
Info    : [ 20%] Meshing curve 2 (Line)
Info    : [ 30%] Meshing curve 3 (Line)
Info    : [ 50%] Meshing curve 4 (Line)
Info    : [ 60%] Meshing curve 5 (BSpline)
Info    : [ 80%] Meshing curve 6 (BSpline)
Info    : [ 90%] Meshing curve 7 (BSpline)
Info    : Done meshing 1D (Wall 0.0534357s, CPU 0.554354s)
Info    : Meshing 2D...
Info    : Meshing surface 1 (Plane, Frontal-Delaunay)
Info    : Done meshing 2D (Wall 0.0634716s, CPU 0.177135s)
Info    : 1355 nodes 2496 elements
Info    : Meshing 1D...
Info    : [  0%] Meshing curve 1 (Line)
Info    : [ 20%] Meshing curve 2 (Line)
Info    : [ 30%] Meshing curve 3 (Line)
Info    : [ 50%] Meshing curve 4 (Line)
Info    : [ 60%] Meshing curve 5 (BSpline)
Info    : [ 80%] Meshing curve 6 (BSpline)
Info    : [ 90%] Meshing curve 7 (BSpline)
Info    : Done meshing 1D (Wall 0.0670139s, CPU 0.677958s)
Info    : Meshing 2D...
Info    : Meshing surface 1 (Plane, Frontal-Delaunay)
Info    : Done meshing 2D (Wall 0.0200973s, CPU 0.018792s)
Info    : 376 nodes 554 elements
Info    : Meshing 1D...
Info    : [  0%] Meshing curve 1 (Line)
Info    : [ 20%] Meshing curve 2 (Line)
Info    : [ 30%] Meshing curve 3 (Line)
Info    : [ 50%] Meshing curve 4 (Line)
Info    : [ 60%] Meshing curve 5 (BSpline)
Info    : [ 80%] Meshing curve 6 (BSpline)
Info    : [ 90%] Meshing curve 7 (BSpline)
Info    : Done meshing 1D (Wall 0.0162454s, CPU 0.19127s)
Info    : Meshing 2D...
Info    : Meshing surface 1 (Plane, Frontal-Delaunay)
Info    : Done meshing 2D (Wall 0.0286681s, CPU 0.40199s)
Info    : 370 nodes 540 elements
Info    : Meshing 1D...
Info    : [  0%] Meshing curve 1 (Line)
Info    : [ 20%] Meshing curve 2 (Line)
Info    : [ 30%] Meshing curve 3 (Line)
Info    : [ 50%] Meshing curve 4 (Line)
Info    : [ 60%] Meshing curve 5 (BSpline)
Info    : [ 80%] Meshing curve 6 (BSpline)
Info    : [ 90%] Meshing curve 7 (BSpline)
Info    : Done meshing 1D (Wall 0.0765385s, CPU 0.713721s)
Info    : Meshing 2D...
Info    : Meshing surface 1 (Plane, Frontal-Delaunay)
Info    : Done meshing 2D (Wall 0.0234268s, CPU 0.021878s)
Info    : 406 nodes 612 elements
Info    : Meshing 1D...
Info    : [  0%] Meshing curve 1 (Line)
Info    : [ 20%] Meshing curve 2 (Line)
Info    : [ 30%] Meshing curve 3 (Line)
Info    : [ 50%] Meshing curve 4 (Line)
Info    : [ 60%] Meshing curve 5 (BSpline)
Info    : [ 80%] Meshing curve 6 (BSpline)
Info    : [ 90%] Meshing curve 7 (BSpline)
Info    : Done meshing 1D (Wall 0.0152295s, CPU 0.176063s)
Info    : Meshing 2D...
Info    : Meshing surface 1 (Plane, Frontal-Delaunay)
Info    : Done meshing 2D (Wall 0.0651245s, CPU 0.53168s)
Info    : 1047 nodes 1880 elements
Info    : Meshing 1D...
Info    : [  0%] Meshing curve 1 (Line)
Info    : [ 20%] Meshing curve 2 (Line)
Info    : [ 30%] Meshing curve 3 (Line)
Info    : [ 50%] Meshing curve 4 (Line)
Info    : [ 60%] Meshing curve 5 (BSpline)
Info    : [ 80%] Meshing curve 6 (BSpline)
Info    : [ 90%] Meshing curve 7 (BSpline)
Info    : Done meshing 1D (Wall 0.0680608s, CPU 0.545627s)
Info    : Meshing 2D...
Info    : Meshing surface 1 (Plane, Frontal-Delaunay)
Info    : Done meshing 2D (Wall 0.0297161s, CPU 0.02844s)
Info    : 555 nodes 908 elements
Info    : Meshing 1D...
Info    : [  0%] Meshing curve 1 (Line)
Info    : [ 20%] Meshing curve 2 (Line)
Info    : [ 30%] Meshing curve 3 (Line)
Info    : [ 50%] Meshing curve 4 (Line)
Info    : [ 60%] Meshing curve 5 (BSpline)
Info    : [ 80%] Meshing curve 6 (BSpline)
Info    : [ 90%] Meshing curve 7 (BSpline)
Info    : Done meshing 1D (Wall 0.0495536s, CPU 0.52625s)
Info    : Meshing 2D...
Info    : Meshing surface 1 (Plane, Frontal-Delaunay)
Info    : Done meshing 2D (Wall 0.106711s, CPU 0.20949s)
Info    : 1338 nodes 2457 elements
Info    : Meshing 1D...
Info    : [  0%] Meshing curve 1 (Line)
Info    : [ 20%] Meshing curve 2 (Line)
Info    : [ 30%] Meshing curve 3 (Line)
Info    : [ 50%] Meshing curve 4 (Line)
Info    : [ 60%] Meshing curve 5 (BSpline)
Info    : [ 80%] Meshing curve 6 (BSpline)
Info    : [ 90%] Meshing curve 7 (BSpline)
Info    : Done meshing 1D (Wall 0.0761613s, CPU 0.640539s)
Info    : Meshing 2D...
Info    : Meshing surface 1 (Plane, Frontal-Delaunay)
Info    : Done meshing 2D (Wall 0.0348773s, CPU 0.033347s)
Info    : 643 nodes 1081 elements
Info    : Meshing 1D...
Info    : [  0%] Meshing curve 1 (Line)
Info    : [ 20%] Meshing curve 2 (Line)
Info    : [ 30%] Meshing curve 3 (Line)
Info    : [ 50%] Meshing curve 4 (Line)
Info    : [ 60%] Meshing curve 5 (BSpline)
Info    : [ 80%] Meshing curve 6 (BSpline)
Info    : [ 90%] Meshing curve 7 (BSpline)
Info    : Done meshing 1D (Wall 0.0517917s, CPU 0.543633s)
Info    : Meshing 2D...
Info    : Meshing surface 1 (Plane, Frontal-Delaunay)
Info    : Done meshing 2D (Wall 0.0296637s, CPU 0.197795s)
Info    : 501 nodes 800 elements
Info    : Meshing 1D...
Info    : [  0%] Meshing curve 1 (Line)
Info    : [ 20%] Meshing curve 2 (Line)
Info    : [ 30%] Meshing curve 3 (Line)
Info    : [ 50%] Meshing curve 4 (Line)
Info    : [ 60%] Meshing curve 5 (BSpline)
Info    : [ 80%] Meshing curve 6 (BSpline)
Info    : [ 90%] Meshing curve 7 (BSpline)
Info    : Done meshing 1D (Wall 0.0783128s, CPU 0.80212s)
Info    : Meshing 2D...
Info    : Meshing surface 1 (Plane, Frontal-Delaunay)
Info    : Done meshing 2D (Wall 0.0241762s, CPU 0.02284s)
Info    : 410 nodes 619 elements
Info    : Meshing 1D...
Info    : [  0%] Meshing curve 1 (Line)
Info    : [ 20%] Meshing curve 2 (Line)
Info    : [ 30%] Meshing curve 3 (Line)
Info    : [ 50%] Meshing curve 4 (Line)
Info    : [ 60%] Meshing curve 5 (BSpline)
Info    : [ 80%] Meshing curve 6 (BSpline)
Info    : [ 90%] Meshing curve 7 (BSpline)
Info    : Done meshing 1D (Wall 0.0749428s, CPU 0.596611s)
Info    : Meshing 2D...
Info    : Meshing surface 1 (Plane, Frontal-Delaunay)
Info    : Done meshing 2D (Wall 0.0749871s, CPU 0.073258s)
Info    : 1822 nodes 3428 elements
Info    : Meshing 1D...
Info    : [  0%] Meshing curve 1 (Line)
Info    : [ 20%] Meshing curve 2 (Line)
Info    : [ 30%] Meshing curve 3 (Line)
Info    : [ 50%] Meshing curve 4 (Line)
Info    : [ 60%] Meshing curve 5 (BSpline)
Info    : [ 80%] Meshing curve 6 (BSpline)
Info    : [ 90%] Meshing curve 7 (BSpline)
Info    : Done meshing 1D (Wall 0.0846596s, CPU 0.508964s)
Info    : Meshing 2D...
Info    : Meshing surface 1 (Plane, Frontal-Delaunay)
Info    : Done meshing 2D (Wall 0.0235732s, CPU 0.021839s)
Info    : 413 nodes 625 elements
Info    : Meshing 1D...
Info    : [  0%] Meshing curve 1 (Line)
Info    : [ 20%] Meshing curve 2 (Line)
Info    : [ 30%] Meshing curve 3 (Line)
Info    : [ 50%] Meshing curve 4 (Line)
Info    : [ 60%] Meshing curve 5 (BSpline)
Info    : [ 80%] Meshing curve 6 (BSpline)
Info    : [ 90%] Meshing curve 7 (BSpline)
Info    : Done meshing 1D (Wall 0.0872733s, CPU 0.711169s)
Info    : Meshing 2D...
Info    : Meshing surface 1 (Plane, Frontal-Delaunay)
Info    : Done meshing 2D (Wall 0.0545375s, CPU 0.052757s)
Info    : 1123 nodes 2034 elements
Info    : Meshing 1D...
Info    : [  0%] Meshing curve 1 (Line)
Info    : [ 20%] Meshing curve 2 (Line)
Info    : [ 30%] Meshing curve 3 (Line)
Info    : [ 50%] Meshing curve 4 (Line)
Info    : [ 60%] Meshing curve 5 (BSpline)
Info    : [ 80%] Meshing curve 6 (BSpline)
Info    : [ 90%] Meshing curve 7 (BSpline)
Info    : Done meshing 1D (Wall 0.0714388s, CPU 0.581473s)
Info    : Meshing 2D...
Info    : Meshing surface 1 (Plane, Frontal-Delaunay)
Info    : Done meshing 2D (Wall 0.0229155s, CPU 0.021594s)
Info    : 404 nodes 608 elements
Info    : Meshing 1D...
Info    : [  0%] Meshing curve 1 (Line)
Info    : [ 20%] Meshing curve 2 (Line)
Info    : [ 30%] Meshing curve 3 (Line)
Info    : [ 50%] Meshing curve 4 (Line)
Info    : [ 60%] Meshing curve 5 (BSpline)
Info    : [ 80%] Meshing curve 6 (BSpline)
Info    : [ 90%] Meshing curve 7 (BSpline)
Info    : Done meshing 1D (Wall 0.0778808s, CPU 0.717935s)
Info    : Meshing 2D...
Info    : Meshing surface 1 (Plane, Frontal-Delaunay)
Info    : Done meshing 2D (Wall 0.0490318s, CPU 0.047857s)
Info    : 986 nodes 1761 elements
Info    : Meshing 1D...
Info    : [  0%] Meshing curve 1 (Line)
Info    : [ 20%] Meshing curve 2 (Line)
Info    : [ 30%] Meshing curve 3 (Line)
Info    : [ 50%] Meshing curve 4 (Line)
Info    : [ 60%] Meshing curve 5 (BSpline)
Info    : [ 80%] Meshing curve 6 (BSpline)
Info    : [ 90%] Meshing curve 7 (BSpline)
Info    : Done meshing 1D (Wall 0.076201s, CPU 0.636951s)
Info    : Meshing 2D...
Info    : Meshing surface 1 (Plane, Frontal-Delaunay)
Info    : Done meshing 2D (Wall 0.032215s, CPU 0.030315s)
Info    : 592 nodes 980 elements
Info    : Meshing 1D...
Info    : [  0%] Meshing curve 1 (Line)
Info    : [ 20%] Meshing curve 2 (Line)
Info    : [ 30%] Meshing curve 3 (Line)
Info    : [ 50%] Meshing curve 4 (Line)
Info    : [ 60%] Meshing curve 5 (BSpline)
Info    : [ 80%] Meshing curve 6 (BSpline)
Info    : [ 90%] Meshing curve 7 (BSpline)
Info    : Done meshing 1D (Wall 0.0854365s, CPU 0.772531s)
Info    : Meshing 2D...
Info    : Meshing surface 1 (Plane, Frontal-Delaunay)
Info    : Done meshing 2D (Wall 0.0312941s, CPU 0.02977s)
Info    : 586 nodes 969 elements
Info    : Meshing 1D...
Info    : [  0%] Meshing curve 1 (Line)
Info    : [ 20%] Meshing curve 2 (Line)
Info    : [ 30%] Meshing curve 3 (Line)
Info    : [ 50%] Meshing curve 4 (Line)
Info    : [ 60%] Meshing curve 5 (BSpline)
Info    : [ 80%] Meshing curve 6 (BSpline)
Info    : [ 90%] Meshing curve 7 (BSpline)
Info    : Done meshing 1D (Wall 0.0827205s, CPU 0.770304s)
Info    : Meshing 2D...
Info    : Meshing surface 1 (Plane, Frontal-Delaunay)
Info    : Done meshing 2D (Wall 0.040067s, CPU 0.038758s)
Info    : 725 nodes 1242 elements
Info    : Meshing 1D...
Info    : [  0%] Meshing curve 1 (Line)
Info    : [ 20%] Meshing curve 2 (Line)
Info    : [ 30%] Meshing curve 3 (Line)
Info    : [ 50%] Meshing curve 4 (Line)
Info    : [ 60%] Meshing curve 5 (BSpline)
Info    : [ 80%] Meshing curve 6 (BSpline)
Info    : [ 90%] Meshing curve 7 (BSpline)
Info    : Done meshing 1D (Wall 0.0738637s, CPU 0.724433s)
Info    : Meshing 2D...
Info    : Meshing surface 1 (Plane, Frontal-Delaunay)
Info    : Done meshing 2D (Wall 0.0777136s, CPU 0.076331s)
Info    : 1792 nodes 3364 elements
Info    : Meshing 1D...
Info    : [  0%] Meshing curve 1 (Line)
Info    : [ 20%] Meshing curve 2 (Line)
Info    : [ 30%] Meshing curve 3 (Line)
Info    : [ 50%] Meshing curve 4 (Line)
Info    : [ 60%] Meshing curve 5 (BSpline)
Info    : [ 80%] Meshing curve 6 (BSpline)
Info    : [ 90%] Meshing curve 7 (BSpline)
Info    : Done meshing 1D (Wall 0.0520121s, CPU 0.515229s)
Info    : Meshing 2D...
Info    : Meshing surface 1 (Plane, Frontal-Delaunay)
Info    : Done meshing 2D (Wall 0.0558589s, CPU 0.054322s)
Info    : 1214 nodes 2216 elements
Info    : Meshing 1D...
Info    : [  0%] Meshing curve 1 (Line)
Info    : [ 20%] Meshing curve 2 (Line)
Info    : [ 30%] Meshing curve 3 (Line)
Info    : [ 50%] Meshing curve 4 (Line)
Info    : [ 60%] Meshing curve 5 (BSpline)
Info    : [ 80%] Meshing curve 6 (BSpline)
Info    : [ 90%] Meshing curve 7 (BSpline)
Info    : Done meshing 1D (Wall 0.0547163s, CPU 0.679602s)
Info    : Meshing 2D...
Info    : Meshing surface 1 (Plane, Frontal-Delaunay)
Info    : Done meshing 2D (Wall 0.075988s, CPU 0.074804s)
Info    : 1713 nodes 3206 elements
Info    : Meshing 1D...
Info    : [  0%] Meshing curve 1 (Line)
Info    : [ 20%] Meshing curve 2 (Line)
Info    : [ 30%] Meshing curve 3 (Line)
Info    : [ 50%] Meshing curve 4 (Line)
Info    : [ 60%] Meshing curve 5 (BSpline)
Info    : [ 80%] Meshing curve 6 (BSpline)
Info    : [ 90%] Meshing curve 7 (BSpline)
Info    : Done meshing 1D (Wall 0.0725324s, CPU 0.589453s)
Info    : Meshing 2D...
Info    : Meshing surface 1 (Plane, Frontal-Delaunay)
Info    : Done meshing 2D (Wall 0.0852076s, CPU 0.083995s)
Info    : 2080 nodes 3939 elements
Info    : Meshing 1D...
Info    : [  0%] Meshing curve 1 (Line)
Info    : [ 20%] Meshing curve 2 (Line)
Info    : [ 30%] Meshing curve 3 (Line)
Info    : [ 50%] Meshing curve 4 (Line)
Info    : [ 60%] Meshing curve 5 (BSpline)
Info    : [ 80%] Meshing curve 6 (BSpline)
Info    : [ 90%] Meshing curve 7 (BSpline)
Info    : Done meshing 1D (Wall 0.0838113s, CPU 0.427744s)
Info    : Meshing 2D...
Info    : Meshing surface 1 (Plane, Frontal-Delaunay)
Info    : Done meshing 2D (Wall 0.0300221s, CPU 0.028745s)
Info    : 484 nodes 764 elements
Info    : Meshing 1D...
Info    : [  0%] Meshing curve 1 (Line)
Info    : [ 20%] Meshing curve 2 (Line)
Info    : [ 30%] Meshing curve 3 (Line)
Info    : [ 50%] Meshing curve 4 (Line)
Info    : [ 60%] Meshing curve 5 (BSpline)
Info    : [ 80%] Meshing curve 6 (BSpline)
Info    : [ 90%] Meshing curve 7 (BSpline)
Info    : Done meshing 1D (Wall 0.0644542s, CPU 0.614566s)
Info    : Meshing 2D...
Info    : Meshing surface 1 (Plane, Frontal-Delaunay)
Info    : Done meshing 2D (Wall 0.0288792s, CPU 0.027492s)
Info    : 477 nodes 751 elements
Info    : Meshing 1D...
Info    : [  0%] Meshing curve 1 (Line)
Info    : [ 20%] Meshing curve 2 (Line)
Info    : [ 30%] Meshing curve 3 (Line)
Info    : [ 50%] Meshing curve 4 (Line)
Info    : [ 60%] Meshing curve 5 (BSpline)
Info    : [ 80%] Meshing curve 6 (BSpline)
Info    : [ 90%] Meshing curve 7 (BSpline)
Info    : Done meshing 1D (Wall 0.0665332s, CPU 0.66075s)
Info    : Meshing 2D...
Info    : Meshing surface 1 (Plane, Frontal-Delaunay)
Info    : Done meshing 2D (Wall 0.029351s, CPU 0.028194s)
Info    : 518 nodes 834 elements
Info    : Meshing 1D...
Info    : [  0%] Meshing curve 1 (Line)
Info    : [ 20%] Meshing curve 2 (Line)
Info    : [ 30%] Meshing curve 3 (Line)
Info    : [ 50%] Meshing curve 4 (Line)
Info    : [ 60%] Meshing curve 5 (BSpline)
Info    : [ 80%] Meshing curve 6 (BSpline)
Info    : [ 90%] Meshing curve 7 (BSpline)
Info    : Done meshing 1D (Wall 0.0783581s, CPU 0.627634s)
Info    : Meshing 2D...
Info    : Meshing surface 1 (Plane, Frontal-Delaunay)
Info    : Done meshing 2D (Wall 0.0387836s, CPU 0.037005s)
Info    : 740 nodes 1274 elements
Info    : Meshing 1D...
Info    : [  0%] Meshing curve 1 (Line)
Info    : [ 20%] Meshing curve 2 (Line)
Info    : [ 30%] Meshing curve 3 (Line)
Info    : [ 50%] Meshing curve 4 (Line)
Info    : [ 60%] Meshing curve 5 (BSpline)
Info    : [ 80%] Meshing curve 6 (BSpline)
Info    : [ 90%] Meshing curve 7 (BSpline)
Info    : Done meshing 1D (Wall 0.0711871s, CPU 0.735881s)
Info    : Meshing 2D...
Info    : Meshing surface 1 (Plane, Frontal-Delaunay)
Info    : Done meshing 2D (Wall 0.0325945s, CPU 0.031404s)
Info    : 553 nodes 901 elements
Info    : Meshing 1D...
Info    : [  0%] Meshing curve 1 (Line)
Info    : [ 20%] Meshing curve 2 (Line)
Info    : [ 30%] Meshing curve 3 (Line)
Info    : [ 50%] Meshing curve 4 (Line)
Info    : [ 60%] Meshing curve 5 (BSpline)
Info    : [ 80%] Meshing curve 6 (BSpline)
Info    : [ 90%] Meshing curve 7 (BSpline)
Info    : Done meshing 1D (Wall 0.11093s, CPU 0.676043s)
Info    : Meshing 2D...
Info    : Meshing surface 1 (Plane, Frontal-Delaunay)
Info    : Done meshing 2D (Wall 0.0693889s, CPU 0.06813s)
Info    : 1628 nodes 3040 elements
Info    : Meshing 1D...
Info    : [  0%] Meshing curve 1 (Line)
Info    : [ 20%] Meshing curve 2 (Line)
Info    : [ 30%] Meshing curve 3 (Line)
Info    : [ 50%] Meshing curve 4 (Line)
Info    : [ 60%] Meshing curve 5 (BSpline)
Info    : [ 80%] Meshing curve 6 (BSpline)
Info    : [ 90%] Meshing curve 7 (BSpline)
Info    : Done meshing 1D (Wall 0.0754933s, CPU 0.48728s)
Info    : Meshing 2D...
Info    : Meshing surface 1 (Plane, Frontal-Delaunay)
Info    : Done meshing 2D (Wall 0.0315571s, CPU 0.030413s)
Info    : 592 nodes 981 elements
Info    : Meshing 1D...
Info    : [  0%] Meshing curve 1 (Line)
Info    : [ 20%] Meshing curve 2 (Line)
Info    : [ 30%] Meshing curve 3 (Line)
Info    : [ 50%] Meshing curve 4 (Line)
Info    : [ 60%] Meshing curve 5 (BSpline)
Info    : [ 80%] Meshing curve 6 (BSpline)
Info    : [ 90%] Meshing curve 7 (BSpline)
Info    : Done meshing 1D (Wall 0.0744201s, CPU 0.86523s)
Info    : Meshing 2D...
Info    : Meshing surface 1 (Plane, Frontal-Delaunay)
Info    : Done meshing 2D (Wall 0.0203802s, CPU 0.018497s)
Info    : 384 nodes 570 elements
Info    : Meshing 1D...
Info    : [  0%] Meshing curve 1 (Line)
Info    : [ 20%] Meshing curve 2 (Line)
Info    : [ 30%] Meshing curve 3 (Line)
Info    : [ 50%] Meshing curve 4 (Line)
Info    : [ 60%] Meshing curve 5 (BSpline)
Info    : [ 80%] Meshing curve 6 (BSpline)
Info    : [ 90%] Meshing curve 7 (BSpline)
Info    : Done meshing 1D (Wall 0.0542018s, CPU 0.763328s)
Info    : Meshing 2D...
Info    : Meshing surface 1 (Plane, Frontal-Delaunay)
Info    : Done meshing 2D (Wall 0.0439936s, CPU 0.138961s)
Info    : 872 nodes 1537 elements
Info    : Meshing 1D...
Info    : [  0%] Meshing curve 1 (Line)
Info    : [ 20%] Meshing curve 2 (Line)
Info    : [ 30%] Meshing curve 3 (Line)
Info    : [ 50%] Meshing curve 4 (Line)
Info    : [ 60%] Meshing curve 5 (BSpline)
Info    : [ 80%] Meshing curve 6 (BSpline)
Info    : [ 90%] Meshing curve 7 (BSpline)
Info    : Done meshing 1D (Wall 0.0709778s, CPU 0.535497s)
Info    : Meshing 2D...
Info    : Meshing surface 1 (Plane, Frontal-Delaunay)
Info    : Done meshing 2D (Wall 0.0681047s, CPU 0.066999s)
Info    : 1440 nodes 2662 elements
Info    : Meshing 1D...
Info    : [  0%] Meshing curve 1 (Line)
Info    : [ 20%] Meshing curve 2 (Line)
Info    : [ 30%] Meshing curve 3 (Line)
Info    : [ 50%] Meshing curve 4 (Line)
Info    : [ 60%] Meshing curve 5 (BSpline)
Info    : [ 80%] Meshing curve 6 (BSpline)
Info    : [ 90%] Meshing curve 7 (BSpline)
Info    : Done meshing 1D (Wall 0.0738225s, CPU 0.581672s)
Info    : Meshing 2D...
Info    : Meshing surface 1 (Plane, Frontal-Delaunay)
Info    : Done meshing 2D (Wall 0.019609s, CPU 0.018291s)
Info    : 380 nodes 562 elements
Info    : Meshing 1D...
Info    : [  0%] Meshing curve 1 (Line)
Info    : [ 20%] Meshing curve 2 (Line)
Info    : [ 30%] Meshing curve 3 (Line)
Info    : [ 50%] Meshing curve 4 (Line)
Info    : [ 60%] Meshing curve 5 (BSpline)
Info    : [ 80%] Meshing curve 6 (BSpline)
Info    : [ 90%] Meshing curve 7 (BSpline)
Info    : Done meshing 1D (Wall 0.0858523s, CPU 0.768779s)
Info    : Meshing 2D...
Info    : Meshing surface 1 (Plane, Frontal-Delaunay)
Info    : Done meshing 2D (Wall 0.0237177s, CPU 0.022512s)
Info    : 401 nodes 601 elements
Info    : Meshing 1D...
Info    : [  0%] Meshing curve 1 (Line)
Info    : [ 20%] Meshing curve 2 (Line)
Info    : [ 30%] Meshing curve 3 (Line)
Info    : [ 50%] Meshing curve 4 (Line)
Info    : [ 60%] Meshing curve 5 (BSpline)
Info    : [ 80%] Meshing curve 6 (BSpline)
Info    : [ 90%] Meshing curve 7 (BSpline)
Info    : Done meshing 1D (Wall 0.0821316s, CPU 0.567019s)
Info    : Meshing 2D...
Info    : Meshing surface 1 (Plane, Frontal-Delaunay)
Info    : Done meshing 2D (Wall 0.0289168s, CPU 0.027776s)
Info    : 521 nodes 840 elements
Info    : Meshing 1D...
Info    : [  0%] Meshing curve 1 (Line)
Info    : [ 20%] Meshing curve 2 (Line)
Info    : [ 30%] Meshing curve 3 (Line)
Info    : [ 50%] Meshing curve 4 (Line)
Info    : [ 60%] Meshing curve 5 (BSpline)
Info    : [ 80%] Meshing curve 6 (BSpline)
Info    : [ 90%] Meshing curve 7 (BSpline)
Info    : Done meshing 1D (Wall 0.0790905s, CPU 0.744084s)
Info    : Meshing 2D...
Info    : Meshing surface 1 (Plane, Frontal-Delaunay)
Info    : Done meshing 2D (Wall 0.0474559s, CPU 0.045729s)
Info    : 938 nodes 1666 elements
Info    : Meshing 1D...
Info    : [  0%] Meshing curve 1 (Line)
Info    : [ 20%] Meshing curve 2 (Line)
Info    : [ 30%] Meshing curve 3 (Line)
Info    : [ 50%] Meshing curve 4 (Line)
Info    : [ 60%] Meshing curve 5 (BSpline)
Info    : [ 80%] Meshing curve 6 (BSpline)
Info    : [ 90%] Meshing curve 7 (BSpline)
Info    : Done meshing 1D (Wall 0.0545838s, CPU 0.684292s)
Info    : Meshing 2D...
Info    : Meshing surface 1 (Plane, Frontal-Delaunay)
Info    : Done meshing 2D (Wall 0.0965609s, CPU 0.094667s)
Info    : 2335 nodes 4445 elements
Info    : Meshing 1D...
Info    : [  0%] Meshing curve 1 (Line)
Info    : [ 20%] Meshing curve 2 (Line)
Info    : [ 30%] Meshing curve 3 (Line)
Info    : [ 50%] Meshing curve 4 (Line)
Info    : [ 60%] Meshing curve 5 (BSpline)
Info    : [ 80%] Meshing curve 6 (BSpline)
Info    : [ 90%] Meshing curve 7 (BSpline)
Info    : Done meshing 1D (Wall 0.0170768s, CPU 0.106323s)
Info    : Meshing 2D...
Info    : Meshing surface 1 (Plane, Frontal-Delaunay)
Info    : Done meshing 2D (Wall 0.0296371s, CPU 0.205828s)
Info    : 478 nodes 755 elements
Info    : Meshing 1D...
Info    : [  0%] Meshing curve 1 (Line)
Info    : [ 20%] Meshing curve 2 (Line)
Info    : [ 30%] Meshing curve 3 (Line)
Info    : [ 50%] Meshing curve 4 (Line)
Info    : [ 60%] Meshing curve 5 (BSpline)
Info    : [ 80%] Meshing curve 6 (BSpline)
Info    : [ 90%] Meshing curve 7 (BSpline)
Info    : Done meshing 1D (Wall 0.0182754s, CPU 0.172971s)
Info    : Meshing 2D...
Info    : Meshing surface 1 (Plane, Frontal-Delaunay)
Info    : Done meshing 2D (Wall 0.0510069s, CPU 0.51109s)
Info    : 727 nodes 1245 elements
Info    : Meshing 1D...
Info    : [  0%] Meshing curve 1 (Line)
Info    : [ 20%] Meshing curve 2 (Line)
Info    : [ 30%] Meshing curve 3 (Line)
Info    : [ 50%] Meshing curve 4 (Line)
Info    : [ 60%] Meshing curve 5 (BSpline)
Info    : [ 80%] Meshing curve 6 (BSpline)
Info    : [ 90%] Meshing curve 7 (BSpline)
Info    : Done meshing 1D (Wall 0.0191337s, CPU 0.200786s)
Info    : Meshing 2D...
Info    : Meshing surface 1 (Plane, Frontal-Delaunay)
Info    : Done meshing 2D (Wall 0.0686421s, CPU 0.518669s)
Info    : 1269 nodes 2325 elements
Info    : Meshing 1D...
Info    : [  0%] Meshing curve 1 (Line)
Info    : [ 20%] Meshing curve 2 (Line)
Info    : [ 30%] Meshing curve 3 (Line)
Info    : [ 50%] Meshing curve 4 (Line)
Info    : [ 60%] Meshing curve 5 (BSpline)
Info    : [ 80%] Meshing curve 6 (BSpline)
Info    : [ 90%] Meshing curve 7 (BSpline)
Info    : Done meshing 1D (Wall 0.0689384s, CPU 0.659291s)
Info    : Meshing 2D...
Info    : Meshing surface 1 (Plane, Frontal-Delaunay)
Info    : Done meshing 2D (Wall 0.0337497s, CPU 0.032416s)
Info    : 593 nodes 981 elements
Info    : Meshing 1D...
Info    : [  0%] Meshing curve 1 (Line)
Info    : [ 20%] Meshing curve 2 (Line)
Info    : [ 30%] Meshing curve 3 (Line)
Info    : [ 50%] Meshing curve 4 (Line)
Info    : [ 60%] Meshing curve 5 (BSpline)
Info    : [ 80%] Meshing curve 6 (BSpline)
Info    : [ 90%] Meshing curve 7 (BSpline)
Info    : Done meshing 1D (Wall 0.016456s, CPU 0.269234s)
Info    : Meshing 2D...
Info    : Meshing surface 1 (Plane, Frontal-Delaunay)
Info    : Done meshing 2D (Wall 0.0404125s, CPU 0.535873s)
Info    : 557 nodes 911 elements
Info    : Meshing 1D...
Info    : [  0%] Meshing curve 1 (Line)
Info    : [ 20%] Meshing curve 2 (Line)
Info    : [ 30%] Meshing curve 3 (Line)
Info    : [ 50%] Meshing curve 4 (Line)
Info    : [ 60%] Meshing curve 5 (BSpline)
Info    : [ 80%] Meshing curve 6 (BSpline)
Info    : [ 90%] Meshing curve 7 (BSpline)
Info    : Done meshing 1D (Wall 0.0740848s, CPU 0.697349s)
Info    : Meshing 2D...
Info    : Meshing surface 1 (Plane, Frontal-Delaunay)
Info    : Done meshing 2D (Wall 0.0264283s, CPU 0.02476s)
Info    : 480 nodes 760 elements
Info    : Meshing 1D...
Info    : [  0%] Meshing curve 1 (Line)
Info    : [ 20%] Meshing curve 2 (Line)
Info    : [ 30%] Meshing curve 3 (Line)
Info    : [ 50%] Meshing curve 4 (Line)
Info    : [ 60%] Meshing curve 5 (BSpline)
Info    : [ 80%] Meshing curve 6 (BSpline)
Info    : [ 90%] Meshing curve 7 (BSpline)
Info    : Done meshing 1D (Wall 0.0869416s, CPU 0.714305s)
Info    : Meshing 2D...
Info    : Meshing surface 1 (Plane, Frontal-Delaunay)
Info    : Done meshing 2D (Wall 0.0434848s, CPU 0.04225s)
Info    : 910 nodes 1613 elements
Info    : Meshing 1D...
Info    : [  0%] Meshing curve 1 (Line)
Info    : [ 20%] Meshing curve 2 (Line)
Info    : [ 30%] Meshing curve 3 (Line)
Info    : [ 50%] Meshing curve 4 (Line)
Info    : [ 60%] Meshing curve 5 (BSpline)
Info    : [ 80%] Meshing curve 6 (BSpline)
Info    : [ 90%] Meshing curve 7 (BSpline)
Info    : Done meshing 1D (Wall 0.0739068s, CPU 0.617964s)
Info    : Meshing 2D...
Info    : Meshing surface 1 (Plane, Frontal-Delaunay)
Info    : Done meshing 2D (Wall 0.0287557s, CPU 0.027463s)
Info    : 551 nodes 900 elements
Info    : Meshing 1D...
Info    : [  0%] Meshing curve 1 (Line)
Info    : [ 20%] Meshing curve 2 (Line)
Info    : [ 30%] Meshing curve 3 (Line)
Info    : [ 50%] Meshing curve 4 (Line)
Info    : [ 60%] Meshing curve 5 (BSpline)
Info    : [ 80%] Meshing curve 6 (BSpline)
Info    : [ 90%] Meshing curve 7 (BSpline)
Info    : Done meshing 1D (Wall 0.0700227s, CPU 0.772149s)
Info    : Meshing 2D...
Info    : Meshing surface 1 (Plane, Frontal-Delaunay)
Info    : Done meshing 2D (Wall 0.0282295s, CPU 0.026872s)
Info    : 504 nodes 806 elements
Info    : Meshing 1D...
Info    : [  0%] Meshing curve 1 (Line)
Info    : [ 20%] Meshing curve 2 (Line)
Info    : [ 30%] Meshing curve 3 (Line)
Info    : [ 50%] Meshing curve 4 (Line)
Info    : [ 60%] Meshing curve 5 (BSpline)
Info    : [ 80%] Meshing curve 6 (BSpline)
Info    : [ 90%] Meshing curve 7 (BSpline)
Info    : Done meshing 1D (Wall 0.0694759s, CPU 0.610625s)
Info    : Meshing 2D...
Info    : Meshing surface 1 (Plane, Frontal-Delaunay)
Info    : Done meshing 2D (Wall 0.0321031s, CPU 0.030359s)
Info    : 557 nodes 909 elements
Info    : Meshing 1D...
Info    : [  0%] Meshing curve 1 (Line)
Info    : [ 20%] Meshing curve 2 (Line)
Info    : [ 30%] Meshing curve 3 (Line)
Info    : [ 50%] Meshing curve 4 (Line)
Info    : [ 60%] Meshing curve 5 (BSpline)
Info    : [ 80%] Meshing curve 6 (BSpline)
Info    : [ 90%] Meshing curve 7 (BSpline)
Info    : Done meshing 1D (Wall 0.051804s, CPU 0.577173s)
Info    : Meshing 2D...
Info    : Meshing surface 1 (Plane, Frontal-Delaunay)
Info    : Done meshing 2D (Wall 0.0282677s, CPU 0.183497s)
Info    : 474 nodes 746 elements
Info    : Meshing 1D...
Info    : [  0%] Meshing curve 1 (Line)
Info    : [ 20%] Meshing curve 2 (Line)
Info    : [ 30%] Meshing curve 3 (Line)
Info    : [ 50%] Meshing curve 4 (Line)
Info    : [ 60%] Meshing curve 5 (BSpline)
Info    : [ 80%] Meshing curve 6 (BSpline)
Info    : [ 90%] Meshing curve 7 (BSpline)
Info    : Done meshing 1D (Wall 0.0778701s, CPU 0.60236s)
Info    : Meshing 2D...
Info    : Meshing surface 1 (Plane, Frontal-Delaunay)
Info    : Done meshing 2D (Wall 0.0299276s, CPU 0.028613s)
Info    : 555 nodes 907 elements
Info    : Meshing 1D...
Info    : [  0%] Meshing curve 1 (Line)
Info    : [ 20%] Meshing curve 2 (Line)
Info    : [ 30%] Meshing curve 3 (Line)
Info    : [ 50%] Meshing curve 4 (Line)
Info    : [ 60%] Meshing curve 5 (BSpline)
Info    : [ 80%] Meshing curve 6 (BSpline)
Info    : [ 90%] Meshing curve 7 (BSpline)
Info    : Done meshing 1D (Wall 0.0164338s, CPU 0.227177s)
Info    : Meshing 2D...
Info    : Meshing surface 1 (Plane, Frontal-Delaunay)
Info    : Done meshing 2D (Wall 0.0384003s, CPU 0.454289s)
Info    : 551 nodes 900 elements
Info    : Meshing 1D...
Info    : [  0%] Meshing curve 1 (Line)
Info    : [ 20%] Meshing curve 2 (Line)
Info    : [ 30%] Meshing curve 3 (Line)
Info    : [ 50%] Meshing curve 4 (Line)
Info    : [ 60%] Meshing curve 5 (BSpline)
Info    : [ 80%] Meshing curve 6 (BSpline)
Info    : [ 90%] Meshing curve 7 (BSpline)
Info    : Done meshing 1D (Wall 0.0172116s, CPU 0.267111s)
Info    : Meshing 2D...
Info    : Meshing surface 1 (Plane, Frontal-Delaunay)
Info    : Done meshing 2D (Wall 0.0328159s, CPU 0.457266s)
Info    : 410 nodes 619 elements
Info    : Meshing 1D...
Info    : [  0%] Meshing curve 1 (Line)
Info    : [ 20%] Meshing curve 2 (Line)
Info    : [ 30%] Meshing curve 3 (Line)
Info    : [ 50%] Meshing curve 4 (Line)
Info    : [ 60%] Meshing curve 5 (BSpline)
Info    : [ 80%] Meshing curve 6 (BSpline)
Info    : [ 90%] Meshing curve 7 (BSpline)
Info    : Done meshing 1D (Wall 0.0839968s, CPU 0.680598s)
Info    : Meshing 2D...
Info    : Meshing surface 1 (Plane, Frontal-Delaunay)
Info    : Done meshing 2D (Wall 0.0880249s, CPU 0.08651s)
Info    : 2145 nodes 4068 elements
Info    : Meshing 1D...
Info    : [  0%] Meshing curve 1 (Line)
Info    : [ 20%] Meshing curve 2 (Line)
Info    : [ 30%] Meshing curve 3 (Line)
Info    : [ 50%] Meshing curve 4 (Line)
Info    : [ 60%] Meshing curve 5 (BSpline)
Info    : [ 80%] Meshing curve 6 (BSpline)
Info    : [ 90%] Meshing curve 7 (BSpline)
Info    : Done meshing 1D (Wall 0.0749994s, CPU 0.406408s)
Info    : Meshing 2D...
Info    : Meshing surface 1 (Plane, Frontal-Delaunay)
Info    : Done meshing 2D (Wall 0.0275969s, CPU 0.025886s)
Info    : 468 nodes 734 elements
Info    : Meshing 1D...
Info    : [  0%] Meshing curve 1 (Line)
Info    : [ 20%] Meshing curve 2 (Line)
Info    : [ 30%] Meshing curve 3 (Line)
Info    : [ 50%] Meshing curve 4 (Line)
Info    : [ 60%] Meshing curve 5 (BSpline)
Info    : [ 80%] Meshing curve 6 (BSpline)
Info    : [ 90%] Meshing curve 7 (BSpline)
Info    : Done meshing 1D (Wall 0.0673254s, CPU 0.742318s)
Info    : Meshing 2D...
Info    : Meshing surface 1 (Plane, Frontal-Delaunay)
Info    : Done meshing 2D (Wall 0.0274856s, CPU 0.026294s)
Info    : 509 nodes 817 elements
Info    : Meshing 1D...
Info    : [  0%] Meshing curve 1 (Line)
Info    : [ 20%] Meshing curve 2 (Line)
Info    : [ 30%] Meshing curve 3 (Line)
Info    : [ 50%] Meshing curve 4 (Line)
Info    : [ 60%] Meshing curve 5 (BSpline)
Info    : [ 80%] Meshing curve 6 (BSpline)
Info    : [ 90%] Meshing curve 7 (BSpline)
Info    : Done meshing 1D (Wall 0.0462779s, CPU 0.770129s)
Info    : Meshing 2D...
Info    : Meshing surface 1 (Plane, Frontal-Delaunay)
Info    : Done meshing 2D (Wall 0.0335556s, CPU 0.181945s)
Info    : 557 nodes 911 elements
Info    : Meshing 1D...
Info    : [  0%] Meshing curve 1 (Line)
Info    : [ 20%] Meshing curve 2 (Line)
Info    : [ 30%] Meshing curve 3 (Line)
Info    : [ 50%] Meshing curve 4 (Line)
Info    : [ 60%] Meshing curve 5 (BSpline)
Info    : [ 80%] Meshing curve 6 (BSpline)
Info    : [ 90%] Meshing curve 7 (BSpline)
Info    : Done meshing 1D (Wall 0.0661302s, CPU 0.79071s)
Info    : Meshing 2D...
Info    : Meshing surface 1 (Plane, Frontal-Delaunay)
Info    : Done meshing 2D (Wall 0.0207668s, CPU 0.019526s)
Info    : 371 nodes 543 elements
Info    : Meshing 1D...
Info    : [  0%] Meshing curve 1 (Line)
Info    : [ 20%] Meshing curve 2 (Line)
Info    : [ 30%] Meshing curve 3 (Line)
Info    : [ 50%] Meshing curve 4 (Line)
Info    : [ 60%] Meshing curve 5 (BSpline)
Info    : [ 80%] Meshing curve 6 (BSpline)
Info    : [ 90%] Meshing curve 7 (BSpline)
Info    : Done meshing 1D (Wall 0.0812339s, CPU 0.682101s)
Info    : Meshing 2D...
Info    : Meshing surface 1 (Plane, Frontal-Delaunay)
Info    : Done meshing 2D (Wall 0.039808s, CPU 0.038561s)
Info    : 838 nodes 1470 elements
Info    : Meshing 1D...
Info    : [  0%] Meshing curve 1 (Line)
Info    : [ 20%] Meshing curve 2 (Line)
Info    : [ 30%] Meshing curve 3 (Line)
Info    : [ 50%] Meshing curve 4 (Line)
Info    : [ 60%] Meshing curve 5 (BSpline)
Info    : [ 80%] Meshing curve 6 (BSpline)
Info    : [ 90%] Meshing curve 7 (BSpline)
Info    : Done meshing 1D (Wall 0.0674731s, CPU 0.5499s)
Info    : Meshing 2D...
Info    : Meshing surface 1 (Plane, Frontal-Delaunay)
Info    : Done meshing 2D (Wall 0.0425644s, CPU 0.041005s)
Info    : 847 nodes 1486 elements
Info    : Meshing 1D...
Info    : [  0%] Meshing curve 1 (Line)
Info    : [ 20%] Meshing curve 2 (Line)
Info    : [ 30%] Meshing curve 3 (Line)
Info    : [ 50%] Meshing curve 4 (Line)
Info    : [ 60%] Meshing curve 5 (BSpline)
Info    : [ 80%] Meshing curve 6 (BSpline)
Info    : [ 90%] Meshing curve 7 (BSpline)
Info    : Done meshing 1D (Wall 0.0706038s, CPU 0.637458s)
Info    : Meshing 2D...
Info    : Meshing surface 1 (Plane, Frontal-Delaunay)
Info    : Done meshing 2D (Wall 0.0354847s, CPU 0.034367s)
Info    : 642 nodes 1078 elements
Info    : Meshing 1D...
Info    : [  0%] Meshing curve 1 (Line)
Info    : [ 20%] Meshing curve 2 (Line)
Info    : [ 30%] Meshing curve 3 (Line)
Info    : [ 50%] Meshing curve 4 (Line)
Info    : [ 60%] Meshing curve 5 (BSpline)
Info    : [ 80%] Meshing curve 6 (BSpline)
Info    : [ 90%] Meshing curve 7 (BSpline)
Info    : Done meshing 1D (Wall 0.0728088s, CPU 0.719297s)
Info    : Meshing 2D...
Info    : Meshing surface 1 (Plane, Frontal-Delaunay)
Info    : Done meshing 2D (Wall 0.0477138s, CPU 0.046382s)
Info    : 784 nodes 1358 elements
Info    : Meshing 1D...
Info    : [  0%] Meshing curve 1 (Line)
Info    : [ 20%] Meshing curve 2 (Line)
Info    : [ 30%] Meshing curve 3 (Line)
Info    : [ 50%] Meshing curve 4 (Line)
Info    : [ 60%] Meshing curve 5 (BSpline)
Info    : [ 80%] Meshing curve 6 (BSpline)
Info    : [ 90%] Meshing curve 7 (BSpline)
Info    : Done meshing 1D (Wall 0.082121s, CPU 0.725409s)
Info    : Meshing 2D...
Info    : Meshing surface 1 (Plane, Frontal-Delaunay)
Info    : Done meshing 2D (Wall 0.0363547s, CPU 0.035261s)
Info    : 641 nodes 1075 elements
Info    : Meshing 1D...
Info    : [  0%] Meshing curve 1 (Line)
Info    : [ 20%] Meshing curve 2 (Line)
Info    : [ 30%] Meshing curve 3 (Line)
Info    : [ 50%] Meshing curve 4 (Line)
Info    : [ 60%] Meshing curve 5 (BSpline)
Info    : [ 80%] Meshing curve 6 (BSpline)
Info    : [ 90%] Meshing curve 7 (BSpline)
Info    : Done meshing 1D (Wall 0.0471032s, CPU 0.663977s)
Info    : Meshing 2D...
Info    : Meshing surface 1 (Plane, Frontal-Delaunay)
Info    : Done meshing 2D (Wall 0.0371514s, CPU 0.116297s)
Info    : 643 nodes 1081 elements
Info    : Meshing 1D...
Info    : [  0%] Meshing curve 1 (Line)
Info    : [ 20%] Meshing curve 2 (Line)
Info    : [ 30%] Meshing curve 3 (Line)
Info    : [ 50%] Meshing curve 4 (Line)
Info    : [ 60%] Meshing curve 5 (BSpline)
Info    : [ 80%] Meshing curve 6 (BSpline)
Info    : [ 90%] Meshing curve 7 (BSpline)
Info    : Done meshing 1D (Wall 0.0549286s, CPU 0.656407s)
Info    : Meshing 2D...
Info    : Meshing surface 1 (Plane, Frontal-Delaunay)
Info    : Done meshing 2D (Wall 0.0277956s, CPU 0.180426s)
Info    : 478 nodes 755 elements
Info    : Meshing 1D...
Info    : [  0%] Meshing curve 1 (Line)
Info    : [ 20%] Meshing curve 2 (Line)
Info    : [ 30%] Meshing curve 3 (Line)
Info    : [ 50%] Meshing curve 4 (Line)
Info    : [ 60%] Meshing curve 5 (BSpline)
Info    : [ 80%] Meshing curve 6 (BSpline)
Info    : [ 90%] Meshing curve 7 (BSpline)
Info    : Done meshing 1D (Wall 0.0749297s, CPU 0.622354s)
Info    : Meshing 2D...
Info    : Meshing surface 1 (Plane, Frontal-Delaunay)
Info    : Done meshing 2D (Wall 0.0585675s, CPU 0.057029s)
Info    : 1253 nodes 2293 elements
Info    : Meshing 1D...
Info    : [  0%] Meshing curve 1 (Line)
Info    : [ 20%] Meshing curve 2 (Line)
Info    : [ 30%] Meshing curve 3 (Line)
Info    : [ 50%] Meshing curve 4 (Line)
Info    : [ 60%] Meshing curve 5 (BSpline)
Info    : [ 80%] Meshing curve 6 (BSpline)
Info    : [ 90%] Meshing curve 7 (BSpline)
Info    : Done meshing 1D (Wall 0.0856112s, CPU 0.547714s)
Info    : Meshing 2D...
Info    : Meshing surface 1 (Plane, Frontal-Delaunay)
Info    : Done meshing 2D (Wall 0.0323909s, CPU 0.031054s)
Info    : 596 nodes 988 elements
Info    : Meshing 1D...
Info    : [  0%] Meshing curve 1 (Line)
Info    : [ 20%] Meshing curve 2 (Line)
Info    : [ 30%] Meshing curve 3 (Line)
Info    : [ 50%] Meshing curve 4 (Line)
Info    : [ 60%] Meshing curve 5 (BSpline)
Info    : [ 80%] Meshing curve 6 (BSpline)
Info    : [ 90%] Meshing curve 7 (BSpline)
Info    : Done meshing 1D (Wall 0.0695063s, CPU 0.557254s)
Info    : Meshing 2D...
Info    : Meshing surface 1 (Plane, Frontal-Delaunay)
Info    : Done meshing 2D (Wall 0.024483s, CPU 0.022675s)
Info    : 436 nodes 671 elements
Info    : Meshing 1D...
Info    : [  0%] Meshing curve 1 (Line)
Info    : [ 20%] Meshing curve 2 (Line)
Info    : [ 30%] Meshing curve 3 (Line)
Info    : [ 50%] Meshing curve 4 (Line)
Info    : [ 60%] Meshing curve 5 (BSpline)
Info    : [ 80%] Meshing curve 6 (BSpline)
Info    : [ 90%] Meshing curve 7 (BSpline)
Info    : Done meshing 1D (Wall 0.051479s, CPU 0.549682s)
Info    : Meshing 2D...
Info    : Meshing surface 1 (Plane, Frontal-Delaunay)
Info    : Done meshing 2D (Wall 0.0253655s, CPU 0.080518s)
Info    : 409 nodes 618 elements
Info    : Meshing 1D...
Info    : [  0%] Meshing curve 1 (Line)
Info    : [ 20%] Meshing curve 2 (Line)
Info    : [ 30%] Meshing curve 3 (Line)
Info    : [ 50%] Meshing curve 4 (Line)
Info    : [ 60%] Meshing curve 5 (BSpline)
Info    : [ 80%] Meshing curve 6 (BSpline)
Info    : [ 90%] Meshing curve 7 (BSpline)
Info    : Done meshing 1D (Wall 0.078268s, CPU 0.651647s)
Info    : Meshing 2D...
Info    : Meshing surface 1 (Plane, Frontal-Delaunay)
Info    : Done meshing 2D (Wall 0.0701211s, CPU 0.068746s)
Info    : 1610 nodes 3004 elements
Info    : Meshing 1D...
Info    : [  0%] Meshing curve 1 (Line)
Info    : [ 20%] Meshing curve 2 (Line)
Info    : [ 30%] Meshing curve 3 (Line)
Info    : [ 50%] Meshing curve 4 (Line)
Info    : [ 60%] Meshing curve 5 (BSpline)
Info    : [ 80%] Meshing curve 6 (BSpline)
Info    : [ 90%] Meshing curve 7 (BSpline)
Info    : Done meshing 1D (Wall 0.0839896s, CPU 0.573942s)
Info    : Meshing 2D...
Info    : Meshing surface 1 (Plane, Frontal-Delaunay)
Info    : Done meshing 2D (Wall 0.0416254s, CPU 0.040213s)
Info    : 788 nodes 1368 elements
Info    : Meshing 1D...
Info    : [  0%] Meshing curve 1 (Line)
Info    : [ 20%] Meshing curve 2 (Line)
Info    : [ 30%] Meshing curve 3 (Line)
Info    : [ 50%] Meshing curve 4 (Line)
Info    : [ 60%] Meshing curve 5 (BSpline)
Info    : [ 80%] Meshing curve 6 (BSpline)
Info    : [ 90%] Meshing curve 7 (BSpline)
Info    : Done meshing 1D (Wall 0.0790346s, CPU 0.643066s)
Info    : Meshing 2D...
Info    : Meshing surface 1 (Plane, Frontal-Delaunay)
Info    : Done meshing 2D (Wall 0.0241704s, CPU 0.02295s)
Info    : 444 nodes 688 elements
Info    : Meshing 1D...
Info    : [  0%] Meshing curve 1 (Line)
Info    : [ 20%] Meshing curve 2 (Line)
Info    : [ 30%] Meshing curve 3 (Line)
Info    : [ 50%] Meshing curve 4 (Line)
Info    : [ 60%] Meshing curve 5 (BSpline)
Info    : [ 80%] Meshing curve 6 (BSpline)
Info    : [ 90%] Meshing curve 7 (BSpline)
Info    : Done meshing 1D (Wall 0.0755772s, CPU 0.657962s)
Info    : Meshing 2D...
Info    : Meshing surface 1 (Plane, Frontal-Delaunay)
Info    : Done meshing 2D (Wall 0.0229841s, CPU 0.02142s)
Info    : 378 nodes 556 elements
Info    : Meshing 1D...
Info    : [  0%] Meshing curve 1 (Line)
Info    : [ 20%] Meshing curve 2 (Line)
Info    : [ 30%] Meshing curve 3 (Line)
Info    : [ 50%] Meshing curve 4 (Line)
Info    : [ 60%] Meshing curve 5 (BSpline)
Info    : [ 80%] Meshing curve 6 (BSpline)
Info    : [ 90%] Meshing curve 7 (BSpline)
Info    : Done meshing 1D (Wall 0.0827196s, CPU 0.853442s)
Info    : Meshing 2D...
Info    : Meshing surface 1 (Plane, Frontal-Delaunay)
Info    : Done meshing 2D (Wall 0.0571881s, CPU 0.055928s)
Info    : 1194 nodes 2174 elements
Info    : Meshing 1D...
Info    : [  0%] Meshing curve 1 (Line)
Info    : [ 20%] Meshing curve 2 (Line)
Info    : [ 30%] Meshing curve 3 (Line)
Info    : [ 50%] Meshing curve 4 (Line)
Info    : [ 60%] Meshing curve 5 (BSpline)
Info    : [ 80%] Meshing curve 6 (BSpline)
Info    : [ 90%] Meshing curve 7 (BSpline)
Info    : Done meshing 1D (Wall 0.0445921s, CPU 0.610115s)
Info    : Meshing 2D...
Info    : Meshing surface 1 (Plane, Frontal-Delaunay)
Info    : Done meshing 2D (Wall 0.0504142s, CPU 0.189474s)
Info    : 1002 nodes 1795 elements
Info    : Meshing 1D...
Info    : [  0%] Meshing curve 1 (Line)
Info    : [ 20%] Meshing curve 2 (Line)
Info    : [ 30%] Meshing curve 3 (Line)
Info    : [ 50%] Meshing curve 4 (Line)
Info    : [ 60%] Meshing curve 5 (BSpline)
Info    : [ 80%] Meshing curve 6 (BSpline)
Info    : [ 90%] Meshing curve 7 (BSpline)
Info    : Done meshing 1D (Wall 0.0745027s, CPU 0.5533s)
Info    : Meshing 2D...
Info    : Meshing surface 1 (Plane, Frontal-Delaunay)
Info    : Done meshing 2D (Wall 0.0239507s, CPU 0.022722s)
Info    : 387 nodes 573 elements
Info    : Meshing 1D...
Info    : [  0%] Meshing curve 1 (Line)
Info    : [ 20%] Meshing curve 2 (Line)
Info    : [ 30%] Meshing curve 3 (Line)
Info    : [ 50%] Meshing curve 4 (Line)
Info    : [ 60%] Meshing curve 5 (BSpline)
Info    : [ 80%] Meshing curve 6 (BSpline)
Info    : [ 90%] Meshing curve 7 (BSpline)
Info    : Done meshing 1D (Wall 0.0809846s, CPU 0.663641s)
Info    : Meshing 2D...
Info    : Meshing surface 1 (Plane, Frontal-Delaunay)
Info    : Done meshing 2D (Wall 0.0354171s, CPU 0.034162s)
Info    : 677 nodes 1149 elements
Info    : Meshing 1D...
Info    : [  0%] Meshing curve 1 (Line)
Info    : [ 20%] Meshing curve 2 (Line)
Info    : [ 30%] Meshing curve 3 (Line)
Info    : [ 50%] Meshing curve 4 (Line)
Info    : [ 60%] Meshing curve 5 (BSpline)
Info    : [ 80%] Meshing curve 6 (BSpline)
Info    : [ 90%] Meshing curve 7 (BSpline)
Info    : Done meshing 1D (Wall 0.0821432s, CPU 0.783515s)
Info    : Meshing 2D...
Info    : Meshing surface 1 (Plane, Frontal-Delaunay)
Info    : Done meshing 2D (Wall 0.0285522s, CPU 0.027183s)
Info    : 510 nodes 818 elements
Info    : Meshing 1D...
Info    : [  0%] Meshing curve 1 (Line)
Info    : [ 20%] Meshing curve 2 (Line)
Info    : [ 30%] Meshing curve 3 (Line)
Info    : [ 50%] Meshing curve 4 (Line)
Info    : [ 60%] Meshing curve 5 (BSpline)
Info    : [ 80%] Meshing curve 6 (BSpline)
Info    : [ 90%] Meshing curve 7 (BSpline)
Info    : Done meshing 1D (Wall 0.0834255s, CPU 0.785934s)
Info    : Meshing 2D...
Info    : Meshing surface 1 (Plane, Frontal-Delaunay)
Info    : Done meshing 2D (Wall 0.0469096s, CPU 0.045266s)
Info    : 937 nodes 1665 elements
Info    : Meshing 1D...
Info    : [  0%] Meshing curve 1 (Line)
Info    : [ 20%] Meshing curve 2 (Line)
Info    : [ 30%] Meshing curve 3 (Line)
Info    : [ 50%] Meshing curve 4 (Line)
Info    : [ 60%] Meshing curve 5 (BSpline)
Info    : [ 80%] Meshing curve 6 (BSpline)
Info    : [ 90%] Meshing curve 7 (BSpline)
Info    : Done meshing 1D (Wall 0.0664051s, CPU 0.662186s)
Info    : Meshing 2D...
Info    : Meshing surface 1 (Plane, Frontal-Delaunay)
Info    : Done meshing 2D (Wall 0.0307143s, CPU 0.027876s)
Info    : 554 nodes 906 elements
Info    : Meshing 1D...
Info    : [  0%] Meshing curve 1 (Line)
Info    : [ 20%] Meshing curve 2 (Line)
Info    : [ 30%] Meshing curve 3 (Line)
Info    : [ 50%] Meshing curve 4 (Line)
Info    : [ 60%] Meshing curve 5 (BSpline)
Info    : [ 80%] Meshing curve 6 (BSpline)
Info    : [ 90%] Meshing curve 7 (BSpline)
Info    : Done meshing 1D (Wall 0.0692983s, CPU 0.611811s)
Info    : Meshing 2D...
Info    : Meshing surface 1 (Plane, Frontal-Delaunay)
Info    : Done meshing 2D (Wall 0.0474587s, CPU 0.045576s)
Info    : 874 nodes 1537 elements
Info    : Meshing 1D...
Info    : [  0%] Meshing curve 1 (Line)
Info    : [ 20%] Meshing curve 2 (Line)
Info    : [ 30%] Meshing curve 3 (Line)
Info    : [ 50%] Meshing curve 4 (Line)
Info    : [ 60%] Meshing curve 5 (BSpline)
Info    : [ 80%] Meshing curve 6 (BSpline)
Info    : [ 90%] Meshing curve 7 (BSpline)
Info    : Done meshing 1D (Wall 0.0760718s, CPU 0.555241s)
Info    : Meshing 2D...
Info    : Meshing surface 1 (Plane, Frontal-Delaunay)
Info    : Done meshing 2D (Wall 0.022623s, CPU 0.02149s)
Info    : 378 nodes 556 elements
Info    : Meshing 1D...
Info    : [  0%] Meshing curve 1 (Line)
Info    : [ 20%] Meshing curve 2 (Line)
Info    : [ 30%] Meshing curve 3 (Line)
Info    : [ 50%] Meshing curve 4 (Line)
Info    : [ 60%] Meshing curve 5 (BSpline)
Info    : [ 80%] Meshing curve 6 (BSpline)
Info    : [ 90%] Meshing curve 7 (BSpline)
Info    : Done meshing 1D (Wall 0.0152448s, CPU 0.164918s)
Info    : Meshing 2D...
Info    : Meshing surface 1 (Plane, Frontal-Delaunay)
Info    : Done meshing 2D (Wall 0.0332602s, CPU 0.475855s)
Info    : 447 nodes 693 elements
Info    : Meshing 1D...
Info    : [  0%] Meshing curve 1 (Line)
Info    : [ 20%] Meshing curve 2 (Line)
Info    : [ 30%] Meshing curve 3 (Line)
Info    : [ 50%] Meshing curve 4 (Line)
Info    : [ 60%] Meshing curve 5 (BSpline)
Info    : [ 80%] Meshing curve 6 (BSpline)
Info    : [ 90%] Meshing curve 7 (BSpline)
Info    : Done meshing 1D (Wall 0.069256s, CPU 0.642528s)
Info    : Meshing 2D...
Info    : Meshing surface 1 (Plane, Frontal-Delaunay)
Info    : Done meshing 2D (Wall 0.0631736s, CPU 0.062009s)
Info    : 1392 nodes 2570 elements
Info    : Meshing 1D...
Info    : [  0%] Meshing curve 1 (Line)
Info    : [ 20%] Meshing curve 2 (Line)
Info    : [ 30%] Meshing curve 3 (Line)
Info    : [ 50%] Meshing curve 4 (Line)
Info    : [ 60%] Meshing curve 5 (BSpline)
Info    : [ 80%] Meshing curve 6 (BSpline)
Info    : [ 90%] Meshing curve 7 (BSpline)
Info    : Done meshing 1D (Wall 0.050651s, CPU 0.652055s)
Info    : Meshing 2D...
Info    : Meshing surface 1 (Plane, Frontal-Delaunay)
Info    : Done meshing 2D (Wall 0.0649382s, CPU 0.063765s)
Info    : 1303 nodes 2388 elements
Info    : Meshing 1D...
Info    : [  0%] Meshing curve 1 (Line)
Info    : [ 20%] Meshing curve 2 (Line)
Info    : [ 30%] Meshing curve 3 (Line)
Info    : [ 50%] Meshing curve 4 (Line)
Info    : [ 60%] Meshing curve 5 (BSpline)
Info    : [ 80%] Meshing curve 6 (BSpline)
Info    : [ 90%] Meshing curve 7 (BSpline)
Info    : Done meshing 1D (Wall 0.0762634s, CPU 0.597504s)
Info    : Meshing 2D...
Info    : Meshing surface 1 (Plane, Frontal-Delaunay)
Info    : Done meshing 2D (Wall 0.100367s, CPU 0.043146s)
Info    : 829 nodes 1449 elements
Info    : Meshing 1D...
Info    : [  0%] Meshing curve 1 (Line)
Info    : [ 20%] Meshing curve 2 (Line)
Info    : [ 30%] Meshing curve 3 (Line)
Info    : [ 50%] Meshing curve 4 (Line)
Info    : [ 60%] Meshing curve 5 (BSpline)
Info    : [ 80%] Meshing curve 6 (BSpline)
Info    : [ 90%] Meshing curve 7 (BSpline)
Info    : Done meshing 1D (Wall 0.0142302s, CPU 0.005582s)
Info    : Meshing 2D...
Info    : Meshing surface 1 (Plane, Frontal-Delaunay)
Info    : Done meshing 2D (Wall 0.0220923s, CPU 0.0209s)
Info    : 412 nodes 624 elements
Info    : Meshing 1D...
Info    : [  0%] Meshing curve 1 (Line)
Info    : [ 20%] Meshing curve 2 (Line)
Info    : [ 30%] Meshing curve 3 (Line)
Info    : [ 50%] Meshing curve 4 (Line)
Info    : [ 60%] Meshing curve 5 (BSpline)
Info    : [ 80%] Meshing curve 6 (BSpline)
Info    : [ 90%] Meshing curve 7 (BSpline)
Info    : Done meshing 1D (Wall 0.0829029s, CPU 0.679533s)
Info    : Meshing 2D...
Info    : Meshing surface 1 (Plane, Frontal-Delaunay)
Info    : Done meshing 2D (Wall 0.0215701s, CPU 0.020257s)
Info    : 380 nodes 561 elements
Info    : Meshing 1D...
Info    : [  0%] Meshing curve 1 (Line)
Info    : [ 20%] Meshing curve 2 (Line)
Info    : [ 30%] Meshing curve 3 (Line)
Info    : [ 50%] Meshing curve 4 (Line)
Info    : [ 60%] Meshing curve 5 (BSpline)
Info    : [ 80%] Meshing curve 6 (BSpline)
Info    : [ 90%] Meshing curve 7 (BSpline)
Info    : Done meshing 1D (Wall 0.0826212s, CPU 0.667899s)
Info    : Meshing 2D...
Info    : Meshing surface 1 (Plane, Frontal-Delaunay)
Info    : Done meshing 2D (Wall 0.0698874s, CPU 0.068758s)
Info    : 1480 nodes 2741 elements
Info    : Meshing 1D...
Info    : [  0%] Meshing curve 1 (Line)
Info    : [ 20%] Meshing curve 2 (Line)
Info    : [ 30%] Meshing curve 3 (Line)
Info    : [ 50%] Meshing curve 4 (Line)
Info    : [ 60%] Meshing curve 5 (BSpline)
Info    : [ 80%] Meshing curve 6 (BSpline)
Info    : [ 90%] Meshing curve 7 (BSpline)
Info    : Done meshing 1D (Wall 0.0826488s, CPU 0.542997s)
Info    : Meshing 2D...
Info    : Meshing surface 1 (Plane, Frontal-Delaunay)
Info    : Done meshing 2D (Wall 0.0251751s, CPU 0.023986s)
Info    : 438 nodes 675 elements
Info    : Meshing 1D...
Info    : [  0%] Meshing curve 1 (Line)
Info    : [ 20%] Meshing curve 2 (Line)
Info    : [ 30%] Meshing curve 3 (Line)
Info    : [ 50%] Meshing curve 4 (Line)
Info    : [ 60%] Meshing curve 5 (BSpline)
Info    : [ 80%] Meshing curve 6 (BSpline)
Info    : [ 90%] Meshing curve 7 (BSpline)
Info    : Done meshing 1D (Wall 0.0717785s, CPU 0.803587s)
Info    : Meshing 2D...
Info    : Meshing surface 1 (Plane, Frontal-Delaunay)
Info    : Done meshing 2D (Wall 0.0628951s, CPU 0.062275s)
Info    : 1484 nodes 2755 elements
Info    : Meshing 1D...
Info    : [  0%] Meshing curve 1 (Line)
Info    : [ 20%] Meshing curve 2 (Line)
Info    : [ 30%] Meshing curve 3 (Line)
Info    : [ 50%] Meshing curve 4 (Line)
Info    : [ 60%] Meshing curve 5 (BSpline)
Info    : [ 80%] Meshing curve 6 (BSpline)
Info    : [ 90%] Meshing curve 7 (BSpline)
Info    : Done meshing 1D (Wall 0.0477882s, CPU 0.519603s)
Info    : Meshing 2D...
Info    : Meshing surface 1 (Plane, Frontal-Delaunay)
Info    : Done meshing 2D (Wall 0.0410111s, CPU 0.048679s)
Info    : 783 nodes 1359 elements
Info    : Meshing 1D...
Info    : [  0%] Meshing curve 1 (Line)
Info    : [ 20%] Meshing curve 2 (Line)
Info    : [ 30%] Meshing curve 3 (Line)
Info    : [ 50%] Meshing curve 4 (Line)
Info    : [ 60%] Meshing curve 5 (BSpline)
Info    : [ 80%] Meshing curve 6 (BSpline)
Info    : [ 90%] Meshing curve 7 (BSpline)
Info    : Done meshing 1D (Wall 0.0714738s, CPU 0.76965s)
Info    : Meshing 2D...
Info    : Meshing surface 1 (Plane, Frontal-Delaunay)
Info    : Done meshing 2D (Wall 0.0317289s, CPU 0.030632s)
Info    : 547 nodes 889 elements
Info    : Meshing 1D...
Info    : [  0%] Meshing curve 1 (Line)
Info    : [ 20%] Meshing curve 2 (Line)
Info    : [ 30%] Meshing curve 3 (Line)
Info    : [ 50%] Meshing curve 4 (Line)
Info    : [ 60%] Meshing curve 5 (BSpline)
Info    : [ 80%] Meshing curve 6 (BSpline)
Info    : [ 90%] Meshing curve 7 (BSpline)
Info    : Done meshing 1D (Wall 0.0756349s, CPU 0.601408s)
Info    : Meshing 2D...
Info    : Meshing surface 1 (Plane, Frontal-Delaunay)
Info    : Done meshing 2D (Wall 0.0279021s, CPU 0.026723s)
Info    : 477 nodes 751 elements
Info    : Meshing 1D...
Info    : [  0%] Meshing curve 1 (Line)
Info    : [ 20%] Meshing curve 2 (Line)
Info    : [ 30%] Meshing curve 3 (Line)
Info    : [ 50%] Meshing curve 4 (Line)
Info    : [ 60%] Meshing curve 5 (BSpline)
Info    : [ 80%] Meshing curve 6 (BSpline)
Info    : [ 90%] Meshing curve 7 (BSpline)
Info    : Done meshing 1D (Wall 0.0775859s, CPU 0.669135s)
Info    : Meshing 2D...
Info    : Meshing surface 1 (Plane, Frontal-Delaunay)
Info    : Done meshing 2D (Wall 0.0395199s, CPU 0.037776s)
Info    : 725 nodes 1242 elements
Info    : Meshing 1D...
Info    : [  0%] Meshing curve 1 (Line)
Info    : [ 20%] Meshing curve 2 (Line)
Info    : [ 30%] Meshing curve 3 (Line)
Info    : [ 50%] Meshing curve 4 (Line)
Info    : [ 60%] Meshing curve 5 (BSpline)
Info    : [ 80%] Meshing curve 6 (BSpline)
Info    : [ 90%] Meshing curve 7 (BSpline)
Info    : Done meshing 1D (Wall 0.0667428s, CPU 0.587791s)
Info    : Meshing 2D...
Info    : Meshing surface 1 (Plane, Frontal-Delaunay)
Info    : Done meshing 2D (Wall 0.0249713s, CPU 0.023425s)
Info    : 443 nodes 686 elements
Info    : Meshing 1D...
Info    : [  0%] Meshing curve 1 (Line)
Info    : [ 20%] Meshing curve 2 (Line)
Info    : [ 30%] Meshing curve 3 (Line)
Info    : [ 50%] Meshing curve 4 (Line)
Info    : [ 60%] Meshing curve 5 (BSpline)
Info    : [ 80%] Meshing curve 6 (BSpline)
Info    : [ 90%] Meshing curve 7 (BSpline)
Info    : Done meshing 1D (Wall 0.0431382s, CPU 0.524444s)
Info    : Meshing 2D...
Info    : Meshing surface 1 (Plane, Frontal-Delaunay)
Info    : Done meshing 2D (Wall 0.0525562s, CPU 0.245085s)
Info    : 1007 nodes 1805 elements
Info    : Meshing 1D...
Info    : [  0%] Meshing curve 1 (Line)
Info    : [ 20%] Meshing curve 2 (Line)
Info    : [ 30%] Meshing curve 3 (Line)
Info    : [ 50%] Meshing curve 4 (Line)
Info    : [ 60%] Meshing curve 5 (BSpline)
Info    : [ 80%] Meshing curve 6 (BSpline)
Info    : [ 90%] Meshing curve 7 (BSpline)
Info    : Done meshing 1D (Wall 0.0684234s, CPU 0.689913s)
Info    : Meshing 2D...
Info    : Meshing surface 1 (Plane, Frontal-Delaunay)
Info    : Done meshing 2D (Wall 0.0269299s, CPU 0.025459s)
Info    : 491 nodes 780 elements
Info    : Meshing 1D...
Info    : [  0%] Meshing curve 1 (Line)
Info    : [ 20%] Meshing curve 2 (Line)
Info    : [ 30%] Meshing curve 3 (Line)
Info    : [ 50%] Meshing curve 4 (Line)
Info    : [ 60%] Meshing curve 5 (BSpline)
Info    : [ 80%] Meshing curve 6 (BSpline)
Info    : [ 90%] Meshing curve 7 (BSpline)
Info    : Done meshing 1D (Wall 0.0702073s, CPU 0.708535s)
Info    : Meshing 2D...
Info    : Meshing surface 1 (Plane, Frontal-Delaunay)
Info    : Done meshing 2D (Wall 0.0336831s, CPU 0.032391s)
Info    : 635 nodes 1066 elements
Info    : Meshing 1D...
Info    : [  0%] Meshing curve 1 (Line)
Info    : [ 20%] Meshing curve 2 (Line)
Info    : [ 30%] Meshing curve 3 (Line)
Info    : [ 50%] Meshing curve 4 (Line)
Info    : [ 60%] Meshing curve 5 (BSpline)
Info    : [ 80%] Meshing curve 6 (BSpline)
Info    : [ 90%] Meshing curve 7 (BSpline)
Info    : Done meshing 1D (Wall 0.097759s, CPU 0.599775s)
Info    : Meshing 2D...
Info    : Meshing surface 1 (Plane, Frontal-Delaunay)
Info    : Done meshing 2D (Wall 0.0445247s, CPU 0.04345s)
Info    : 946 nodes 1684 elements
Info    : Meshing 1D...
Info    : [  0%] Meshing curve 1 (Line)
Info    : [ 20%] Meshing curve 2 (Line)
Info    : [ 30%] Meshing curve 3 (Line)
Info    : [ 50%] Meshing curve 4 (Line)
Info    : [ 60%] Meshing curve 5 (BSpline)
Info    : [ 80%] Meshing curve 6 (BSpline)
Info    : [ 90%] Meshing curve 7 (BSpline)
Info    : Done meshing 1D (Wall 0.0910516s, CPU 0.677413s)
Info    : Meshing 2D...
Info    : Meshing surface 1 (Plane, Frontal-Delaunay)
Info    : Done meshing 2D (Wall 0.0721359s, CPU 0.070862s)
Info    : 1457 nodes 2696 elements
Info    : Meshing 1D...
Info    : [  0%] Meshing curve 1 (Line)
Info    : [ 20%] Meshing curve 2 (Line)
Info    : [ 30%] Meshing curve 3 (Line)
Info    : [ 50%] Meshing curve 4 (Line)
Info    : [ 60%] Meshing curve 5 (BSpline)
Info    : [ 80%] Meshing curve 6 (BSpline)
Info    : [ 90%] Meshing curve 7 (BSpline)
Info    : Done meshing 1D (Wall 0.0695644s, CPU 0.625205s)
Info    : Meshing 2D...
Info    : Meshing surface 1 (Plane, Frontal-Delaunay)
Info    : Done meshing 2D (Wall 0.035131s, CPU 0.033907s)
Info    : 673 nodes 1141 elements
Info    : Meshing 1D...
Info    : [  0%] Meshing curve 1 (Line)
Info    : [ 20%] Meshing curve 2 (Line)
Info    : [ 30%] Meshing curve 3 (Line)
Info    : [ 50%] Meshing curve 4 (Line)
Info    : [ 60%] Meshing curve 5 (BSpline)
Info    : [ 80%] Meshing curve 6 (BSpline)
Info    : [ 90%] Meshing curve 7 (BSpline)
Info    : Done meshing 1D (Wall 0.0169643s, CPU 0.263366s)
Info    : Meshing 2D...
Info    : Meshing surface 1 (Plane, Frontal-Delaunay)
Info    : Done meshing 2D (Wall 0.0360876s, CPU 0.452289s)
Info    : 474 nodes 746 elements
Info    : Meshing 1D...
Info    : [  0%] Meshing curve 1 (Line)
Info    : [ 20%] Meshing curve 2 (Line)
Info    : [ 30%] Meshing curve 3 (Line)
Info    : [ 50%] Meshing curve 4 (Line)
Info    : [ 60%] Meshing curve 5 (BSpline)
Info    : [ 80%] Meshing curve 6 (BSpline)
Info    : [ 90%] Meshing curve 7 (BSpline)
Info    : Done meshing 1D (Wall 0.0186916s, CPU 0.314616s)
Info    : Meshing 2D...
Info    : Meshing surface 1 (Plane, Frontal-Delaunay)
Info    : Done meshing 2D (Wall 0.0504491s, CPU 0.506282s)
Info    : 689 nodes 1169 elements
Info    : Meshing 1D...
Info    : [  0%] Meshing curve 1 (Line)
Info    : [ 20%] Meshing curve 2 (Line)
Info    : [ 30%] Meshing curve 3 (Line)
Info    : [ 50%] Meshing curve 4 (Line)
Info    : [ 60%] Meshing curve 5 (BSpline)
Info    : [ 80%] Meshing curve 6 (BSpline)
Info    : [ 90%] Meshing curve 7 (BSpline)
Info    : Done meshing 1D (Wall 0.0199558s, CPU 0.236395s)
Info    : Meshing 2D...
Info    : Meshing surface 1 (Plane, Frontal-Delaunay)
Info    : Done meshing 2D (Wall 0.124866s, CPU 0.575226s)
Info    : 3110 nodes 5992 elements
Info    : Meshing 1D...
Info    : [  0%] Meshing curve 1 (Line)
Info    : [ 20%] Meshing curve 2 (Line)
Info    : [ 30%] Meshing curve 3 (Line)
Info    : [ 50%] Meshing curve 4 (Line)
Info    : [ 60%] Meshing curve 5 (BSpline)
Info    : [ 80%] Meshing curve 6 (BSpline)
Info    : [ 90%] Meshing curve 7 (BSpline)
Info    : Done meshing 1D (Wall 0.0168651s, CPU 0.204977s)
Info    : Meshing 2D...
Info    : Meshing surface 1 (Plane, Frontal-Delaunay)
Info    : Done meshing 2D (Wall 0.0291867s, CPU 0.028061s)
Info    : 487 nodes 770 elements
Info    : Meshing 1D...
Info    : [  0%] Meshing curve 1 (Line)
Info    : [ 20%] Meshing curve 2 (Line)
Info    : [ 30%] Meshing curve 3 (Line)
Info    : [ 50%] Meshing curve 4 (Line)
Info    : [ 60%] Meshing curve 5 (BSpline)
Info    : [ 80%] Meshing curve 6 (BSpline)
Info    : [ 90%] Meshing curve 7 (BSpline)
Info    : Done meshing 1D (Wall 0.0188082s, CPU 0.348971s)
Info    : Meshing 2D...
Info    : Meshing surface 1 (Plane, Frontal-Delaunay)
Info    : Done meshing 2D (Wall 0.0583076s, CPU 0.592548s)
Info    : 883 nodes 1554 elements
Info    : Meshing 1D...
Info    : [  0%] Meshing curve 1 (Line)
Info    : [ 20%] Meshing curve 2 (Line)
Info    : [ 30%] Meshing curve 3 (Line)
Info    : [ 50%] Meshing curve 4 (Line)
Info    : [ 60%] Meshing curve 5 (BSpline)
Info    : [ 80%] Meshing curve 6 (BSpline)
Info    : [ 90%] Meshing curve 7 (BSpline)
Info    : Done meshing 1D (Wall 0.0631487s, CPU 0.784934s)
Info    : Meshing 2D...
Info    : Meshing surface 1 (Plane, Frontal-Delaunay)
Info    : Done meshing 2D (Wall 0.0572129s, CPU 0.056048s)
Info    : 1119 nodes 2023 elements
Info    : Meshing 1D...
Info    : [  0%] Meshing curve 1 (Line)
Info    : [ 20%] Meshing curve 2 (Line)
Info    : [ 30%] Meshing curve 3 (Line)
Info    : [ 50%] Meshing curve 4 (Line)
Info    : [ 60%] Meshing curve 5 (BSpline)
Info    : [ 80%] Meshing curve 6 (BSpline)
Info    : [ 90%] Meshing curve 7 (BSpline)
Info    : Done meshing 1D (Wall 0.0188692s, CPU 0.262159s)
Info    : Meshing 2D...
Info    : Meshing surface 1 (Plane, Frontal-Delaunay)
Info    : Done meshing 2D (Wall 0.0749827s, CPU 0.591179s)
Info    : 1387 nodes 2557 elements
Info    : Meshing 1D...
Info    : [  0%] Meshing curve 1 (Line)
Info    : [ 20%] Meshing curve 2 (Line)
Info    : [ 30%] Meshing curve 3 (Line)
Info    : [ 50%] Meshing curve 4 (Line)
Info    : [ 60%] Meshing curve 5 (BSpline)
Info    : [ 80%] Meshing curve 6 (BSpline)
Info    : [ 90%] Meshing curve 7 (BSpline)
Info    : Done meshing 1D (Wall 0.021491s, CPU 0.120512s)
Info    : Meshing 2D...
Info    : Meshing surface 1 (Plane, Frontal-Delaunay)
Info    : Done meshing 2D (Wall 0.122663s, CPU 0.544813s)
Info    : 2935 nodes 5638 elements
Info    : Meshing 1D...
Info    : [  0%] Meshing curve 1 (Line)
Info    : [ 20%] Meshing curve 2 (Line)
Info    : [ 30%] Meshing curve 3 (Line)
Info    : [ 50%] Meshing curve 4 (Line)
Info    : [ 60%] Meshing curve 5 (BSpline)
Info    : [ 80%] Meshing curve 6 (BSpline)
Info    : [ 90%] Meshing curve 7 (BSpline)
Info    : Done meshing 1D (Wall 0.0477759s, CPU 0.247724s)
Info    : Meshing 2D...
Info    : Meshing surface 1 (Plane, Frontal-Delaunay)
Info    : Done meshing 2D (Wall 0.0676975s, CPU 0.065696s)
Info    : 1397 nodes 2576 elements
Info    : Meshing 1D...
Info    : [  0%] Meshing curve 1 (Line)
Info    : [ 20%] Meshing curve 2 (Line)
Info    : [ 30%] Meshing curve 3 (Line)
Info    : [ 50%] Meshing curve 4 (Line)
Info    : [ 60%] Meshing curve 5 (BSpline)
Info    : [ 80%] Meshing curve 6 (BSpline)
Info    : [ 90%] Meshing curve 7 (BSpline)
Info    : Done meshing 1D (Wall 0.0757976s, CPU 0.543957s)
Info    : Meshing 2D...
Info    : Meshing surface 1 (Plane, Frontal-Delaunay)
Info    : Done meshing 2D (Wall 0.0368306s, CPU 0.035648s)
Info    : 684 nodes 1162 elements
Info    : Meshing 1D...
Info    : [  0%] Meshing curve 1 (Line)
Info    : [ 20%] Meshing curve 2 (Line)
Info    : [ 30%] Meshing curve 3 (Line)
Info    : [ 50%] Meshing curve 4 (Line)
Info    : [ 60%] Meshing curve 5 (BSpline)
Info    : [ 80%] Meshing curve 6 (BSpline)
Info    : [ 90%] Meshing curve 7 (BSpline)
Info    : Done meshing 1D (Wall 0.0449556s, CPU 0.413693s)
Info    : Meshing 2D...
Info    : Meshing surface 1 (Plane, Frontal-Delaunay)
Info    : Done meshing 2D (Wall 0.0669113s, CPU 0.260431s)
Info    : 1303 nodes 2388 elements
Info    : Meshing 1D...
Info    : [  0%] Meshing curve 1 (Line)
Info    : [ 20%] Meshing curve 2 (Line)
Info    : [ 30%] Meshing curve 3 (Line)
Info    : [ 50%] Meshing curve 4 (Line)
Info    : [ 60%] Meshing curve 5 (BSpline)
Info    : [ 80%] Meshing curve 6 (BSpline)
Info    : [ 90%] Meshing curve 7 (BSpline)
Info    : Done meshing 1D (Wall 0.0769707s, CPU 0.530259s)
Info    : Meshing 2D...
Info    : Meshing surface 1 (Plane, Frontal-Delaunay)
Info    : Done meshing 2D (Wall 0.072894s, CPU 0.071704s)
Info    : 1619 nodes 3019 elements
Info    : Meshing 1D...
Info    : [  0%] Meshing curve 1 (Line)
Info    : [ 20%] Meshing curve 2 (Line)
Info    : [ 30%] Meshing curve 3 (Line)
Info    : [ 50%] Meshing curve 4 (Line)
Info    : [ 60%] Meshing curve 5 (BSpline)
Info    : [ 80%] Meshing curve 6 (BSpline)
Info    : [ 90%] Meshing curve 7 (BSpline)
Info    : Done meshing 1D (Wall 0.069181s, CPU 0.52822s)
Info    : Meshing 2D...
Info    : Meshing surface 1 (Plane, Frontal-Delaunay)
Info    : Done meshing 2D (Wall 0.0207441s, CPU 0.018747s)
Info    : 380 nodes 561 elements
Info    : Meshing 1D...
Info    : [  0%] Meshing curve 1 (Line)
Info    : [ 20%] Meshing curve 2 (Line)
Info    : [ 30%] Meshing curve 3 (Line)
Info    : [ 50%] Meshing curve 4 (Line)
Info    : [ 60%] Meshing curve 5 (BSpline)
Info    : [ 80%] Meshing curve 6 (BSpline)
Info    : [ 90%] Meshing curve 7 (BSpline)
Info    : Done meshing 1D (Wall 0.112584s, CPU 0.759764s)
Info    : Meshing 2D...
Info    : Meshing surface 1 (Plane, Frontal-Delaunay)
Info    : Done meshing 2D (Wall 0.0237435s, CPU 0.022495s)
Info    : 446 nodes 692 elements
Info    : Meshing 1D...
Info    : [  0%] Meshing curve 1 (Line)
Info    : [ 20%] Meshing curve 2 (Line)
Info    : [ 30%] Meshing curve 3 (Line)
Info    : [ 50%] Meshing curve 4 (Line)
Info    : [ 60%] Meshing curve 5 (BSpline)
Info    : [ 80%] Meshing curve 6 (BSpline)
Info    : [ 90%] Meshing curve 7 (BSpline)
Info    : Done meshing 1D (Wall 0.0756155s, CPU 0.732009s)
Info    : Meshing 2D...
Info    : Meshing surface 1 (Plane, Frontal-Delaunay)
Info    : Done meshing 2D (Wall 0.0228945s, CPU 0.02145s)
Info    : 378 nodes 556 elements
Info    : Meshing 1D...
Info    : [  0%] Meshing curve 1 (Line)
Info    : [ 20%] Meshing curve 2 (Line)
Info    : [ 30%] Meshing curve 3 (Line)
Info    : [ 50%] Meshing curve 4 (Line)
Info    : [ 60%] Meshing curve 5 (BSpline)
Info    : [ 80%] Meshing curve 6 (BSpline)
Info    : [ 90%] Meshing curve 7 (BSpline)
Info    : Done meshing 1D (Wall 0.0836904s, CPU 0.816457s)
Info    : Meshing 2D...
Info    : Meshing surface 1 (Plane, Frontal-Delaunay)
Info    : Done meshing 2D (Wall 0.0307029s, CPU 0.029146s)
Info    : 589 nodes 976 elements
Info    : Meshing 1D...
Info    : [  0%] Meshing curve 1 (Line)
Info    : [ 20%] Meshing curve 2 (Line)
Info    : [ 30%] Meshing curve 3 (Line)
Info    : [ 50%] Meshing curve 4 (Line)
Info    : [ 60%] Meshing curve 5 (BSpline)
Info    : [ 80%] Meshing curve 6 (BSpline)
Info    : [ 90%] Meshing curve 7 (BSpline)
Info    : Done meshing 1D (Wall 0.0477547s, CPU 0.499105s)
Info    : Meshing 2D...
Info    : Meshing surface 1 (Plane, Frontal-Delaunay)
Info    : Done meshing 2D (Wall 0.0640029s, CPU 0.291111s)
Info    : 1313 nodes 2412 elements
Info    : Meshing 1D...
Info    : [  0%] Meshing curve 1 (Line)
Info    : [ 20%] Meshing curve 2 (Line)
Info    : [ 30%] Meshing curve 3 (Line)
Info    : [ 50%] Meshing curve 4 (Line)
Info    : [ 60%] Meshing curve 5 (BSpline)
Info    : [ 80%] Meshing curve 6 (BSpline)
Info    : [ 90%] Meshing curve 7 (BSpline)
Info    : Done meshing 1D (Wall 0.0735624s, CPU 0.630912s)
Info    : Meshing 2D...
Info    : Meshing surface 1 (Plane, Frontal-Delaunay)
Info    : Done meshing 2D (Wall 0.0251919s, CPU 0.023876s)
Info    : 407 nodes 615 elements
Info    : Meshing 1D...
Info    : [  0%] Meshing curve 1 (Line)
Info    : [ 20%] Meshing curve 2 (Line)
Info    : [ 30%] Meshing curve 3 (Line)
Info    : [ 50%] Meshing curve 4 (Line)
Info    : [ 60%] Meshing curve 5 (BSpline)
Info    : [ 80%] Meshing curve 6 (BSpline)
Info    : [ 90%] Meshing curve 7 (BSpline)
Info    : Done meshing 1D (Wall 0.0764057s, CPU 0.844502s)
Info    : Meshing 2D...
Info    : Meshing surface 1 (Plane, Frontal-Delaunay)
Info    : Done meshing 2D (Wall 0.0242365s, CPU 0.02229s)
Info    : 449 nodes 698 elements
Info    : Meshing 1D...
Info    : [  0%] Meshing curve 1 (Line)
Info    : [ 20%] Meshing curve 2 (Line)
Info    : [ 30%] Meshing curve 3 (Line)
Info    : [ 50%] Meshing curve 4 (Line)
Info    : [ 60%] Meshing curve 5 (BSpline)
Info    : [ 80%] Meshing curve 6 (BSpline)
Info    : [ 90%] Meshing curve 7 (BSpline)
Info    : Done meshing 1D (Wall 0.0781373s, CPU 0.662993s)
Info    : Meshing 2D...
Info    : Meshing surface 1 (Plane, Frontal-Delaunay)
Info    : Done meshing 2D (Wall 0.0434814s, CPU 0.041747s)
Info    : 815 nodes 1421 elements
Info    : Meshing 1D...
Info    : [  0%] Meshing curve 1 (Line)
Info    : [ 20%] Meshing curve 2 (Line)
Info    : [ 30%] Meshing curve 3 (Line)
Info    : [ 50%] Meshing curve 4 (Line)
Info    : [ 60%] Meshing curve 5 (BSpline)
Info    : [ 80%] Meshing curve 6 (BSpline)
Info    : [ 90%] Meshing curve 7 (BSpline)
Info    : Done meshing 1D (Wall 0.0864027s, CPU 0.610657s)
Info    : Meshing 2D...
Info    : Meshing surface 1 (Plane, Frontal-Delaunay)
Info    : Done meshing 2D (Wall 0.0972318s, CPU 0.095001s)
Info    : 2541 nodes 4860 elements
Info    : Meshing 1D...
Info    : [  0%] Meshing curve 1 (Line)
Info    : [ 20%] Meshing curve 2 (Line)
Info    : [ 30%] Meshing curve 3 (Line)
Info    : [ 50%] Meshing curve 4 (Line)
Info    : [ 60%] Meshing curve 5 (BSpline)
Info    : [ 80%] Meshing curve 6 (BSpline)
Info    : [ 90%] Meshing curve 7 (BSpline)
Info    : Done meshing 1D (Wall 0.0588753s, CPU 0.295891s)
Info    : Meshing 2D...
Info    : Meshing surface 1 (Plane, Frontal-Delaunay)
Info    : Done meshing 2D (Wall 0.0777312s, CPU 0.047634s)
Info    : 990 nodes 1770 elements
Info    : Meshing 1D...
Info    : [  0%] Meshing curve 1 (Line)
Info    : [ 20%] Meshing curve 2 (Line)
Info    : [ 30%] Meshing curve 3 (Line)
Info    : [ 50%] Meshing curve 4 (Line)
Info    : [ 60%] Meshing curve 5 (BSpline)
Info    : [ 80%] Meshing curve 6 (BSpline)
Info    : [ 90%] Meshing curve 7 (BSpline)
Info    : Done meshing 1D (Wall 0.0707361s, CPU 0.721795s)
Info    : Meshing 2D...
Info    : Meshing surface 1 (Plane, Frontal-Delaunay)
Info    : Done meshing 2D (Wall 0.0309868s, CPU 0.02969s)
Info    : 518 nodes 832 elements
Info    : Meshing 1D...
Info    : [  0%] Meshing curve 1 (Line)
Info    : [ 20%] Meshing curve 2 (Line)
Info    : [ 30%] Meshing curve 3 (Line)
Info    : [ 50%] Meshing curve 4 (Line)
Info    : [ 60%] Meshing curve 5 (BSpline)
Info    : [ 80%] Meshing curve 6 (BSpline)
Info    : [ 90%] Meshing curve 7 (BSpline)
Info    : Done meshing 1D (Wall 0.0819615s, CPU 0.686112s)
Info    : Meshing 2D...
Info    : Meshing surface 1 (Plane, Frontal-Delaunay)
Info    : Done meshing 2D (Wall 0.0522483s, CPU 0.050914s)
Info    : 1144 nodes 2078 elements
Info    : Meshing 1D...
Info    : [  0%] Meshing curve 1 (Line)
Info    : [ 20%] Meshing curve 2 (Line)
Info    : [ 30%] Meshing curve 3 (Line)
Info    : [ 50%] Meshing curve 4 (Line)
Info    : [ 60%] Meshing curve 5 (BSpline)
Info    : [ 80%] Meshing curve 6 (BSpline)
Info    : [ 90%] Meshing curve 7 (BSpline)
Info    : Done meshing 1D (Wall 0.0764777s, CPU 0.582646s)
Info    : Meshing 2D...
Info    : Meshing surface 1 (Plane, Frontal-Delaunay)
Info    : Done meshing 2D (Wall 0.0440549s, CPU 0.042254s)
Info    : 897 nodes 1586 elements
Info    : Meshing 1D...
Info    : [  0%] Meshing curve 1 (Line)
Info    : [ 20%] Meshing curve 2 (Line)
Info    : [ 30%] Meshing curve 3 (Line)
Info    : [ 50%] Meshing curve 4 (Line)
Info    : [ 60%] Meshing curve 5 (BSpline)
Info    : [ 80%] Meshing curve 6 (BSpline)
Info    : [ 90%] Meshing curve 7 (BSpline)
Info    : Done meshing 1D (Wall 0.0699924s, CPU 0.606919s)
Info    : Meshing 2D...
Info    : Meshing surface 1 (Plane, Frontal-Delaunay)
Info    : Done meshing 2D (Wall 0.0207324s, CPU 0.019482s)
Info    : 385 nodes 571 elements
Info    : Meshing 1D...
Info    : [  0%] Meshing curve 1 (Line)
Info    : [ 20%] Meshing curve 2 (Line)
Info    : [ 30%] Meshing curve 3 (Line)
Info    : [ 50%] Meshing curve 4 (Line)
Info    : [ 60%] Meshing curve 5 (BSpline)
Info    : [ 80%] Meshing curve 6 (BSpline)
Info    : [ 90%] Meshing curve 7 (BSpline)
Info    : Done meshing 1D (Wall 0.0850112s, CPU 0.583608s)
Info    : Meshing 2D...
Info    : Meshing surface 1 (Plane, Frontal-Delaunay)
Info    : Done meshing 2D (Wall 0.060788s, CPU 0.059524s)
Info    : 1201 nodes 2185 elements
Info    : Meshing 1D...
Info    : [  0%] Meshing curve 1 (Line)
Info    : [ 20%] Meshing curve 2 (Line)
Info    : [ 30%] Meshing curve 3 (Line)
Info    : [ 50%] Meshing curve 4 (Line)
Info    : [ 60%] Meshing curve 5 (BSpline)
Info    : [ 80%] Meshing curve 6 (BSpline)
Info    : [ 90%] Meshing curve 7 (BSpline)
Info    : Done meshing 1D (Wall 0.0783388s, CPU 0.704973s)
Info    : Meshing 2D...
Info    : Meshing surface 1 (Plane, Frontal-Delaunay)
Info    : Done meshing 2D (Wall 0.0615355s, CPU 0.06017s)
Info    : 1334 nodes 2454 elements
Info    : Meshing 1D...
Info    : [  0%] Meshing curve 1 (Line)
Info    : [ 20%] Meshing curve 2 (Line)
Info    : [ 30%] Meshing curve 3 (Line)
Info    : [ 50%] Meshing curve 4 (Line)
Info    : [ 60%] Meshing curve 5 (BSpline)
Info    : [ 80%] Meshing curve 6 (BSpline)
Info    : [ 90%] Meshing curve 7 (BSpline)
Info    : Done meshing 1D (Wall 0.0445286s, CPU 0.554212s)
Info    : Meshing 2D...
Info    : Meshing surface 1 (Plane, Frontal-Delaunay)
Info    : Done meshing 2D (Wall 0.0260429s, CPU 0.122683s)
Info    : 437 nodes 672 elements
Info    : Meshing 1D...
Info    : [  0%] Meshing curve 1 (Line)
Info    : [ 20%] Meshing curve 2 (Line)
Info    : [ 30%] Meshing curve 3 (Line)
Info    : [ 50%] Meshing curve 4 (Line)
Info    : [ 60%] Meshing curve 5 (BSpline)
Info    : [ 80%] Meshing curve 6 (BSpline)
Info    : [ 90%] Meshing curve 7 (BSpline)
Info    : Done meshing 1D (Wall 0.0731393s, CPU 0.770239s)
Info    : Meshing 2D...
Info    : Meshing surface 1 (Plane, Frontal-Delaunay)
Info    : Done meshing 2D (Wall 0.102523s, CPU 0.019869s)
Info    : 389 nodes 579 elements
Info    : Meshing 1D...
Info    : [  0%] Meshing curve 1 (Line)
Info    : [ 20%] Meshing curve 2 (Line)
Info    : [ 30%] Meshing curve 3 (Line)
Info    : [ 50%] Meshing curve 4 (Line)
Info    : [ 60%] Meshing curve 5 (BSpline)
Info    : [ 80%] Meshing curve 6 (BSpline)
Info    : [ 90%] Meshing curve 7 (BSpline)
Info    : Done meshing 1D (Wall 0.0875653s, CPU 0.81441s)
Info    : Meshing 2D...
Info    : Meshing surface 1 (Plane, Frontal-Delaunay)
Info    : Done meshing 2D (Wall 0.038524s, CPU 0.037234s)
Info    : 723 nodes 1239 elements
Info    : Meshing 1D...
Info    : [  0%] Meshing curve 1 (Line)
Info    : [ 20%] Meshing curve 2 (Line)
Info    : [ 30%] Meshing curve 3 (Line)
Info    : [ 50%] Meshing curve 4 (Line)
Info    : [ 60%] Meshing curve 5 (BSpline)
Info    : [ 80%] Meshing curve 6 (BSpline)
Info    : [ 90%] Meshing curve 7 (BSpline)
Info    : Done meshing 1D (Wall 0.0743532s, CPU 0.599154s)
Info    : Meshing 2D...
Info    : Meshing surface 1 (Plane, Frontal-Delaunay)
Info    : Done meshing 2D (Wall 0.0257459s, CPU 0.024353s)
Info    : 445 nodes 688 elements
Info    : Meshing 1D...
Info    : [  0%] Meshing curve 1 (Line)
Info    : [ 20%] Meshing curve 2 (Line)
Info    : [ 30%] Meshing curve 3 (Line)
Info    : [ 50%] Meshing curve 4 (Line)
Info    : [ 60%] Meshing curve 5 (BSpline)
Info    : [ 80%] Meshing curve 6 (BSpline)
Info    : [ 90%] Meshing curve 7 (BSpline)
Info    : Done meshing 1D (Wall 0.0864388s, CPU 0.674721s)
Info    : Meshing 2D...
Info    : Meshing surface 1 (Plane, Frontal-Delaunay)
Info    : Done meshing 2D (Wall 0.0676748s, CPU 0.065918s)
Info    : 1371 nodes 2523 elements
Info    : Meshing 1D...
Info    : [  0%] Meshing curve 1 (Line)
Info    : [ 20%] Meshing curve 2 (Line)
Info    : [ 30%] Meshing curve 3 (Line)
Info    : [ 50%] Meshing curve 4 (Line)
Info    : [ 60%] Meshing curve 5 (BSpline)
Info    : [ 80%] Meshing curve 6 (BSpline)
Info    : [ 90%] Meshing curve 7 (BSpline)
Info    : Done meshing 1D (Wall 0.050677s, CPU 0.535158s)
Info    : Meshing 2D...
Info    : Meshing surface 1 (Plane, Frontal-Delaunay)
Info    : Done meshing 2D (Wall 0.0555413s, CPU 0.054226s)
Info    : 1063 nodes 1912 elements
Info    : Meshing 1D...
Info    : [  0%] Meshing curve 1 (Line)
Info    : [ 20%] Meshing curve 2 (Line)
Info    : [ 30%] Meshing curve 3 (Line)
Info    : [ 50%] Meshing curve 4 (Line)
Info    : [ 60%] Meshing curve 5 (BSpline)
Info    : [ 80%] Meshing curve 6 (BSpline)
Info    : [ 90%] Meshing curve 7 (BSpline)
Info    : Done meshing 1D (Wall 0.066412s, CPU 0.734103s)
Info    : Meshing 2D...
Info    : Meshing surface 1 (Plane, Frontal-Delaunay)
Info    : Done meshing 2D (Wall 0.0291087s, CPU 0.027827s)
Info    : 554 nodes 906 elements
Info    : Meshing 1D...
Info    : [  0%] Meshing curve 1 (Line)
Info    : [ 20%] Meshing curve 2 (Line)
Info    : [ 30%] Meshing curve 3 (Line)
Info    : [ 50%] Meshing curve 4 (Line)
Info    : [ 60%] Meshing curve 5 (BSpline)
Info    : [ 80%] Meshing curve 6 (BSpline)
Info    : [ 90%] Meshing curve 7 (BSpline)
Info    : Done meshing 1D (Wall 0.0680466s, CPU 0.685464s)
Info    : Meshing 2D...
Info    : Meshing surface 1 (Plane, Frontal-Delaunay)
Info    : Done meshing 2D (Wall 0.0734383s, CPU 0.072136s)
Info    : 1712 nodes 3207 elements
Info    : Meshing 1D...
Info    : [  0%] Meshing curve 1 (Line)
Info    : [ 20%] Meshing curve 2 (Line)
Info    : [ 30%] Meshing curve 3 (Line)
Info    : [ 50%] Meshing curve 4 (Line)
Info    : [ 60%] Meshing curve 5 (BSpline)
Info    : [ 80%] Meshing curve 6 (BSpline)
Info    : [ 90%] Meshing curve 7 (BSpline)
Info    : Done meshing 1D (Wall 0.0748437s, CPU 0.544588s)
Info    : Meshing 2D...
Info    : Meshing surface 1 (Plane, Frontal-Delaunay)
Info    : Done meshing 2D (Wall 0.0232174s, CPU 0.02195s)
Info    : 418 nodes 636 elements
Info    : Meshing 1D...
Info    : [  0%] Meshing curve 1 (Line)
Info    : [ 20%] Meshing curve 2 (Line)
Info    : [ 30%] Meshing curve 3 (Line)
Info    : [ 50%] Meshing curve 4 (Line)
Info    : [ 60%] Meshing curve 5 (BSpline)
Info    : [ 80%] Meshing curve 6 (BSpline)
Info    : [ 90%] Meshing curve 7 (BSpline)
Info    : Done meshing 1D (Wall 0.0663609s, CPU 0.806562s)
Info    : Meshing 2D...
Info    : Meshing surface 1 (Plane, Frontal-Delaunay)
Info    : Done meshing 2D (Wall 0.0285473s, CPU 0.027356s)
Info    : 516 nodes 830 elements
Info    : Meshing 1D...
Info    : [  0%] Meshing curve 1 (Line)
Info    : [ 20%] Meshing curve 2 (Line)
Info    : [ 30%] Meshing curve 3 (Line)
Info    : [ 50%] Meshing curve 4 (Line)
Info    : [ 60%] Meshing curve 5 (BSpline)
Info    : [ 80%] Meshing curve 6 (BSpline)
Info    : [ 90%] Meshing curve 7 (BSpline)
Info    : Done meshing 1D (Wall 0.0536527s, CPU 0.667841s)
Info    : Meshing 2D...
Info    : Meshing surface 1 (Plane, Frontal-Delaunay)
Info    : Done meshing 2D (Wall 0.0581568s, CPU 0.119079s)
Info    : 1167 nodes 2120 elements
Info    : Meshing 1D...
Info    : [  0%] Meshing curve 1 (Line)
Info    : [ 20%] Meshing curve 2 (Line)
Info    : [ 30%] Meshing curve 3 (Line)
Info    : [ 50%] Meshing curve 4 (Line)
Info    : [ 60%] Meshing curve 5 (BSpline)
Info    : [ 80%] Meshing curve 6 (BSpline)
Info    : [ 90%] Meshing curve 7 (BSpline)
Info    : Done meshing 1D (Wall 0.125428s, CPU 0.696872s)
Info    : Meshing 2D...
Info    : Meshing surface 1 (Plane, Frontal-Delaunay)
Info    : Done meshing 2D (Wall 0.087306s, CPU 0.086081s)
Info    : 2152 nodes 4082 elements
Info    : Meshing 1D...
Info    : [  0%] Meshing curve 1 (Line)
Info    : [ 20%] Meshing curve 2 (Line)
Info    : [ 30%] Meshing curve 3 (Line)
Info    : [ 50%] Meshing curve 4 (Line)
Info    : [ 60%] Meshing curve 5 (BSpline)
Info    : [ 80%] Meshing curve 6 (BSpline)
Info    : [ 90%] Meshing curve 7 (BSpline)
Info    : Done meshing 1D (Wall 0.0341801s, CPU 0.456665s)
Info    : Meshing 2D...
Info    : Meshing surface 1 (Plane, Frontal-Delaunay)
Info    : Done meshing 2D (Wall 0.0697772s, CPU 0s)
Info    : 603 nodes 1001 elements
Info    : Meshing 1D...
Info    : [  0%] Meshing curve 1 (Line)
Info    : [ 20%] Meshing curve 2 (Line)
Info    : [ 30%] Meshing curve 3 (Line)
Info    : [ 50%] Meshing curve 4 (Line)
Info    : [ 60%] Meshing curve 5 (BSpline)
Info    : [ 80%] Meshing curve 6 (BSpline)
Info    : [ 90%] Meshing curve 7 (BSpline)
Info    : Done meshing 1D (Wall 0.074354s, CPU 0.683732s)
Info    : Meshing 2D...
Info    : Meshing surface 1 (Plane, Frontal-Delaunay)
Info    : Done meshing 2D (Wall 0.0224843s, CPU 0.020976s)
Info    : 384 nodes 568 elements
Info    : Meshing 1D...
Info    : [  0%] Meshing curve 1 (Line)
Info    : [ 20%] Meshing curve 2 (Line)
Info    : [ 30%] Meshing curve 3 (Line)
Info    : [ 50%] Meshing curve 4 (Line)
Info    : [ 60%] Meshing curve 5 (BSpline)
Info    : [ 80%] Meshing curve 6 (BSpline)
Info    : [ 90%] Meshing curve 7 (BSpline)
Info    : Done meshing 1D (Wall 0.0649401s, CPU 0.764258s)
Info    : Meshing 2D...
Info    : Meshing surface 1 (Plane, Frontal-Delaunay)
Info    : Done meshing 2D (Wall 0.02113s, CPU 0.019992s)
Info    : 378 nodes 557 elements
Info    : Meshing 1D...
Info    : [  0%] Meshing curve 1 (Line)
Info    : [ 20%] Meshing curve 2 (Line)
Info    : [ 30%] Meshing curve 3 (Line)
Info    : [ 50%] Meshing curve 4 (Line)
Info    : [ 60%] Meshing curve 5 (BSpline)
Info    : [ 80%] Meshing curve 6 (BSpline)
Info    : [ 90%] Meshing curve 7 (BSpline)
Info    : Done meshing 1D (Wall 0.0767763s, CPU 0.617968s)
Info    : Meshing 2D...
Info    : Meshing surface 1 (Plane, Frontal-Delaunay)
Info    : Done meshing 2D (Wall 0.0265461s, CPU 0.024898s)
Info    : 445 nodes 688 elements
Info    : Meshing 1D...
Info    : [  0%] Meshing curve 1 (Line)
Info    : [ 20%] Meshing curve 2 (Line)
Info    : [ 30%] Meshing curve 3 (Line)
Info    : [ 50%] Meshing curve 4 (Line)
Info    : [ 60%] Meshing curve 5 (BSpline)
Info    : [ 80%] Meshing curve 6 (BSpline)
Info    : [ 90%] Meshing curve 7 (BSpline)
Info    : Done meshing 1D (Wall 0.0783491s, CPU 0.693318s)
Info    : Meshing 2D...
Info    : Meshing surface 1 (Plane, Frontal-Delaunay)
Info    : Done meshing 2D (Wall 0.028025s, CPU 0.02628s)
Info    : 508 nodes 814 elements
Info    : Meshing 1D...
Info    : [  0%] Meshing curve 1 (Line)
Info    : [ 20%] Meshing curve 2 (Line)
Info    : [ 30%] Meshing curve 3 (Line)
Info    : [ 50%] Meshing curve 4 (Line)
Info    : [ 60%] Meshing curve 5 (BSpline)
Info    : [ 80%] Meshing curve 6 (BSpline)
Info    : [ 90%] Meshing curve 7 (BSpline)
Info    : Done meshing 1D (Wall 0.0425575s, CPU 0.435857s)
Info    : Meshing 2D...
Info    : Meshing surface 1 (Plane, Frontal-Delaunay)
Info    : Done meshing 2D (Wall 0.0842708s, CPU 0.262484s)
Info    : 1863 nodes 3505 elements
Info    : Meshing 1D...
Info    : [  0%] Meshing curve 1 (Line)
Info    : [ 20%] Meshing curve 2 (Line)
Info    : [ 30%] Meshing curve 3 (Line)
Info    : [ 50%] Meshing curve 4 (Line)
Info    : [ 60%] Meshing curve 5 (BSpline)
Info    : [ 80%] Meshing curve 6 (BSpline)
Info    : [ 90%] Meshing curve 7 (BSpline)
Info    : Done meshing 1D (Wall 0.0802488s, CPU 0.503871s)
Info    : Meshing 2D...
Info    : Meshing surface 1 (Plane, Frontal-Delaunay)
Info    : Done meshing 2D (Wall 0.0471309s, CPU 0.045184s)
Info    : 960 nodes 1711 elements
Info    : Meshing 1D...
Info    : [  0%] Meshing curve 1 (Line)
Info    : [ 20%] Meshing curve 2 (Line)
Info    : [ 30%] Meshing curve 3 (Line)
Info    : [ 50%] Meshing curve 4 (Line)
Info    : [ 60%] Meshing curve 5 (BSpline)
Info    : [ 80%] Meshing curve 6 (BSpline)
Info    : [ 90%] Meshing curve 7 (BSpline)
Info    : Done meshing 1D (Wall 0.0763444s, CPU 0.652506s)
Info    : Meshing 2D...
Info    : Meshing surface 1 (Plane, Frontal-Delaunay)
Info    : Done meshing 2D (Wall 0.0446433s, CPU 0.043543s)
Info    : 818 nodes 1426 elements
Info    : Meshing 1D...
Info    : [  0%] Meshing curve 1 (Line)
Info    : [ 20%] Meshing curve 2 (Line)
Info    : [ 30%] Meshing curve 3 (Line)
Info    : [ 50%] Meshing curve 4 (Line)
Info    : [ 60%] Meshing curve 5 (BSpline)
Info    : [ 80%] Meshing curve 6 (BSpline)
Info    : [ 90%] Meshing curve 7 (BSpline)
Info    : Done meshing 1D (Wall 0.081105s, CPU 0.693395s)
Info    : Meshing 2D...
Info    : Meshing surface 1 (Plane, Frontal-Delaunay)
Info    : Done meshing 2D (Wall 0.0525225s, CPU 0.051188s)
Info    : 1065 nodes 1918 elements
Info    : Meshing 1D...
Info    : [  0%] Meshing curve 1 (Line)
Info    : [ 20%] Meshing curve 2 (Line)
Info    : [ 30%] Meshing curve 3 (Line)
Info    : [ 50%] Meshing curve 4 (Line)
Info    : [ 60%] Meshing curve 5 (BSpline)
Info    : [ 80%] Meshing curve 6 (BSpline)
Info    : [ 90%] Meshing curve 7 (BSpline)
Info    : Done meshing 1D (Wall 0.0814962s, CPU 0.559601s)
Info    : Meshing 2D...
Info    : Meshing surface 1 (Plane, Frontal-Delaunay)
Info    : Done meshing 2D (Wall 0.0958s, CPU 0.09402s)
Info    : 2310 nodes 4394 elements
Info    : Meshing 1D...
Info    : [  0%] Meshing curve 1 (Line)
Info    : [ 20%] Meshing curve 2 (Line)
Info    : [ 30%] Meshing curve 3 (Line)
Info    : [ 50%] Meshing curve 4 (Line)
Info    : [ 60%] Meshing curve 5 (BSpline)
Info    : [ 80%] Meshing curve 6 (BSpline)
Info    : [ 90%] Meshing curve 7 (BSpline)
Info    : Done meshing 1D (Wall 0.0784614s, CPU 0.385584s)
Info    : Meshing 2D...
Info    : Meshing surface 1 (Plane, Frontal-Delaunay)
Info    : Done meshing 2D (Wall 0.093216s, CPU 0.061256s)
Info    : 1404 nodes 2594 elements
Info    : Meshing 1D...
Info    : [  0%] Meshing curve 1 (Line)
Info    : [ 20%] Meshing curve 2 (Line)
Info    : [ 30%] Meshing curve 3 (Line)
Info    : [ 50%] Meshing curve 4 (Line)
Info    : [ 60%] Meshing curve 5 (BSpline)
Info    : [ 80%] Meshing curve 6 (BSpline)
Info    : [ 90%] Meshing curve 7 (BSpline)
Info    : Done meshing 1D (Wall 0.0737168s, CPU 0.469731s)
Info    : Meshing 2D...
Info    : Meshing surface 1 (Plane, Frontal-Delaunay)
Info    : Done meshing 2D (Wall 0.0730187s, CPU 0.071842s)
Info    : 1713 nodes 3209 elements
Info    : Meshing 1D...
Info    : [  0%] Meshing curve 1 (Line)
Info    : [ 20%] Meshing curve 2 (Line)
Info    : [ 30%] Meshing curve 3 (Line)
Info    : [ 50%] Meshing curve 4 (Line)
Info    : [ 60%] Meshing curve 5 (BSpline)
Info    : [ 80%] Meshing curve 6 (BSpline)
Info    : [ 90%] Meshing curve 7 (BSpline)
Info    : Done meshing 1D (Wall 0.0444324s, CPU 0.591474s)
Info    : Meshing 2D...
Info    : Meshing surface 1 (Plane, Frontal-Delaunay)
Info    : Done meshing 2D (Wall 0.0235182s, CPU 0.021876s)
Info    : 410 nodes 619 elements
Info    : Meshing 1D...
Info    : [  0%] Meshing curve 1 (Line)
Info    : [ 20%] Meshing curve 2 (Line)
Info    : [ 30%] Meshing curve 3 (Line)
Info    : [ 50%] Meshing curve 4 (Line)
Info    : [ 60%] Meshing curve 5 (BSpline)
Info    : [ 80%] Meshing curve 6 (BSpline)
Info    : [ 90%] Meshing curve 7 (BSpline)
Info    : Done meshing 1D (Wall 0.0788254s, CPU 0.625084s)
Info    : Meshing 2D...
Info    : Meshing surface 1 (Plane, Frontal-Delaunay)
Info    : Done meshing 2D (Wall 0.0315935s, CPU 0.030331s)
Info    : 602 nodes 1001 elements
Info    : Meshing 1D...
Info    : [  0%] Meshing curve 1 (Line)
Info    : [ 20%] Meshing curve 2 (Line)
Info    : [ 30%] Meshing curve 3 (Line)
Info    : [ 50%] Meshing curve 4 (Line)
Info    : [ 60%] Meshing curve 5 (BSpline)
Info    : [ 80%] Meshing curve 6 (BSpline)
Info    : [ 90%] Meshing curve 7 (BSpline)
Info    : Done meshing 1D (Wall 0.0848224s, CPU 0.608735s)
Info    : Meshing 2D...
Info    : Meshing surface 1 (Plane, Frontal-Delaunay)
Info    : Done meshing 2D (Wall 0.0419926s, CPU 0.04054s)
Info    : 843 nodes 1479 elements
Info    : Meshing 1D...
Info    : [  0%] Meshing curve 1 (Line)
Info    : [ 20%] Meshing curve 2 (Line)
Info    : [ 30%] Meshing curve 3 (Line)
Info    : [ 50%] Meshing curve 4 (Line)
Info    : [ 60%] Meshing curve 5 (BSpline)
Info    : [ 80%] Meshing curve 6 (BSpline)
Info    : [ 90%] Meshing curve 7 (BSpline)
Info    : Done meshing 1D (Wall 0.0811492s, CPU 0.624109s)
Info    : Meshing 2D...
Info    : Meshing surface 1 (Plane, Frontal-Delaunay)
Info    : Done meshing 2D (Wall 0.0602358s, CPU 0.058451s)
Info    : 1176 nodes 2136 elements
Info    : Meshing 1D...
Info    : [  0%] Meshing curve 1 (Line)
Info    : [ 20%] Meshing curve 2 (Line)
Info    : [ 30%] Meshing curve 3 (Line)
Info    : [ 50%] Meshing curve 4 (Line)
Info    : [ 60%] Meshing curve 5 (BSpline)
Info    : [ 80%] Meshing curve 6 (BSpline)
Info    : [ 90%] Meshing curve 7 (BSpline)
Info    : Done meshing 1D (Wall 0.0786849s, CPU 0.726215s)
Info    : Meshing 2D...
Info    : Meshing surface 1 (Plane, Frontal-Delaunay)
Info    : Done meshing 2D (Wall 0.0272645s, CPU 0.026124s)
Info    : 473 nodes 744 elements
Info    : Meshing 1D...
Info    : [  0%] Meshing curve 1 (Line)
Info    : [ 20%] Meshing curve 2 (Line)
Info    : [ 30%] Meshing curve 3 (Line)
Info    : [ 50%] Meshing curve 4 (Line)
Info    : [ 60%] Meshing curve 5 (BSpline)
Info    : [ 80%] Meshing curve 6 (BSpline)
Info    : [ 90%] Meshing curve 7 (BSpline)
Info    : Done meshing 1D (Wall 0.0714224s, CPU 0.701337s)
Info    : Meshing 2D...
Info    : Meshing surface 1 (Plane, Frontal-Delaunay)
Info    : Done meshing 2D (Wall 0.0246265s, CPU 0.023509s)
Info    : 404 nodes 607 elements
Info    : Meshing 1D...
Info    : [  0%] Meshing curve 1 (Line)
Info    : [ 20%] Meshing curve 2 (Line)
Info    : [ 30%] Meshing curve 3 (Line)
Info    : [ 50%] Meshing curve 4 (Line)
Info    : [ 60%] Meshing curve 5 (BSpline)
Info    : [ 80%] Meshing curve 6 (BSpline)
Info    : [ 90%] Meshing curve 7 (BSpline)
Info    : Done meshing 1D (Wall 0.069607s, CPU 0.632911s)
Info    : Meshing 2D...
Info    : Meshing surface 1 (Plane, Frontal-Delaunay)
Info    : Done meshing 2D (Wall 0.0209953s, CPU 0.019798s)
Info    : 386 nodes 573 elements
Info    : Meshing 1D...
Info    : [  0%] Meshing curve 1 (Line)
Info    : [ 20%] Meshing curve 2 (Line)
Info    : [ 30%] Meshing curve 3 (Line)
Info    : [ 50%] Meshing curve 4 (Line)
Info    : [ 60%] Meshing curve 5 (BSpline)
Info    : [ 80%] Meshing curve 6 (BSpline)
Info    : [ 90%] Meshing curve 7 (BSpline)
Info    : Done meshing 1D (Wall 0.0813038s, CPU 0.688841s)
Info    : Meshing 2D...
Info    : Meshing surface 1 (Plane, Frontal-Delaunay)
Info    : Done meshing 2D (Wall 0.0264568s, CPU 0.024965s)
Info    : 438 nodes 674 elements
Info    : Meshing 1D...
Info    : [  0%] Meshing curve 1 (Line)
Info    : [ 20%] Meshing curve 2 (Line)
Info    : [ 30%] Meshing curve 3 (Line)
Info    : [ 50%] Meshing curve 4 (Line)
Info    : [ 60%] Meshing curve 5 (BSpline)
Info    : [ 80%] Meshing curve 6 (BSpline)
Info    : [ 90%] Meshing curve 7 (BSpline)
Info    : Done meshing 1D (Wall 0.0966041s, CPU 0.663022s)
Info    : Meshing 2D...
Info    : Meshing surface 1 (Plane, Frontal-Delaunay)
Info    : Done meshing 2D (Wall 0.0357688s, CPU 0.034054s)
Info    : 726 nodes 1248 elements
Info    : Meshing 1D...
Info    : [  0%] Meshing curve 1 (Line)
Info    : [ 20%] Meshing curve 2 (Line)
Info    : [ 30%] Meshing curve 3 (Line)
Info    : [ 50%] Meshing curve 4 (Line)
Info    : [ 60%] Meshing curve 5 (BSpline)
Info    : [ 80%] Meshing curve 6 (BSpline)
Info    : [ 90%] Meshing curve 7 (BSpline)
Info    : Done meshing 1D (Wall 0.073035s, CPU 0.638857s)
Info    : Meshing 2D...
Info    : Meshing surface 1 (Plane, Frontal-Delaunay)
Info    : Done meshing 2D (Wall 0.0726996s, CPU 0.067248s)
Info    : 1707 nodes 3198 elements
Info    : Meshing 1D...
Info    : [  0%] Meshing curve 1 (Line)
Info    : [ 20%] Meshing curve 2 (Line)
Info    : [ 30%] Meshing curve 3 (Line)
Info    : [ 50%] Meshing curve 4 (Line)
Info    : [ 60%] Meshing curve 5 (BSpline)
Info    : [ 80%] Meshing curve 6 (BSpline)
Info    : [ 90%] Meshing curve 7 (BSpline)
Info    : Done meshing 1D (Wall 0.0801996s, CPU 0.530297s)
Info    : Meshing 2D...
Info    : Meshing surface 1 (Plane, Frontal-Delaunay)
Info    : Done meshing 2D (Wall 0.0260013s, CPU 0.024823s)
Info    : 488 nodes 775 elements
Info    : Meshing 1D...
Info    : [  0%] Meshing curve 1 (Line)
Info    : [ 20%] Meshing curve 2 (Line)
Info    : [ 30%] Meshing curve 3 (Line)
Info    : [ 50%] Meshing curve 4 (Line)
Info    : [ 60%] Meshing curve 5 (BSpline)
Info    : [ 80%] Meshing curve 6 (BSpline)
Info    : [ 90%] Meshing curve 7 (BSpline)
Info    : Done meshing 1D (Wall 0.0803821s, CPU 0.678627s)
Info    : Meshing 2D...
Info    : Meshing surface 1 (Plane, Frontal-Delaunay)
Info    : Done meshing 2D (Wall 0.0265413s, CPU 0.025026s)
Info    : 487 nodes 773 elements
Info    : Meshing 1D...
Info    : [  0%] Meshing curve 1 (Line)
Info    : [ 20%] Meshing curve 2 (Line)
Info    : [ 30%] Meshing curve 3 (Line)
Info    : [ 50%] Meshing curve 4 (Line)
Info    : [ 60%] Meshing curve 5 (BSpline)
Info    : [ 80%] Meshing curve 6 (BSpline)
Info    : [ 90%] Meshing curve 7 (BSpline)
Info    : Done meshing 1D (Wall 0.0742324s, CPU 0.795565s)
Info    : Meshing 2D...
Info    : Meshing surface 1 (Plane, Frontal-Delaunay)
Info    : Done meshing 2D (Wall 0.0259068s, CPU 0.024547s)
Info    : 480 nodes 759 elements
Info    : Meshing 1D...
Info    : [  0%] Meshing curve 1 (Line)
Info    : [ 20%] Meshing curve 2 (Line)
Info    : [ 30%] Meshing curve 3 (Line)
Info    : [ 50%] Meshing curve 4 (Line)
Info    : [ 60%] Meshing curve 5 (BSpline)
Info    : [ 80%] Meshing curve 6 (BSpline)
Info    : [ 90%] Meshing curve 7 (BSpline)
Info    : Done meshing 1D (Wall 0.0699229s, CPU 0.610573s)
Info    : Meshing 2D...
Info    : Meshing surface 1 (Plane, Frontal-Delaunay)
Info    : Done meshing 2D (Wall 0.0297208s, CPU 0.02521s)
Info    : 507 nodes 811 elements
Info    : Meshing 1D...
Info    : [  0%] Meshing curve 1 (Line)
Info    : [ 20%] Meshing curve 2 (Line)
Info    : [ 30%] Meshing curve 3 (Line)
Info    : [ 50%] Meshing curve 4 (Line)
Info    : [ 60%] Meshing curve 5 (BSpline)
Info    : [ 80%] Meshing curve 6 (BSpline)
Info    : [ 90%] Meshing curve 7 (BSpline)
Info    : Done meshing 1D (Wall 0.0693803s, CPU 0.79413s)
Info    : Meshing 2D...
Info    : Meshing surface 1 (Plane, Frontal-Delaunay)
Info    : Done meshing 2D (Wall 0.0319405s, CPU 0.030655s)
Info    : 591 nodes 978 elements
Info    : Meshing 1D...
Info    : [  0%] Meshing curve 1 (Line)
Info    : [ 20%] Meshing curve 2 (Line)
Info    : [ 30%] Meshing curve 3 (Line)
Info    : [ 50%] Meshing curve 4 (Line)
Info    : [ 60%] Meshing curve 5 (BSpline)
Info    : [ 80%] Meshing curve 6 (BSpline)
Info    : [ 90%] Meshing curve 7 (BSpline)
Info    : Done meshing 1D (Wall 0.0459302s, CPU 0.435884s)
Info    : Meshing 2D...
Info    : Meshing surface 1 (Plane, Frontal-Delaunay)
Info    : Done meshing 2D (Wall 0.0531733s, CPU 0.180986s)
Info    : 386 nodes 573 elements
Info    : Meshing 1D...
Info    : [  0%] Meshing curve 1 (Line)
Info    : [ 20%] Meshing curve 2 (Line)
Info    : [ 30%] Meshing curve 3 (Line)
Info    : [ 50%] Meshing curve 4 (Line)
Info    : [ 60%] Meshing curve 5 (BSpline)
Info    : [ 80%] Meshing curve 6 (BSpline)
Info    : [ 90%] Meshing curve 7 (BSpline)
Info    : Done meshing 1D (Wall 0.0811673s, CPU 0.652646s)
Info    : Meshing 2D...
Info    : Meshing surface 1 (Plane, Frontal-Delaunay)
Info    : Done meshing 2D (Wall 0.0805489s, CPU 0.078561s)
Info    : 1765 nodes 3307 elements
Info    : Meshing 1D...
Info    : [  0%] Meshing curve 1 (Line)
Info    : [ 20%] Meshing curve 2 (Line)
Info    : [ 30%] Meshing curve 3 (Line)
Info    : [ 50%] Meshing curve 4 (Line)
Info    : [ 60%] Meshing curve 5 (BSpline)
Info    : [ 80%] Meshing curve 6 (BSpline)
Info    : [ 90%] Meshing curve 7 (BSpline)
Info    : Done meshing 1D (Wall 0.0776828s, CPU 0.473997s)
Info    : Meshing 2D...
Info    : Meshing surface 1 (Plane, Frontal-Delaunay)
Info    : Done meshing 2D (Wall 0.106616s, CPU 0.105112s)
Info    : 2618 nodes 5007 elements
Info    : Meshing 1D...
Info    : [  0%] Meshing curve 1 (Line)
Info    : [ 20%] Meshing curve 2 (Line)
Info    : [ 30%] Meshing curve 3 (Line)
Info    : [ 50%] Meshing curve 4 (Line)
Info    : [ 60%] Meshing curve 5 (BSpline)
Info    : [ 80%] Meshing curve 6 (BSpline)
Info    : [ 90%] Meshing curve 7 (BSpline)
Info    : Done meshing 1D (Wall 0.0818885s, CPU 0.211678s)
Info    : Meshing 2D...
Info    : Meshing surface 1 (Plane, Frontal-Delaunay)
Info    : Done meshing 2D (Wall 0.0478371s, CPU 0.045836s)
Info    : 940 nodes 1669 elements
Info    : Meshing 1D...
Info    : [  0%] Meshing curve 1 (Line)
Info    : [ 20%] Meshing curve 2 (Line)
Info    : [ 30%] Meshing curve 3 (Line)
Info    : [ 50%] Meshing curve 4 (Line)
Info    : [ 60%] Meshing curve 5 (BSpline)
Info    : [ 80%] Meshing curve 6 (BSpline)
Info    : [ 90%] Meshing curve 7 (BSpline)
Info    : Done meshing 1D (Wall 0.0543473s, CPU 0.605231s)
Info    : Meshing 2D...
Info    : Meshing surface 1 (Plane, Frontal-Delaunay)
Info    : Done meshing 2D (Wall 0.0298347s, CPU 0.098424s)
Info    : 516 nodes 829 elements
Info    : Meshing 1D...
Info    : [  0%] Meshing curve 1 (Line)
Info    : [ 20%] Meshing curve 2 (Line)
Info    : [ 30%] Meshing curve 3 (Line)
Info    : [ 50%] Meshing curve 4 (Line)
Info    : [ 60%] Meshing curve 5 (BSpline)
Info    : [ 80%] Meshing curve 6 (BSpline)
Info    : [ 90%] Meshing curve 7 (BSpline)
Info    : Done meshing 1D (Wall 0.0746642s, CPU 0.663409s)
Info    : Meshing 2D...
Info    : Meshing surface 1 (Plane, Frontal-Delaunay)
Info    : Done meshing 2D (Wall 0.0988486s, CPU 0.09719s)
Info    : 2316 nodes 4403 elements
Info    : Meshing 1D...
Info    : [  0%] Meshing curve 1 (Line)
Info    : [ 20%] Meshing curve 2 (Line)
Info    : [ 30%] Meshing curve 3 (Line)
Info    : [ 50%] Meshing curve 4 (Line)
Info    : [ 60%] Meshing curve 5 (BSpline)
Info    : [ 80%] Meshing curve 6 (BSpline)
Info    : [ 90%] Meshing curve 7 (BSpline)
Info    : Done meshing 1D (Wall 0.0422032s, CPU 0.246796s)
Info    : Meshing 2D...
Info    : Meshing surface 1 (Plane, Frontal-Delaunay)
Info    : Done meshing 2D (Wall 0.0517538s, CPU 0.050509s)
Info    : 1127 nodes 2044 elements
Info    : Meshing 1D...
Info    : [  0%] Meshing curve 1 (Line)
Info    : [ 20%] Meshing curve 2 (Line)
Info    : [ 30%] Meshing curve 3 (Line)
Info    : [ 50%] Meshing curve 4 (Line)
Info    : [ 60%] Meshing curve 5 (BSpline)
Info    : [ 80%] Meshing curve 6 (BSpline)
Info    : [ 90%] Meshing curve 7 (BSpline)
Info    : Done meshing 1D (Wall 0.0714708s, CPU 0.568144s)
Info    : Meshing 2D...
Info    : Meshing surface 1 (Plane, Frontal-Delaunay)
Info    : Done meshing 2D (Wall 0.0267953s, CPU 0.025101s)
Info    : 443 nodes 684 elements
Info    : Meshing 1D...
Info    : [  0%] Meshing curve 1 (Line)
Info    : [ 20%] Meshing curve 2 (Line)
Info    : [ 30%] Meshing curve 3 (Line)
Info    : [ 50%] Meshing curve 4 (Line)
Info    : [ 60%] Meshing curve 5 (BSpline)
Info    : [ 80%] Meshing curve 6 (BSpline)
Info    : [ 90%] Meshing curve 7 (BSpline)
Info    : Done meshing 1D (Wall 0.0796354s, CPU 0.757349s)
Info    : Meshing 2D...
Info    : Meshing surface 1 (Plane, Frontal-Delaunay)
Info    : Done meshing 2D (Wall 0.0371659s, CPU 0.035855s)
Info    : 736 nodes 1267 elements
Info    : Meshing 1D...
Info    : [  0%] Meshing curve 1 (Line)
Info    : [ 20%] Meshing curve 2 (Line)
Info    : [ 30%] Meshing curve 3 (Line)
Info    : [ 50%] Meshing curve 4 (Line)
Info    : [ 60%] Meshing curve 5 (BSpline)
Info    : [ 80%] Meshing curve 6 (BSpline)
Info    : [ 90%] Meshing curve 7 (BSpline)
Info    : Done meshing 1D (Wall 0.0747854s, CPU 0.723712s)
Info    : Meshing 2D...
Info    : Meshing surface 1 (Plane, Frontal-Delaunay)
Info    : Done meshing 2D (Wall 0.0404876s, CPU 0.039192s)
Info    : 781 nodes 1355 elements
Info    : Meshing 1D...
Info    : [  0%] Meshing curve 1 (Line)
Info    : [ 20%] Meshing curve 2 (Line)
Info    : [ 30%] Meshing curve 3 (Line)
Info    : [ 50%] Meshing curve 4 (Line)
Info    : [ 60%] Meshing curve 5 (BSpline)
Info    : [ 80%] Meshing curve 6 (BSpline)
Info    : [ 90%] Meshing curve 7 (BSpline)
Info    : Done meshing 1D (Wall 0.0712827s, CPU 0.751984s)
Info    : Meshing 2D...
Info    : Meshing surface 1 (Plane, Frontal-Delaunay)
Info    : Done meshing 2D (Wall 0.0292173s, CPU 0.028081s)
Info    : 550 nodes 897 elements
Info    : Meshing 1D...
Info    : [  0%] Meshing curve 1 (Line)
Info    : [ 20%] Meshing curve 2 (Line)
Info    : [ 30%] Meshing curve 3 (Line)
Info    : [ 50%] Meshing curve 4 (Line)
Info    : [ 60%] Meshing curve 5 (BSpline)
Info    : [ 80%] Meshing curve 6 (BSpline)
Info    : [ 90%] Meshing curve 7 (BSpline)
Info    : Done meshing 1D (Wall 0.0425526s, CPU 0.454947s)
Info    : Meshing 2D...
Info    : Meshing surface 1 (Plane, Frontal-Delaunay)
Info    : Done meshing 2D (Wall 0.0264746s, CPU 0.171575s)
Info    : 369 nodes 538 elements
Info    : Meshing 1D...
Info    : [  0%] Meshing curve 1 (Line)
Info    : [ 20%] Meshing curve 2 (Line)
Info    : [ 30%] Meshing curve 3 (Line)
Info    : [ 50%] Meshing curve 4 (Line)
Info    : [ 60%] Meshing curve 5 (BSpline)
Info    : [ 80%] Meshing curve 6 (BSpline)
Info    : [ 90%] Meshing curve 7 (BSpline)
Info    : Done meshing 1D (Wall 0.0701493s, CPU 0.650809s)
Info    : Meshing 2D...
Info    : Meshing surface 1 (Plane, Frontal-Delaunay)
Info    : Done meshing 2D (Wall 0.0217524s, CPU 0.020423s)
Info    : 376 nodes 552 elements
Info    : Meshing 1D...
Info    : [  0%] Meshing curve 1 (Line)
Info    : [ 20%] Meshing curve 2 (Line)
Info    : [ 30%] Meshing curve 3 (Line)
Info    : [ 50%] Meshing curve 4 (Line)
Info    : [ 60%] Meshing curve 5 (BSpline)
Info    : [ 80%] Meshing curve 6 (BSpline)
Info    : [ 90%] Meshing curve 7 (BSpline)
Info    : Done meshing 1D (Wall 0.0880179s, CPU 0.695665s)
Info    : Meshing 2D...
Info    : Meshing surface 1 (Plane, Frontal-Delaunay)
Info    : Done meshing 2D (Wall 0.0267321s, CPU 0.025192s)
Info    : 440 nodes 678 elements
Info    : Meshing 1D...
Info    : [  0%] Meshing curve 1 (Line)
Info    : [ 20%] Meshing curve 2 (Line)
Info    : [ 30%] Meshing curve 3 (Line)
Info    : [ 50%] Meshing curve 4 (Line)
Info    : [ 60%] Meshing curve 5 (BSpline)
Info    : [ 80%] Meshing curve 6 (BSpline)
Info    : [ 90%] Meshing curve 7 (BSpline)
Info    : Done meshing 1D (Wall 0.0685721s, CPU 0.664903s)
Info    : Meshing 2D...
Info    : Meshing surface 1 (Plane, Frontal-Delaunay)
Info    : Done meshing 2D (Wall 0.0315229s, CPU 0.029804s)
Info    : 523 nodes 841 elements
Info    : Meshing 1D...
Info    : [  0%] Meshing curve 1 (Line)
Info    : [ 20%] Meshing curve 2 (Line)
Info    : [ 30%] Meshing curve 3 (Line)
Info    : [ 50%] Meshing curve 4 (Line)
Info    : [ 60%] Meshing curve 5 (BSpline)
Info    : [ 80%] Meshing curve 6 (BSpline)
Info    : [ 90%] Meshing curve 7 (BSpline)
Info    : Done meshing 1D (Wall 0.069856s, CPU 0.796027s)
Info    : Meshing 2D...
Info    : Meshing surface 1 (Plane, Frontal-Delaunay)
Info    : Done meshing 2D (Wall 0.0266765s, CPU 0.025219s)
Info    : 512 nodes 823 elements
Maximale Anzahl von Iterationen erreicht.
Maximale Anzahl von Iterationen erreicht.
Maximale Anzahl von Iterationen erreicht.
Maximale Anzahl von Iterationen erreicht.
Maximale Anzahl von Iterationen erreicht.
Maximale Anzahl von Iterationen erreicht.
Maximale Anzahl von Iterationen erreicht.
Maximale Anzahl von Iterationen erreicht.
Maximale Anzahl von Iterationen erreicht.
Maximale Anzahl von Iterationen erreicht.
Maximale Anzahl von Iterationen erreicht.
Maximale Anzahl von Iterationen erreicht.
Maximale Anzahl von Iterationen erreicht.
Konvergenz erreicht nach 70 Iterationen.
Maximale Anzahl von Iterationen erreicht.
Maximale Anzahl von Iterationen erreicht.
Maximale Anzahl von Iterationen erreicht.
Maximale Anzahl von Iterationen erreicht.
Maximale Anzahl von Iterationen erreicht.
Maximale Anzahl von Iterationen erreicht.
Maximale Anzahl von Iterationen erreicht.
Maximale Anzahl von Iterationen erreicht.
Konvergenz erreicht nach 100 Iterationen.
Maximale Anzahl von Iterationen erreicht.
Maximale Anzahl von Iterationen erreicht.
Maximale Anzahl von Iterationen erreicht.
Maximale Anzahl von Iterationen erreicht.
Maximale Anzahl von Iterationen erreicht.
Maximale Anzahl von Iterationen erreicht.
Maximale Anzahl von Iterationen erreicht.
Maximale Anzahl von Iterationen erreicht.
Maximale Anzahl von Iterationen erreicht.
Maximale Anzahl von Iterationen erreicht.
Konvergenz erreicht nach 81 Iterationen.
Maximale Anzahl von Iterationen erreicht.
Maximale Anzahl von Iterationen erreicht.
Maximale Anzahl von Iterationen erreicht.
Konvergenz erreicht nach 85 Iterationen.
Maximale Anzahl von Iterationen erreicht.
Maximale Anzahl von Iterationen erreicht.
Maximale Anzahl von Iterationen erreicht.
Maximale Anzahl von Iterationen erreicht.
Maximale Anzahl von Iterationen erreicht.
Maximale Anzahl von Iterationen erreicht.
Maximale Anzahl von Iterationen erreicht.
Maximale Anzahl von Iterationen erreicht.
Maximale Anzahl von Iterationen erreicht.
Konvergenz erreicht nach 62 Iterationen.
Maximale Anzahl von Iterationen erreicht.
Maximale Anzahl von Iterationen erreicht.
Maximale Anzahl von Iterationen erreicht.
Konvergenz erreicht nach 82 Iterationen.
Maximale Anzahl von Iterationen erreicht.
Maximale Anzahl von Iterationen erreicht.
Maximale Anzahl von Iterationen erreicht.
Maximale Anzahl von Iterationen erreicht.
Maximale Anzahl von Iterationen erreicht.
Maximale Anzahl von Iterationen erreicht.
Maximale Anzahl von Iterationen erreicht.
Maximale Anzahl von Iterationen erreicht.
Maximale Anzahl von Iterationen erreicht.
Maximale Anzahl von Iterationen erreicht.
Maximale Anzahl von Iterationen erreicht.
Maximale Anzahl von Iterationen erreicht.
Maximale Anzahl von Iterationen erreicht.
Konvergenz erreicht nach 81 Iterationen.
Maximale Anzahl von Iterationen erreicht.
Maximale Anzahl von Iterationen erreicht.
Maximale Anzahl von Iterationen erreicht.
Maximale Anzahl von Iterationen erreicht.
Maximale Anzahl von Iterationen erreicht.
Maximale Anzahl von Iterationen erreicht.
Maximale Anzahl von Iterationen erreicht.
Konvergenz erreicht nach 78 Iterationen.
Konvergenz erreicht nach 35 Iterationen.
Maximale Anzahl von Iterationen erreicht.
Maximale Anzahl von Iterationen erreicht.
Maximale Anzahl von Iterationen erreicht.
Konvergenz erreicht nach 64 Iterationen.
Konvergenz erreicht nach 74 Iterationen.
Konvergenz erreicht nach 87 Iterationen.
Maximale Anzahl von Iterationen erreicht.
Maximale Anzahl von Iterationen erreicht.
Maximale Anzahl von Iterationen erreicht.
Maximale Anzahl von Iterationen erreicht.
Maximale Anzahl von Iterationen erreicht.
Maximale Anzahl von Iterationen erreicht.
Konvergenz erreicht nach 96 Iterationen.
Konvergenz erreicht nach 99 Iterationen.
Maximale Anzahl von Iterationen erreicht.
Maximale Anzahl von Iterationen erreicht.
Maximale Anzahl von Iterationen erreicht.
Konvergenz erreicht nach 58 Iterationen.
Maximale Anzahl von Iterationen erreicht.
Maximale Anzahl von Iterationen erreicht.
Maximale Anzahl von Iterationen erreicht.
Maximale Anzahl von Iterationen erreicht.
Maximale Anzahl von Iterationen erreicht.
Konvergenz erreicht nach 92 Iterationen.
Maximale Anzahl von Iterationen erreicht.
Maximale Anzahl von Iterationen erreicht.
Maximale Anzahl von Iterationen erreicht.
Maximale Anzahl von Iterationen erreicht.
Maximale Anzahl von Iterationen erreicht.
Maximale Anzahl von Iterationen erreicht.
Maximale Anzahl von Iterationen erreicht.
Maximale Anzahl von Iterationen erreicht.
Maximale Anzahl von Iterationen erreicht.
Maximale Anzahl von Iterationen erreicht.
Maximale Anzahl von Iterationen erreicht.
Maximale Anzahl von Iterationen erreicht.
Maximale Anzahl von Iterationen erreicht.
Maximale Anzahl von Iterationen erreicht.
Maximale Anzahl von Iterationen erreicht.
Maximale Anzahl von Iterationen erreicht.
Maximale Anzahl von Iterationen erreicht.
Maximale Anzahl von Iterationen erreicht.
Maximale Anzahl von Iterationen erreicht.
Maximale Anzahl von Iterationen erreicht.
Maximale Anzahl von Iterationen erreicht.
Konvergenz erreicht nach 94 Iterationen.
Maximale Anzahl von Iterationen erreicht.
Konvergenz erreicht nach 47 Iterationen.
Maximale Anzahl von Iterationen erreicht.
Maximale Anzahl von Iterationen erreicht.
Maximale Anzahl von Iterationen erreicht.
Konvergenz erreicht nach 40 Iterationen.
Maximale Anzahl von Iterationen erreicht.
Maximale Anzahl von Iterationen erreicht.
Maximale Anzahl von Iterationen erreicht.
Maximale Anzahl von Iterationen erreicht.
Konvergenz erreicht nach 95 Iterationen.
Konvergenz erreicht nach 38 Iterationen.
Konvergenz erreicht nach 87 Iterationen.
Konvergenz erreicht nach 92 Iterationen.
Maximale Anzahl von Iterationen erreicht.
Maximale Anzahl von Iterationen erreicht.
Maximale Anzahl von Iterationen erreicht.
Konvergenz erreicht nach 46 Iterationen.
Maximale Anzahl von Iterationen erreicht.
Konvergenz erreicht nach 32 Iterationen.
Maximale Anzahl von Iterationen erreicht.
Konvergenz erreicht nach 48 Iterationen.
Maximale Anzahl von Iterationen erreicht.
Maximale Anzahl von Iterationen erreicht.
Maximale Anzahl von Iterationen erreicht.
Konvergenz erreicht nach 36 Iterationen.
Maximale Anzahl von Iterationen erreicht.
Maximale Anzahl von Iterationen erreicht.
Maximale Anzahl von Iterationen erreicht.
Maximale Anzahl von Iterationen erreicht.
Maximale Anzahl von Iterationen erreicht.
Konvergenz erreicht nach 96 Iterationen.
Maximale Anzahl von Iterationen erreicht.
Maximale Anzahl von Iterationen erreicht.
Maximale Anzahl von Iterationen erreicht.
Maximale Anzahl von Iterationen erreicht.
Konvergenz erreicht nach 85 Iterationen.
Maximale Anzahl von Iterationen erreicht.
Konvergenz erreicht nach 80 Iterationen.
Maximale Anzahl von Iterationen erreicht.
Maximale Anzahl von Iterationen erreicht.
Konvergenz erreicht nach 49 Iterationen.
Maximale Anzahl von Iterationen erreicht.
Maximale Anzahl von Iterationen erreicht.
Maximale Anzahl von Iterationen erreicht.
Konvergenz erreicht nach 88 Iterationen.
Maximale Anzahl von Iterationen erreicht.
Maximale Anzahl von Iterationen erreicht.
Maximale Anzahl von Iterationen erreicht.
Maximale Anzahl von Iterationen erreicht.
Konvergenz erreicht nach 67 Iterationen.
Maximale Anzahl von Iterationen erreicht.
Maximale Anzahl von Iterationen erreicht.
Maximale Anzahl von Iterationen erreicht.
Maximale Anzahl von Iterationen erreicht.
Maximale Anzahl von Iterationen erreicht.
Maximale Anzahl von Iterationen erreicht.
Maximale Anzahl von Iterationen erreicht.
Konvergenz erreicht nach 44 Iterationen.
Maximale Anzahl von Iterationen erreicht.
Maximale Anzahl von Iterationen erreicht.
Maximale Anzahl von Iterationen erreicht.
Maximale Anzahl von Iterationen erreicht.
Maximale Anzahl von Iterationen erreicht.
Konvergenz erreicht nach 85 Iterationen.
Maximale Anzahl von Iterationen erreicht.
Maximale Anzahl von Iterationen erreicht.
Maximale Anzahl von Iterationen erreicht.
Maximale Anzahl von Iterationen erreicht.
Maximale Anzahl von Iterationen erreicht.
Maximale Anzahl von Iterationen erreicht.
Maximale Anzahl von Iterationen erreicht.
Maximale Anzahl von Iterationen erreicht.
Maximale Anzahl von Iterationen erreicht.
Maximale Anzahl von Iterationen erreicht.
Maximale Anzahl von Iterationen erreicht.
Maximale Anzahl von Iterationen erreicht.
Maximale Anzahl von Iterationen erreicht.
Maximale Anzahl von Iterationen erreicht.
Konvergenz erreicht nach 81 Iterationen.
Konvergenz erreicht nach 64 Iterationen.
Maximale Anzahl von Iterationen erreicht.
Maximale Anzahl von Iterationen erreicht.
Maximale Anzahl von Iterationen erreicht.
Maximale Anzahl von Iterationen erreicht.
Konvergenz erreicht nach 89 Iterationen.
Konvergenz erreicht nach 30 Iterationen.
Maximale Anzahl von Iterationen erreicht.
Maximale Anzahl von Iterationen erreicht.
Maximale Anzahl von Iterationen erreicht.
Maximale Anzahl von Iterationen erreicht.
Maximale Anzahl von Iterationen erreicht.
Konvergenz erreicht nach 94 Iterationen.
Konvergenz erreicht nach 36 Iterationen.
Maximale Anzahl von Iterationen erreicht.
Konvergenz erreicht nach 85 Iterationen.
Maximale Anzahl von Iterationen erreicht.
Maximale Anzahl von Iterationen erreicht.
Maximale Anzahl von Iterationen erreicht.
Maximale Anzahl von Iterationen erreicht.
Maximale Anzahl von Iterationen erreicht.
Maximale Anzahl von Iterationen erreicht.
Maximale Anzahl von Iterationen erreicht.
Konvergenz erreicht nach 100 Iterationen.
Konvergenz erreicht nach 75 Iterationen.
Maximale Anzahl von Iterationen erreicht.
Maximale Anzahl von Iterationen erreicht.
Maximale Anzahl von Iterationen erreicht.
Maximale Anzahl von Iterationen erreicht.
Konvergenz erreicht nach 71 Iterationen.
Maximale Anzahl von Iterationen erreicht.
Maximale Anzahl von Iterationen erreicht.
Maximale Anzahl von Iterationen erreicht.
Maximale Anzahl von Iterationen erreicht.
Maximale Anzahl von Iterationen erreicht.
Konvergenz erreicht nach 79 Iterationen.
Maximale Anzahl von Iterationen erreicht.
Maximale Anzahl von Iterationen erreicht.
Maximale Anzahl von Iterationen erreicht.
Maximale Anzahl von Iterationen erreicht.
Maximale Anzahl von Iterationen erreicht.
Maximale Anzahl von Iterationen erreicht.
Maximale Anzahl von Iterationen erreicht.
Maximale Anzahl von Iterationen erreicht.
Maximale Anzahl von Iterationen erreicht.
Maximale Anzahl von Iterationen erreicht.
Konvergenz erreicht nach 59 Iterationen.
Maximale Anzahl von Iterationen erreicht.
Maximale Anzahl von Iterationen erreicht.
Konvergenz erreicht nach 76 Iterationen.
Maximale Anzahl von Iterationen erreicht.
Maximale Anzahl von Iterationen erreicht.
Maximale Anzahl von Iterationen erreicht.
Maximale Anzahl von Iterationen erreicht.
Konvergenz erreicht nach 90 Iterationen.
Maximale Anzahl von Iterationen erreicht.
Konvergenz erreicht nach 87 Iterationen.
Maximale Anzahl von Iterationen erreicht.
Maximale Anzahl von Iterationen erreicht.
Konvergenz erreicht nach 65 Iterationen.
Maximale Anzahl von Iterationen erreicht.
Maximale Anzahl von Iterationen erreicht.
Maximale Anzahl von Iterationen erreicht.
Konvergenz erreicht nach 92 Iterationen.
Maximale Anzahl von Iterationen erreicht.
Maximale Anzahl von Iterationen erreicht.
Konvergenz erreicht nach 70 Iterationen.
Maximale Anzahl von Iterationen erreicht.
Maximale Anzahl von Iterationen erreicht.
Maximale Anzahl von Iterationen erreicht.
Konvergenz erreicht nach 94 Iterationen.
Maximale Anzahl von Iterationen erreicht.
Maximale Anzahl von Iterationen erreicht.
Maximale Anzahl von Iterationen erreicht.
Maximale Anzahl von Iterationen erreicht.
Konvergenz erreicht nach 94 Iterationen.
Maximale Anzahl von Iterationen erreicht.
Konvergenz erreicht nach 54 Iterationen.
Konvergenz erreicht nach 46 Iterationen.
Maximale Anzahl von Iterationen erreicht.
Maximale Anzahl von Iterationen erreicht.
Maximale Anzahl von Iterationen erreicht.
Maximale Anzahl von Iterationen erreicht.
Maximale Anzahl von Iterationen erreicht.
Maximale Anzahl von Iterationen erreicht.
Maximale Anzahl von Iterationen erreicht.
Maximale Anzahl von Iterationen erreicht.
Konvergenz erreicht nach 60 Iterationen.
Maximale Anzahl von Iterationen erreicht.
Konvergenz erreicht nach 67 Iterationen.
Maximale Anzahl von Iterationen erreicht.
Maximale Anzahl von Iterationen erreicht.
Maximale Anzahl von Iterationen erreicht.
Maximale Anzahl von Iterationen erreicht.
Maximale Anzahl von Iterationen erreicht.
Maximale Anzahl von Iterationen erreicht.
Maximale Anzahl von Iterationen erreicht.
Maximale Anzahl von Iterationen erreicht.
Maximale Anzahl von Iterationen erreicht.
Maximale Anzahl von Iterationen erreicht.
Maximale Anzahl von Iterationen erreicht.
Maximale Anzahl von Iterationen erreicht.
Maximale Anzahl von Iterationen erreicht.
Maximale Anzahl von Iterationen erreicht.
Maximale Anzahl von Iterationen erreicht.
Konvergenz erreicht nach 48 Iterationen.
Maximale Anzahl von Iterationen erreicht.
Maximale Anzahl von Iterationen erreicht.
Maximale Anzahl von Iterationen erreicht.
Maximale Anzahl von Iterationen erreicht.
Maximale Anzahl von Iterationen erreicht.
Maximale Anzahl von Iterationen erreicht.
Maximale Anzahl von Iterationen erreicht.
Konvergenz erreicht nach 74 Iterationen.
Maximale Anzahl von Iterationen erreicht.
Maximale Anzahl von Iterationen erreicht.
Maximale Anzahl von Iterationen erreicht.
Maximale Anzahl von Iterationen erreicht.
Maximale Anzahl von Iterationen erreicht.
Maximale Anzahl von Iterationen erreicht.
Konvergenz erreicht nach 61 Iterationen.
Maximale Anzahl von Iterationen erreicht.
Maximale Anzahl von Iterationen erreicht.
Maximale Anzahl von Iterationen erreicht.
Maximale Anzahl von Iterationen erreicht.
Maximale Anzahl von Iterationen erreicht.
Maximale Anzahl von Iterationen erreicht.
Maximale Anzahl von Iterationen erreicht.
Maximale Anzahl von Iterationen erreicht.
Konvergenz erreicht nach 52 Iterationen.
Maximale Anzahl von Iterationen erreicht.
Maximale Anzahl von Iterationen erreicht.
Maximale Anzahl von Iterationen erreicht.
Konvergenz erreicht nach 55 Iterationen.
Maximale Anzahl von Iterationen erreicht.
Maximale Anzahl von Iterationen erreicht.
Maximale Anzahl von Iterationen erreicht.
Maximale Anzahl von Iterationen erreicht.
Maximale Anzahl von Iterationen erreicht.
Maximale Anzahl von Iterationen erreicht.
Maximale Anzahl von Iterationen erreicht.
Maximale Anzahl von Iterationen erreicht.
Maximale Anzahl von Iterationen erreicht.
Maximale Anzahl von Iterationen erreicht.
Maximale Anzahl von Iterationen erreicht.
Maximale Anzahl von Iterationen erreicht.
Maximale Anzahl von Iterationen erreicht.
Maximale Anzahl von Iterationen erreicht.
Maximale Anzahl von Iterationen erreicht.
Maximale Anzahl von Iterationen erreicht.
Konvergenz erreicht nach 49 Iterationen.
Maximale Anzahl von Iterationen erreicht.
Maximale Anzahl von Iterationen erreicht.
Maximale Anzahl von Iterationen erreicht.
Maximale Anzahl von Iterationen erreicht.
Konvergenz erreicht nach 89 Iterationen.
Maximale Anzahl von Iterationen erreicht.
Maximale Anzahl von Iterationen erreicht.
Maximale Anzahl von Iterationen erreicht.
Konvergenz erreicht nach 89 Iterationen.
Maximale Anzahl von Iterationen erreicht.
Maximale Anzahl von Iterationen erreicht.
Maximale Anzahl von Iterationen erreicht.
Maximale Anzahl von Iterationen erreicht.
Maximale Anzahl von Iterationen erreicht.
Maximale Anzahl von Iterationen erreicht.
Maximale Anzahl von Iterationen erreicht.
Maximale Anzahl von Iterationen erreicht.
Maximale Anzahl von Iterationen erreicht.
Maximale Anzahl von Iterationen erreicht.
Maximale Anzahl von Iterationen erreicht.
Maximale Anzahl von Iterationen erreicht.
Maximale Anzahl von Iterationen erreicht.
Maximale Anzahl von Iterationen erreicht.
Maximale Anzahl von Iterationen erreicht.
Konvergenz erreicht nach 79 Iterationen.
Maximale Anzahl von Iterationen erreicht.
Maximale Anzahl von Iterationen erreicht.
Maximale Anzahl von Iterationen erreicht.
Maximale Anzahl von Iterationen erreicht.
Maximale Anzahl von Iterationen erreicht.
Maximale Anzahl von Iterationen erreicht.
Maximale Anzahl von Iterationen erreicht.
Maximale Anzahl von Iterationen erreicht.
Konvergenz erreicht nach 81 Iterationen.
Maximale Anzahl von Iterationen erreicht.
Maximale Anzahl von Iterationen erreicht.
Maximale Anzahl von Iterationen erreicht.
Maximale Anzahl von Iterationen erreicht.
Maximale Anzahl von Iterationen erreicht.
Maximale Anzahl von Iterationen erreicht.
Maximale Anzahl von Iterationen erreicht.
Konvergenz erreicht nach 87 Iterationen.
Maximale Anzahl von Iterationen erreicht.
Konvergenz erreicht nach 91 Iterationen.
Maximale Anzahl von Iterationen erreicht.
Maximale Anzahl von Iterationen erreicht.
Konvergenz erreicht nach 74 Iterationen.
Maximale Anzahl von Iterationen erreicht.
Maximale Anzahl von Iterationen erreicht.
Maximale Anzahl von Iterationen erreicht.
Konvergenz erreicht nach 48 Iterationen.
Maximale Anzahl von Iterationen erreicht.
Maximale Anzahl von Iterationen erreicht.
Maximale Anzahl von Iterationen erreicht.
Maximale Anzahl von Iterationen erreicht.
Konvergenz erreicht nach 31 Iterationen.
Konvergenz erreicht nach 98 Iterationen.
Maximale Anzahl von Iterationen erreicht.
Konvergenz erreicht nach 77 Iterationen.
Maximale Anzahl von Iterationen erreicht.
Maximale Anzahl von Iterationen erreicht.
Konvergenz erreicht nach 49 Iterationen.
Maximale Anzahl von Iterationen erreicht.
Konvergenz erreicht nach 99 Iterationen.
Konvergenz erreicht nach 57 Iterationen.
Maximale Anzahl von Iterationen erreicht.
Konvergenz erreicht nach 67 Iterationen.
Maximale Anzahl von Iterationen erreicht.
Maximale Anzahl von Iterationen erreicht.
Maximale Anzahl von Iterationen erreicht.
Maximale Anzahl von Iterationen erreicht.
Maximale Anzahl von Iterationen erreicht.
Maximale Anzahl von Iterationen erreicht.
Konvergenz erreicht nach 38 Iterationen.
Maximale Anzahl von Iterationen erreicht.
Maximale Anzahl von Iterationen erreicht.
Maximale Anzahl von Iterationen erreicht.
Maximale Anzahl von Iterationen erreicht.
Maximale Anzahl von Iterationen erreicht.
Maximale Anzahl von Iterationen erreicht.
Maximale Anzahl von Iterationen erreicht.
Maximale Anzahl von Iterationen erreicht.
Maximale Anzahl von Iterationen erreicht.
Maximale Anzahl von Iterationen erreicht.
Maximale Anzahl von Iterationen erreicht.
Maximale Anzahl von Iterationen erreicht.
Maximale Anzahl von Iterationen erreicht.
Maximale Anzahl von Iterationen erreicht.
Maximale Anzahl von Iterationen erreicht.
Konvergenz erreicht nach 53 Iterationen.
Maximale Anzahl von Iterationen erreicht.
Maximale Anzahl von Iterationen erreicht.
Maximale Anzahl von Iterationen erreicht.
Maximale Anzahl von Iterationen erreicht.
Konvergenz erreicht nach 74 Iterationen.
Maximale Anzahl von Iterationen erreicht.
Maximale Anzahl von Iterationen erreicht.
Konvergenz erreicht nach 71 Iterationen.
Konvergenz erreicht nach 35 Iterationen.
Maximale Anzahl von Iterationen erreicht.
Maximale Anzahl von Iterationen erreicht.
Konvergenz erreicht nach 97 Iterationen.
Maximale Anzahl von Iterationen erreicht.
Maximale Anzahl von Iterationen erreicht.
Maximale Anzahl von Iterationen erreicht.
Maximale Anzahl von Iterationen erreicht.
Konvergenz erreicht nach 85 Iterationen.
Maximale Anzahl von Iterationen erreicht.
Maximale Anzahl von Iterationen erreicht.
Maximale Anzahl von Iterationen erreicht.
Maximale Anzahl von Iterationen erreicht.
Maximale Anzahl von Iterationen erreicht.
Maximale Anzahl von Iterationen erreicht.
Konvergenz erreicht nach 100 Iterationen.
Maximale Anzahl von Iterationen erreicht.
Konvergenz erreicht nach 91 Iterationen.
Maximale Anzahl von Iterationen erreicht.
Konvergenz erreicht nach 91 Iterationen.
Maximale Anzahl von Iterationen erreicht.
Maximale Anzahl von Iterationen erreicht.
Maximale Anzahl von Iterationen erreicht.
Maximale Anzahl von Iterationen erreicht.
Maximale Anzahl von Iterationen erreicht.
Maximale Anzahl von Iterationen erreicht.
Maximale Anzahl von Iterationen erreicht.
Maximale Anzahl von Iterationen erreicht.
Maximale Anzahl von Iterationen erreicht.
Maximale Anzahl von Iterationen erreicht.
Maximale Anzahl von Iterationen erreicht.
Maximale Anzahl von Iterationen erreicht.
Maximale Anzahl von Iterationen erreicht.
Maximale Anzahl von Iterationen erreicht.
Maximale Anzahl von Iterationen erreicht.
Maximale Anzahl von Iterationen erreicht.
Maximale Anzahl von Iterationen erreicht.
Maximale Anzahl von Iterationen erreicht.
Maximale Anzahl von Iterationen erreicht.
Maximale Anzahl von Iterationen erreicht.
Maximale Anzahl von Iterationen erreicht.
Maximale Anzahl von Iterationen erreicht.
Konvergenz erreicht nach 94 Iterationen.
Maximale Anzahl von Iterationen erreicht.
Maximale Anzahl von Iterationen erreicht.
Maximale Anzahl von Iterationen erreicht.
Maximale Anzahl von Iterationen erreicht.
Konvergenz erreicht nach 58 Iterationen.
Maximale Anzahl von Iterationen erreicht.
Konvergenz erreicht nach 29 Iterationen.
Maximale Anzahl von Iterationen erreicht.
Maximale Anzahl von Iterationen erreicht.
Maximale Anzahl von Iterationen erreicht.
Maximale Anzahl von Iterationen erreicht.
Maximale Anzahl von Iterationen erreicht.
Maximale Anzahl von Iterationen erreicht.
Maximale Anzahl von Iterationen erreicht.
Maximale Anzahl von Iterationen erreicht.
Konvergenz erreicht nach 42 Iterationen.
Konvergenz erreicht nach 90 Iterationen.
Maximale Anzahl von Iterationen erreicht.
Maximale Anzahl von Iterationen erreicht.
Maximale Anzahl von Iterationen erreicht.
Konvergenz erreicht nach 67 Iterationen.
Maximale Anzahl von Iterationen erreicht.
Maximale Anzahl von Iterationen erreicht.
Maximale Anzahl von Iterationen erreicht.
Konvergenz erreicht nach 50 Iterationen.
Maximale Anzahl von Iterationen erreicht.
Maximale Anzahl von Iterationen erreicht.
Maximale Anzahl von Iterationen erreicht.
Maximale Anzahl von Iterationen erreicht.
Maximale Anzahl von Iterationen erreicht.
Maximale Anzahl von Iterationen erreicht.
Maximale Anzahl von Iterationen erreicht.
Maximale Anzahl von Iterationen erreicht.
Maximale Anzahl von Iterationen erreicht.
Maximale Anzahl von Iterationen erreicht.
Maximale Anzahl von Iterationen erreicht.
Maximale Anzahl von Iterationen erreicht.
Maximale Anzahl von Iterationen erreicht.
Maximale Anzahl von Iterationen erreicht.
Maximale Anzahl von Iterationen erreicht.
Maximale Anzahl von Iterationen erreicht.
Maximale Anzahl von Iterationen erreicht.
Konvergenz erreicht nach 52 Iterationen.
Maximale Anzahl von Iterationen erreicht.
Maximale Anzahl von Iterationen erreicht.
Maximale Anzahl von Iterationen erreicht.
Maximale Anzahl von Iterationen erreicht.
Konvergenz erreicht nach 89 Iterationen.
Maximale Anzahl von Iterationen erreicht.
Konvergenz erreicht nach 88 Iterationen.
Maximale Anzahl von Iterationen erreicht.
Maximale Anzahl von Iterationen erreicht.
Maximale Anzahl von Iterationen erreicht.
Maximale Anzahl von Iterationen erreicht.
Maximale Anzahl von Iterationen erreicht.
Maximale Anzahl von Iterationen erreicht.
Maximale Anzahl von Iterationen erreicht.
Maximale Anzahl von Iterationen erreicht.
Maximale Anzahl von Iterationen erreicht.
Maximale Anzahl von Iterationen erreicht.
Maximale Anzahl von Iterationen erreicht.
Konvergenz erreicht nach 43 Iterationen.
Maximale Anzahl von Iterationen erreicht.
Maximale Anzahl von Iterationen erreicht.
Konvergenz erreicht nach 98 Iterationen.
Maximale Anzahl von Iterationen erreicht.
Konvergenz erreicht nach 31 Iterationen.
Konvergenz erreicht nach 79 Iterationen.
Maximale Anzahl von Iterationen erreicht.
Maximale Anzahl von Iterationen erreicht.
Maximale Anzahl von Iterationen erreicht.
Maximale Anzahl von Iterationen erreicht.
Maximale Anzahl von Iterationen erreicht.
Maximale Anzahl von Iterationen erreicht.
Maximale Anzahl von Iterationen erreicht.
Maximale Anzahl von Iterationen erreicht.
Maximale Anzahl von Iterationen erreicht.
Maximale Anzahl von Iterationen erreicht.
Maximale Anzahl von Iterationen erreicht.
Maximale Anzahl von Iterationen erreicht.
Konvergenz erreicht nach 95 Iterationen.
Maximale Anzahl von Iterationen erreicht.
Maximale Anzahl von Iterationen erreicht.
Konvergenz erreicht nach 77 Iterationen.
Maximale Anzahl von Iterationen erreicht.
Maximale Anzahl von Iterationen erreicht.
Maximale Anzahl von Iterationen erreicht.
Maximale Anzahl von Iterationen erreicht.
Maximale Anzahl von Iterationen erreicht.
Maximale Anzahl von Iterationen erreicht.
Maximale Anzahl von Iterationen erreicht.
Maximale Anzahl von Iterationen erreicht.
Maximale Anzahl von Iterationen erreicht.
Maximale Anzahl von Iterationen erreicht.
Maximale Anzahl von Iterationen erreicht.
Konvergenz erreicht nach 99 Iterationen.
Konvergenz erreicht nach 69 Iterationen.
Maximale Anzahl von Iterationen erreicht.
Maximale Anzahl von Iterationen erreicht.
Maximale Anzahl von Iterationen erreicht.
Maximale Anzahl von Iterationen erreicht.
Konvergenz erreicht nach 57 Iterationen.
Konvergenz erreicht nach 83 Iterationen.
Konvergenz erreicht nach 89 Iterationen.
Maximale Anzahl von Iterationen erreicht.
Maximale Anzahl von Iterationen erreicht.
Maximale Anzahl von Iterationen erreicht.
Maximale Anzahl von Iterationen erreicht.
Konvergenz erreicht nach 54 Iterationen.
Konvergenz erreicht nach 74 Iterationen.
Maximale Anzahl von Iterationen erreicht.
Maximale Anzahl von Iterationen erreicht.
Konvergenz erreicht nach 93 Iterationen.
Maximale Anzahl von Iterationen erreicht.
Konvergenz erreicht nach 49 Iterationen.
Maximale Anzahl von Iterationen erreicht.
Maximale Anzahl von Iterationen erreicht.
Maximale Anzahl von Iterationen erreicht.
Maximale Anzahl von Iterationen erreicht.
Maximale Anzahl von Iterationen erreicht.
Konvergenz erreicht nach 69 Iterationen.
Maximale Anzahl von Iterationen erreicht.
Maximale Anzahl von Iterationen erreicht.
Konvergenz erreicht nach 98 Iterationen.
Maximale Anzahl von Iterationen erreicht.
Maximale Anzahl von Iterationen erreicht.
Konvergenz erreicht nach 44 Iterationen.
Maximale Anzahl von Iterationen erreicht.
Maximale Anzahl von Iterationen erreicht.
Maximale Anzahl von Iterationen erreicht.
Maximale Anzahl von Iterationen erreicht.
Konvergenz erreicht nach 82 Iterationen.
Maximale Anzahl von Iterationen erreicht.
Maximale Anzahl von Iterationen erreicht.
Maximale Anzahl von Iterationen erreicht.
Konvergenz erreicht nach 87 Iterationen.
Maximale Anzahl von Iterationen erreicht.
Maximale Anzahl von Iterationen erreicht.
Konvergenz erreicht nach 44 Iterationen.
Maximale Anzahl von Iterationen erreicht.
Maximale Anzahl von Iterationen erreicht.
Maximale Anzahl von Iterationen erreicht.
Maximale Anzahl von Iterationen erreicht.
Maximale Anzahl von Iterationen erreicht.
Maximale Anzahl von Iterationen erreicht.
Maximale Anzahl von Iterationen erreicht.
Maximale Anzahl von Iterationen erreicht.
Maximale Anzahl von Iterationen erreicht.
Maximale Anzahl von Iterationen erreicht.
Maximale Anzahl von Iterationen erreicht.
Maximale Anzahl von Iterationen erreicht.
Maximale Anzahl von Iterationen erreicht.
Maximale Anzahl von Iterationen erreicht.
Konvergenz erreicht nach 75 Iterationen.
Maximale Anzahl von Iterationen erreicht.
Maximale Anzahl von Iterationen erreicht.
Maximale Anzahl von Iterationen erreicht.
Maximale Anzahl von Iterationen erreicht.
Maximale Anzahl von Iterationen erreicht.
Maximale Anzahl von Iterationen erreicht.
Maximale Anzahl von Iterationen erreicht.
Maximale Anzahl von Iterationen erreicht.
Maximale Anzahl von Iterationen erreicht.
Konvergenz erreicht nach 69 Iterationen.
Maximale Anzahl von Iterationen erreicht.
Maximale Anzahl von Iterationen erreicht.
Maximale Anzahl von Iterationen erreicht.
Maximale Anzahl von Iterationen erreicht.
Maximale Anzahl von Iterationen erreicht.
Maximale Anzahl von Iterationen erreicht.
Maximale Anzahl von Iterationen erreicht.
Maximale Anzahl von Iterationen erreicht.
Maximale Anzahl von Iterationen erreicht.
Maximale Anzahl von Iterationen erreicht.
Maximale Anzahl von Iterationen erreicht.
Konvergenz erreicht nach 82 Iterationen.
Maximale Anzahl von Iterationen erreicht.
Maximale Anzahl von Iterationen erreicht.
Maximale Anzahl von Iterationen erreicht.
Maximale Anzahl von Iterationen erreicht.
Maximale Anzahl von Iterationen erreicht.
Konvergenz erreicht nach 45 Iterationen.
Maximale Anzahl von Iterationen erreicht.
Maximale Anzahl von Iterationen erreicht.
Maximale Anzahl von Iterationen erreicht.
Maximale Anzahl von Iterationen erreicht.
Konvergenz erreicht nach 100 Iterationen.
Maximale Anzahl von Iterationen erreicht.
Konvergenz erreicht nach 96 Iterationen.
Maximale Anzahl von Iterationen erreicht.
Konvergenz erreicht nach 96 Iterationen.
Maximale Anzahl von Iterationen erreicht.
Maximale Anzahl von Iterationen erreicht.
Maximale Anzahl von Iterationen erreicht.
Maximale Anzahl von Iterationen erreicht.
Maximale Anzahl von Iterationen erreicht.
Maximale Anzahl von Iterationen erreicht.
Konvergenz erreicht nach 32 Iterationen.
Konvergenz erreicht nach 38 Iterationen.
Maximale Anzahl von Iterationen erreicht.
Maximale Anzahl von Iterationen erreicht.
Maximale Anzahl von Iterationen erreicht.
Maximale Anzahl von Iterationen erreicht.
Maximale Anzahl von Iterationen erreicht.
Maximale Anzahl von Iterationen erreicht.
Maximale Anzahl von Iterationen erreicht.
Maximale Anzahl von Iterationen erreicht.
Maximale Anzahl von Iterationen erreicht.
Maximale Anzahl von Iterationen erreicht.
Maximale Anzahl von Iterationen erreicht.
Konvergenz erreicht nach 67 Iterationen.
Maximale Anzahl von Iterationen erreicht.
Maximale Anzahl von Iterationen erreicht.
Maximale Anzahl von Iterationen erreicht.
Maximale Anzahl von Iterationen erreicht.
Maximale Anzahl von Iterationen erreicht.
Maximale Anzahl von Iterationen erreicht.
Maximale Anzahl von Iterationen erreicht.
Maximale Anzahl von Iterationen erreicht.
Konvergenz erreicht nach 55 Iterationen.
Maximale Anzahl von Iterationen erreicht.
Maximale Anzahl von Iterationen erreicht.
Maximale Anzahl von Iterationen erreicht.
Maximale Anzahl von Iterationen erreicht.
Maximale Anzahl von Iterationen erreicht.
Konvergenz erreicht nach 71 Iterationen.
Maximale Anzahl von Iterationen erreicht.
Konvergenz erreicht nach 30 Iterationen.
Maximale Anzahl von Iterationen erreicht.
Konvergenz erreicht nach 65 Iterationen.
Maximale Anzahl von Iterationen erreicht.
Maximale Anzahl von Iterationen erreicht.
Maximale Anzahl von Iterationen erreicht.
Konvergenz erreicht nach 41 Iterationen.
Maximale Anzahl von Iterationen erreicht.
Maximale Anzahl von Iterationen erreicht.
Maximale Anzahl von Iterationen erreicht.
Maximale Anzahl von Iterationen erreicht.
Maximale Anzahl von Iterationen erreicht.
Maximale Anzahl von Iterationen erreicht.
Maximale Anzahl von Iterationen erreicht.
Maximale Anzahl von Iterationen erreicht.
Maximale Anzahl von Iterationen erreicht.
Maximale Anzahl von Iterationen erreicht.
Maximale Anzahl von Iterationen erreicht.
Maximale Anzahl von Iterationen erreicht.
Konvergenz erreicht nach 66 Iterationen.
Maximale Anzahl von Iterationen erreicht.
Konvergenz erreicht nach 67 Iterationen.
Maximale Anzahl von Iterationen erreicht.
Maximale Anzahl von Iterationen erreicht.
Maximale Anzahl von Iterationen erreicht.
Maximale Anzahl von Iterationen erreicht.
Maximale Anzahl von Iterationen erreicht.
Maximale Anzahl von Iterationen erreicht.
Maximale Anzahl von Iterationen erreicht.
Maximale Anzahl von Iterationen erreicht.
Maximale Anzahl von Iterationen erreicht.
Maximale Anzahl von Iterationen erreicht.
Maximale Anzahl von Iterationen erreicht.
Maximale Anzahl von Iterationen erreicht.
Maximale Anzahl von Iterationen erreicht.
Maximale Anzahl von Iterationen erreicht.
Maximale Anzahl von Iterationen erreicht.
Maximale Anzahl von Iterationen erreicht.
Maximale Anzahl von Iterationen erreicht.
Maximale Anzahl von Iterationen erreicht.
Maximale Anzahl von Iterationen erreicht.
Maximale Anzahl von Iterationen erreicht.
Maximale Anzahl von Iterationen erreicht.
Maximale Anzahl von Iterationen erreicht.
Maximale Anzahl von Iterationen erreicht.
Maximale Anzahl von Iterationen erreicht.
Konvergenz erreicht nach 66 Iterationen.
Konvergenz erreicht nach 43 Iterationen.
Konvergenz erreicht nach 78 Iterationen.
Konvergenz erreicht nach 32 Iterationen.
Maximale Anzahl von Iterationen erreicht.
Maximale Anzahl von Iterationen erreicht.
Maximale Anzahl von Iterationen erreicht.
Konvergenz erreicht nach 60 Iterationen.
Konvergenz erreicht nach 92 Iterationen.
Maximale Anzahl von Iterationen erreicht.
Maximale Anzahl von Iterationen erreicht.
Maximale Anzahl von Iterationen erreicht.
Konvergenz erreicht nach 44 Iterationen.
Maximale Anzahl von Iterationen erreicht.
Maximale Anzahl von Iterationen erreicht.
Maximale Anzahl von Iterationen erreicht.
Maximale Anzahl von Iterationen erreicht.
Maximale Anzahl von Iterationen erreicht.
Maximale Anzahl von Iterationen erreicht.
Maximale Anzahl von Iterationen erreicht.
Maximale Anzahl von Iterationen erreicht.
Maximale Anzahl von Iterationen erreicht.
Maximale Anzahl von Iterationen erreicht.
Konvergenz erreicht nach 96 Iterationen.
Konvergenz erreicht nach 74 Iterationen.
Konvergenz erreicht nach 79 Iterationen.
Maximale Anzahl von Iterationen erreicht.
Maximale Anzahl von Iterationen erreicht.
Konvergenz erreicht nach 98 Iterationen.
Maximale Anzahl von Iterationen erreicht.
Maximale Anzahl von Iterationen erreicht.
Konvergenz erreicht nach 84 Iterationen.
Maximale Anzahl von Iterationen erreicht.
Maximale Anzahl von Iterationen erreicht.
Maximale Anzahl von Iterationen erreicht.
Maximale Anzahl von Iterationen erreicht.
Maximale Anzahl von Iterationen erreicht.
Maximale Anzahl von Iterationen erreicht.
Konvergenz erreicht nach 55 Iterationen.
Maximale Anzahl von Iterationen erreicht.
Maximale Anzahl von Iterationen erreicht.
Maximale Anzahl von Iterationen erreicht.
Maximale Anzahl von Iterationen erreicht.
Maximale Anzahl von Iterationen erreicht.
Maximale Anzahl von Iterationen erreicht.
Konvergenz erreicht nach 75 Iterationen.
Maximale Anzahl von Iterationen erreicht.
Konvergenz erreicht nach 36 Iterationen.
Maximale Anzahl von Iterationen erreicht.
Maximale Anzahl von Iterationen erreicht.
Maximale Anzahl von Iterationen erreicht.
Maximale Anzahl von Iterationen erreicht.
Konvergenz erreicht nach 71 Iterationen.
Konvergenz erreicht nach 74 Iterationen.
Maximale Anzahl von Iterationen erreicht.
Maximale Anzahl von Iterationen erreicht.
Maximale Anzahl von Iterationen erreicht.
Maximale Anzahl von Iterationen erreicht.
Maximale Anzahl von Iterationen erreicht.
Maximale Anzahl von Iterationen erreicht.
Maximale Anzahl von Iterationen erreicht.
Maximale Anzahl von Iterationen erreicht.
Konvergenz erreicht nach 80 Iterationen.
Maximale Anzahl von Iterationen erreicht.
Maximale Anzahl von Iterationen erreicht.
Konvergenz erreicht nach 88 Iterationen.
Maximale Anzahl von Iterationen erreicht.
Maximale Anzahl von Iterationen erreicht.
Konvergenz erreicht nach 61 Iterationen.
Maximale Anzahl von Iterationen erreicht.
Konvergenz erreicht nach 64 Iterationen.
Maximale Anzahl von Iterationen erreicht.
Maximale Anzahl von Iterationen erreicht.
Konvergenz erreicht nach 100 Iterationen.
Maximale Anzahl von Iterationen erreicht.
Maximale Anzahl von Iterationen erreicht.
Maximale Anzahl von Iterationen erreicht.
Maximale Anzahl von Iterationen erreicht.
Maximale Anzahl von Iterationen erreicht.
Maximale Anzahl von Iterationen erreicht.
Konvergenz erreicht nach 98 Iterationen.
Maximale Anzahl von Iterationen erreicht.
Maximale Anzahl von Iterationen erreicht.
Maximale Anzahl von Iterationen erreicht.
Maximale Anzahl von Iterationen erreicht.
Maximale Anzahl von Iterationen erreicht.
Maximale Anzahl von Iterationen erreicht.
Maximale Anzahl von Iterationen erreicht.
Maximale Anzahl von Iterationen erreicht.
Maximale Anzahl von Iterationen erreicht.
Maximale Anzahl von Iterationen erreicht.
Maximale Anzahl von Iterationen erreicht.
Konvergenz erreicht nach 64 Iterationen.
Maximale Anzahl von Iterationen erreicht.
Maximale Anzahl von Iterationen erreicht.
Maximale Anzahl von Iterationen erreicht.
Maximale Anzahl von Iterationen erreicht.
Maximale Anzahl von Iterationen erreicht.
Maximale Anzahl von Iterationen erreicht.
Maximale Anzahl von Iterationen erreicht.
Konvergenz erreicht nach 90 Iterationen.
Maximale Anzahl von Iterationen erreicht.
Maximale Anzahl von Iterationen erreicht.
Maximale Anzahl von Iterationen erreicht.
Maximale Anzahl von Iterationen erreicht.
Maximale Anzahl von Iterationen erreicht.
Konvergenz erreicht nach 60 Iterationen.
Konvergenz erreicht nach 89 Iterationen.
Maximale Anzahl von Iterationen erreicht.
Maximale Anzahl von Iterationen erreicht.
Maximale Anzahl von Iterationen erreicht.
Konvergenz erreicht nach 63 Iterationen.
Maximale Anzahl von Iterationen erreicht.
Konvergenz erreicht nach 76 Iterationen.
Konvergenz erreicht nach 89 Iterationen.
Maximale Anzahl von Iterationen erreicht.
Konvergenz erreicht nach 69 Iterationen.
Maximale Anzahl von Iterationen erreicht.
Maximale Anzahl von Iterationen erreicht.
Maximale Anzahl von Iterationen erreicht.
Maximale Anzahl von Iterationen erreicht.
Konvergenz erreicht nach 84 Iterationen.
Konvergenz erreicht nach 50 Iterationen.
Konvergenz erreicht nach 88 Iterationen.
Maximale Anzahl von Iterationen erreicht.
Maximale Anzahl von Iterationen erreicht.
Maximale Anzahl von Iterationen erreicht.
Maximale Anzahl von Iterationen erreicht.
Konvergenz erreicht nach 51 Iterationen.
Maximale Anzahl von Iterationen erreicht.
Maximale Anzahl von Iterationen erreicht.
Konvergenz erreicht nach 69 Iterationen.
Konvergenz erreicht nach 48 Iterationen.
Maximale Anzahl von Iterationen erreicht.
Maximale Anzahl von Iterationen erreicht.
Konvergenz erreicht nach 79 Iterationen.
Maximale Anzahl von Iterationen erreicht.
Maximale Anzahl von Iterationen erreicht.
Maximale Anzahl von Iterationen erreicht.
Maximale Anzahl von Iterationen erreicht.
Maximale Anzahl von Iterationen erreicht.
Maximale Anzahl von Iterationen erreicht.
Maximale Anzahl von Iterationen erreicht.
Maximale Anzahl von Iterationen erreicht.
Maximale Anzahl von Iterationen erreicht.
Maximale Anzahl von Iterationen erreicht.
Maximale Anzahl von Iterationen erreicht.
Maximale Anzahl von Iterationen erreicht.
Maximale Anzahl von Iterationen erreicht.
Maximale Anzahl von Iterationen erreicht.
Maximale Anzahl von Iterationen erreicht.
Maximale Anzahl von Iterationen erreicht.
Maximale Anzahl von Iterationen erreicht.
Maximale Anzahl von Iterationen erreicht.
Maximale Anzahl von Iterationen erreicht.
Maximale Anzahl von Iterationen erreicht.
Maximale Anzahl von Iterationen erreicht.
Maximale Anzahl von Iterationen erreicht.
Maximale Anzahl von Iterationen erreicht.
Maximale Anzahl von Iterationen erreicht.
Maximale Anzahl von Iterationen erreicht.
Maximale Anzahl von Iterationen erreicht.
Maximale Anzahl von Iterationen erreicht.
Konvergenz erreicht nach 44 Iterationen.
Maximale Anzahl von Iterationen erreicht.
Maximale Anzahl von Iterationen erreicht.
Maximale Anzahl von Iterationen erreicht.
Maximale Anzahl von Iterationen erreicht.
Konvergenz erreicht nach 47 Iterationen.
Maximale Anzahl von Iterationen erreicht.
Maximale Anzahl von Iterationen erreicht.
Maximale Anzahl von Iterationen erreicht.
Maximale Anzahl von Iterationen erreicht.
Maximale Anzahl von Iterationen erreicht.
Maximale Anzahl von Iterationen erreicht.
Konvergenz erreicht nach 58 Iterationen.
Konvergenz erreicht nach 43 Iterationen.
Maximale Anzahl von Iterationen erreicht.
Maximale Anzahl von Iterationen erreicht.
Maximale Anzahl von Iterationen erreicht.
Maximale Anzahl von Iterationen erreicht.
Maximale Anzahl von Iterationen erreicht.
Konvergenz erreicht nach 92 Iterationen.
Maximale Anzahl von Iterationen erreicht.
Maximale Anzahl von Iterationen erreicht.
Maximale Anzahl von Iterationen erreicht.
Maximale Anzahl von Iterationen erreicht.
Maximale Anzahl von Iterationen erreicht.
Maximale Anzahl von Iterationen erreicht.
Maximale Anzahl von Iterationen erreicht.
Maximale Anzahl von Iterationen erreicht.
Maximale Anzahl von Iterationen erreicht.
Maximale Anzahl von Iterationen erreicht.
Maximale Anzahl von Iterationen erreicht.
Konvergenz erreicht nach 67 Iterationen.
Maximale Anzahl von Iterationen erreicht.
Maximale Anzahl von Iterationen erreicht.
Maximale Anzahl von Iterationen erreicht.
Maximale Anzahl von Iterationen erreicht.
Maximale Anzahl von Iterationen erreicht.
Maximale Anzahl von Iterationen erreicht.
Maximale Anzahl von Iterationen erreicht.
Maximale Anzahl von Iterationen erreicht.
Maximale Anzahl von Iterationen erreicht.
Konvergenz erreicht nach 77 Iterationen.
Maximale Anzahl von Iterationen erreicht.
Maximale Anzahl von Iterationen erreicht.
Maximale Anzahl von Iterationen erreicht.
Konvergenz erreicht nach 47 Iterationen.
Maximale Anzahl von Iterationen erreicht.
Maximale Anzahl von Iterationen erreicht.
Maximale Anzahl von Iterationen erreicht.
Maximale Anzahl von Iterationen erreicht.
Konvergenz erreicht nach 72 Iterationen.
Maximale Anzahl von Iterationen erreicht.
Maximale Anzahl von Iterationen erreicht.
Maximale Anzahl von Iterationen erreicht.
Maximale Anzahl von Iterationen erreicht.
Maximale Anzahl von Iterationen erreicht.
Maximale Anzahl von Iterationen erreicht.
Maximale Anzahl von Iterationen erreicht.
Maximale Anzahl von Iterationen erreicht.
Maximale Anzahl von Iterationen erreicht.
Maximale Anzahl von Iterationen erreicht.
Maximale Anzahl von Iterationen erreicht.
Maximale Anzahl von Iterationen erreicht.
Maximale Anzahl von Iterationen erreicht.
Maximale Anzahl von Iterationen erreicht.
Maximale Anzahl von Iterationen erreicht.
Maximale Anzahl von Iterationen erreicht.
Maximale Anzahl von Iterationen erreicht.
Maximale Anzahl von Iterationen erreicht.
Konvergenz erreicht nach 98 Iterationen.
Maximale Anzahl von Iterationen erreicht.
