$MeshFormat
4.1 0 8
$EndMeshFormat
$Entities
2418 193 5 0
1 1 0 0 0 
2 0 0 0 0 
3 0.08045250128026599 3.723421310858344e-15 0 0 
4 0.1606491857388397 -1.897353801849633e-18 0 0 
5 0.1084682773915424 -2.352718714293545e-17 0 0 
6 0.8763956549769421 -3.035766082959412e-18 0 0 
7 0.08044940377957308 -4.657732532997727e-16 0 0 
8 0.1606278747837603 -2.344587197999903e-18 0 0 
9 0.1084625704112342 1.057097118173367e-17 0 0 
10 1 1 0 0 
11 1 0.7637606469002181 0 0 
12 1 0.5325348536534711 0 0 
13 1 0.7476763488437703 0 0 
14 1 0.7637596169335225 0 0 
15 1 0.5325311540285996 0 0 
16 1 0.7476796997238657 0 0 
17 0 1 0 0 
18 0.09534825446378428 1 0 0 
19 0.6753920361552079 0.9999999999999999 0 0 
20 0.09534575084128391 0.9999999999999999 0 0 
21 0.6753858897088134 1 0 0 
22 -1.360429780980499e-14 0.3925630213847134 0 0 
23 -3.402578782965571e-15 0.1715014315494212 0 0 
24 1.26253174581592e-14 0.3925656556165632 0 0 
25 -5.839512901006927e-16 0.1715097950635878 0 0 
26 0.7394085817694791 0.694393325194636 0 0 
27 0.1276245125681913 0.1443622706036955 0 0 
28 0.1293986463698141 0.1437459657897489 0 0 
29 0.1649003326892853 0.3889136910438538 0 0 
30 0.7280374118449686 0.7125365366892582 0 0 
31 0.3926438298734742 0.5404583234948954 0 0 
32 0.4012591402232508 0.5457448784786247 0 0 
33 0.3469030502565218 0.5115492407481969 0 0 
34 0.7280418180278949 0.7125386905124708 0 0 
35 0.1365791437582733 0.3900750402512594 0 0 
36 0.09294327116908653 0.1626440593124018 0 0 
37 0.1288149730074074 0.2978525902502231 0 0 
38 0.1433096959807043 0.3349623238061808 0 0 
39 0.1003014568993422 0.1975072783061424 0 0 
40 0.09294357050179412 0.1626452584824998 0 0 
41 0.1782186279899315 0.3777590937035298 0 0 
42 0.1785547732708139 0.3774771988894006 0 0 
43 0.1533533781766891 0.1286070048809052 0 0 
44 0.1534518531675536 0.1253966914383337 0 0 
45 0.1536463091638486 0.1287460577932506 0 0 
46 0.8159218356593412 0.5070682048073627 0 0 
47 0.1780263781547527 0.1392430961132041 0 0 
48 0.1518811051071532 0.1295374550577855 0 0 
49 0.1379837777822164 0.1383203166988941 0 0 
50 0.1407202184200287 0.1365909352898598 0 0 
51 0.09295142534928785 0.162642022214032 0 0 
52 0.1040892302988906 0.159192785620729 0 0 
53 0.1127939969301325 0.120826959610026 0 0 
54 0.7740763961459318 0.7130150720430664 0 0 
55 0.8822401610279716 0.7393102741990967 0 0 
56 0.7187550642305227 0.7337368450101118 0 0 
57 0.7187622748938554 0.7337181286613101 0 0 
58 0.8159238216411063 0.5070611880399383 0 0 
59 0.789254080593089 0.5888104355456245 0 0 
60 0.797159417362698 0.5668941779335579 0 0 
61 0.8312124004917415 0.4473357449773248 0 0 
62 0.09295172476452487 0.16264322010276 0 0 
63 0.008938822642174186 0 0 0 
64 0.01787764528434837 0 0 0 
65 0.02681646792652256 0 0 0 
66 0.03575529056869674 0 0 0 
67 0.04469411321087093 0 0 0 
68 0.05363293585304511 0 0 0 
69 0.0625717584952193 0 0 0 
70 0.07151058113739349 0 0 0 
71 0.08044974794631671 0 0 0 
72 0.08045009211306574 0 0 0 
73 0.08045043627981477 0 0 0 
74 0.0804507804465638 0 0 0 
75 0.08045112461331282 0 0 0 
76 0.08045146878006185 0 0 0 
77 0.08045181294681088 0 0 0 
78 0.08045215711355991 0 0 0 
79 0.08356473118374509 0 0 0 
80 0.08667696108718123 0 0 0 
81 0.08978919099061738 0 0 0 
82 0.09290142089405354 0 0 0 
83 0.09601365079748968 0 0 0 
84 0.09912588070092583 0 0 0 
85 0.102238110604362 0 0 0 
86 0.1053503405077981 0 0 0 
87 0.1084632045201574 0 0 0 
88 0.1084638386290805 0 0 0 
89 0.1084644727380036 0 0 0 
90 0.1084651068469267 0 0 0 
91 0.1084657409558498 0 0 0 
92 0.108466375064773 0 0 0 
93 0.1084670091736961 0 0 0 
94 0.1084676432826192 0 0 0 
95 0.1142637882128999 0 0 0 
96 0.1200592990342574 0 0 0 
97 0.125854809855615 0 0 0 
98 0.1316503206769725 0 0 0 
99 0.1374458314983301 0 0 0 
100 0.1432413423196877 0 0 0 
101 0.1490368531410452 0 0 0 
102 0.1548323639624028 0 0 0 
103 0.160630242667658 0 0 0 
104 0.1606326105515558 0 0 0 
105 0.1606349784354535 0 0 0 
106 0.1606373463193512 0 0 0 
107 0.1606397142032489 0 0 0 
108 0.1606420820871466 0 0 0 
109 0.1606444499710444 0 0 0 
110 0.1606468178549421 0 0 0 
111 0.1817005524811369 0 0 0 
112 0.202751919223434 0 0 0 
113 0.2238032859657311 0 0 0 
114 0.2448546527080283 0 0 0 
115 0.2659060194503254 0 0 0 
116 0.2869573861926225 0 0 0 
117 0.3080087529349196 0 0 0 
118 0.3290601196772168 0 0 0 
119 0.3501114864195139 0 0 0 
120 0.371162853161811 0 0 0 
121 0.3922142199041082 0 0 0 
122 0.4132655866464052 0 0 0 
123 0.4343169533887024 0 0 0 
124 0.4553683201309995 0 0 0 
125 0.4764196868732966 0 0 0 
126 0.4974710536155937 0 0 0 
127 0.5185224203578909 0 0 0 
128 0.539573787100188 0 0 0 
129 0.5606251538424851 0 0 0 
130 0.5816765205847823 0 0 0 
131 0.6027278873270794 0 0 0 
132 0.6237792540693765 0 0 0 
133 0.6448306208116736 0 0 0 
134 0.6658819875539708 0 0 0 
135 0.6869333542962679 0 0 0 
136 0.707984721038565 0 0 0 
137 0.7290360877808622 0 0 0 
138 0.7500874545231593 0 0 0 
139 0.7711388212654564 0 0 0 
140 0.7921901880077535 0 0 0 
141 0.8132415547500507 0 0 0 
142 0.8342929214923478 0 0 0 
143 0.8553442882346449 0 0 0 
144 0.8763957491391455 0 0 0 
145 0.8763958433013491 0 0 0 
146 0.8763959374635526 0 0 0 
147 0.8763960316257562 0 0 0 
148 0.8763961257879597 0 0 0 
149 0.8763962199501633 0 0 0 
150 0.8763963141123667 0 0 0 
151 0.8763964082745703 0 0 0 
152 0.8901302243882434 0 0 0 
153 0.903863946339713 0 0 0 
154 0.9175976682911825 0 0 0 
155 0.9313313902426521 0 0 0 
156 0.9450651121941217 0 0 0 
157 0.9587988341455913 0 0 0 
158 0.9725325560970608 0 0 0 
159 0.9862662780485304 0 0 0 
160 1 0.02130124616114405 0 0 
161 1 0.0426024923222881 0 0 
162 1 0.06390373848343214 0 0 
163 1 0.0852049846445762 0 0 
164 1 0.1065062308057202 0 0 
165 1 0.1278074769668643 0 0 
166 1 0.1491087231280084 0 0 
167 1 0.1704099692891524 0 0 
168 1 0.1917112154502964 0 0 
169 1 0.2130124616114405 0 0 
170 1 0.2343137077725845 0 0 
171 1 0.2556149539337286 0 0 
172 1 0.2769162000948726 0 0 
173 1 0.2982174462560167 0 0 
174 1 0.3195186924171607 0 0 
175 1 0.3408199385783048 0 0 
176 1 0.3621211847394488 0 0 
177 1 0.3834224309005929 0 0 
178 1 0.404723677061737 0 0 
179 1 0.426024923222881 0 0 
180 1 0.447326169384025 0 0 
181 1 0.4686274155451691 0 0 
182 1 0.4899286617063131 0 0 
183 1 0.5112299078674571 0 0 
184 1 0.5325315650980312 0 0 
185 1 0.5325319761674613 0 0 
186 1 0.5325323872368912 0 0 
187 1 0.5325327983063213 0 0 
188 1 0.5325332093757513 0 0 
189 1 0.5325336204451814 0 0 
190 1 0.5325340315146113 0 0 
191 1 0.5325344425840414 0 0 
192 1 0.5564394642301713 0 0 
193 1 0.5803440748068712 0 0 
194 1 0.6042486853835711 0 0 
195 1 0.6281532959602709 0 0 
196 1 0.6520579065369708 0 0 
197 1 0.6759625171136707 0 0 
198 1 0.6998671276903706 0 0 
199 1 0.7237717382670705 0 0 
200 1 0.747676721163781 0 0 
201 1 0.7476770934837916 0 0 
202 1 0.7476774658038022 0 0 
203 1 0.7476778381238128 0 0 
204 1 0.7476782104438233 0 0 
205 1 0.7476785827638339 0 0 
206 1 0.7476789550838445 0 0 
207 1 0.7476793274038551 0 0 
208 1 0.7494663571916054 0 0 
209 1 0.751253014659345 0 0 
210 1 0.7530396721270847 0 0 
211 1 0.7548263295948243 0 0 
212 1 0.7566129870625639 0 0 
213 1 0.7583996445303035 0 0 
214 1 0.7601863019980432 0 0 
215 1 0.7619729594657828 0 0 
216 1 0.7637597313742663 0 0 
217 1 0.7637598458150103 0 0 
218 1 0.7637599602557542 0 0 
219 1 0.7637600746964982 0 0 
220 1 0.7637601891372421 0 0 
221 1 0.7637603035779861 0 0 
222 1 0.76376041801873 0 0 
223 1 0.763760532459474 0 0 
224 1 0.787384582210196 0 0 
225 1 0.8110085175201742 0 0 
226 1 0.8346324528301525 0 0 
227 1 0.8582563881401307 0 0 
228 1 0.8818803234501089 0 0 
229 1 0.9055042587600871 0 0 
230 1 0.9291281940700653 0 0 
231 1 0.9527521293800436 0 0 
232 1 0.9763760646900218 0 0 
233 0 0.9790539881246785 0 0 
234 0 0.9581079762493568 0 0 
235 0 0.9371619643740353 0 0 
236 0 0.9162159524987137 0 0 
237 0 0.8952699406233922 0 0 
238 0 0.8743239287480706 0 0 
239 0 0.853377916872749 0 0 
240 0 0.8324319049974275 0 0 
241 0 0.8114858931221058 0 0 
242 0 0.7905398812467843 0 0 
243 0 0.7695938693714628 0 0 
244 0 0.7486478574961412 0 0 
245 0 0.7277018456208195 0 0 
246 0 0.706755833745498 0 0 
247 0 0.6858098218701765 0 0 
248 0 0.6648638099948549 0 0 
249 0 0.6439177981195333 0 0 
250 0 0.6229717862442117 0 0 
251 0 0.6020257743688902 0 0 
252 0 0.5810797624935686 0 0 
253 0 0.5601337506182471 0 0 
254 0 0.5391877387429255 0 0 
255 0 0.5182417268676038 0 0 
256 0 0.4972957149922823 0 0 
257 0 0.4763497031169608 0 0 
258 0 0.4554036912416392 0 0 
259 0 0.4344576793663176 0 0 
260 0 0.4135116674909961 0 0 
261 0 0.392565362923471 0 0 
262 0 0.3925650702312675 0 0 
263 0 0.392564777539064 0 0 
264 0 0.3925644848468606 0 0 
265 0 0.3925641921546571 0 0 
266 0 0.3925638994624536 0 0 
267 0 0.3925636067702502 0 0 
268 0 0.3925633140780467 0 0 
269 0 0.3704576987536179 0 0 
270 0 0.3483523761213925 0 0 
271 0 0.3262470534891672 0 0 
272 0 0.3041417308569417 0 0 
273 0 0.2820364082247164 0 0 
274 0 0.259931085592491 0 0 
275 0 0.2378257629602657 0 0 
276 0 0.2157204403280404 0 0 
277 0 0.193615117695815 0 0 
278 0 0.1715088657842389 0 0 
279 0 0.171507936504888 0 0 
280 0 0.1715070072255371 0 0 
281 0 0.1715060779461863 0 0 
282 0 0.1715051486668355 0 0 
283 0 0.1715042193874847 0 0 
284 0 0.1715032901081338 0 0 
285 0 0.171502360828783 0 0 
286 0 0.1524457169328286 0 0 
287 0 0.133390002316225 0 0 
288 0 0.1143342876996215 0 0 
289 0 0.0952785730830179 0 0 
290 0 0.0762228584664143 0 0 
291 0 0.0571671438498107 0 0 
292 0 0.03811142923320721 0 0 
293 0 0.0190557146166036 0 0 
294 0.1649003326892853 0.3889136910438538 0 0 
295 0.1649003326892853 0.3889136910438538 0 0 
296 0.1649003326892853 0.3889136910438538 0 0 
297 0.1649003326892853 0.3889136910438538 0 0 
298 0.1649003326892853 0.3889136910438538 0 0 
299 0.1649003326892853 0.3889136910438538 0 0 
300 0.1649003326892853 0.3889136910438538 0 0 
301 0.1649003326892853 0.3889136910438538 0 0 
302 0.1649003326892853 0.3889136910438538 0 0 
303 0.1649003326892853 0.3889136910438538 0 0 
304 0.1649003326892853 0.3889136910438538 0 0 
305 0.1649003326892853 0.3889136910438538 0 0 
306 0.1649003326892853 0.3889136910438538 0 0 
307 0.1649003326892853 0.3889136910438538 0 0 
308 0.1649003326892853 0.3889136910438538 0 0 
309 0.1649003326892853 0.3889136910438538 0 0 
310 0.1649003326892853 0.3889136910438538 0 0 
311 0.1649003326892853 0.3889136910438538 0 0 
312 0.1649003326892853 0.3889136910438538 0 0 
313 0.1649003326892853 0.3889136910438538 0 0 
314 0.1649003326892853 0.3889136910438538 0 0 
315 0.1649003326892853 0.3889136910438538 0 0 
316 0.1649003326892853 0.3889136910438538 0 0 
317 0.1649003326892853 0.3889136910438538 0 0 
318 0.1649003326892853 0.3889136910438539 0 0 
319 0.1649003326892853 0.3889136910438538 0 0 
320 0.1649003326892853 0.3889136910438539 0 0 
321 0.1649003326892853 0.3889136910438536 0 0 
322 0.1649003326892853 0.3889136910438538 0 0 
323 0.1649003326892853 0.3889136910438538 0 0 
324 0.1649003326892853 0.3889136910438539 0 0 
325 0.1649003326892853 0.3889136910438537 0 0 
326 0.1649003326892853 0.3889136910438538 0 0 
327 0.1649003326892853 0.3889136910438538 0 0 
328 0.1649003326892853 0.3889136910438539 0 0 
329 0.1649003326892853 0.3889136910438539 0 0 
330 0.1649003326892853 0.3889136910438537 0 0 
331 0.1649003326892853 0.3889136910438537 0 0 
332 0.1649003326892853 0.3889136910438537 0 0 
333 0.1649003326892853 0.3889136910438539 0 0 
334 0.1624329336730377 0.382946366450232 0 0 
335 0.1600830975676528 0.3769320925548752 0 0 
336 0.1577922788920123 0.3708942168157951 0 0 
337 0.1555019321649977 0.3648560866910037 0 0 
338 0.1531535119196062 0.3588410496331466 0 0 
339 0.1507066882305824 0.3528655643115356 0 0 
340 0.148214056923004 0.3469089793334471 0 0 
341 0.1457478623434221 0.3409414046895505 0 0 
342 0.1416533481271873 0.3308570988341934 0 0 
343 0.1400093837112058 0.3267468987855606 0 0 
344 0.138377276883174 0.3226319757805502 0 0 
345 0.1367566694206794 0.318512510280987 0 0 
346 0.1351472268736932 0.3143886698667449 0 0 
347 0.1335485940994505 0.3102606268760001 0 0 
348 0.1319603504259024 0.306128575558279 0 0 
349 0.1303823588038768 0.3019925981859791 0 0 
350 0.1255126836310238 0.2889472090483124 0 0 
351 0.1223248152979057 0.2800002357546637 0 0 
352 0.1192521794712976 0.2710130354457935 0 0 
353 0.1162937814862276 0.2619875839062477 0 0 
354 0.1134481590444665 0.2529259411846593 0 0 
355 0.1107192436549469 0.2438285019148458 0 0 
356 0.1082736497373752 0.234651394022088 0 0 
357 0.1061515678576102 0.2253937105975489 0 0 
358 0.1041348375609675 0.2161123079000024 0 0 
359 0.1021847825595758 0.2068166676762571 0 0 
360 0.09953607881789914 0.1936219894368037 0 0 
361 0.09878227640468733 0.1897344382612659 0 0 
362 0.09804003084643981 0.1858446637333493 0 0 
363 0.09730839567380224 0.1819528784729219 0 0 
364 0.09655766134642985 0.1780647479190875 0 0 
365 0.09574866818024377 0.1741883307399404 0 0 
366 0.09487315526283009 0.1703263988122921 0 0 
367 0.09392379939646182 0.1664819766674438 0 0 
368 0.09294353724234859 0.1626451252414948 0 0 
369 0.09294350398294809 0.1626449920004263 0 0 
370 0.09294347072361793 0.1626448587593402 0 0 
371 0.09294343746435813 0.1626447255182364 0 0 
372 0.09294340420516865 0.1626445922771149 0 0 
373 0.09294337094604957 0.1626444590359757 0 0 
374 0.09294333768700082 0.1626443257948189 0 0 
375 0.09294330442802241 0.1626441925536443 0 0 
376 0.09097720554662089 0.1542643314972782 0 0 
377 0.08923302650818295 0.1458355864114894 0 0 
378 0.08769066352630323 0.1373675470382034 0 0 
379 0.08633092091277872 0.1288682399835382 0 0 
380 0.08513595147856601 0.1203441775780828 0 0 
381 0.08419218553044451 0.111789197584569 0 0 
382 0.08343797227122837 0.1032148095321735 0 0 
383 0.08276618988032766 0.09463357162282567 0 0 
384 0.08218917089775186 0.08604545726983484 0 0 
385 0.08171544063748122 0.07745102626131524 0 0 
386 0.08134443418564834 0.06885154762628311 0 0 
387 0.08107506080479318 0.06024828427271672 0 0 
388 0.08089764511556224 0.05164260981678293 0 0 
389 0.080763475857301 0.04303613402738094 0 0 
390 0.08065215004992422 0.03442933174483301 0 0 
391 0.08056506751832003 0.02582225048772695 0 0 
392 0.08050287066313061 0.01721495342864268 0 0 
393 0.08046556151815373 0.008607512525850862 0 0 
394 0.1533533781766892 0.1286070048809051 0 0 
395 0.1533533781766892 0.1286070048809051 0 0 
396 0.1533533781766892 0.1286070048809051 0 0 
397 0.1533533781766892 0.1286070048809051 0 0 
398 0.1533533781766892 0.1286070048809051 0 0 
399 0.1533533781766892 0.1286070048809051 0 0 
400 0.1533533781766892 0.1286070048809051 0 0 
401 0.1533533781766892 0.1286070048809051 0 0 
402 0.1533533781766892 0.1286070048809051 0 0 
403 0.1533533781766892 0.1286070048809051 0 0 
404 0.1533533781766892 0.1286070048809051 0 0 
405 0.1533533781766892 0.1286070048809051 0 0 
406 0.1533533781766892 0.1286070048809051 0 0 
407 0.1533533781766892 0.1286070048809051 0 0 
408 0.1533533781766892 0.1286070048809051 0 0 
409 0.1533533781766892 0.1286070048809051 0 0 
410 0.1533533781766892 0.1286070048809049 0 0 
411 0.1533533781766892 0.1286070048809047 0 0 
412 0.1533533781766892 0.1286070048809045 0 0 
413 0.1533533781766892 0.1286070048809042 0 0 
414 0.1533533781766893 0.1286070048809041 0 0 
415 0.1533533781766892 0.1286070048809038 0 0 
416 0.1533533781766893 0.1286070048809036 0 0 
417 0.1533533781766892 0.1286070048809033 0 0 
418 0.1533616644653984 0.1282503140591485 0 0 
419 0.1533703176372431 0.1278935903208481 0 0 
420 0.1533794649612663 0.1275368466296789 0 0 
421 0.1533892337065108 0.1271800959493179 0 0 
422 0.1533997511420195 0.1268233512434423 0 0 
423 0.1534111445368353 0.126466625475729 0 0 
424 0.153423541160001 0.1261099316098551 0 0 
425 0.1534370682805595 0.1257532826094976 0 0 
426 0.1536141775101231 0.122727500094932 0 0 
427 0.1538429574679591 0.1200629298206554 0 0 
428 0.1540879536825549 0.1173999163377061 0 0 
429 0.1543447289543085 0.11473797696661 0 0 
430 0.1546081592044389 0.1120766974699844 0 0 
431 0.1548764575761327 0.1094159020230221 0 0 
432 0.1551482508114973 0.106755461743293 0 0 
433 0.1554228964245362 0.1040953143953244 0 0 
434 0.1556976365172415 0.1014351767319803 0 0 
435 0.1559692217176712 0.09877471518793454 0 0 
436 0.1562372565935949 0.09611389360207011 0 0 
437 0.1565017569077982 0.09345271833104257 0 0 
438 0.1567626928240165 0.09079119120127239 0 0 
439 0.1570200661088922 0.08812931719520037 0 0 
440 0.1572738707856945 0.08546710056355179 0 0 
441 0.1575240940838917 0.08280454492176827 0 0 
442 0.1577707298074683 0.08014165457789856 0 0 
443 0.1580137618720713 0.07747843287774625 0 0 
444 0.1582531647614261 0.07481488264308019 0 0 
445 0.1584887019179251 0.07215098752152008 0 0 
446 0.1587151492220796 0.06948630441121699 0 0 
447 0.1589257322853109 0.06682032196490743 0 0 
448 0.1591196147277431 0.06415307200725899 0 0 
449 0.1592970710583703 0.06148467912933166 0 0 
450 0.1594582060874482 0.05881525091754072 0 0 
451 0.1596031972011154 0.05614489704428387 0 0 
452 0.1597321516332033 0.05347372114744272 0 0 
453 0.1598457230460576 0.05080184645541314 0 0 
454 0.1599478475921819 0.04812950939132828 0 0 
455 0.1600416134319381 0.04545686635605064 0 0 
456 0.1601271568424672 0.04278394730570165 0 0 
457 0.1602044763677376 0.04011077779816819 0 0 
458 0.1602735523660237 0.03743738252438934 0 0 
459 0.16033435582608 0.03476378639752076 0 0 
460 0.1603869101579902 0.03209001520900839 0 0 
461 0.1604311114079895 0.02941609314829445 0 0 
462 0.1604689895088188 0.02674207378681942 0 0 
463 0.1605031108778202 0.02406800384249924 0 0 
464 0.1605336535526855 0.02139389065216959 0 0 
465 0.1605605981629536 0.01871973878751787 0 0 
466 0.1605839441629176 0.01604555307975123 0 0 
467 0.1606036916897315 0.01337133838458074 0 0 
468 0.1606198474096202 0.01069709956514307 0 0 
469 0.1606324127289264 0.008022841498544398 0 0 
470 0.1606414044540126 0.005348568939953002 0 0 
471 0.1606466924309509 0.002674286699260165 0 0 
472 0.1276245266199112 0.1443622559309007 0 0 
473 0.1276245266199112 0.1443622559309006 0 0 
474 0.1276245266199112 0.1443622559309006 0 0 
475 0.1276245266199112 0.1443622559309006 0 0 
476 0.1276245266199112 0.1443622559309006 0 0 
477 0.1276245266199112 0.1443622559309006 0 0 
478 0.1276245266199112 0.1443622559309005 0 0 
479 0.1276245266199112 0.1443622559309006 0 0 
480 0.1276245266199103 0.1443622559308999 0 0 
481 0.1276245266199094 0.1443622559308992 0 0 
482 0.1276245266199084 0.1443622559308986 0 0 
483 0.1276245266199075 0.144362255930898 0 0 
484 0.1276245266199066 0.1443622559308973 0 0 
485 0.1276245266199057 0.1443622559308966 0 0 
486 0.1276245266199048 0.144362255930896 0 0 
487 0.1276245266199038 0.1443622559308953 0 0 
488 0.124970805842528 0.1422558660324268 0 0 
489 0.1226127035642092 0.1399858463680174 0 0 
490 0.1205312994437632 0.1375678265131335 0 0 
491 0.1187076731400062 0.1350174360432422 0 0 
492 0.1171229043117547 0.1323503045338107 0 0 
493 0.1157580726178252 0.1295820615603062 0 0 
494 0.114594257717034 0.1267283366981958 0 0 
495 0.1136125392681976 0.1238047595229467 0 0 
496 0.1121171324223412 0.1177977070068335 0 0 
497 0.1115667497373276 0.1147429701229386 0 0 
498 0.1111238177021897 0.1116707506115798 0 0 
499 0.1107699438275295 0.1085869982370783 0 0 
500 0.1104893212979665 0.1054957096984586 0 0 
501 0.1102680054133674 0.1023996025967271 0 0 
502 0.1100826881983644 0.09930111758589349 0 0 
503 0.1099112120106566 0.09620183685796888 0 0 
504 0.1097505170884676 0.0931019785207003 0 0 
505 0.1096008404887826 0.09000156865908789 0 0 
506 0.1094622150641816 0.08690064495990778 0 0 
507 0.1093346440515459 0.08379924684403525 0 0 
508 0.1092181437116298 0.08069741313751833 0 0 
509 0.1091127219687009 0.07759518316250222 0 0 
510 0.1090182988544801 0.07449259890735702 0 0 
511 0.1089345479536672 0.07138970818025901 0 0 
512 0.108861389513944 0.068286549664601 0 0 
513 0.1087988710891295 0.06518315855574294 0 0 
514 0.1087470325063621 0.06207957069854603 0 0 
515 0.1087058969749187 0.05897582248919048 0 0 
516 0.1086754873048354 0.05587195066843605 0 0 
517 0.1086559612068676 0.05276799170924421 0 0 
518 0.1086457095596108 0.04966398720371808 0 0 
519 0.1086371088618301 0.04655997790524133 0 0 
520 0.1086276121898401 0.04345597111893253 0 0 
521 0.1086173859743107 0.04035196666200601 0 0 
522 0.1086064233799974 0.03724796472191923 0 0 
523 0.1085947187473005 0.03414396548882016 0 0 
524 0.1085822715218749 0.03103996914565198 0 0 
525 0.1085690772776333 0.02793597588796201 0 0 
526 0.1085551374978347 0.02483198588777048 0 0 
527 0.1085404462698336 0.02172799935713577 0 0 
528 0.108525010556402 0.01862401643417215 0 0 
529 0.1085089177536031 0.01552003683452946 0 0 
530 0.108494381810027 0.01241604964594821 0 0 
531 0.1084830702958355 0.009312048974350583 0 0 
532 0.1084749840482476 0.006208038264429106 0 0 
533 0.1084701528927994 0.003104020793775138 0 0 
534 0.7394085534819709 0.6943933355732816 0 0 
535 0.7394085543173043 0.6943933343736441 0 0 
536 0.7394085551526379 0.6943933331740068 0 0 
537 0.7394085559879713 0.6943933319743691 0 0 
538 0.7394085568233051 0.694393330774732 0 0 
539 0.7394085576586388 0.6943933295750948 0 0 
540 0.7394085584939721 0.6943933283754573 0 0 
541 0.7394085593293057 0.6943933271758199 0 0 
542 0.7394085610604172 0.6943933246897402 0 0 
543 0.7394085619561949 0.6943933234032977 0 0 
544 0.7394085628519725 0.6943933221168553 0 0 
545 0.7394085637477501 0.6943933208304129 0 0 
546 0.7394085646435278 0.6943933195439704 0 0 
547 0.7394085655393056 0.694393318257528 0 0 
548 0.739408566435083 0.6943933169710854 0 0 
549 0.7394085673308607 0.6943933156846431 0 0 
550 0.746401995867456 0.6834164277593764 0 0 
551 0.7526762584820132 0.6720391316794067 0 0 
552 0.7585418688804028 0.6604435942668118 0 0 
553 0.7641381020697932 0.6487154915725808 0 0 
554 0.769533298554518 0.6368933697245411 0 0 
555 0.7747782645517486 0.6250038346240734 0 0 
556 0.7798208716944192 0.6130272048342943 0 0 
557 0.7846311577988476 0.6009553647338561 0 0 
558 0.7901565702924637 0.5863840750114575 0 0 
559 0.7910530158453606 0.5839554749534706 0 0 
560 0.7919433885985648 0.581524641908702 0 0 
561 0.792827711949192 0.5790916016034853 0 0 
562 0.7937060148997999 0.5766563815197144 0 0 
563 0.7945783088936168 0.5742190025823803 0 0 
564 0.7954446243518001 0.5717794922899117 0 0 
565 0.7963050019835108 0.5693378814840125 0 0 
566 0.7994286244650716 0.560306501372576 0 0 
567 0.8016448759246195 0.5537008252371204 0 0 
568 0.8038090716341186 0.5470779065337756 0 0 
569 0.8059304491777134 0.5404411463742024 0 0 
570 0.8080103228893279 0.5337912625043666 0 0 
571 0.8100490481501227 0.5271286479077695 0 0 
572 0.8120469474262617 0.5204536771438508 0 0 
573 0.8140043997947806 0.5137667331921827 0 0 
574 0.8159220563261287 0.5070674251671374 0 0 
575 0.8159222769923771 0.5070666455267675 0 0 
576 0.8159224976580898 0.5070658658862459 0 0 
577 0.8159227183232662 0.5070650862455724 0 0 
578 0.8159229389879068 0.5070643066047473 0 0 
579 0.8159231596520116 0.5070635269637708 0 0 
580 0.8159233803155802 0.5070627473226422 0 0 
581 0.8159236009786129 0.507061967681362 0 0 
582 0.8177704401600977 0.5004639488546577 0 0 
583 0.8195769834939105 0.4938556236947201 0 0 
584 0.8213465179905521 0.4872372911865158 0 0 
585 0.8230798181217763 0.4806093767801793 0 0 
586 0.8247772247976169 0.4739721792605592 0 0 
587 0.8264389457523864 0.4673259573593828 0 0 
588 0.8280652023021876 0.4606709687720227 0 0 
589 0.8296562650013061 0.4540074783772642 0 0 
590 0.8345098285597952 0.4326844456491982 0 0 
591 0.8376513116648776 0.4179989243790164 0 0 
592 0.8406365853881224 0.4032808516147243 0 0 
593 0.8434683825401391 0.3885324775531593 0 0 
594 0.8461631390413268 0.3737584291319765 0 0 
595 0.8487212695011578 0.3589601225475429 0 0 
596 0.8511402987826835 0.3441384404851637 0 0 
597 0.8534227061296291 0.3292951035989288 0 0 
598 0.855587581121772 0.3144341523141833 0 0 
599 0.8576309713565016 0.2995560209573695 0 0 
600 0.8595493353604456 0.2846612516349299 0 0 
601 0.8613449463443502 0.2697511829420192 0 0 
602 0.863037267240061 0.2548290259807185 0 0 
603 0.8646199565557021 0.2398948501208941 0 0 
604 0.8660907957444576 0.224949243280852 0 0 
605 0.8674512628655751 0.2099931841688929 0 0 
606 0.8687131718969114 0.1950284808506746 0 0 
607 0.8698747455274121 0.1800556565122394 0 0 
608 0.8709360047481945 0.1650753873890808 0 0 
609 0.8718980194533252 0.1500884170724749 0 0 
610 0.8727634206065438 0.1350955552833722 0 0 
611 0.8735348148743256 0.1200975627775294 0 0 
612 0.8742125484655191 0.1050950457718041 0 0 
613 0.8747946964194508 0.09008852040594791 0 0 
614 0.8752717882291858 0.07507828571760403 0 0 
615 0.8756636826997481 0.06006557630348069 0 0 
616 0.8759750752455115 0.04505098202149889 0 0 
617 0.8762021661130242 0.03003487786443274 0 0 
618 0.8763438846974207 0.01501772530925338 0 0 
619 0.1624503546639326 0.3829396663030496 0 0 
620 0.1601021182251963 0.3769247830477461 0 0 
621 0.1578041679075552 0.3708896564236319 0 0 
622 0.155505048245488 0.3648549015763954 0 0 
623 0.1531533037734735 0.3588411336517256 0 0 
624 0.1507066141612569 0.3528655966822756 0 0 
625 0.1482143025954269 0.3469088793728969 0 0 
626 0.1457482408903913 0.3409412501115887 0 0 
627 0.1416537228404968 0.3308569481262633 0 0 
628 0.1400097594049437 0.3267467488108404 0 0 
629 0.1383776540086105 0.32263182640306 0 0 
630 0.1367570454737354 0.318512362486344 0 0 
631 0.1351476114606302 0.314388519943307 0 0 
632 0.1335489734834648 0.3102604801945647 0 0 
633 0.1319607361557346 0.3061284276653922 0 0 
634 0.1303827549355911 0.3019924476070777 0 0 
635 0.1255131005018163 0.2889470613979211 0 0 
636 0.122325291479495 0.28000007543377 0 0 
637 0.1192526926756683 0.2710128708222369 0 0 
638 0.1162943425138674 0.2619874120993447 0 0 
639 0.113448717684218 0.2529257780036017 0 0 
640 0.1107195102702629 0.2438284265612259 0 0 
641 0.1082737538370824 0.2346513379490293 0 0 
642 0.1061515693257452 0.2253936761344365 0 0 
643 0.1041347251248335 0.2161123092356348 0 0 
644 0.1021846724289522 0.2068166790042933 0 0 
645 0.09953597199531568 0.1936220394986777 0 0 
646 0.09878214675863317 0.1897345214244207 0 0 
647 0.09804011537853374 0.1858447355759044 0 0 
648 0.09730721009811283 0.181953218534485 0 0 
649 0.09655507820209659 0.1780653745037691 0 0 
650 0.09574617858983327 0.1741889611202847 0 0 
651 0.09487018844479067 0.1703271541923447 0 0 
652 0.09392432714405045 0.1664818610346417 0 0 
653 0.09295169149597524 0.1626430870040778 0 0 
654 0.09295165822746655 0.1626429539053675 0 0 
655 0.09295162495900755 0.1626428208066448 0 0 
656 0.09295159169059823 0.1626426877079097 0 0 
657 0.09295155842223868 0.1626425546091624 0 0 
658 0.09295152515392882 0.1626424215104026 0 0 
659 0.09295149188566867 0.1626422884116305 0 0 
660 0.09295145861745824 0.1626421553128461 0 0 
661 0.0909838831688228 0.1542626839818594 0 0 
662 0.08923939366759003 0.1458340242975982 0 0 
663 0.08769672919537895 0.1373660640543542 0 0 
664 0.08633672974916778 0.1288668251827749 0 0 
665 0.08514073333746616 0.1203429208883702 0 0 
666 0.08418948701741236 0.111788738869903 0 0 
667 0.08343523709844147 0.1032143875529665 0 0 
668 0.08276341834412559 0.09463318632729409 0 0 
669 0.08218636561724285 0.0860451071467543 0 0 
670 0.08171266614209179 0.07745070708051151 0 0 
671 0.08134168054359774 0.06885126016455981 0 0 
672 0.08107234909719617 0.06024802825558783 0 0 
673 0.0808946451120677 0.05164239473570462 0 0 
674 0.08076044759153624 0.04303595519953213 0 0 
675 0.08064911900781505 0.0344291887675116 0 0 
676 0.08056203126871195 0.02582214328406626 0 0 
677 0.0804998281785252 0.01721488200095033 0 0 
678 0.08046251475442773 0.008607476831501176 0 0 
679 0.1533533781766891 0.1286070048809052 0 0 
680 0.1533533781766891 0.1286070048809052 0 0 
681 0.1533533781766891 0.1286070048809052 0 0 
682 0.1533533781766891 0.1286070048809052 0 0 
683 0.1533533781766891 0.1286070048809052 0 0 
684 0.1533533781766891 0.1286070048809052 0 0 
685 0.1533533781766891 0.1286070048809052 0 0 
686 0.1533533781766891 0.1286070048809052 0 0 
687 0.1533533781766891 0.1286070048809049 0 0 
688 0.1533533781766892 0.1286070048809047 0 0 
689 0.1533533781766891 0.1286070048809045 0 0 
690 0.1533533781766892 0.1286070048809043 0 0 
691 0.1533533781766891 0.128607004880904 0 0 
692 0.1533533781766891 0.1286070048809038 0 0 
693 0.1533533781766892 0.1286070048809036 0 0 
694 0.1533533781766892 0.1286070048809033 0 0 
695 0.1533611789272536 0.1282502832951717 0 0 
696 0.1533696155668812 0.1278935465103144 0 0 
697 0.1533787520983045 0.1275368031929688 0 0 
698 0.1533886525242554 0.1271800620097721 0 0 
699 0.1533993808474662 0.1268233316273619 0 0 
700 0.1534110010706693 0.1264666207123755 0 0 
701 0.1534235771965967 0.1261099379314504 0 0 
702 0.1534371732279808 0.125753291951224 0 0 
703 0.153602799802237 0.1227267365524508 0 0 
704 0.1538262816220786 0.1200618431610408 0 0 
705 0.15407280301414 0.1173989282023515 0 0 
706 0.1543277386932211 0.1147368910139815 0 0 
707 0.1545910417227809 0.1120756255836597 0 0 
708 0.1548588408208566 0.1094148232789939 0 0 
709 0.1551303190373946 0.1067543912430097 0 0 
710 0.1554043799222754 0.1040942238763124 0 0 
711 0.1556784998266509 0.1014340628038676 0 0 
712 0.1559500388766283 0.09877363717905815 0 0 
713 0.156217785981217 0.09611282695260658 0 0 
714 0.1564820418717223 0.09345166784369241 0 0 
715 0.1567427442720469 0.09079015829264375 0 0 
716 0.1569998768147786 0.08812830141491519 0 0 
717 0.1572534302620698 0.08546610129388356 0 0 
718 0.1575034024682838 0.08280356246174711 0 0 
719 0.1577497913838105 0.08014068964980887 0 0 
720 0.1579924905228422 0.07747747810314708 0 0 
721 0.1582319517121396 0.07481397348975467 0 0 
722 0.1584665736736132 0.07215003689932453 0 0 
723 0.1586917409447258 0.06948528553636489 0 0 
724 0.1589021662193111 0.06681932739023569 0 0 
725 0.1590960352787735 0.06415211440994338 0 0 
726 0.159273388208816 0.06148375201731779 0 0 
727 0.159434484366446 0.0588143591499251 0 0 
728 0.1595793777992971 0.0561440377394638 0 0 
729 0.1597083011246913 0.05347289768878919 0 0 
730 0.1598224106426231 0.050801085158466 0 0 
731 0.1599248445791137 0.04812879903971001 0 0 
732 0.1600183439466509 0.04545618604124566 0 0 
733 0.1601038587842219 0.04278330597414226 0 0 
734 0.1601810920892156 0.04011017358723803 0 0 
735 0.1602500687284331 0.03743681550103618 0 0 
736 0.1603108423700969 0.03476325805842366 0 0 
737 0.1603631725329128 0.03208952261488835 0 0 
738 0.1604075340856721 0.02941564270692116 0 0 
739 0.1604457671095875 0.02674166857069797 0 0 
740 0.1604799012408593 0.02406763898012276 0 0 
741 0.1605104416726329 0.02139356605747907 0 0 
742 0.160537383172768 0.01871945438016749 0 0 
743 0.1605607295609681 0.01604530891735631 0 0 
744 0.1605804787149875 0.0133711344673921 0 0 
745 0.160596632294297 0.01069693592858284 0 0 
746 0.1606092441161191 0.008022718143177395 0 0 
747 0.1606180900173344 0.0053484856771964 0 0 
748 0.1606237203220921 0.002674244019963227 0 0 
749 0.1276245266199112 0.1443622559309006 0 0 
750 0.1276245266199112 0.1443622559309006 0 0 
751 0.1276245266199112 0.1443622559309006 0 0 
752 0.1276245266199112 0.1443622559309006 0 0 
753 0.1276245266199112 0.1443622559309006 0 0 
754 0.1276245266199112 0.1443622559309006 0 0 
755 0.1276245266199112 0.1443622559309006 0 0 
756 0.1276245266199112 0.1443622559309006 0 0 
757 0.1276245266199112 0.1443622559309006 0 0 
758 0.1276245266199112 0.1443622559309006 0 0 
759 0.1276245266199112 0.1443622559309006 0 0 
760 0.1276245266199112 0.1443622559309006 0 0 
761 0.1276245266199112 0.1443622559309006 0 0 
762 0.1276245266199112 0.1443622559309006 0 0 
763 0.1276245266199112 0.1443622559309006 0 0 
764 0.1276245266199112 0.1443622559309006 0 0 
765 0.1276245266199103 0.1443622559308999 0 0 
766 0.1276245266199093 0.1443622559308992 0 0 
767 0.1276245266199084 0.1443622559308986 0 0 
768 0.1276245266199075 0.1443622559308979 0 0 
769 0.1276245266199066 0.1443622559308973 0 0 
770 0.1276245266199057 0.1443622559308966 0 0 
771 0.1276245266199048 0.144362255930896 0 0 
772 0.1276245266199038 0.1443622559308953 0 0 
773 0.1249723276194706 0.1422514874023914 0 0 
774 0.12261518995929 0.1399790225382062 0 0 
775 0.1205342690329928 0.13756013143977 0 0 
776 0.1187107202342106 0.1350100842085141 0 0 
777 0.1171256989565751 0.1323441509458695 0 0 
778 0.1157603605937179 0.1295776017532672 0 0 
779 0.1145958605392707 0.1267257067321385 0 0 
780 0.113613354186865 0.1238037359839144 0 0 
781 0.1121163609543656 0.1177977891064761 0 0 
782 0.1115651805849897 0.1147430154959708 0 0 
783 0.1111214764941339 0.111670867481954 0 0 
784 0.1107669176447517 0.1085871305407076 0 0 
785 0.1104858837205125 0.1054958424644883 0 0 
786 0.1102632498422603 0.1023998086814899 0 0 
787 0.110076644328328 0.09930138571879611 0 0 
788 0.1099057587210422 0.0962020644501097 0 0 
789 0.1097448219141061 0.09310221102011693 0 0 
790 0.1095951988310022 0.09000178979868551 0 0 
791 0.1094565387428422 0.08690085952000265 0 0 
792 0.1093289561786363 0.08379945350154278 0 0 
793 0.1092124398330198 0.08069761209945833 0 0 
794 0.1091069953473872 0.07759537456526806 0 0 
795 0.1090125027164624 0.07449278414311936 0 0 
796 0.108928726051288 0.07138988588622171 0 0 
797 0.1088555581470383 0.06828671933438529 0 0 
798 0.1087930244370259 0.0651833203148835 0 0 
799 0.1087411581814698 0.06207972455087246 0 0 
800 0.1087000386879806 0.05897596819378227 0 0 
801 0.1086695140027731 0.05587208855816156 0 0 
802 0.1086502253342755 0.05276812062268437 0 0 
803 0.1086396061107194 0.04966410919957075 0 0 
804 0.1086311901718457 0.04656009206861215 0 0 
805 0.1086216009636124 0.04345607800171321 0 0 
806 0.1086113896614302 0.04035206604282341 0 0 
807 0.1086004056387539 0.03724805668499785 0 0 
808 0.1085886852338563 0.03414405003035254 0 0 
809 0.1085762206791404 0.03104004627246442 0 0 
810 0.1085630135998207 0.02793604558519638 0 0 
811 0.1085490554119937 0.0248320481861576 0 0 
812 0.1085343575691156 0.0217280541958846 0 0 
813 0.1085188651811562 0.01862406408296623 0 0 
814 0.1085030972888336 0.0155200753359069 0 0 
815 0.1084887598831509 0.01241607963445455 0 0 
816 0.1084773959573243 0.009312071706152062 0 0 
817 0.1084692982635607 0.006208053362391046 0 0 
818 0.1084645320137961 0.003104028368128999 0 0 
819 0.7394085610319641 0.6943933246877464 0 0 
820 0.7394085619268514 0.694393323398009 0 0 
821 0.7394085628217386 0.6943933221082713 0 0 
822 0.7394085637166261 0.694393320818534 0 0 
823 0.7394085646115134 0.6943933195287963 0 0 
824 0.739408565506401 0.6943933182390591 0 0 
825 0.7394085664012884 0.6943933169493218 0 0 
826 0.7394085672961757 0.6943933156595841 0 0 
827 0.746395631772075 0.6834128956873343 0 0 
828 0.752675417116153 0.672038672235052 0 0 
829 0.7585418456935842 0.6604435850589251 0 0 
830 0.7641384480849733 0.6487156497817187 0 0 
831 0.7695337583923109 0.6368935814265975 0 0 
832 0.7747782637539925 0.6250038455340026 0 0 
833 0.7798207344573094 0.6130271536932353 0 0 
834 0.7846310611834609 0.6009553268108817 0 0 
835 0.7901566183631532 0.5863840928462621 0 0 
836 0.7910530647853969 0.5839554930143749 0 0 
837 0.791943433051286 0.5815246582506775 0 0 
838 0.7928277470990766 0.5790916144858648 0 0 
839 0.7937060440309095 0.5766563921509564 0 0 
840 0.7945783421486127 0.5742190146177463 0 0 
841 0.7954446391084928 0.5717794976951237 0 0 
842 0.7963049786869236 0.5693378734416548 0 0 
843 0.7994281839140945 0.5603063518792355 0 0 
844 0.801644388277549 0.5537006619496883 0 0 
845 0.8038088039218729 0.5470778173890327 0 0 
846 0.8059301199369258 0.5404410398948513 0 0 
847 0.8080100356732524 0.5337911716177154 0 0 
848 0.8100487394096338 0.5271285528939553 0 0 
849 0.8120466152252188 0.5204535775988908 0 0 
850 0.8140041047027569 0.5137666469485301 0 0 
851 0.8159218013504029 0.507067352993971 0 0 
852 0.8159220220194507 0.5070665733545817 0 0 
853 0.8159222426879627 0.5070657937150408 0 0 
854 0.8159224633559387 0.5070650140753481 0 0 
855 0.8159226840233786 0.5070642344355036 0 0 
856 0.8159229046902829 0.5070634547955077 0 0 
857 0.8159231253566513 0.5070626751553601 0 0 
858 0.815923346022484 0.5070618955150608 0 0 
859 0.8177702289493369 0.50046389025448 0 0 
860 0.8195767061873017 0.4938555483308112 0 0 
861 0.8213462597941996 0.4872372223910812 0 0 
862 0.823079572435128 0.4806093126328746 0 0 
863 0.8247769779354699 0.4739721162681811 0 0 
864 0.8264387058012769 0.467325897480696 0 0 
865 0.8280649552462644 0.4606709085960294 0 0 
866 0.8296560619832004 0.4540074300903303 0 0 
867 0.8345095053292511 0.4326843742705973 0 0 
868 0.8376508970905654 0.4179988360828712 0 0 
869 0.8406362273540822 0.4032807774987917 0 0 
870 0.8434680552167321 0.3885324124007276 0 0 
871 0.8461628239908331 0.3737583692398632 0 0 
872 0.8487209390863947 0.3589600629330059 0 0 
873 0.851139993777199 0.3441383878594313 0 0 
874 0.8534224443994448 0.329295060134096 0 0 
875 0.8555873442352739 0.3144341159528877 0 0 
876 0.8576306746206045 0.2995559793711841 0 0 
877 0.8595490399612586 0.2846612131089132 0 0 
878 0.8613445737338642 0.2697511385819897 0 0 
879 0.8630368612701693 0.2548289812969126 0 0 
880 0.8646194420687318 0.2398947972373605 0 0 
881 0.8660902147031393 0.2249491869637446 0 0 
882 0.867450742351536 0.2099931363447952 0 0 
883 0.868712667969743 0.195028437815938 0 0 
884 0.8698742113277598 0.1800556146647244 0 0 
885 0.870935511610704 0.1650753517723878 0 0 
886 0.8718974245616752 0.1500883783881022 0 0 
887 0.8727628524244583 0.135095521710887 0 0 
888 0.8735342353872029 0.120097532007529 0 0 
889 0.8742119364375638 0.1050950171235977 0 0 
890 0.8747940085760691 0.09008849228008967 0 0 
891 0.8752712339746561 0.07507826521909454 0 0 
892 0.8756631284672554 0.06006555947507121 0 0 
893 0.8759745942949492 0.04505097031315196 0 0 
894 0.8762016901725398 0.0300348698474757 0 0 
895 0.8763434087290756 0.01501772082693608 0 0 
896 0.9783594690770139 1 0 0 
897 0.9567189381540278 1 0 0 
898 0.9350784072310416 1 0 0 
899 0.9134378763080555 1 0 0 
900 0.8917973453850694 1 0 0 
901 0.8701568144620833 1 0 0 
902 0.8485162835390971 1 0 0 
903 0.826875752616111 1 0 0 
904 0.8052352216931249 1 0 0 
905 0.7835946907701388 1 0 0 
906 0.7619541598471525 1 0 0 
907 0.7403136289241664 1 0 0 
908 0.7186730980011803 1 0 0 
909 0.6970325670781942 1 0 0 
910 0.6753913532167197 1 0 0 
911 0.6753906702782315 1 0 0 
912 0.6753899873397432 1 0 0 
913 0.6753893044012549 1 0 0 
914 0.6753886214627667 1 0 0 
915 0.6753879385242783 1 0 0 
916 0.67538725558579 1 0 0 
917 0.6753865726473017 1 0 0 
918 0.6546702598786338 1 0 0 
919 0.6339546300484542 1 0 0 
920 0.6132390002182746 1 0 0 
921 0.592523370388095 1 0 0 
922 0.5718077405579154 1 0 0 
923 0.5510921107277357 1 0 0 
924 0.5303764808975561 1 0 0 
925 0.5096608510673765 1 0 0 
926 0.4889452212371967 1 0 0 
927 0.4682295914070171 1 0 0 
928 0.4475139615768375 1 0 0 
929 0.4267983317466579 1 0 0 
930 0.4060827019164783 1 0 0 
931 0.3853670720862987 1 0 0 
932 0.364651442256119 1 0 0 
933 0.3439358124259394 1 0 0 
934 0.3232201825957598 1 0 0 
935 0.3025045527655801 1 0 0 
936 0.2817889229354005 1 0 0 
937 0.2610732931052209 1 0 0 
938 0.2403576632750413 1 0 0 
939 0.2196420334448617 1 0 0 
940 0.1989264036146821 1 0 0 
941 0.1782107737845025 1 0 0 
942 0.1574951439543228 1 0 0 
943 0.136779514124143 1 0 0 
944 0.1160638842939634 1 0 0 
945 0.09534797628350622 1 0 0 
946 0.09534769810322863 1 0 0 
947 0.09534741992295104 1 0 0 
948 0.09534714174267345 1 0 0 
949 0.09534686356239597 1 0 0 
950 0.09534658538211838 1 0 0 
951 0.09534630720184079 1 0 0 
952 0.09534602902156319 1 0 0 
953 0.08475177852558724 1 0 0 
954 0.07415780620988877 1 0 0 
955 0.0635638338941904 1 0 0 
956 0.05296986157849204 1 0 0 
957 0.04237588926279356 1 0 0 
958 0.0317819169470952 1 0 0 
959 0.02118794463139684 1 0 0 
960 0.01059397231569836 1 0 0 
961 0.1649003326892853 0.3889136910438537 0 0 
962 0.1649003326892853 0.3889136910438537 0 0 
963 0.1649003326892853 0.3889136910438537 0 0 
964 0.1649003326892853 0.3889136910438537 0 0 
965 0.1649003326892853 0.3889136910438537 0 0 
966 0.1649003326892853 0.3889136910438537 0 0 
967 0.1649003326892853 0.3889136910438537 0 0 
968 0.1649003326892853 0.3889136910438537 0 0 
969 0.1649003326892876 0.3889136910438553 0 0 
970 0.1649003326892898 0.3889136910438569 0 0 
971 0.1649003326892922 0.3889136910438586 0 0 
972 0.1649003326892944 0.3889136910438602 0 0 
973 0.1649003326892967 0.3889136910438618 0 0 
974 0.164900332689299 0.3889136910438634 0 0 
975 0.1649003326893012 0.3889136910438649 0 0 
976 0.1649003326893035 0.3889136910438666 0 0 
977 0.1831135533316422 0.4011605242901333 0 0 
978 0.2011087010807645 0.4137246483699126 0 0 
979 0.2191094602509283 0.4262815888811078 0 0 
980 0.237198464428045 0.438711071502603 0 0 
981 0.255390414481923 0.4509894334864621 0 0 
982 0.2735993795458685 0.4632425920848043 0 0 
983 0.2918137445947943 0.4754877216398629 0 0 
984 0.3101119714189038 0.4876070185973166 0 0 
985 0.3284818925332244 0.4996174939545219 0 0 
986 0.3519598694106276 0.5148015024394015 0 0 
987 0.3570229559915277 0.5180439987028647 0 0 
988 0.3620921928774379 0.521276871300942 0 0 
989 0.3671675019618008 0.5245002027144865 0 0 
990 0.3722487999096564 0.5277140850192819 0 0 
991 0.3773360671391707 0.5309185101436832 0 0 
992 0.3824294289822782 0.534113238627801 0 0 
993 0.3875316656167497 0.5372937722065307 0 0 
994 0.3935996473704327 0.5410480596791727 0 0 
995 0.3945559627497198 0.5416369882568091 0 0 
996 0.395512608434102 0.5422253801468869 0 0 
997 0.3964695809726057 0.5428132402841864 0 0 
998 0.3974268762978787 0.5434005746232639 0 0 
999 0.3983844879491013 0.5439873930452634 0 0 
1000 0.3993423940760548 0.5445737306658297 0 0 
1001 0.4003005666991346 0.5451596326639532 0 0 
1002 0.4187084335615662 0.5563182158914198 0 0 
1003 0.4362301864744546 0.5667710328228072 0 0 
1004 0.4538476718316308 0.5770615916629001 0 0 
1005 0.471558160201499 0.5871913213077571 0 0 
1006 0.4893490703798358 0.5971791133147593 0 0 
1007 0.5072363645586961 0.6069931939899283 0 0 
1008 0.5252153683769132 0.6166382874142116 0 0 
1009 0.5432792237751265 0.6261234817860277 0 0 
1010 0.5614373695873117 0.6354268832998331 0 0 
1011 0.5796833739703003 0.6445568031971209 0 0 
1012 0.5980151261351858 0.653513267006509 0 0 
1013 0.6164375728380475 0.662281673147793 0 0 
1014 0.6349464027932408 0.6708662438207854 0 0 
1015 0.6535676312835591 0.6792038097136366 0 0 
1016 0.67232089890348 0.6872401802060112 0 0 
1017 0.6911270806376103 0.6951522571890407 0 0 
1018 0.7097154801609517 0.7035601444856853 0 0 
1019 0.7280379014206054 0.712536776003454 0 0 
1020 0.728038390996301 0.7125370153175226 0 0 
1021 0.7280388805720585 0.7125372546314652 0 0 
1022 0.7280393701478773 0.7125374939452814 0 0 
1023 0.7280398597237582 0.712537733258972 0 0 
1024 0.7280403492997005 0.7125379725725359 0 0 
1025 0.7280408388757045 0.712538211885974 0 0 
1026 0.7280413284517701 0.7125384511992858 0 0 
1027 0.747467726170797 0.7216611505849391 0 0 
1028 0.7674625212388845 0.7294526411925766 0 0 
1029 0.787894752380999 0.7360200895748369 0 0 
1030 0.8085605288351917 0.7418125289776383 0 0 
1031 0.829446003162423 0.7467540619907072 0 0 
1032 0.8505022771446606 0.7509109801860773 0 0 
1033 0.8716771316700961 0.7544149483894688 0 0 
1034 0.8929413977843192 0.7573289513699205 0 0 
1035 0.9142742614715365 0.7596879004264488 0 0 
1036 0.9356637971376025 0.7614624287692461 0 0 
1037 0.9570890803182568 0.7627362260408662 0 0 
1038 0.9785384466879574 0.7635034446118847 0 0 
1039 0.1563217339405405 0.1299887536145541 0 0 
1040 0.1590128141763482 0.1311957183629949 0 0 
1041 0.1617164266507062 0.1323740841165645 0 0 
1042 0.1644294481430493 0.1335309829532543 0 0 
1043 0.167148755432812 0.1346735469510556 0 0 
1044 0.1698712252994291 0.1358089081879598 0 0 
1045 0.1725937345223351 0.1369441987419584 0 0 
1046 0.1753131598809648 0.1380865506910427 0 0 
1047 0.196124739989794 0.1477130371170346 0 0 
1048 0.2137168561800144 0.1571919388463085 0 0 
1049 0.2309150414260751 0.1673705852520305 0 0 
1050 0.2478379295362053 0.1780014551995958 0 0 
1051 0.2645126880364078 0.1890174128812621 0 0 
1052 0.2809664093587091 0.2003614452727487 0 0 
1053 0.2973557998584819 0.2117983662614692 0 0 
1054 0.3136724592106345 0.2233387991498058 0 0 
1055 0.3299249849549716 0.2349694289513117 0 0 
1056 0.3462031698831473 0.2465641067449401 0 0 
1057 0.3625284975765082 0.2580923192372132 0 0 
1058 0.3788525660338607 0.2696223280842934 0 0 
1059 0.3952174339537079 0.281094323524374 0 0 
1060 0.41165211023467 0.2924660705425094 0 0 
1061 0.4281448949646295 0.3037533951246424 0 0 
1062 0.4446934898105894 0.3149587324959761 0 0 
1063 0.4613048666235258 0.3260707695519603 0 0 
1064 0.4779850644082687 0.3370792250274482 0 0 
1065 0.4947347373764562 0.347981687781803 0 0 
1066 0.5115566762457843 0.3587722737989087 0 0 
1067 0.5284653779498618 0.3694263805691073 0 0 
1068 0.5454613598298534 0.379940696795911 0 0 
1069 0.5625481988277622 0.3903066605522013 0 0 
1070 0.5797411121749197 0.4004956977697895 0 0 
1071 0.5970441563183613 0.4104965439938529 0 0 
1072 0.6144613967679881 0.4202971304329642 0 0 
1073 0.6320030946544136 0.429873101436458 0 0 
1074 0.6496822606520678 0.4391927569136811 0 0 
1075 0.667502651745169 0.4482394200005685 0 0 
1076 0.6854718676853446 0.4569865406735906 0 0 
1077 0.7036053137996413 0.4653878918518048 0 0 
1078 0.7218974360763654 0.4734378709130436 0 0 
1079 0.7403516957795389 0.481108629829426 0 0 
1080 0.7589848242650952 0.4883337635178509 0 0 
1081 0.7777937039091767 0.4950881051404665 0 0 
1082 0.7967746080779945 0.5013425056834062 0 0 
1083 0.8159216090117567 0.5070681406525818 0 0 
1084 0.8159216373427032 0.5070681486719346 0 0 
1085 0.81592166567365 0.5070681566912862 0 0 
1086 0.8159216940045969 0.5070681647106366 0 0 
1087 0.8159217223355446 0.5070681727299859 0 0 
1088 0.8159217506664923 0.5070681807493338 0 0 
1089 0.8159217789974406 0.5070681887686803 0 0 
1090 0.8159218073283891 0.5070681967880257 0 0 
1091 0.8359380520984376 0.5123944811147708 0 0 
1092 0.8561080365173224 0.5171054243181391 0 0 
1093 0.8764114922383319 0.52120304467555 0 0 
1094 0.8968314576037514 0.5246734905082295 0 0 
1095 0.9173495232070633 0.5275070905004181 0 0 
1096 0.9379446237598281 0.5297118899339084 0 0 
1097 0.9585981499882478 0.5312778308076076 0 0 
1098 0.9792895692269612 0.5322192536210907 0 0 
1099 0.7795784598498129 0.7150573761386252 0 0 
1100 0.7851263722284957 0.7169716713846066 0 0 
1101 0.7907096189710835 0.7187805210690865 0 0 
1102 0.7963150198192558 0.7205195419209645 0 0 
1103 0.8019408264815019 0.7221913704286848 0 0 
1104 0.8075860633970675 0.7237963729170822 0 0 
1105 0.8132491750551646 0.7253371235836409 0 0 
1106 0.8189293416230303 0.7268137597717924 0 0 
1107 0.8246257969353062 0.7282262569397292 0 0 
1108 0.8303376966405789 0.7295749433594242 0 0 
1109 0.8360641926829332 0.7308602471055814 0 0 
1110 0.8418030557122584 0.7320892001068104 0 0 
1111 0.8475522268729129 0.73326899083677 0 0 
1112 0.8533112920755961 0.7343994968552606 0 0 
1113 0.8590798386992596 0.7354805821258668 0 0 
1114 0.8648574256164988 0.7365122636378079 0 0 
1115 0.870643593295882 0.7374946794384138 0 0 
1116 0.8764378750158246 0.738428049523315 0 0 
1117 0.8880890108381723 0.7401433939877263 0 0 
1118 0.8939442865648964 0.7409301050818092 0 0 
1119 0.899805438284933 0.7416717708057339 0 0 
1120 0.9056721548647201 0.7423680470784971 0 0 
1121 0.911544107082386 0.7430186935928634 0 0 
1122 0.9174209461089513 0.7436236136619917 0 0 
1123 0.9233022996584844 0.7441829395078086 0 0 
1124 0.929187801024596 0.7446967888457521 0 0 
1125 0.9350770647166042 0.7451655564960247 0 0 
1126 0.9409695777255025 0.7455915782430347 0 0 
1127 0.946864668798559 0.7459803119876138 0 0 
1128 0.9527621477376331 0.7463309526580634 0 0 
1129 0.9586617951869368 0.7466429885249324 0 0 
1130 0.9645633718899156 0.7469161060953358 0 0 
1131 0.9704667167164821 0.7471478483608233 0 0 
1132 0.9763715719465977 0.7473372446587359 0 0 
1133 0.9822776316518766 0.7474843674715326 0 0 
1134 0.9881845930947228 0.747589215538449 0 0 
1135 0.9940921522980037 0.74765196596655 0 0 
1136 0.7429171839301247 0.6971169578388927 0 0 
1137 0.7465439535434909 0.6996242286801587 0 0 
1138 0.7502748623984862 0.7019380296897424 0 0 
1139 0.7540959114068598 0.7040812412606683 0 0 
1140 0.7579931014803625 0.7060767437859621 0 0 
1141 0.7619524335307436 0.7079474176586482 0 0 
1142 0.7659599084697531 0.709716143271752 0 0 
1143 0.7700027187822789 0.7114035913465697 0 0 
1144 0.1649003326892852 0.3889136910438537 0 0 
1145 0.1649003326892852 0.3889136910438537 0 0 
1146 0.1649003326892853 0.3889136910438539 0 0 
1147 0.1649003326892853 0.3889136910438538 0 0 
1148 0.1649003326892853 0.3889136910438538 0 0 
1149 0.1649003326892853 0.3889136910438538 0 0 
1150 0.1649003326892853 0.3889136910438538 0 0 
1151 0.1649003326892853 0.3889136910438537 0 0 
1152 0.1649003326892876 0.3889136910438555 0 0 
1153 0.1649003326892899 0.388913691043857 0 0 
1154 0.1649003326892921 0.3889136910438586 0 0 
1155 0.1649003326892944 0.3889136910438601 0 0 
1156 0.1649003326892967 0.3889136910438618 0 0 
1157 0.164900332689299 0.3889136910438634 0 0 
1158 0.1649003326893013 0.388913691043865 0 0 
1159 0.1649003326893036 0.3889136910438666 0 0 
1160 0.1831135399830464 0.4011605362584485 0 0 
1161 0.2011095787066195 0.4137233989822784 0 0 
1162 0.2191101999978305 0.4262805297298963 0 0 
1163 0.2371991607510618 0.4387100681888 0 0 
1164 0.255390812861459 0.4509888646066404 0 0 
1165 0.2735997555199687 0.4632420481381647 0 0 
1166 0.2918141184380581 0.4754871726533646 0 0 
1167 0.3101121812803416 0.4876067100009086 0 0 
1168 0.3284820611153348 0.4996172403987147 0 0 
1169 0.3519600645470031 0.5148011974771914 0 0 
1170 0.3570231872008734 0.5180436353761063 0 0 
1171 0.3620924083895132 0.5212765304848442 0 0 
1172 0.3671677139939119 0.5244998653469745 0 0 
1173 0.3722490324926564 0.5277137130658041 0 0 
1174 0.3773362902372697 0.5309181511339796 0 0 
1175 0.3824297639028527 0.5341126992326407 0 0 
1176 0.3875320056918631 0.5372932228820311 0 0 
1177 0.3935999766584293 0.5410475254118318 0 0 
1178 0.3945562942733101 0.5416364497503217 0 0 
1179 0.3955129449232661 0.5422248329578612 0 0 
1180 0.3964699233422733 0.5428126829054942 0 0 
1181 0.3974272236779947 0.5434000084265911 0 0 
1182 0.3983848318886549 0.5439868318263711 0 0 
1183 0.3993427270749091 0.5445731866909425 0 0 
1184 0.4003008883622935 0.5451591065785736 0 0 
1185 0.4187087167431988 0.5563177470619306 0 0 
1186 0.4362305613691299 0.5667704036187293 0 0 
1187 0.4538480767733533 0.5770609053883133 0 0 
1188 0.4715585880508922 0.5871905886379852 0 0 
1189 0.4893494692122651 0.5971784270741722 0 0 
1190 0.5072367482148682 0.6069925298421741 0 0 
1191 0.5252157963793211 0.6166375345264482 0 0 
1192 0.5432796192025676 0.6261227853074318 0 0 
1193 0.5614377646059736 0.6354261817883085 0 0 
1194 0.579683722838121 0.6445561874239952 0 0 
1195 0.5980154852410958 0.6535126238669686 0 0 
1196 0.6164379001198964 0.6622810909133453 0 0 
1197 0.6349467433154913 0.670865626128469 0 0 
1198 0.6535681147169204 0.6792028743893288 0 0 
1199 0.6723212203881466 0.687239620228478 0 0 
1200 0.6911278100941182 0.6951507256079861 0 0 
1201 0.7097161235483864 0.7035588398096938 0 0 
1202 0.7280380669368302 0.7125364486933387 0 0 
1203 0.7280385565459743 0.7125366880173625 0 0 
1204 0.7280390461551843 0.7125369273412505 0 0 
1205 0.7280395357644607 0.7125371666650038 0 0 
1206 0.7280400253738032 0.7125374059886218 0 0 
1207 0.7280405149832117 0.7125376453121044 0 0 
1208 0.7280410045926863 0.7125378846354519 0 0 
1209 0.7280414942022271 0.7125381239586642 0 0 
1210 0.7474687304700847 0.7216589365213965 0 0 
1211 0.7674634058864385 0.7294505985465881 0 0 
1212 0.7878955270050423 0.7360181510485229 0 0 
1213 0.8085612879363071 0.7418103636989988 0 0 
1214 0.8294466727571627 0.7467519463786292 0 0 
1215 0.8505028613706686 0.7509088744678742 0 0 
1216 0.8716776373169004 0.7544128052693991 0 0 
1217 0.8929418212040325 0.7573267774541871 0 0 
1218 0.9142746080853859 0.7596856693839865 0 0 
1219 0.9356640620902726 0.7614601414429836 0 0 
1220 0.9570892575987746 0.7627339469244809 0 0 
1221 0.9785385353718966 0.7635012332235105 0 0 
1222 0.1533533781766892 0.1286070048809052 0 0 
1223 0.1533533781766892 0.1286070048809052 0 0 
1224 0.1533533781766892 0.1286070048809052 0 0 
1225 0.1533533781766892 0.1286070048809052 0 0 
1226 0.1533533781766892 0.1286070048809052 0 0 
1227 0.1533533781766892 0.1286070048809052 0 0 
1228 0.1533533781766892 0.1286070048809052 0 0 
1229 0.1533533781766892 0.1286070048809052 0 0 
1230 0.1533533781766892 0.1286070048809052 0 0 
1231 0.1533533781766892 0.1286070048809052 0 0 
1232 0.1533533781766892 0.1286070048809052 0 0 
1233 0.1533533781766892 0.1286070048809052 0 0 
1234 0.1533533781766892 0.1286070048809052 0 0 
1235 0.1533533781766892 0.1286070048809052 0 0 
1236 0.1533533781766892 0.1286070048809052 0 0 
1237 0.1533533781766892 0.1286070048809052 0 0 
1238 0.1533859748560921 0.1286224053518062 0 0 
1239 0.1534185742077733 0.1286377997654179 0 0 
1240 0.1534511762263728 0.1286531881339003 0 0 
1241 0.1534837809065311 0.1286685704694142 0 0 
1242 0.1535163882428882 0.1286839467841197 0 0 
1243 0.1535489982300843 0.1286993170901773 0 0 
1244 0.1535816108627595 0.1287146813997471 0 0 
1245 0.1536142261355543 0.1287300397249897 0 0 
1246 0.1563244120372701 0.1299825975544378 0 0 
1247 0.1590166502241006 0.1311865566441221 0 0 
1248 0.16172062164203 0.1323639327360296 0 0 
1249 0.164433389329488 0.1335213892190718 0 0 
1250 0.1671520163249045 0.13466558948216 0 0 
1251 0.1698735656667094 0.135803196914206 0 0 
1252 0.1725951003933325 0.136940874904121 0 0 
1253 0.1753136835432036 0.1380852868408165 0 0 
1254 0.1961250687311574 0.1477123078700564 0 0 
1255 0.2137175049851251 0.1571905639709847 0 0 
1256 0.2309156939376426 0.1673691168607356 0 0 
1257 0.2478387268716376 0.1779996717474166 0 0 
1258 0.2645136309045977 0.1890153279830976 0 0 
1259 0.2809673819847417 0.2003592319590221 0 0 
1260 0.2973568708427756 0.2117959243472652 0 0 
1261 0.3136735876655039 0.2233361896923311 0 0 
1262 0.3299261210753072 0.2349667221615198 0 0 
1263 0.3462043611064385 0.2465612361427167 0 0 
1264 0.3625294720973014 0.2580896693617839 0 0 
1265 0.3788537163759881 0.2696193423951629 0 0 
1266 0.3952186596316868 0.2810911429827248 0 0 
1267 0.4116533773699862 0.2924627421534798 0 0 
1268 0.4281461696808246 0.3037499668543534 0 0 
1269 0.4446948135044729 0.3149551425449398 0 0 
1270 0.4613062010721217 0.326067073665089 0 0 
1271 0.4779864413476726 0.3370753742645253 0 0 
1272 0.4947361564657999 0.3479776806388545 0 0 
1273 0.5115581750153242 0.3587680508217104 0 0 
1274 0.5284669325287771 0.3694219760766293 0 0 
1275 0.5454629404170175 0.3799361557864977 0 0 
1276 0.5625498416389002 0.3903019215020728 0 0 
1277 0.5797427900447085 0.4004908035098279 0 0 
1278 0.5970458629465171 0.4104915020953774 0 0 
1279 0.6144631542770981 0.4202918979072066 0 0 
1280 0.6320048652701846 0.4298677434959416 0 0 
1281 0.64968406600715 0.4391872306426646 0 0 
1282 0.667504497270913 0.4482337089705057 0 0 
1283 0.6854737781025693 0.4569805906627007 0 0 
1284 0.7036072442257373 0.4653817872310088 0 0 
1285 0.7218993719437963 0.473431637759239 0 0 
1286 0.7403536489126027 0.4811022373947472 0 0 
1287 0.7589867822017358 0.4883272369830864 0 0 
1288 0.7777956891317144 0.4950813727486817 0 0 
1289 0.7967765950453446 0.5013356327779511 0 0 
1290 0.8159235950159176 0.5070611238930043 0 0 
1291 0.8159236233440643 0.5070611319113765 0 0 
1292 0.8159236516722116 0.5070611399297473 0 0 
1293 0.8159236800003592 0.507061147948117 0 0 
1294 0.8159237083285074 0.5070611559664855 0 0 
1295 0.8159237366566556 0.5070611639848525 0 0 
1296 0.8159237649848043 0.5070611720032183 0 0 
1297 0.8159237933129535 0.507061180021583 0 0 
1298 0.8359398336180676 0.5123873263398355 0 0 
1299 0.8561096258880514 0.5170980658932878 0 0 
1300 0.8764128760755684 0.5211955284562788 0 0 
1301 0.8968326126876021 0.5246659363314208 0 0 
1302 0.9173504545879254 0.5274994511462882 0 0 
1303 0.9379453234575295 0.5297042356450669 0 0 
1304 0.9585986257577963 0.5312700501208142 0 0 
1305 0.9792898147207126 0.5322114124999554 0 0 
1306 0.7429215494764497 0.6971087403508942 0 0 
1307 0.7465500182442554 0.6996127993150363 0 0 
1308 0.7502806823284082 0.7019270407933079 0 0 
1309 0.7541002651072617 0.7040729919136725 0 0 
1310 0.7579954899591698 0.7060721798040929 0 0 
1311 0.7619530802624861 0.7079461315925322 0 0 
1312 0.7659597593955647 0.7097163744069535 0 0 
1313 0.7700027287682774 0.7114035547967308 0 0 
1314 0.7795784364456932 0.7150574730943093 0 0 
1315 0.7851264145823826 0.7169715997515695 0 0 
1316 0.7907098329429965 0.7187799321722973 0 0 
1317 0.7963151957344502 0.7205190677643639 0 0 
1318 0.8019410032588217 0.7221908900152956 0 0 
1319 0.8075861991705663 0.7237960321752314 0 0 
1320 0.8132492987680821 0.7253368217813766 0 0 
1321 0.8189294511709617 0.7268135068911913 0 0 
1322 0.8246259005974661 0.7282260217713159 0 0 
1323 0.8303378024745973 0.7295746933807726 0 0 
1324 0.8360642372307441 0.7308602648222977 0 0 
1325 0.8418030407590794 0.7320894773470378 0 0 
1326 0.8475521992011064 0.7332693130908682 0 0 
1327 0.8533112538186025 0.734399855393319 0 0 
1328 0.8590797966696274 0.7354809418439722 0 0 
1329 0.8648573853680389 0.7365125936520972 0 0 
1330 0.8706435546616309 0.7374949802660293 0 0 
1331 0.8764378349842472 0.73842833847922 0 0 
1332 0.8880889210256282 0.7401440571001765 0 0 
1333 0.8939442111853817 0.7409306985734063 0 0 
1334 0.8998053667395046 0.7416723717779649 0 0 
1335 0.9056720847815527 0.7423686776179248 0 0 
1336 0.9115440449741905 0.7430192972980307 0 0 
1337 0.9174208865899789 0.7436242394684122 0 0 
1338 0.9233022466950751 0.7441835490960715 0 0 
1339 0.9291877499758029 0.744697432648899 0 0 
1340 0.9350770214455959 0.7451661595652086 0 0 
1341 0.9409695429674328 0.7455921272231519 0 0 
1342 0.9468646401929434 0.7459808302045348 0 0 
1343 0.9527621207736983 0.7463315153999848 0 0 
1344 0.958661769967569 0.7466435990951702 0 0 
1345 0.9645633544738084 0.7469166435570164 0 0 
1346 0.9704667038228141 0.7471483889524836 0 0 
1347 0.9763715632529735 0.7473377970381745 0 0 
1348 0.9822776283304818 0.7474848871116502 0 0 
1349 0.9881845954612076 0.7475896581044619 0 0 
1350 0.9940921592935715 0.7476522800239319 0 0 
1351 0.1649003326892853 0.3889136910438538 0 0 
1352 0.1649003326892853 0.3889136910438538 0 0 
1353 0.1649003326892853 0.3889136910438538 0 0 
1354 0.1649003326892853 0.3889136910438538 0 0 
1355 0.1649003326892853 0.3889136910438538 0 0 
1356 0.1649003326892853 0.3889136910438538 0 0 
1357 0.1649003326892853 0.3889136910438538 0 0 
1358 0.1649003326892853 0.3889136910438538 0 0 
1359 0.1649003326892853 0.3889136910438539 0 0 
1360 0.1649003326892853 0.3889136910438539 0 0 
1361 0.1649003326892852 0.3889136910438538 0 0 
1362 0.1649003326892853 0.3889136910438539 0 0 
1363 0.1649003326892853 0.3889136910438538 0 0 
1364 0.1649003326892853 0.3889136910438539 0 0 
1365 0.1649003326892853 0.3889136910438539 0 0 
1366 0.1649003326892853 0.3889136910438539 0 0 
1367 0.1618987269775394 0.4014082867051318 0 0 
1368 0.1590611852736131 0.4139407302213531 0 0 
1369 0.1565119482929054 0.4265353569195218 0 0 
1370 0.1539387516124483 0.4391249254530195 0 0 
1371 0.1510610797133392 0.4516484297995261 0 0 
1372 0.1479598903073068 0.4641187005706933 0 0 
1373 0.1449968436534361 0.4766224148770249 0 0 
1374 0.1422337876153537 0.48917186663922 0 0 
1375 0.1395557712532586 0.501739859699988 0 0 
1376 0.136873594004332 0.5143069648816486 0 0 
1377 0.1342783119383751 0.5268922422062629 0 0 
1378 0.1318163222266835 0.5395042760862924 0 0 
1379 0.1294815883611381 0.5521404971830727 0 0 
1380 0.1272304280869676 0.5647919065314007 0 0 
1381 0.1250446442457606 0.5774547724509457 0 0 
1382 0.1229594464530524 0.590134561650135 0 0 
1383 0.1209897992703421 0.6028328151800075 0 0 
1384 0.119119908001871 0.6155461643535811 0 0 
1385 0.1173237437024459 0.6282701413025462 0 0 
1386 0.1156107087621233 0.6410055602080497 0 0 
1387 0.114001607567723 0.6537545265701568 0 0 
1388 0.1124876917374152 0.6665151612309198 0 0 
1389 0.1110435981970775 0.6792838906758155 0 0 
1390 0.1096699716777632 0.6920603870216478 0 0 
1391 0.108384461959573 0.7048460441501776 0 0 
1392 0.1071828327906174 0.7176398677757987 0 0 
1393 0.1060441653919494 0.730439452280321 0 0 
1394 0.1049681785120998 0.7432444552306186 0 0 
1395 0.1039667429505967 0.756055500531664 0 0 
1396 0.1030369901312881 0.7688719544654519 0 0 
1397 0.1021616500400696 0.7816922424194045 0 0 
1398 0.1013433127928508 0.7945162917477112 0 0 
1399 0.1005869338390393 0.8073441446824262 0 0 
1400 0.09989203420707345 0.8201754750882271 0 0 
1401 0.0992560144957602 0.8330098620495745 0 0 
1402 0.09866201436807848 0.8458462638219254 0 0 
1403 0.09812177519342186 0.8586850378566698 0 0 
1404 0.09763711939689053 0.8715260303581179 0 0 
1405 0.09720772339000404 0.8843689896394342 0 0 
1406 0.09682059738729343 0.8972132996097391 0 0 
1407 0.09646719175928802 0.9100585778806614 0 0 
1408 0.09615958102775671 0.9229050338730893 0 0 
1409 0.09589840428713664 0.9357525173164977 0 0 
1410 0.09568955972863638 0.9486009557856914 0 0 
1411 0.09553569557980805 0.9614501699770631 0 0 
1412 0.09543170612730155 0.9742998886709213 0 0 
1413 0.09536940420060393 0.9871498772555181 0 0 
1414 0.7379392473154605 0.6962970788257519 0 0 
1415 0.7365290108393195 0.698233468335073 0 0 
1416 0.7351745848120274 0.7002005277495429 0 0 
1417 0.7338727108273984 0.702196279517816 0 0 
1418 0.7326201304792483 0.7042187460885483 0 0 
1419 0.7314135853613928 0.706265949910395 0 0 
1420 0.7302498170676469 0.7083359134320121 0 0 
1421 0.729125567191826 0.7104266591020545 0 0 
1422 0.7280375589407315 0.7125362457380561 0 0 
1423 0.7280375405537266 0.7125362821069388 0 0 
1424 0.7280375221667318 0.7125363184758267 0 0 
1425 0.7280375037797463 0.7125363548447192 0 0 
1426 0.7280374853927708 0.712536391213617 0 0 
1427 0.728037467005805 0.7125364275825197 0 0 
1428 0.7280374486188489 0.7125364639514273 0 0 
1429 0.7280374302319025 0.7125365003203399 0 0 
1430 0.726896817686552 0.7148389241763973 0 0 
1431 0.725790758148765 0.7171585193578102 0 0 
1432 0.7247151005905841 0.7194928141024209 0 0 
1433 0.7236657123710084 0.7218393002791653 0 0 
1434 0.722639340104451 0.7241959465414834 0 0 
1435 0.7216359478666494 0.7265624689774398 0 0 
1436 0.7206554382946647 0.7289385630777966 0 0 
1437 0.7196976520950978 0.731323907692967 0 0 
1438 0.7187615320440582 0.7337202307361615 0 0 
1439 0.7187607308094547 0.7337223103101497 0 0 
1440 0.7187599295915341 0.7337243898905654 0 0 
1441 0.7187591283902965 0.7337264694774082 0 0 
1442 0.7187583272057417 0.7337285490706782 0 0 
1443 0.7187575260378695 0.7337306286703749 0 0 
1444 0.7187567248866795 0.7337327082764983 0 0 
1445 0.7187559237521717 0.7337347878890482 0 0 
1446 0.7164504910263024 0.7399350042816256 0 0 
1447 0.7142726831682013 0.746178910607168 0 0 
1448 0.7121667711562688 0.7524474581170857 0 0 
1449 0.7101270484720615 0.7587378547842569 0 0 
1450 0.7081537192458018 0.7650493941538421 0 0 
1451 0.7062478113857065 0.7713816181682505 0 0 
1452 0.7044103623551636 0.7777340444286843 0 0 
1453 0.7026420905421124 0.7841060732412923 0 0 
1454 0.7009433764665055 0.7904969969367799 0 0 
1455 0.6993106467412448 0.7969051026639471 0 0 
1456 0.6977374138600652 0.8033280753032787 0 0 
1457 0.6962235992874597 0.8097653111767104 0 0 
1458 0.6947693682362011 0.8162162686061678 0 0 
1459 0.6933744351865312 0.8226803087961549 0 0 
1460 0.6920347890162755 0.8291560355352192 0 0 
1461 0.6907493389946177 0.8356427377285858 0 0 
1462 0.6895184522421088 0.8421400143309828 0 0 
1463 0.6883421770556711 0.8486473999457899 0 0 
1464 0.6872195766224515 0.8551642597895178 0 0 
1465 0.6861508383194985 0.8616901689232078 0 0 
1466 0.6851361883362095 0.8682247062892687 0 0 
1467 0.6841756862890667 0.8747674219220025 0 0 
1468 0.6832692310496845 0.8813178445822828 0 0 
1469 0.6824139250153977 0.8878751443792483 0 0 
1470 0.6816081822906538 0.8944387186190843 0 0 
1471 0.6808521902611191 0.9010082089098466 0 0 
1472 0.6801456193001427 0.9075831987395163 0 0 
1473 0.6794879265445178 0.914163257433764 0 0 
1474 0.6788794333526978 0.9207480480764805 0 0 
1475 0.6783202366144817 0.9273372080579517 0 0 
1476 0.6778105161709581 0.9339303798540529 0 0 
1477 0.6773502335887632 0.9405271874765662 0 0 
1478 0.6769393652418034 0.9471272570893108 0 0 
1479 0.6765771908222041 0.9537301786018224 0 0 
1480 0.676262935183785 0.9603355539859849 0 0 
1481 0.6759969410693188 0.9669430487424223 0 0 
1482 0.6757793960172962 0.9735523159933045 0 0 
1483 0.6756103219879289 0.9801630006125998 0 0 
1484 0.6754896801505912 0.9867747465470244 0 0 
1485 0.6754174174951431 0.9933871981985227 0 0 
1486 0.1649003326892853 0.3889136910438538 0 0 
1487 0.1649003326892853 0.3889136910438538 0 0 
1488 0.1649003326892853 0.3889136910438538 0 0 
1489 0.1649003326892853 0.3889136910438538 0 0 
1490 0.1649003326892853 0.3889136910438538 0 0 
1491 0.1649003326892853 0.3889136910438538 0 0 
1492 0.1649003326892853 0.3889136910438538 0 0 
1493 0.1649003326892853 0.3889136910438538 0 0 
1494 0.1649003326892853 0.3889136910438538 0 0 
1495 0.1649003326892853 0.3889136910438538 0 0 
1496 0.1649003326892853 0.3889136910438538 0 0 
1497 0.1649003326892853 0.3889136910438538 0 0 
1498 0.1649003326892853 0.3889136910438538 0 0 
1499 0.1649003326892853 0.3889136910438538 0 0 
1500 0.1649003326892853 0.3889136910438538 0 0 
1501 0.1649003326892853 0.3889136910438538 0 0 
1502 0.1649003326892853 0.3889136910438538 0 0 
1503 0.1649003326892853 0.3889136910438538 0 0 
1504 0.1649003326892853 0.3889136910438538 0 0 
1505 0.1649003326892853 0.3889136910438538 0 0 
1506 0.1649003326892853 0.3889136910438538 0 0 
1507 0.1649003326892853 0.3889136910438538 0 0 
1508 0.1649003326892853 0.3889136910438538 0 0 
1509 0.1649003326892853 0.3889136910438538 0 0 
1510 0.1649003326892853 0.3889136910438538 0 0 
1511 0.1649003326892853 0.3889136910438538 0 0 
1512 0.1649003326892853 0.3889136910438538 0 0 
1513 0.1649003326892853 0.3889136910438539 0 0 
1514 0.1649003326892853 0.3889136910438539 0 0 
1515 0.1649003326892853 0.3889136910438539 0 0 
1516 0.1649003326892853 0.3889136910438539 0 0 
1517 0.1649003326892853 0.3889136910438538 0 0 
1518 0.1618970300345697 0.4014078743854341 0 0 
1519 0.1590607546482933 0.413940670126476 0 0 
1520 0.1565111184343785 0.4265352343002147 0 0 
1521 0.1539354101715265 0.4391243308456141 0 0 
1522 0.1510578867636514 0.4516478885786199 0 0 
1523 0.1479555814984468 0.4641178941074565 0 0 
1524 0.1449928536681528 0.4766217021874071 0 0 
1525 0.1422297334623024 0.4891711565207946 0 0 
1526 0.1395514471437306 0.5017391034293666 0 0 
1527 0.1368697836112934 0.5143063295644164 0 0 
1528 0.1342746313947543 0.5268916470423379 0 0 
1529 0.1318127387206311 0.5395037128950713 0 0 
1530 0.1294779023709979 0.5521399281361923 0 0 
1531 0.1272268610741019 0.5647913704488082 0 0 
1532 0.1250416687481163 0.5774543493790457 0 0 
1533 0.1229564828784309 0.5901341529723227 0 0 
1534 0.1209868649470432 0.6028324236432044 0 0 
1535 0.1191168834412559 0.6155457710190767 0 0 
1536 0.1173207515086962 0.6282697642649617 0 0 
1537 0.1156079285512646 0.6410052241931649 0 0 
1538 0.1139988616670743 0.6537542070801586 0 0 
1539 0.1124848980651674 0.6665148476953856 0 0 
1540 0.1110408411111471 0.6792835928637195 0 0 
1541 0.1096671526156627 0.6920600942793991 0 0 
1542 0.1083816864718797 0.7048457677108956 0 0 
1543 0.1071800431632498 0.7176396016230655 0 0 
1544 0.1060414007733191 0.7304391998228916 0 0 
1545 0.1049654903087989 0.7432442207687648 0 0 
1546 0.103964077721812 0.7560552795378839 0 0 
1547 0.1030342093711288 0.7688717364535257 0 0 
1548 0.1021588902484537 0.7816920372210123 0 0 
1549 0.1013405816653566 0.7945160998546926 0 0 
1550 0.100584223667266 0.8073439654757477 0 0 
1551 0.09988935253441056 0.8201753088505013 0 0 
1552 0.09925334302318042 0.8330097076260387 0 0 
1553 0.09865934746347292 0.8458461208840622 0 0 
1554 0.09811912492733374 0.8586849069821741 0 0 
1555 0.09763448880854371 0.8715259116043544 0 0 
1556 0.09720515912114723 0.8843688843571637 0 0 
1557 0.09681808807597644 0.8972132071859327 0 0 
1558 0.09646475703301972 0.9100584988206093 0 0 
1559 0.09615715461519088 0.9229049662887238 0 0 
1560 0.09589598691905232 0.9357524612065022 0 0 
1561 0.09568714440484979 0.9486009110796304 0 0 
1562 0.09553329419076396 0.9614501368020915 0 0 
1563 0.09542925346946811 0.9742998662421606 0 0 
1564 0.09536694243443458 0.9871498660199363 0 0 
1565 0.737943721999082 0.6962994766914544 0 0 
1566 0.736536527680467 0.6982374875905171 0 0 
1567 0.7351838982521155 0.7002054934218117 0 0 
1568 0.7338827622753544 0.7022016181370405 0 0 
1569 0.73263004831151 0.7042239856879045 0 0 
1570 0.7314226849219084 0.7062707200261047 0 0 
1571 0.7302576006678767 0.7083399451033432 0 0 
1572 0.7291317241107412 0.710429784871321 0 0 
1573 0.7280419653913521 0.7125383996406898 0 0 
1574 0.7280419469708854 0.7125384359996447 0 0 
1575 0.7280419285504287 0.7125384723586049 0 0 
1576 0.7280419101299817 0.7125385087175701 0 0 
1577 0.7280418917095444 0.71253854507654 0 0 
1578 0.7280418732891167 0.7125385814355151 0 0 
1579 0.728041854868699 0.7125386177944952 0 0 
1580 0.7280418364482909 0.7125386541534801 0 0 
1581 0.7268993884664146 0.7148401056390554 0 0 
1582 0.7257918057946209 0.7171588993766806 0 0 
1583 0.7247151743185274 0.719492692218265 0 0 
1584 0.7236655983441489 0.7218391046567273 0 0 
1585 0.7226394389883514 0.7241958965342208 0 0 
1586 0.7216359038615862 0.7265623725404066 0 0 
1587 0.7206553824986985 0.7289384916967896 0 0 
1588 0.7196975453156635 0.7313238419663332 0 0 
1589 0.7187614152407809 0.7337201857237371 0 0 
1590 0.7187606140058244 0.7337222652998646 0 0 
1591 0.7187598127874961 0.7337243448824013 0 0 
1592 0.7187590115857956 0.7337264244713471 0 0 
1593 0.7187582104007227 0.7337285040667014 0 0 
1594 0.7187574092322772 0.7337305836684641 0 0 
1595 0.7187566080804584 0.733732663276635 0 0 
1596 0.7187558069452661 0.7337347428912138 0 0 
1597 0.7164505710362993 0.7399350602079021 0 0 
1598 0.7142708854359373 0.7461783322053823 0 0 
1599 0.7121650911606026 0.7524469364735541 0 0 
1600 0.7101253446503987 0.7587373421099339 0 0 
1601 0.7081520213650657 0.7650488996704936 0 0 
1602 0.7062461763616781 0.7713811590287024 0 0 
1603 0.7044087163686047 0.7777335988632046 0 0 
1604 0.7026404144088693 0.7841056356949538 0 0 
1605 0.7009416695736053 0.7904965674193161 0 0 
1606 0.6993090172713797 0.7969047085680862 0 0 
1607 0.6977357553426758 0.8033276892401977 0 0 
1608 0.6962219484768588 0.8097649421847438 0 0 
1609 0.6947677240611719 0.8162159162997812 0 0 
1610 0.6933727354309571 0.8226799596553792 0 0 
1611 0.6920330960151777 0.8291557027311094 0 0 
1612 0.6907476771472213 0.8356424257576466 0 0 
1613 0.689516788575767 0.8421397165786842 0 0 
1614 0.6883404626474411 0.8486471076768521 0 0 
1615 0.6872178379095429 0.8551639779674548 0 0 
1616 0.6861490868919738 0.8616898996939896 0 0 
1617 0.6851343921745086 0.8682244444973389 0 0 
1618 0.6841738875869342 0.8747671742994941 0 0 
1619 0.6832674259881334 0.8813176104460814 0 0 
1620 0.6824121675349278 0.8878749306032367 0 0 
1621 0.681606470152241 0.8944385244543908 0 0 
1622 0.6808505004773597 0.9010080314788027 0 0 
1623 0.6801439016457234 0.9075830323052538 0 0 
1624 0.6794862218969318 0.9141631063384732 0 0 
1625 0.6788776912571781 0.9207479076242944 0 0 
1626 0.6783184969362661 0.9273370819592607 0 0 
1627 0.6778087522754319 0.9339302659952753 0 0 
1628 0.6773485003867258 0.9405270897566033 0 0 
1629 0.6769375597501039 0.9471271689032399 0 0 
1630 0.6765752519205427 0.9537300969594877 0 0 
1631 0.6762609750405502 0.9603354852481214 0 0 
1632 0.6759949708679014 0.9669429934676482 0 0 
1633 0.6757773519038545 0.9735522720728568 0 0 
1634 0.675608292682771 0.9801629710360495 0 0 
1635 0.6754876753976051 0.9867747312706291 0 0 
1636 0.6754154288534502 0.9933871971707025 0 0 
1637 0.1649003326892853 0.3889136910438538 0 0 
1638 0.1649003326892853 0.3889136910438538 0 0 
1639 0.1649003326892853 0.3889136910438538 0 0 
1640 0.1649003326892853 0.3889136910438538 0 0 
1641 0.1649003326892853 0.3889136910438538 0 0 
1642 0.1649003326892853 0.3889136910438538 0 0 
1643 0.1649003326892853 0.3889136910438538 0 0 
1644 0.1649003326892853 0.3889136910438538 0 0 
1645 0.1649003326892853 0.3889136910438538 0 0 
1646 0.1649003326892853 0.3889136910438538 0 0 
1647 0.1649003326892853 0.3889136910438538 0 0 
1648 0.1649003326892853 0.3889136910438538 0 0 
1649 0.1649003326892853 0.3889136910438538 0 0 
1650 0.1649003326892853 0.3889136910438538 0 0 
1651 0.1649003326892853 0.3889136910438538 0 0 
1652 0.1649003326892853 0.3889136910438538 0 0 
1653 0.1649003326892853 0.3889136910438539 0 0 
1654 0.1649003326892853 0.3889136910438536 0 0 
1655 0.1649003326892853 0.3889136910438537 0 0 
1656 0.1649003326892853 0.3889136910438538 0 0 
1657 0.1649003326892853 0.3889136910438539 0 0 
1658 0.1649003326892853 0.3889136910438537 0 0 
1659 0.1649003326892853 0.3889136910438538 0 0 
1660 0.1649003326892853 0.3889136910438538 0 0 
1661 0.1649003326892853 0.3889136910438539 0 0 
1662 0.1649003326892853 0.3889136910438538 0 0 
1663 0.1649003326892853 0.388913691043854 0 0 
1664 0.1649003326892853 0.3889136910438539 0 0 
1665 0.1649003326892852 0.3889136910438538 0 0 
1666 0.1649003326892853 0.388913691043854 0 0 
1667 0.1649003326892852 0.3889136910438538 0 0 
1668 0.1649003326892852 0.3889136910438538 0 0 
1669 0.1617516129932502 0.3889901845799933 0 0 
1670 0.1586044614532305 0.3891092319623783 0 0 
1671 0.1554583996240964 0.3892580039097967 0 0 
1672 0.1523129490607186 0.389423671141036 0 0 
1673 0.1491676313179676 0.3895934043748835 0 0 
1674 0.1460219679507139 0.3897543743301273 0 0 
1675 0.1428754805138281 0.3898937517255548 0 0 
1676 0.1397277700194847 0.3900001238015771 0 0 
1677 0.1331642627568228 0.3901256773041473 0 0 
1678 0.1297490872284975 0.3901493249001667 0 0 
1679 0.1263338287250404 0.3901498267922782 0 0 
1680 0.1229185736447439 0.3901436208994201 0 0 
1681 0.1195033232498357 0.3901511272898566 0 0 
1682 0.1160881488457343 0.3901751867420935 0 0 
1683 0.1126731280088209 0.390215544434186 0 0 
1684 0.1092583353873506 0.3902719983393835 0 0 
1685 0.105843842404109 0.3903443432685619 0 0 
1686 0.1024297179242478 0.3904323785176978 0 0 
1687 0.09901602817898472 0.3905359094596934 0 0 
1688 0.09560283403999974 0.3906546710950586 0 0 
1689 0.09219020348059592 0.3907886434416584 0 0 
1690 0.08877788604156758 0.390930404144378 0 0 
1691 0.08536528297602279 0.3910650913901368 0 0 
1692 0.08195227656017272 0.3911891447730962 0 0 
1693 0.07853891217688443 0.3913029221329148 0 0 
1694 0.07512522498695792 0.3914065634153714 0 0 
1695 0.07171125036601916 0.3915002612225 0 0 
1696 0.06829702269118311 0.3915842339191594 0 0 
1697 0.06488257368262232 0.3916586674359515 0 0 
1698 0.06146793360055126 0.3917237501018626 0 0 
1699 0.05805312897829051 0.3917795235481021 0 0 
1700 0.0546382221164373 0.39182868860059 0 0 
1701 0.0512233595331536 0.3918808161175172 0 0 
1702 0.04780861676977122 0.3919402783427807 0 0 
1703 0.04439398831831599 0.3920059852224798 0 0 
1704 0.0409793920759572 0.3920733507545547 0 0 
1705 0.03756478088039576 0.3921399550631401 0 0 
1706 0.03415015610596753 0.392205858954745 0 0 
1707 0.03073551336965752 0.3922708264354128 0 0 
1708 0.0273207962908218 0.3923317469100932 0 0 
1709 0.02390596144641337 0.3923856600221404 0 0 
1710 0.02049102085953676 0.3924323982795623 0 0 
1711 0.01707598917446726 0.3924719238173786 0 0 
1712 0.01366088191185229 0.3925042674075758 0 0 
1713 0.01024571408069387 0.3925294152414663 0 0 
1714 0.006830500835782288 0.3925473673285956 0 0 
1715 0.003415257350428568 0.3925580608138712 0 0 
1716 0.1276245266199112 0.1443622559309006 0 0 
1717 0.1276245266199112 0.1443622559309006 0 0 
1718 0.1276245266199112 0.1443622559309006 0 0 
1719 0.1276245266199112 0.1443622559309006 0 0 
1720 0.1276245266199112 0.1443622559309006 0 0 
1721 0.1276245266199112 0.1443622559309006 0 0 
1722 0.1276245266199112 0.1443622559309006 0 0 
1723 0.1276245266199112 0.1443622559309006 0 0 
1724 0.1276245250586092 0.1443622575612115 0 0 
1725 0.1276245234973071 0.1443622591915223 0 0 
1726 0.1276245219360051 0.144362260821833 0 0 
1727 0.1276245203747029 0.1443622624521437 0 0 
1728 0.1276245188134007 0.1443622640824542 0 0 
1729 0.1276245172520984 0.1443622657127646 0 0 
1730 0.1276245156907961 0.144362267343075 0 0 
1731 0.1276245141294937 0.1443622689733853 0 0 
1732 0.1253424133457729 0.1466020371501776 0 0 
1733 0.1229583475352026 0.1486733246778418 0 0 
1734 0.1204803438020273 0.1505849172435468 0 0 
1735 0.1179164308117937 0.1523455989041513 0 0 
1736 0.1152746372300488 0.1539641537165144 0 0 
1737 0.1125629917223391 0.1554493657374948 0 0 
1738 0.1097895229542117 0.1568100190239515 0 0 
1739 0.1069622595912132 0.1580548976327433 0 0 
1740 0.1028727093839473 0.1596402347421448 0 0 
1741 0.1016501440331332 0.1600710609237022 0 0 
1742 0.1004220404028923 0.1604857601984637 0 0 
1743 0.09918862691271568 0.1608843381913949 0 0 
1744 0.09795011546711012 0.1612668047162957 0 0 
1745 0.09670682174211025 0.1616334406212873 0 0 
1746 0.09545907049879342 0.1619845901136307 0 0 
1747 0.09420716985442606 0.1623206395559004 0 0 
1748 0.09295051933660003 0.162642248587671 0 0 
1749 0.0929496133220851 0.1626424749539779 0 0 
1750 0.0929487073057334 0.1626427013129353 0 0 
1751 0.09294780128754514 0.1626429276645433 0 0 
1752 0.09294689526752038 0.1626431540088024 0 0 
1753 0.09294598924565922 0.1626433803457125 0 0 
1754 0.09294508322196182 0.1626436066752739 0 0 
1755 0.09294417719642828 0.1626438329974869 0 0 
1756 0.09018520726711302 0.1632980342611821 0 0 
1757 0.08741313574907589 0.1638898306635057 0 0 
1758 0.08462963177521092 0.1644252928509675 0 0 
1759 0.0818370492946606 0.1649112318336677 0 0 
1760 0.07903988911546334 0.1653701095859012 0 0 
1761 0.076240844218257 0.1658173403209183 0 0 
1762 0.07343987666495122 0.1662523768772394 0 0 
1763 0.07063665673909308 0.1666726471485296 0 0 
1764 0.06783076430421967 0.1670746858563527 0 0 
1765 0.06502224071890923 0.1674579147112567 0 0 
1766 0.06221121034323654 0.1678223005539637 0 0 
1767 0.0593977973534439 0.1681678087382162 0 0 
1768 0.05658212467101781 0.1684943913155247 0 0 
1769 0.05376432424238207 0.1688020753044289 0 0 
1770 0.05094452717935884 0.1690908889713505 0 0 
1771 0.04812286683806517 0.1693608921397681 0 0 
1772 0.04529947642563311 0.1696121603164512 0 0 
1773 0.04247452827458193 0.1698452648925856 0 0 
1774 0.0396482929099694 0.1700622097445645 0 0 
1775 0.0368209465015165 0.1702641577845572 0 0 
1776 0.03399255791252515 0.1704509447458099 0 0 
1777 0.03116320585918202 0.1706225199660939 0 0 
1778 0.02833296753527238 0.170778795411421 0 0 
1779 0.02550192389203944 0.1709197316152845 0 0 
1780 0.02267015586043122 0.1710452737298806 0 0 
1781 0.01983774691543728 0.1711554126880051 0 0 
1782 0.01700478032341713 0.1712501296634713 0 0 
1783 0.01417134029997547 0.1713294311796056 0 0 
1784 0.01133751129922073 0.1713933375479966 0 0 
1785 0.008503377456830691 0.1714418886303254 0 0 
1786 0.00566902527004053 0.1714753164741588 0 0 
1787 0.002834542447441317 0.1714948298316287 0 0 
1788 0.1649003326892853 0.3889136910438538 0 0 
1789 0.1649003326892853 0.3889136910438538 0 0 
1790 0.1649003326892853 0.3889136910438538 0 0 
1791 0.1649003326892853 0.3889136910438538 0 0 
1792 0.1649003326892853 0.3889136910438538 0 0 
1793 0.1649003326892853 0.3889136910438538 0 0 
1794 0.1649003326892853 0.3889136910438538 0 0 
1795 0.1649003326892853 0.3889136910438538 0 0 
1796 0.1649003326892853 0.3889136910438538 0 0 
1797 0.1649003326892853 0.3889136910438538 0 0 
1798 0.1649003326892853 0.3889136910438538 0 0 
1799 0.1649003326892853 0.3889136910438538 0 0 
1800 0.1649003326892853 0.3889136910438538 0 0 
1801 0.1649003326892853 0.3889136910438538 0 0 
1802 0.1649003326892853 0.3889136910438538 0 0 
1803 0.1649003326892853 0.3889136910438538 0 0 
1804 0.1649003326892853 0.3889136910438538 0 0 
1805 0.1649003326892853 0.3889136910438538 0 0 
1806 0.1649003326892853 0.3889136910438538 0 0 
1807 0.1649003326892853 0.3889136910438538 0 0 
1808 0.1649003326892853 0.3889136910438538 0 0 
1809 0.1649003326892853 0.3889136910438538 0 0 
1810 0.1649003326892853 0.3889136910438538 0 0 
1811 0.1649003326892853 0.3889136910438538 0 0 
1812 0.1649003326892853 0.3889136910438539 0 0 
1813 0.1649003326892853 0.3889136910438537 0 0 
1814 0.1649003326892853 0.3889136910438538 0 0 
1815 0.1649003326892853 0.3889136910438538 0 0 
1816 0.1649003326892853 0.3889136910438538 0 0 
1817 0.1649003326892853 0.3889136910438539 0 0 
1818 0.1649003326892853 0.3889136910438538 0 0 
1819 0.1649003326892853 0.3889136910438539 0 0 
1820 0.1617521309568743 0.388998749015349 0 0 
1821 0.1586051811800657 0.3891210779327731 0 0 
1822 0.1554590905223161 0.3892692935898889 0 0 
1823 0.152313466147082 0.3894320117804587 0 0 
1824 0.14916791521782 0.389597848298245 0 0 
1825 0.1460220448979866 0.3897554189370104 0 0 
1826 0.1428754623510385 0.3898933394905172 0 0 
1827 0.1397277917191177 0.3900005440028257 0 0 
1828 0.1330767025582084 0.3901270752728613 0 0 
1829 0.1295739471278399 0.3901501417653423 0 0 
1830 0.1260711166088361 0.3901505961190063 0 0 
1831 0.1225682857906273 0.3901460291252548 0 0 
1832 0.1190654688711867 0.3901553324042936 0 0 
1833 0.1155627414835102 0.3901824859498821 0 0 
1834 0.1120601882753062 0.3902266095766376 0 0 
1835 0.1085578882957458 0.3902876404838324 0 0 
1836 0.1050559191348546 0.3903653586485475 0 0 
1837 0.1015543534962822 0.390459528825677 0 0 
1838 0.09805326386359488 0.3905699767458461 0 0 
1839 0.09455271265156245 0.390696355399562 0 0 
1840 0.09105276335298722 0.3908384304372926 0 0 
1841 0.08755291570574643 0.3909829804761075 0 0 
1842 0.08405264442569596 0.3911168975122197 0 0 
1843 0.08055197440108913 0.3912399334598207 0 0 
1844 0.07705094050559168 0.3913521498855772 0 0 
1845 0.07354958487597912 0.3914538285870932 0 0 
1846 0.07004794410023231 0.3915451650399471 0 0 
1847 0.06654605325226212 0.3916263451311739 0 0 
1848 0.06304394642034825 0.3916976122557612 0 0 
1849 0.05954165284498057 0.3917590015763254 0 0 
1850 0.05603922119202344 0.3918119417134672 0 0 
1851 0.05253676963095941 0.3918635751265543 0 0 
1852 0.04903441856331528 0.391921585949321 0 0 
1853 0.04553219681476656 0.3919869594975965 0 0 
1854 0.04203004263286633 0.3920558620423252 0 0 
1855 0.03852788353129952 0.3921245093364228 0 0 
1856 0.03502570710527624 0.392192268905185 0 0 
1857 0.03152351879654011 0.3922594099291564 0 0 
1858 0.02802126712713209 0.3923231618777097 0 0 
1859 0.02451889463690966 0.3923798832439719 0 0 
1860 0.02101640763871823 0.3924290297172032 0 0 
1861 0.01751382259252787 0.3924706059225515 0 0 
1862 0.01401115588536649 0.392504613806395 0 0 
1863 0.01050842389358024 0.3925310507260359 0 0 
1864 0.007005643117259489 0.3925499812346123 0 0 
1865 0.003502829617416209 0.3925611843118182 0 0 
1866 0.1276245266199112 0.1443622559309005 0 0 
1867 0.1276245266199112 0.1443622559309005 0 0 
1868 0.1276245266199112 0.1443622559309005 0 0 
1869 0.1276245266199112 0.1443622559309005 0 0 
1870 0.1276245266199112 0.1443622559309005 0 0 
1871 0.1276245266199112 0.1443622559309005 0 0 
1872 0.1276245266199112 0.1443622559309005 0 0 
1873 0.1276245266199112 0.1443622559309005 0 0 
1874 0.1276245266199112 0.1443622559309006 0 0 
1875 0.1276245266199112 0.1443622559309005 0 0 
1876 0.1276245266199112 0.1443622559309005 0 0 
1877 0.1276245266199112 0.1443622559309006 0 0 
1878 0.1276245266199112 0.1443622559309005 0 0 
1879 0.1276245266199112 0.1443622559309006 0 0 
1880 0.1276245266199112 0.1443622559309005 0 0 
1881 0.1276245266199112 0.1443622559309005 0 0 
1882 0.1276245266199112 0.1443622559309006 0 0 
1883 0.1276245266199112 0.1443622559309006 0 0 
1884 0.1276245266199112 0.1443622559309006 0 0 
1885 0.1276245266199112 0.1443622559309006 0 0 
1886 0.1276245266199112 0.1443622559309006 0 0 
1887 0.1276245266199112 0.1443622559309006 0 0 
1888 0.1276245266199112 0.1443622559309006 0 0 
1889 0.1276245266199112 0.1443622559309006 0 0 
1890 0.1276245250042132 0.1443622576090119 0 0 
1891 0.1276245233885152 0.144362259287123 0 0 
1892 0.1276245217728172 0.1443622609652341 0 0 
1893 0.1276245201571191 0.1443622626433451 0 0 
1894 0.127624518541421 0.144362264321456 0 0 
1895 0.1276245169257227 0.1443622659995669 0 0 
1896 0.1276245153100245 0.1443622676776776 0 0 
1897 0.1276245136943261 0.1443622693557882 0 0 
1898 0.1253390322370914 0.1465955909777085 0 0 
1899 0.122953080845922 0.148663251473673 0 0 
1900 0.120474408054892 0.1505735188933991 0 0 
1901 0.1179107640137737 0.1523346596084936 0 0 
1902 0.1152698988723395 0.1539549399905632 0 0 
1903 0.1125595627803617 0.1554426264112147 0 0 
1904 0.1097875058876128 0.156805985242055 0 0 
1905 0.1069614783438649 0.1580532828546908 0 0 
1906 0.1028728526546666 0.1596405419153321 0 0 
1907 0.1016502813104392 0.1600714051472379 0 0 
1908 0.1004220829399474 0.1604859770889763 0 0 
1909 0.09918866329420276 0.1608846003382772 0 0 
1910 0.09795023407009218 0.1612673049581546 0 0 
1911 0.09670700983890074 0.1616341465815088 0 0 
1912 0.09545929440341498 0.1619854539690629 0 0 
1913 0.09420742543574377 0.1623216603466098 0 0 
1914 0.09295081874266668 0.162643446618768 0 0 
1915 0.09294991271898083 0.1626436731274439 0 0 
1916 0.09294900669345862 0.1626438996287723 0 0 
1917 0.09294810066610022 0.1626441261227533 0 0 
1918 0.09294719463690573 0.1626443526093871 0 0 
1919 0.09294628860587519 0.1626445790886739 0 0 
1920 0.09294538257300881 0.1626448055606138 0 0 
1921 0.09294447653830662 0.1626450320252072 0 0 
1922 0.09018554159772008 0.1632996406575563 0 0 
1923 0.08741349969528753 0.1638918794021042 0 0 
1924 0.08463002510841544 0.1644277568775918 0 0 
1925 0.08183782093676709 0.1649160784288514 0 0 
1926 0.07904077708548911 0.1653758460832662 0 0 
1927 0.07624159513563378 0.1658223964968805 0 0 
1928 0.0734406064255972 0.1662574616023528 0 0 
1929 0.07063728296980155 0.1666772309698708 0 0 
1930 0.06783137408276566 0.1670793525046793 0 0 
1931 0.06502282068396034 0.1674625736944551 0 0 
1932 0.06221176381259832 0.1678269758903692 0 0 
1933 0.05939832403696163 0.1681724982295127 0 0 
1934 0.05658262575677801 0.168499106653828 0 0 
1935 0.05376479896929415 0.1688068099437605 0 0 
1936 0.0509449758807241 0.1690956482474051 0 0 
1937 0.04812328741978537 0.169365654344379 0 0 
1938 0.04529987167325586 0.1696169563548271 0 0 
1939 0.04247491827779843 0.1698503327424775 0 0 
1940 0.03964866726612693 0.1700674314488198 0 0 
1941 0.03682128897720782 0.1702693173417711 0 0 
1942 0.03399287510555889 0.1704561318679773 0 0 
1943 0.03116349563258093 0.1706277052377934 0 0 
1944 0.02833323048157911 0.1707839889849236 0 0 
1945 0.02550216010599408 0.1709249360088068 0 0 
1946 0.02267036515236898 0.1710504859212836 0 0 
1947 0.01983792905903573 0.1711606293710653 0 0 
1948 0.01700493545212818 0.1712553511680096 0 0 
1949 0.01417146847517879 0.1713346700907765 0 0 
1950 0.01133761242726939 0.1713985748209123 0 0 
1951 0.008503451754316533 0.171447150715554 0 0 
1952 0.005669073465897015 0.1714807395819118 0 0 
1953 0.002834563524881547 0.1714997866704368 0 0 
1954 0.1276245125137954 0.1443622706514959 0 0 
1955 0.1276245124593994 0.1443622706992962 0 0 
1956 0.1276245124050034 0.1443622707470966 0 0 
1957 0.1276245123506075 0.144362270794897 0 0 
1958 0.1276245122962116 0.1443622708426973 0 0 
1959 0.1276245122418156 0.1443622708904977 0 0 
1960 0.1276245121874197 0.1443622709382981 0 0 
1961 0.1276245121330237 0.1443622709860984 0 0 
1962 0.1200206581762153 0.1605798245888119 0 0 
1963 0.1214332933995094 0.1785249770792281 0 0 
1964 0.1258081507947703 0.1959889722728411 0 0 
1965 0.1318013896374985 0.2129707196511803 0 0 
1966 0.1389005164328062 0.2295222627742684 0 0 
1967 0.146850893098017 0.2456828442376917 0 0 
1968 0.1555034624353458 0.2614789577156347 0 0 
1969 0.1647609964193866 0.2769285183273669 0 0 
1970 0.174554964732815 0.2920438549084068 0 0 
1971 0.1848341458574308 0.3068336039550429 0 0 
1972 0.1955584507876157 0.3213039093432715 0 0 
1973 0.2066953200846469 0.3354592010124438 0 0 
1974 0.2182174986030255 0.34930271466016 0 0 
1975 0.2301015965018247 0.3628368478355891 0 0 
1976 0.242327122987183 0.3760634096764118 0 0 
1977 0.2548758168041425 0.3889837995544436 0 0 
1978 0.267731170098266 0.4015991367275345 0 0 
1979 0.2808780851008009 0.413910352013352 0 0 
1980 0.2943026627386263 0.4259182039273244 0 0 
1981 0.3079926243715193 0.4376225930263348 0 0 
1982 0.3218899548214331 0.4490802994277937 0 0 
1983 0.3359365155218081 0.4603545674508721 0 0 
1984 0.3501247902607325 0.4714499747839918 0 0 
1985 0.3644483318170096 0.4823702105182254 0 0 
1986 0.3789012770529349 0.4931186024845917 0 0 
1987 0.3934782722266225 0.5036981541103558 0 0 
1988 0.4081744198146428 0.5141115625168473 0 0 
1989 0.4229852334825811 0.5243612327194205 0 0 
1990 0.4379065993612178 0.5344492889943521 0 0 
1991 0.4529347424084764 0.5443775839860884 0 0 
1992 0.4680661968980764 0.5541477060109217 0 0 
1993 0.4832977802804451 0.5637609849132187 0 0 
1994 0.4986265697751766 0.5732184967966367 0 0 
1995 0.5140498812338942 0.5825210678412902 0 0 
1996 0.529565249874923 0.5916692773948014 0 0 
1997 0.5451704125536585 0.6006634605015488 0 0 
1998 0.5608632912963586 0.6095037100014618 0 0 
1999 0.5766419778698986 0.6181898783089885 0 0 
2000 0.5925047191962378 0.6267215789661885 0 0 
2001 0.6084499034530449 0.6350981880437324 0 0 
2002 0.6244760467120494 0.6433188454775168 0 0 
2003 0.6405817800074073 0.6513824563796354 0 0 
2004 0.6567658368511988 0.659287691991255 0 0 
2005 0.6730270426299362 0.6670329851760742 0 0 
2006 0.6893643237760227 0.6746164597488611 0 0 
2007 0.7057768894855148 0.6820352769465886 0 0 
2008 0.7222645433829213 0.6892845429288564 0 0 
2009 0.7394085601402509 0.6943933259779246 0 0 
2010 0.739408560143322 0.6943933259778134 0 0 
2011 0.739408560146393 0.6943933259777026 0 0 
2012 0.7394085601494641 0.6943933259775917 0 0 
2013 0.7394085601525352 0.6943933259774808 0 0 
2014 0.7394085601556062 0.6943933259773698 0 0 
2015 0.7394085601586772 0.6943933259772588 0 0 
2016 0.7394085601617482 0.694393325977148 0 0 
2017 0.7394085625652437 0.6943933258903225 0 0 
2018 0.7394085649656682 0.694393325803608 0 0 
2019 0.7394085673660927 0.6943933257168932 0 0 
2020 0.7394085697665176 0.694393325630178 0 0 
2021 0.7394085721669422 0.6943933255434624 0 0 
2022 0.7394085745673673 0.6943933254567466 0 0 
2023 0.7394085769677922 0.6943933253700305 0 0 
2024 0.7394085793682172 0.694393325283314 0 0 
2025 0.1293986463698141 0.1437459657897489 0 0 
2026 0.1293986463698141 0.1437459657897489 0 0 
2027 0.1293986463698141 0.1437459657897489 0 0 
2028 0.1293986463698141 0.1437459657897489 0 0 
2029 0.1293986463698141 0.1437459657897489 0 0 
2030 0.1293986463698141 0.1437459657897489 0 0 
2031 0.1293986463698141 0.1437459657897489 0 0 
2032 0.1293986463698141 0.1437459657897489 0 0 
2033 0.1463488361496005 0.1452116638420736 0 0 
2034 0.161241992248557 0.1538724644199276 0 0 
2035 0.1748531730992443 0.1644222105222709 0 0 
2036 0.187748717128275 0.175839346474283 0 0 
2037 0.2002007050865811 0.187739830598022 0 0 
2038 0.2123625809622999 0.1999370385959509 0 0 
2039 0.2243314415468342 0.2123238645609972 0 0 
2040 0.2361740222107326 0.2248315484202831 0 0 
2041 0.2479390868909422 0.2374122056140956 0 0 
2042 0.2596639585542408 0.2500303430532786 0 0 
2043 0.271378234482984 0.2626583206185825 0 0 
2044 0.283106029223672 0.2752737412342445 0 0 
2045 0.2948673941607665 0.2878578641992621 0 0 
2046 0.3066792513226665 0.3003945978617589 0 0 
2047 0.3185560278713617 0.3128698381274519 0 0 
2048 0.3305100998740292 0.3252710224161869 0 0 
2049 0.3425521102670849 0.3375868237036844 0 0 
2050 0.3546911913716857 0.3498069491902713 0 0 
2051 0.3669350671002653 0.3619220672111224 0 0 
2052 0.3792745478441051 0.3739398442605312 0 0 
2053 0.3916334804903489 0.3859376290837773 0 0 
2054 0.4040076985508321 0.3979196474078549 0 0 
2055 0.4164021383779661 0.4098807456685872 0 0 
2056 0.4288212116243381 0.4218162641784278 0 0 
2057 0.4412688539506633 0.4337219835552509 0 0 
2058 0.4537485601525335 0.4455940877187252 0 0 
2059 0.4662634153908513 0.457429132879124 0 0 
2060 0.4788161226943924 0.4692240219272123 0 0 
2061 0.4914090273851178 0.480975983221904 0 0 
2062 0.5040441390129049 0.4926825529021743 0 0 
2063 0.5167231512595415 0.5043415600277017 0 0 
2064 0.5294474601770219 0.5159511139869555 0 0 
2065 0.5422181810502091 0.5275095937156716 0 0 
2066 0.5550361640905842 0.5390156383742168 0 0 
2067 0.5679020091415912 0.550468139178736 0 0 
2068 0.5808160795343154 0.561866232137327 0 0 
2069 0.5937785152021385 0.5732092914850452 0 0 
2070 0.6067892451400243 0.5844969236451694 0 0 
2071 0.6198479992759331 0.5957289615716026 0 0 
2072 0.6329543198074632 0.606905459349865 0 0 
2073 0.6461075720454784 0.61802668695292 0 0 
2074 0.6593069547975913 0.6290931250638028 0 0 
2075 0.6725515103174435 0.6401054598903358 0 0 
2076 0.6858401338404627 0.6510645779085221 0 0 
2077 0.6991715827228056 0.6619715604809653 0 0 
2078 0.7125444851973255 0.6728276783051825 0 0 
2079 0.7259573487582901 0.683634385654315 0 0 
2080 0.7394085681950154 0.6943933143729971 0 0 
2081 0.7394085681989681 0.6943933143761475 0 0 
2082 0.7394085682029208 0.694393314379298 0 0 
2083 0.7394085682068735 0.6943933143824483 0 0 
2084 0.7394085682108262 0.6943933143855987 0 0 
2085 0.7394085682147791 0.6943933143887492 0 0 
2086 0.739408568218732 0.6943933143918997 0 0 
2087 0.7394085682226846 0.6943933143950499 0 0 
2088 0.7394085697314906 0.6943933155975864 0 0 
2089 0.7394085712363437 0.6943933167969726 0 0 
2090 0.7394085727411969 0.6943933179963585 0 0 
2091 0.73940857424605 0.6943933191957447 0 0 
2092 0.7394085757509031 0.6943933203951307 0 0 
2093 0.7394085772557563 0.6943933215945167 0 0 
2094 0.7394085787606094 0.6943933227939026 0 0 
2095 0.7394085802654626 0.6943933239932888 0 0 
2096 0.1278228565190779 0.1442853835477772 0 0 
2097 0.1280208820676687 0.1442106403607551 0 0 
2098 0.1282186058977688 0.1441380137558346 0 0 
2099 0.1284160286090165 0.1440674905801463 0 0 
2100 0.1286131508010504 0.1439990576808204 0 0 
2101 0.1288099730735087 0.1439327019049874 0 0 
2102 0.1290064960260299 0.1438684100997775 0 0 
2103 0.1292027202582522 0.1438061691123212 0 0 
2104 0.1533533781766891 0.1286070048809052 0 0 
2105 0.1533533781766891 0.1286070048809052 0 0 
2106 0.1533533781766891 0.1286070048809052 0 0 
2107 0.1533533781766891 0.1286070048809052 0 0 
2108 0.1533533781766891 0.1286070048809052 0 0 
2109 0.1533533781766891 0.1286070048809052 0 0 
2110 0.1533533781766891 0.1286070048809052 0 0 
2111 0.1533533781766891 0.1286070048809052 0 0 
2112 0.1533533781766891 0.1286070048809052 0 0 
2113 0.1533533781766891 0.1286070048809052 0 0 
2114 0.1533533781766891 0.1286070048809052 0 0 
2115 0.1533533781766891 0.1286070048809052 0 0 
2116 0.1533533781766891 0.1286070048809052 0 0 
2117 0.1533533781766891 0.1286070048809052 0 0 
2118 0.1533533781766891 0.1286070048809052 0 0 
2119 0.1533533781766891 0.1286070048809052 0 0 
2120 0.1533533781766891 0.1286070048809052 0 0 
2121 0.1533533781766891 0.1286070048809052 0 0 
2122 0.1533533781766891 0.1286070048809052 0 0 
2123 0.1533533781766891 0.1286070048809052 0 0 
2124 0.1533533781766891 0.1286070048809052 0 0 
2125 0.1533533781766891 0.1286070048809052 0 0 
2126 0.1533533781766891 0.1286070048809052 0 0 
2127 0.1533533781766891 0.1286070048809052 0 0 
2128 0.1531897922800741 0.1287103882338919 0 0 
2129 0.153026206383459 0.1288137715868787 0 0 
2130 0.152862620486844 0.1289171549398654 0 0 
2131 0.1526990345902289 0.1290205382928522 0 0 
2132 0.1525354486936139 0.129123921645839 0 0 
2133 0.1523718627969989 0.1292273049988257 0 0 
2134 0.1522082769003838 0.1293306883518125 0 0 
2135 0.1520446910037687 0.1294340717047993 0 0 
2136 0.1513496343125287 0.1298733350688371 0 0 
2137 0.1508181635179037 0.1302092150798883 0 0 
2138 0.1502866927232787 0.1305450950909394 0 0 
2139 0.1497552219286537 0.1308809751019905 0 0 
2140 0.1492237511340287 0.1312168551130417 0 0 
2141 0.1486922803394037 0.1315527351240928 0 0 
2142 0.1481608095447787 0.1318886151351439 0 0 
2143 0.1476293387501537 0.1322244951461951 0 0 
2144 0.1470978679555287 0.1325603751572462 0 0 
2145 0.1465663971609037 0.1328962551682973 0 0 
2146 0.1460349263662787 0.1332321351793485 0 0 
2147 0.1455034555716537 0.1335680151903996 0 0 
2148 0.1449719847770287 0.1339038952014507 0 0 
2149 0.1444405139824037 0.1342397752125019 0 0 
2150 0.1439090431877787 0.134575655223553 0 0 
2151 0.1433775723931537 0.1349115352346041 0 0 
2152 0.1428461015985287 0.1352474152456553 0 0 
2153 0.1423146308039037 0.1355832952567064 0 0 
2154 0.1417831600092787 0.1359191752677575 0 0 
2155 0.1412516892146537 0.1362550552788087 0 0 
2156 0.1404161694602718 0.1367830887797525 0 0 
2157 0.1401121205005149 0.1369752422696452 0 0 
2158 0.1398080715407579 0.1371673957595378 0 0 
2159 0.139504022581001 0.1373595492494306 0 0 
2160 0.1391999736212441 0.1375517027393233 0 0 
2161 0.1388959246614872 0.1377438562292159 0 0 
2162 0.1385918757017303 0.1379360097191087 0 0 
2163 0.1382878267419733 0.1381281632090013 0 0 
2164 0.1374114356880562 0.1386820266382844 0 0 
2165 0.1368390935938961 0.1390437365776747 0 0 
2166 0.1362667514997359 0.139405446517065 0 0 
2167 0.1356944094055758 0.1397671564564553 0 0 
2168 0.1351220673114157 0.1401288663958457 0 0 
2169 0.1345497252172555 0.140490576335236 0 0 
2170 0.1339773831230954 0.1408522862746263 0 0 
2171 0.1334050410289352 0.1412139962140167 0 0 
2172 0.1328326989347751 0.141575706153407 0 0 
2173 0.1322603568406149 0.1419374160927973 0 0 
2174 0.1316880147464548 0.1422991260321877 0 0 
2175 0.1311156726522946 0.142660835971578 0 0 
2176 0.1305433305581345 0.1430225459109683 0 0 
2177 0.1299709884639743 0.1433842558503586 0 0 
2178 0.1533533781766891 0.1286070048809052 0 0 
2179 0.1533533781766891 0.1286070048809052 0 0 
2180 0.1533533781766891 0.1286070048809052 0 0 
2181 0.1533533781766891 0.1286070048809052 0 0 
2182 0.1533533781766891 0.1286070048809052 0 0 
2183 0.1533533781766891 0.1286070048809052 0 0 
2184 0.1533533781766891 0.1286070048809052 0 0 
2185 0.1533533781766891 0.1286070048809052 0 0 
2186 0.1533533781766891 0.1286070048809052 0 0 
2187 0.1533533781766891 0.1286070048809052 0 0 
2188 0.1533533781766891 0.1286070048809052 0 0 
2189 0.1533533781766891 0.1286070048809052 0 0 
2190 0.1533533781766891 0.1286070048809052 0 0 
2191 0.1533533781766891 0.1286070048809052 0 0 
2192 0.1533533781766891 0.1286070048809052 0 0 
2193 0.1533533781766891 0.1286070048809052 0 0 
2194 0.1533533781766891 0.1286070048809052 0 0 
2195 0.1533533781766891 0.1286070048809052 0 0 
2196 0.1533533781766891 0.1286070048809052 0 0 
2197 0.1533533781766891 0.1286070048809052 0 0 
2198 0.1533533781766891 0.1286070048809052 0 0 
2199 0.1533533781766891 0.1286070048809052 0 0 
2200 0.1533533781766891 0.1286070048809052 0 0 
2201 0.1533533781766891 0.1286070048809052 0 0 
2202 0.1531897922800741 0.1287103882338919 0 0 
2203 0.153026206383459 0.1288137715868787 0 0 
2204 0.152862620486844 0.1289171549398654 0 0 
2205 0.1526990345902289 0.1290205382928522 0 0 
2206 0.1525354486936139 0.129123921645839 0 0 
2207 0.1523718627969988 0.1292273049988257 0 0 
2208 0.1522082769003838 0.1293306883518125 0 0 
2209 0.1520446910037688 0.1294340717047993 0 0 
2210 0.1513496343125287 0.1298733350688371 0 0 
2211 0.1508181635179037 0.1302092150798883 0 0 
2212 0.1502866927232787 0.1305450950909394 0 0 
2213 0.1497552219286537 0.1308809751019905 0 0 
2214 0.1492237511340287 0.1312168551130417 0 0 
2215 0.1486922803394037 0.1315527351240928 0 0 
2216 0.1481608095447787 0.1318886151351439 0 0 
2217 0.1476293387501537 0.1322244951461951 0 0 
2218 0.1470978679555287 0.1325603751572462 0 0 
2219 0.1465663971609037 0.1328962551682973 0 0 
2220 0.1460349263662787 0.1332321351793485 0 0 
2221 0.1455034555716537 0.1335680151903996 0 0 
2222 0.1449719847770287 0.1339038952014507 0 0 
2223 0.1444405139824037 0.1342397752125019 0 0 
2224 0.1439090431877787 0.134575655223553 0 0 
2225 0.1433775723931537 0.1349115352346041 0 0 
2226 0.1428461015985287 0.1352474152456553 0 0 
2227 0.1423146308039037 0.1355832952567064 0 0 
2228 0.1417831600092787 0.1359191752677575 0 0 
2229 0.1412516892146537 0.1362550552788087 0 0 
2230 0.1404161694602718 0.1367830887797525 0 0 
2231 0.1401121205005149 0.1369752422696452 0 0 
2232 0.1398080715407579 0.1371673957595378 0 0 
2233 0.139504022581001 0.1373595492494306 0 0 
2234 0.1391999736212441 0.1375517027393233 0 0 
2235 0.1388959246614872 0.1377438562292159 0 0 
2236 0.1385918757017303 0.1379360097191087 0 0 
2237 0.1382878267419733 0.1381281632090013 0 0 
2238 0.1374114356880562 0.1386820266382844 0 0 
2239 0.1368390935938961 0.1390437365776747 0 0 
2240 0.1362667514997359 0.139405446517065 0 0 
2241 0.1356944094055758 0.1397671564564553 0 0 
2242 0.1351220673114157 0.1401288663958457 0 0 
2243 0.1345497252172555 0.140490576335236 0 0 
2244 0.1339773831230954 0.1408522862746263 0 0 
2245 0.1334050410289352 0.1412139962140167 0 0 
2246 0.1328326989347751 0.141575706153407 0 0 
2247 0.1322603568406149 0.1419374160927973 0 0 
2248 0.1316880147464548 0.1422991260321877 0 0 
2249 0.1311156726522946 0.142660835971578 0 0 
2250 0.1305433305581345 0.1430225459109683 0 0 
2251 0.1299709884639743 0.1433842558503586 0 0 
2252 0.1649003326892853 0.3889136910438537 0 0 
2253 0.1649003326892853 0.3889136910438537 0 0 
2254 0.1649003326892853 0.3889136910438537 0 0 
2255 0.1649003326892853 0.3889136910438537 0 0 
2256 0.1649003326892853 0.3889136910438537 0 0 
2257 0.1649003326892853 0.3889136910438537 0 0 
2258 0.1649003326892853 0.3889136910438537 0 0 
2259 0.1649003326892853 0.3889136910438537 0 0 
2260 0.1649003326892853 0.3889136910438538 0 0 
2261 0.1649003326892853 0.3889136910438536 0 0 
2262 0.1649003326892853 0.3889136910438538 0 0 
2263 0.1649003326892853 0.3889136910438536 0 0 
2264 0.1649003326892853 0.3889136910438537 0 0 
2265 0.1649003326892853 0.3889136910438536 0 0 
2266 0.1649003326892853 0.3889136910438537 0 0 
2267 0.1649003326892853 0.3889136910438536 0 0 
2268 0.1661116621788593 0.3879003236913554 0 0 
2269 0.1673228749015766 0.3868868168561079 0 0 
2270 0.1685339714216338 0.3858731712356164 0 0 
2271 0.1697449523032276 0.3848593875273862 0 0 
2272 0.1709558181105547 0.3838454664289225 0 0 
2273 0.1721665694078119 0.3828314086377306 0 0 
2274 0.1733772067591956 0.3818172148513156 0 0 
2275 0.1745877307289029 0.3808028857671828 0 0 
2276 0.1757981418811301 0.3797884220828374 0 0 
2277 0.1770084407800741 0.3787738244957847 0 0 
2278 0.1782559778887984 0.3777277725621543 0 0 
2279 0.1782933276818233 0.3776964512945714 0 0 
2280 0.1783306773690228 0.3776651299008014 0 0 
2281 0.1783680269504134 0.3776338083808647 0 0 
2282 0.1784053764260117 0.3776024867347819 0 0 
2283 0.1784427257958343 0.3775711649625737 0 0 
2284 0.1784800750598978 0.3775398430642602 0 0 
2285 0.1785174242182188 0.3775085210398625 0 0 
2286 0.1649003326892853 0.3889136910438538 0 0 
2287 0.1649003326892853 0.3889136910438538 0 0 
2288 0.1649003326892853 0.3889136910438538 0 0 
2289 0.1649003326892853 0.3889136910438538 0 0 
2290 0.1649003326892853 0.3889136910438538 0 0 
2291 0.1649003326892853 0.3889136910438538 0 0 
2292 0.1649003326892853 0.3889136910438538 0 0 
2293 0.1649003326892853 0.3889136910438538 0 0 
2294 0.1649003326892853 0.3889136910438538 0 0 
2295 0.1649003326892853 0.3889136910438538 0 0 
2296 0.1649003326892853 0.3889136910438538 0 0 
2297 0.1649003326892853 0.3889136910438539 0 0 
2298 0.1649003326892853 0.3889136910438537 0 0 
2299 0.1649003326892853 0.3889136910438538 0 0 
2300 0.1649003326892853 0.3889136910438538 0 0 
2301 0.1649003326892853 0.3889136910438538 0 0 
2302 0.1649003326892853 0.3889136910438538 0 0 
2303 0.1649003326892853 0.3889136910438538 0 0 
2304 0.1649003326892853 0.3889136910438538 0 0 
2305 0.1649003326892853 0.3889136910438539 0 0 
2306 0.1649003326892853 0.3889136910438539 0 0 
2307 0.1649003326892853 0.3889136910438539 0 0 
2308 0.1649003326892853 0.3889136910438539 0 0 
2309 0.1649003326892853 0.3889136910438539 0 0 
2310 0.1661116660496479 0.3879003283185313 0 0 
2311 0.1673228811907481 0.3868868243749259 0 0 
2312 0.1685339789028654 0.385873180180576 0 0 
2313 0.1697449599762788 0.3848593967030192 0 0 
2314 0.1709558252012679 0.3838454749097938 0 0 
2315 0.1721665753681119 0.3828314157684377 0 0 
2316 0.1733772112670901 0.3818172202464891 0 0 
2317 0.1745877336884818 0.3808028893114858 0 0 
2318 0.1757981434225664 0.3797884239309662 0 0 
2319 0.1770084412596232 0.3787738250724682 0 0 
2320 0.1782559778856294 0.3777277725583722 0 0 
2321 0.1782933276762619 0.377696451287934 0 0 
2322 0.1783306773618525 0.3776651298922438 0 0 
2323 0.1783680269424242 0.3776338083713298 0 0 
2324 0.1784053764180004 0.3776024867252207 0 0 
2325 0.1784427257886042 0.3775711649539447 0 0 
2326 0.1784800750542589 0.3775398430575304 0 0 
2327 0.1785174242149877 0.3775085210360062 0 0 
2328 0.1276245266199112 0.1443622559309006 0 0 
2329 0.1276245266199112 0.1443622559309006 0 0 
2330 0.1276245266199112 0.1443622559309006 0 0 
2331 0.1276245266199112 0.1443622559309006 0 0 
2332 0.1276245266199112 0.1443622559309006 0 0 
2333 0.1276245266199112 0.1443622559309006 0 0 
2334 0.1276245266199112 0.1443622559309006 0 0 
2335 0.1276245266199112 0.1443622559309006 0 0 
2336 0.1276245266199112 0.1443622559309006 0 0 
2337 0.1276245266199112 0.1443622559309006 0 0 
2338 0.1276245266199112 0.1443622559309006 0 0 
2339 0.1276245266199112 0.1443622559309006 0 0 
2340 0.1276245266199112 0.1443622559309006 0 0 
2341 0.1276245266199112 0.1443622559309006 0 0 
2342 0.1276245266199112 0.1443622559309006 0 0 
2343 0.1276245266199112 0.1443622559309006 0 0 
2344 0.1248848792497811 0.1394714011377481 0 0 
2345 0.1226092294919558 0.1351492370887059 0 0 
2346 0.1207740815430456 0.1313673205249642 0 0 
2347 0.1193559395996611 0.1280972081877138 0 0 
2348 0.1183313078584129 0.1253104568181451 0 0 
2349 0.1176766905159112 0.1229786231574488 0 0 
2350 0.1173685917687668 0.1210732639468152 0 0 
2351 0.11738351581359 0.1195659359274349 0 0 
2352 0.1176979668469913 0.1184281958404984 0 0 
2353 0.1182884490655813 0.1176316004271964 0 0 
2354 0.1191314666659704 0.1171477064287192 0 0 
2355 0.1202035238447691 0.1169480705862575 0 0 
2356 0.121481124798588 0.1170042496410017 0 0 
2357 0.1229407737240374 0.1172878003341424 0 0 
2358 0.124558974817728 0.1177702794068701 0 0 
2359 0.1263122322762701 0.1184232436003753 0 0 
2360 0.1281770502962744 0.1192182496558486 0 0 
2361 0.1301299330743512 0.1201268543144805 0 0 
2362 0.132147384807111 0.1211206143174615 0 0 
2363 0.1342059096911645 0.1221710864059822 0 0 
2364 0.1362820119231219 0.123249827321233 0 0 
2365 0.1383521956995939 0.1243283938044045 0 0 
2366 0.140392965217191 0.1253783425966873 0 0 
2367 0.1423808246725236 0.1263712304392717 0 0 
2368 0.1442922782622022 0.1272786140733485 0 0 
2369 0.1461038301828373 0.1280720502401081 0 0 
2370 0.1477919846310394 0.128723095680741 0 0 
2371 0.1493332458034191 0.1292033071364377 0 0 
2372 0.1507041178965867 0.1294842413483889 0 0 
2373 0.1518811051071528 0.129537455057785 0 0 
2374 0.1518811051071528 0.129537455057785 0 0 
2375 0.1518811051071528 0.129537455057785 0 0 
2376 0.1518811051071527 0.1295374550577849 0 0 
2377 0.1518811051071527 0.1295374550577849 0 0 
2378 0.1518811051071528 0.129537455057785 0 0 
2379 0.1518811051071528 0.129537455057785 0 0 
2380 0.1518811051071527 0.1295374550577849 0 0 
2381 0.1521312427297914 0.129513295428992 0 0 
2382 0.1523686276864089 0.1294740975874798 0 0 
2383 0.1525929386581866 0.1294194725550905 0 0 
2384 0.1528038543263062 0.1293490313536666 0 0 
2385 0.153001053371949 0.1292623850050502 0 0 
2386 0.1531842144762964 0.1291591445310837 0 0 
2387 0.15335301632053 0.1290389209536093 0 0 
2388 0.1535071375858311 0.1289013252944694 0 0 
2389 0.1536463686066671 0.1287459838385012 0 0 
2390 0.1536464280465378 0.1287459098803501 0 0 
2391 0.1536464874834612 0.1287458359187975 0 0 
2392 0.1536465469174372 0.1287457619538436 0 0 
2393 0.1536466063484658 0.1287456879854885 0 0 
2394 0.1536466657765474 0.1287456140137326 0 0 
2395 0.1536467252016818 0.1287455400385758 0 0 
2396 0.1536467846238692 0.1287454660600185 0 0 
2397 0.1540936340578636 0.1279107720865609 0 0 
2398 0.1543561605485852 0.1269229178146955 0 0 
2399 0.1545167619942495 0.1259313377389201 0 0 
2400 0.1546306883473303 0.1249747473221045 0 0 
2401 0.1547311469149731 0.1240017070510297 0 0 
2402 0.154841539764073 0.1229863970672596 0 0 
2403 0.1549502120841312 0.1220110107049618 0 0 
2404 0.1550371282632942 0.1211835632533141 0 0 
2405 0.1550822526897088 0.120612070001494 0 0 
2406 0.1550655497515215 0.1204045462386793 0 0 
2407 0.154966983836879 0.1206690072540477 0 0 
2408 0.1547665193339278 0.1215134683367767 0 0 
2409 0.1544441206308147 0.1230459447760442 0 0 
2410 0.1539797521156863 0.1253744518610278 0 0 
2411 0.1276245266199112 0.1443622559309006 0 0 
2412 0.1276245266199112 0.1443622559309006 0 0 
2413 0.1276245266199112 0.1443622559309006 0 0 
2414 0.1276245266199112 0.1443622559309006 0 0 
2415 0.1276245266199112 0.1443622559309006 0 0 
2416 0.1276245266199112 0.1443622559309006 0 0 
2417 0.1276245266199112 0.1443622559309006 0 0 
2418 0.1276245266199112 0.1443622559309006 0 0 
1 0 -4.657732532997727e-16 0 0.08044940377957308 0 0 0 2 2 -7 
2 0.08044940377957308 -4.657732532997727e-16 0 0.08045250128026599 3.723421310858344e-15 0 0 2 7 -3 
3 0.08045250128026599 0 0 0.1084625704112342 3.723421310858344e-15 0 0 2 3 -9 
4 0.1084625704112342 -2.352718714293545e-17 0 0.1084682773915424 1.057097118173367e-17 0 0 2 9 -5 
5 0.1084682773915424 -2.352718714293545e-17 0 0.1606278747837603 0 0 0 2 5 -8 
6 0.1606278747837603 -2.344587197999903e-18 0 0.1606491857388397 0 0 0 2 8 -4 
7 0.1606491857388397 -3.035766082959412e-18 0 0.8763956549769421 0 0 0 2 4 -6 
8 0.8763956549769421 -3.035766082959412e-18 0 0.8763964082745703 0 0 0 2 6 -6 
9 0.8763956549769421 -3.035766082959412e-18 0 1 0 0 0 2 6 -1 
10 0.9999999999999999 0 0 1 0.5325311540285996 0 0 2 1 -15 
11 1 0.5325311540285996 0 1 0.5325348536534711 0 0 2 15 -12 
12 1 0.5325348536534711 0 1 0.7476763488437703 0 0 2 12 -13 
13 1 0.7476763488437703 0 1 0.7476796997238657 0 0 2 13 -16 
14 1 0.7476796997238657 0 1 0.7637596169335225 0 0 2 16 -14 
15 1 0.7637596169335225 0 1 0.7637606469002181 0 0 2 14 -11 
16 0.9999999999999999 0.7637606469002181 0 1 1 0 0 2 11 -10 
17 0 0.3925656556165632 0 1.26253174581592e-14 1 0 0 2 17 -24 
18 -1.360429780980499e-14 0.3925630213847134 0 1.26253174581592e-14 0.3925656556165632 0 0 2 24 -22 
19 -1.360429780980499e-14 0.1715097950635878 0 5.971708229269675e-16 0.3925630213847134 0 0 2 22 -25 
20 -3.402578782965571e-15 0.1715014315494212 0 0 0.1715097950635878 0 0 2 25 -23 
21 -3.402578782965571e-15 0 0 0 0.1715014315494212 0 0 2 23 -2 
22 0.1649003326892853 0.3889136910438538 0 0.1649003326892853 0.3889136910438538 0 0 2 29 -29 
23 0.1649003326892853 0.3889136910438538 0 0.1649003326892853 0.3889136910438538 0 0 2 29 -29 
24 0.1649003326892853 0.3889136910438538 0 0.1649003326892853 0.3889136910438538 0 0 2 29 -29 
25 0.1649003326892853 0.3889136910438536 0 0.1649003326892853 0.3889136910438539 0 0 2 29 -29 
26 0.1649003326892853 0.3889136910438537 0 0.1649003326892853 0.3889136910438539 0 0 2 29 -29 
27 0.1433096959807043 0.3349623238061808 0 0.1649003326892853 0.3889136910438538 0 0 2 29 -38 
28 0.1288149730074074 0.2978525902502231 0 0.1433096959807043 0.3349623238061808 0 0 2 38 -37 
29 0.1003014568993422 0.1975072783061424 0 0.1288149730074074 0.2978525902502231 0 0 2 37 -39 
30 0.09294357050179412 0.1626452584824998 0 0.1003014568993422 0.1975072783061424 0 0 2 39 -40 
31 0.09294327116908653 0.1626440593124018 0 0.09294357050179412 0.1626452584824998 0 0 2 40 -36 
32 0.08045250128026599 3.719247132494274e-15 0 0.09294327116908653 0.1626440593124018 0 0 2 36 -3 
33 0.1533533781766891 0.1286070048809051 0 0.1533533781766892 0.1286070048809052 0 0 2 43 -43 
34 0.1533533781766891 0.1286070048809051 0 0.1533533781766892 0.1286070048809052 0 0 2 43 -43 
35 0.1533533781766891 0.1286070048809033 0 0.1533533781766893 0.1286070048809052 0 0 2 43 -43 
36 0.1533533781766891 0.1253966914383337 0 0.1534518531675536 0.1286070048809052 0 0 2 43 -44 
37 0.1534518531675536 0 0 0.1606491857388397 0.1253966914383337 0 0 2 44 -4 
38 0.1276245125681913 0.1443622559309005 0 0.1276245266199112 0.1443622706036955 0 0 2 27 -27 
39 0.1276245125681913 0.1443622559308953 0 0.1276245266199103 0.1443622706036955 0 0 2 27 -27 
40 0.1127939969301325 0.120826959610026 0 0.1276245125681913 0.1443622706036955 0 0 2 27 -53 
41 0.1084682773915424 -2.081668171172169e-17 0 0.1127939969301325 0.120826959610026 0 0 2 53 -5 
42 0.7394085534819709 0.694393325194636 0 0.7394085817694791 0.6943933355732816 0 0 2 26 -26 
43 0.7394085610604172 0.6943933156846431 0 0.7394085817694791 0.694393325194636 0 0 2 26 -26 
44 0.7394085817694791 0.5888104355456245 0 0.789254080593089 0.694393325194636 0 0 2 26 -59 
45 0.789254080593089 0.5668941779335579 0 0.797159417362698 0.5888104355456245 0 0 2 59 -60 
46 0.797159417362698 0.5070682048073627 0 0.8159218356593412 0.5668941779335579 0 0 2 60 -46 
47 0.8159218356593412 0.5070611880399383 0 0.8159238216411063 0.5070682048073627 0 0 2 46 -58 
48 0.8159238216411063 0.4473357449773248 0 0.8312124004917415 0.5070611880399383 0 0 2 58 -61 
49 0.8312124004917415 0 0 0.8763956549769421 0.4473357449773248 0 0 2 61 -6 
50 0.1433096959807043 0.3349623238061808 0 0.1649003326892853 0.3889136910438538 0 0 2 29 -38 
51 0.1288149730074074 0.2978525902502231 0 0.1433096959807043 0.3349623238061808 0 0 2 38 -37 
52 0.1003014568993422 0.1975072783061424 0 0.1288149730074074 0.2978525902502231 0 0 2 37 -39 
53 0.09295172476452487 0.16264322010276 0 0.1003014568993422 0.1975072783061424 0 0 2 39 -62 
54 0.09295142534928785 0.162642022214032 0 0.09295172476452487 0.16264322010276 0 0 2 62 -51 
55 0.08044940377957308 -4.718447854656915e-16 0 0.09295142534928785 0.162642022214032 0 0 2 51 -7 
56 0.1533533781766891 0.1286070048809052 0 0.1533533781766891 0.1286070048809052 0 0 2 43 -43 
57 0.1533533781766891 0.1286070048809033 0 0.1533533781766892 0.1286070048809052 0 0 2 43 -43 
58 0.1533533781766891 0.1253966914383337 0 0.1534518531675536 0.1286070048809052 0 0 2 43 -44 
59 0.1534518531675536 0 0 0.1606278747837603 0.1253966914383337 0 0 2 44 -8 
60 0.1276245125681913 0.1443622559309006 0 0.1276245266199112 0.1443622706036955 0 0 2 27 -27 
61 0.1276245125681913 0.1443622559309006 0 0.1276245266199112 0.1443622706036955 0 0 2 27 -27 
62 0.1276245125681913 0.1443622559308953 0 0.1276245266199103 0.1443622706036955 0 0 2 27 -27 
63 0.1127939969301325 0.120826959610026 0 0.1276245125681913 0.1443622706036955 0 0 2 27 -53 
64 0.1084625704112342 1.387778780781446e-17 0 0.1127939969301325 0.120826959610026 0 0 2 53 -9 
65 0.7394085610319641 0.6943933156595841 0 0.7394085817694791 0.694393325194636 0 0 2 26 -26 
66 0.7394085817694791 0.5888104355456245 0 0.789254080593089 0.694393325194636 0 0 2 26 -59 
67 0.789254080593089 0.5668941779335579 0 0.797159417362698 0.5888104355456245 0 0 2 59 -60 
68 0.797159417362698 0.5070682048073627 0 0.8159218356593412 0.5668941779335579 0 0 2 60 -46 
69 0.8159218013504029 0.5070611880399383 0 0.8159238216411063 0.5070682048073627 0 0 2 46 -58 
70 0.8159238216411063 0.4473357449773248 0 0.8312124004917415 0.5070611880399383 0 0 2 58 -61 
71 0.8312124004917415 0 0 0.8763956549769421 0.4473357449773248 0 0 2 61 -6 
72 0.6753920361552079 0.9999999999999999 0 1 1 0 0 2 10 -19 
73 0.6753858897088134 0.9999999999999999 0 0.6753920361552079 1 0 0 2 19 -21 
74 0.09534825446378425 0.9999999999999999 0 0.6753858897088134 1 0 0 2 21 -18 
75 0.09534575084128391 0.9999999999999999 0 0.09534825446378428 1 0 0 2 18 -20 
76 0 0.9999999999999999 0 0.09534575084128391 1 0 0 2 20 -17 
77 0.1649003326892853 0.3889136910438537 0 0.1649003326892853 0.3889136910438538 0 0 2 29 -29 
78 0.1649003326892853 0.3889136910438538 0 0.1649003326893035 0.3889136910438666 0 0 2 29 -29 
79 0.1649003326892853 0.3889136910438538 0 0.3469030502565218 0.5115492407481969 0 0 2 29 -33 
80 0.3469030502565218 0.5115492407481969 0 0.3926438298734742 0.5404583234948954 0 0 2 33 -31 
81 0.3926438298734742 0.5404583234948954 0 0.4012591402232508 0.5457448784786247 0 0 2 31 -32 
82 0.4012591402232508 0.5457448784786247 0 0.7280374118449686 0.7125365366892582 0 0 2 32 -30 
83 0.7280374118449686 0.7125365366892582 0 0.7280418180278949 0.7125386905124708 0 0 2 30 -34 
84 0.7280418180278949 0.7125386905124708 0 1 0.7637606469002181 0 0 2 34 -11 
85 0.1536463091638486 0.1287460577932506 0 0.1780263781547527 0.1392430961132041 0 0 2 45 -47 
86 0.1780263781547527 0.1392430961132041 0 0.8159218356593412 0.5070682048073627 0 0 2 47 -46 
87 0.8159216090117567 0.5070681406525818 0 0.8159218356593412 0.5070682048073627 0 0 2 46 -46 
88 0.8159218356593412 0.5070682048073627 0 1 0.5325348536534711 0 0 2 46 -12 
89 0.7740763961459318 0.7130150720430664 0 0.8822401610279716 0.7393102741990967 0 0 2 54 -55 
90 0.8822401610279716 0.7393102741990967 0 1 0.7476763488437703 0 0 2 55 -13 
91 0.7394085817694791 0.694393325194636 0 0.7740763961459318 0.7130150720430664 0 0 2 26 -54 
92 0.1649003326892852 0.3889136910438537 0 0.1649003326892853 0.3889136910438539 0 0 2 29 -29 
93 0.1649003326892853 0.3889136910438538 0 0.1649003326893036 0.3889136910438666 0 0 2 29 -29 
94 0.1649003326892853 0.3889136910438538 0 0.3469030502565218 0.5115492407481969 0 0 2 29 -33 
95 0.3469030502565218 0.5115492407481969 0 0.3926438298734742 0.5404583234948954 0 0 2 33 -31 
96 0.3926438298734742 0.5404583234948954 0 0.4012591402232508 0.5457448784786247 0 0 2 31 -32 
97 0.4012591402232508 0.5457448784786247 0 0.7280374118449686 0.7125365366892582 0 0 2 32 -30 
98 0.7280374118449686 0.7125364486933387 0 0.7280418180278949 0.7125386905124708 0 0 2 30 -34 
99 0.7280418180278949 0.7125386905124708 0 1 0.7637596169335225 0 0 2 34 -14 
100 0.1533533781766891 0.1286070048809052 0 0.1533533781766892 0.1286070048809052 0 0 2 43 -43 
101 0.1533533781766891 0.1286070048809052 0 0.1533533781766892 0.1286070048809052 0 0 2 43 -43 
102 0.1533533781766891 0.1286070048809052 0 0.1536463091638486 0.1287460577932506 0 0 2 43 -45 
103 0.1536463091638486 0.1287460577932506 0 0.1780263781547527 0.1392430961132041 0 0 2 45 -47 
104 0.1780263781547528 0.1392430961132041 0 0.8159238216411063 0.5070611880399383 0 0 2 47 -58 
105 0.8159235950159176 0.5070611238930043 0 0.8159238216411063 0.5070611880399383 0 0 2 58 -58 
106 0.8159238216411063 0.5070611880399383 0 1 0.5325311540285996 0 0 2 58 -15 
107 0.7394085817694791 0.694393325194636 0 0.7740763961459318 0.7130150720430664 0 0 2 26 -54 
108 0.7740763961459318 0.7130150720430664 0 0.8822401610279716 0.7393102741990967 0 0 2 54 -55 
109 0.8822401610279716 0.7393102741990967 0 1 0.7476796997238657 0 0 2 55 -16 
110 0.1649003326892853 0.3889136910438538 0 0.1649003326892853 0.3889136910438538 0 0 2 29 -29 
111 0.1649003326892852 0.3889136910438538 0 0.1649003326892853 0.3889136910438539 0 0 2 29 -29 
112 0.09534825446378428 0.3889136910438538 0 0.1649003326892853 1 0 0 2 29 -18 
113 0.7280374118449686 0.694393325194636 0 0.7394085817694791 0.7125365366892582 0 0 2 26 -30 
114 0.7280374118449686 0.7125362457380561 0 0.7280375589407315 0.7125365366892582 0 0 2 30 -30 
115 0.7187622748938554 0.7125365366892582 0 0.7280374118449686 0.7337181286613101 0 0 2 30 -57 
116 0.7187550642305227 0.7337181286613101 0 0.7187622748938554 0.7337368450101118 0 0 2 57 -56 
117 0.6753920361552079 0.7337368450101118 0 0.7187550642305227 0.9999999999999999 0 0 2 56 -19 
118 0.1649003326892853 0.3889136910438538 0 0.1649003326892853 0.3889136910438538 0 0 2 29 -29 
119 0.1649003326892853 0.3889136910438538 0 0.1649003326892853 0.3889136910438538 0 0 2 29 -29 
120 0.1649003326892853 0.3889136910438538 0 0.1649003326892853 0.3889136910438538 0 0 2 29 -29 
121 0.1649003326892853 0.3889136910438538 0 0.1649003326892853 0.3889136910438539 0 0 2 29 -29 
122 0.09534575084128391 0.3889136910438538 0 0.1649003326892853 0.9999999999999999 0 0 2 29 -20 
123 0.7280418180278949 0.694393325194636 0 0.7394085817694791 0.7125386905124708 0 0 2 26 -34 
124 0.7280418180278949 0.7125383996406898 0 0.7280419653913521 0.7125386905124708 0 0 2 34 -34 
125 0.7187622748938554 0.7125386905124708 0 0.7280418180278949 0.7337181286613101 0 0 2 34 -57 
126 0.7187550642305227 0.7337181286613101 0 0.7187622748938554 0.7337368450101118 0 0 2 57 -56 
127 0.6753858897088134 0.7337368450101118 0 0.7187550642305227 1 0 0 2 56 -21 
128 0.1649003326892853 0.3889136910438538 0 0.1649003326892853 0.3889136910438538 0 0 2 29 -29 
129 0.1649003326892853 0.3889136910438538 0 0.1649003326892853 0.3889136910438538 0 0 2 29 -29 
130 0.1649003326892853 0.3889136910438536 0 0.1649003326892853 0.3889136910438539 0 0 2 29 -29 
131 0.1649003326892852 0.3889136910438538 0 0.1649003326892853 0.388913691043854 0 0 2 29 -29 
132 0.1365791437582733 0.3889136910438538 0 0.1649003326892853 0.3900750402512594 0 0 2 29 -35 
133 -1.360023205165817e-14 0.3900750402512594 0 0.1365791437582733 0.3925630213847134 0 0 2 35 -22 
134 0.1276245125681913 0.1443622559309006 0 0.1276245266199112 0.1443622706036955 0 0 2 27 -27 
135 0.1276245125681913 0.1443622575612115 0 0.1276245250586092 0.1443622706036955 0 0 2 27 -27 
136 0.1040892302988906 0.1443622706036955 0 0.1276245125681913 0.159192785620729 0 0 2 27 -52 
137 0.09295142534928785 0.159192785620729 0 0.1040892302988906 0.162642022214032 0 0 2 52 -51 
138 0.09294327116908653 0.162642022214032 0 0.09295142534928785 0.1626440593124018 0 0 2 51 -36 
139 -3.400058012914542e-15 0.1626440593124018 0 0.09294327116908653 0.1715014315494212 0 0 2 36 -23 
140 0.1649003326892853 0.3889136910438538 0 0.1649003326892853 0.3889136910438538 0 0 2 29 -29 
141 0.1649003326892853 0.3889136910438538 0 0.1649003326892853 0.3889136910438538 0 0 2 29 -29 
142 0.1649003326892853 0.3889136910438538 0 0.1649003326892853 0.3889136910438538 0 0 2 29 -29 
143 0.1649003326892853 0.3889136910438537 0 0.1649003326892853 0.3889136910438539 0 0 2 29 -29 
144 0.1365791437582733 0.3889136910438538 0 0.1649003326892853 0.3900750402512594 0 0 2 29 -35 
145 1.262878690511116e-14 0.3900750402512594 0 0.1365791437582733 0.3925656556165632 0 0 2 35 -24 
146 0.1276245125681913 0.1443622559309005 0 0.1276245266199112 0.1443622706036955 0 0 2 27 -27 
147 0.1276245125681913 0.1443622559309005 0 0.1276245266199112 0.1443622706036955 0 0 2 27 -27 
148 0.1276245125681913 0.1443622559309006 0 0.1276245266199112 0.1443622706036955 0 0 2 27 -27 
149 0.1276245125681913 0.1443622576090119 0 0.1276245250042132 0.1443622706036955 0 0 2 27 -27 
150 0.1040892302988906 0.1443622706036955 0 0.1276245125681913 0.159192785620729 0 0 2 27 -52 
151 0.09295172476452487 0.159192785620729 0 0.1040892302988906 0.16264322010276 0 0 2 52 -62 
152 0.09294357050179412 0.16264322010276 0 0.09295172476452487 0.1626452584824998 0 0 2 62 -40 
153 -5.828670879282072e-16 0.1626452584824998 0 0.09294357050179412 0.1715097950635878 0 0 2 40 -25 
154 0.1276245121330237 0.1443622706036955 0 0.1276245125681913 0.1443622709860984 0 0 2 27 -27 
155 0.1276245125681914 0.1443622706036954 0 0.7394085817694791 0.694393325194636 0 0 2 27 -26 
156 0.7394085601402509 0.694393325194636 0 0.7394085817694791 0.6943933259779246 0 0 2 26 -26 
157 0.7394085625652437 0.694393325194636 0 0.7394085817694791 0.6943933258903225 0 0 2 26 -26 
158 0.1293986463698141 0.1437459657897489 0 0.1293986463698141 0.1437459657897489 0 0 2 28 -28 
159 0.1293986463698141 0.1437459657897489 0 0.7394085817694791 0.694393325194636 0 0 2 28 -26 
160 0.7394085681950154 0.6943933143729971 0 0.7394085817694791 0.694393325194636 0 0 2 26 -26 
161 0.7394085697314906 0.6943933155975864 0 0.7394085817694791 0.694393325194636 0 0 2 26 -26 
162 0.1276245125681913 0.1437459657897489 0 0.1293986463698141 0.1443622706036955 0 0 2 27 -28 
163 0.1533533781766891 0.1286070048809052 0 0.1533533781766891 0.1286070048809052 0 0 2 43 -43 
164 0.1533533781766891 0.1286070048809052 0 0.1533533781766891 0.1286070048809052 0 0 2 43 -43 
165 0.1533533781766891 0.1286070048809052 0 0.1533533781766891 0.1286070048809052 0 0 2 43 -43 
166 0.1518811051071532 0.1286070048809052 0 0.1533533781766891 0.1295374550577855 0 0 2 43 -48 
167 0.1407202184200287 0.1295374550577855 0 0.1518811051071532 0.1365909352898598 0 0 2 48 -50 
168 0.1379837777822164 0.1365909352898598 0 0.1407202184200287 0.1383203166988941 0 0 2 50 -49 
169 0.1293986463698141 0.1383203166988941 0 0.1379837777822164 0.1437459657897489 0 0 2 49 -28 
170 0.1533533781766891 0.1286070048809052 0 0.1533533781766891 0.1286070048809052 0 0 2 43 -43 
171 0.1533533781766891 0.1286070048809052 0 0.1533533781766891 0.1286070048809052 0 0 2 43 -43 
172 0.1533533781766891 0.1286070048809052 0 0.1533533781766891 0.1286070048809052 0 0 2 43 -43 
173 0.1518811051071532 0.1286070048809052 0 0.1533533781766891 0.1295374550577855 0 0 2 43 -48 
174 0.1407202184200287 0.1295374550577855 0 0.1518811051071532 0.1365909352898598 0 0 2 48 -50 
175 0.1379837777822164 0.1365909352898598 0 0.1407202184200287 0.1383203166988941 0 0 2 50 -49 
176 0.1293986463698141 0.1383203166988941 0 0.1379837777822164 0.1437459657897489 0 0 2 49 -28 
177 0.1649003326892853 0.3889136910438537 0 0.1649003326892853 0.3889136910438538 0 0 2 29 -29 
178 0.1649003326892853 0.3889136910438536 0 0.1649003326892853 0.3889136910438538 0 0 2 29 -29 
179 0.1649003326892853 0.3777590937035298 0 0.1782186279899315 0.3889136910438538 0 0 2 29 -41 
180 0.1782186279899315 0.3774771988894006 0 0.1785547732708139 0.3777590937035298 0 0 2 41 -42 
181 0.1649003326892853 0.3889136910438538 0 0.1649003326892853 0.3889136910438538 0 0 2 29 -29 
182 0.1649003326892853 0.3889136910438537 0 0.1649003326892853 0.3889136910438539 0 0 2 29 -29 
183 0.1649003326892853 0.3889136910438538 0 0.1649003326892853 0.3889136910438539 0 0 2 29 -29 
184 0.1649003326892853 0.3777590937035298 0 0.1782186279899315 0.3889136910438538 0 0 2 29 -41 
185 0.1782186279899315 0.3774771988894006 0 0.1785547732708139 0.3777590937035298 0 0 2 41 -42 
186 0.1276245125681913 0.1443622559309006 0 0.1276245266199112 0.1443622706036955 0 0 2 27 -27 
187 0.1276245125681913 0.1443622559309006 0 0.1276245266199112 0.1443622706036955 0 0 2 27 -27 
188 0.1174345297148782 0.1170745564773678 0 0.1518811051071532 0.1443622706036955 0 0 2 27 -48 
189 0.1518811051071527 0.1295374550577849 0 0.1518811051071532 0.1295374550577855 0 0 2 48 -48 
190 0.1518811051071532 0.1287460577932506 0 0.1536463091638486 0.1295374550577855 0 0 2 48 -45 
191 0.1536463091638486 0.1287454660600185 0 0.1536467846238692 0.1287460577932506 0 0 2 45 -45 
192 0.1533533781766891 0.1204045462386793 0 0.1550655497515215 0.1287460577932506 0 0 2 45 -43 
193 0.1276245125681913 0.1443622559309006 0 0.1276245266199112 0.1443622706036955 0 0 2 27 -27 
1 0.08044940377957308 -4.718447854656915e-16 0 0.09295142534928785 0.1626440593124018 0 0 4 2 -32 -138 55 
2 -3.400058012914542e-15 0.1626440593124018 0 0.09294357050179412 0.1715097950635878 0 0 4 -20 -153 31 139 
3 0.09294327116908653 0.162642022214032 0 0.09295172476452487 0.1626452584824998 0 0 4 138 -31 -152 54 
4 0.8159218356593412 0.5070611880399383 0 1 0.5325348536534711 0 0 4 11 -88 47 106 
5 0.7187622748938554 0.694393325194636 0 0.7394085817694791 0.7337181286613101 0 0 4 113 115 -125 -123 
$EndEntities
$Nodes
2616 3059 1 3059
0 1 0 1
1
1 0 0
0 2 0 1
2
0 0 0
0 3 0 1
3
0.08045250128026599 3.723421310858344e-15 0
0 4 0 1
4
0.1606491857388397 -1.897353801849633e-18 0
0 5 0 1
5
0.1084682773915424 -2.352718714293545e-17 0
0 6 0 1
6
0.8763956549769421 -3.035766082959412e-18 0
0 7 0 1
7
0.08044940377957308 -4.657732532997727e-16 0
0 8 0 1
8
0.1606278747837603 -2.344587197999903e-18 0
0 9 0 1
9
0.1084625704112342 1.057097118173367e-17 0
0 10 0 1
10
1 1 0
0 11 0 1
11
1 0.7637606469002181 0
0 12 0 1
12
1 0.5325348536534711 0
0 13 0 1
13
1 0.7476763488437703 0
0 14 0 1
14
1 0.7637596169335225 0
0 15 0 1
15
1 0.5325311540285996 0
0 16 0 1
16
1 0.7476796997238657 0
0 17 0 1
17
0 1 0
0 18 0 1
18
0.09534825446378428 1 0
0 19 0 1
19
0.6753920361552079 0.9999999999999999 0
0 20 0 1
20
0.09534575084128391 0.9999999999999999 0
0 21 0 1
21
0.6753858897088134 1 0
0 22 0 1
22
-1.360429780980499e-14 0.3925630213847134 0
0 23 0 1
23
-3.402578782965571e-15 0.1715014315494212 0
0 24 0 1
24
1.26253174581592e-14 0.3925656556165632 0
0 25 0 1
25
-5.839512901006927e-16 0.1715097950635878 0
0 26 0 1
26
0.7394085817694791 0.694393325194636 0
0 27 0 1
27
0.1276245125681913 0.1443622706036955 0
0 28 0 1
28
0.1293986463698141 0.1437459657897489 0
0 29 0 1
29
0.1649003326892853 0.3889136910438538 0
0 30 0 1
30
0.7280374118449686 0.7125365366892582 0
0 31 0 1
31
0.3926438298734742 0.5404583234948954 0
0 32 0 1
32
0.4012591402232508 0.5457448784786247 0
0 33 0 1
33
0.3469030502565218 0.5115492407481969 0
0 34 0 1
34
0.7280418180278949 0.7125386905124708 0
0 35 0 1
35
0.1365791437582733 0.3900750402512594 0
0 36 0 1
36
0.09294327116908653 0.1626440593124018 0
0 37 0 1
37
0.1288149730074074 0.2978525902502231 0
0 38 0 1
38
0.1433096959807043 0.3349623238061808 0
0 39 0 1
39
0.1003014568993422 0.1975072783061424 0
0 40 0 1
40
0.09294357050179412 0.1626452584824998 0
0 41 0 1
41
0.1782186279899315 0.3777590937035298 0
0 42 0 1
42
0.1785547732708139 0.3774771988894006 0
0 43 0 1
43
0.1533533781766891 0.1286070048809052 0
0 44 0 1
44
0.1534518531675536 0.1253966914383337 0
0 45 0 1
45
0.1536463091638486 0.1287460577932506 0
0 46 0 1
46
0.8159218356593412 0.5070682048073627 0
0 47 0 1
47
0.1780263781547527 0.1392430961132041 0
0 48 0 1
48
0.1518811051071532 0.1295374550577855 0
0 49 0 1
49
0.1379837777822164 0.1383203166988941 0
0 50 0 1
50
0.1407202184200287 0.1365909352898598 0
0 51 0 1
51
0.09295142534928785 0.162642022214032 0
0 52 0 1
52
0.1040892302988906 0.159192785620729 0
0 53 0 1
53
0.1127939969301325 0.120826959610026 0
0 54 0 1
54
0.7740763961459318 0.7130150720430664 0
0 55 0 1
55
0.8822401610279716 0.7393102741990967 0
0 56 0 1
56
0.7187550642305227 0.7337368450101118 0
0 57 0 1
57
0.7187622748938554 0.7337181286613101 0
0 58 0 1
58
0.8159238216411063 0.5070611880399383 0
0 59 0 1
59
0.789254080593089 0.5888104355456245 0
0 60 0 1
60
0.797159417362698 0.5668941779335579 0
0 61 0 1
61
0.8312124004917415 0.4473357449773248 0
0 62 0 1
62
0.09295172476452487 0.16264322010276 0
0 63 0 1
63
0.008938822642174186 0 0
0 64 0 1
64
0.01787764528434837 0 0
0 65 0 1
65
0.02681646792652256 0 0
0 66 0 1
66
0.03575529056869674 0 0
0 67 0 1
67
0.04469411321087093 0 0
0 68 0 1
68
0.05363293585304511 0 0
0 69 0 1
69
0.0625717584952193 0 0
0 70 0 1
70
0.07151058113739349 0 0
0 71 0 1
71
0.08044974794631671 0 0
0 72 0 1
72
0.08045009211306574 0 0
0 73 0 1
73
0.08045043627981477 0 0
0 74 0 1
74
0.0804507804465638 0 0
0 75 0 1
75
0.08045112461331282 0 0
0 76 0 1
76
0.08045146878006185 0 0
0 77 0 1
77
0.08045181294681088 0 0
0 78 0 1
78
0.08045215711355991 0 0
0 79 0 1
79
0.08356473118374509 0 0
0 80 0 1
80
0.08667696108718123 0 0
0 81 0 1
81
0.08978919099061738 0 0
0 82 0 1
82
0.09290142089405354 0 0
0 83 0 1
83
0.09601365079748968 0 0
0 84 0 1
84
0.09912588070092583 0 0
0 85 0 1
85
0.102238110604362 0 0
0 86 0 1
86
0.1053503405077981 0 0
0 87 0 1
87
0.1084632045201574 0 0
0 88 0 1
88
0.1084638386290805 0 0
0 89 0 1
89
0.1084644727380036 0 0
0 90 0 1
90
0.1084651068469267 0 0
0 91 0 1
91
0.1084657409558498 0 0
0 92 0 1
92
0.108466375064773 0 0
0 93 0 1
93
0.1084670091736961 0 0
0 94 0 1
94
0.1084676432826192 0 0
0 95 0 1
95
0.1142637882128999 0 0
0 96 0 1
96
0.1200592990342574 0 0
0 97 0 1
97
0.125854809855615 0 0
0 98 0 1
98
0.1316503206769725 0 0
0 99 0 1
99
0.1374458314983301 0 0
0 100 0 1
100
0.1432413423196877 0 0
0 101 0 1
101
0.1490368531410452 0 0
0 102 0 1
102
0.1548323639624028 0 0
0 103 0 1
103
0.160630242667658 0 0
0 104 0 1
104
0.1606326105515558 0 0
0 105 0 1
105
0.1606349784354535 0 0
0 106 0 1
106
0.1606373463193512 0 0
0 107 0 1
107
0.1606397142032489 0 0
0 108 0 1
108
0.1606420820871466 0 0
0 109 0 1
109
0.1606444499710444 0 0
0 110 0 1
110
0.1606468178549421 0 0
0 111 0 1
111
0.1817005524811369 0 0
0 112 0 1
112
0.202751919223434 0 0
0 113 0 1
113
0.2238032859657311 0 0
0 114 0 1
114
0.2448546527080283 0 0
0 115 0 1
115
0.2659060194503254 0 0
0 116 0 1
116
0.2869573861926225 0 0
0 117 0 1
117
0.3080087529349196 0 0
0 118 0 1
118
0.3290601196772168 0 0
0 119 0 1
119
0.3501114864195139 0 0
0 120 0 1
120
0.371162853161811 0 0
0 121 0 1
121
0.3922142199041082 0 0
0 122 0 1
122
0.4132655866464052 0 0
0 123 0 1
123
0.4343169533887024 0 0
0 124 0 1
124
0.4553683201309995 0 0
0 125 0 1
125
0.4764196868732966 0 0
0 126 0 1
126
0.4974710536155937 0 0
0 127 0 1
127
0.5185224203578909 0 0
0 128 0 1
128
0.539573787100188 0 0
0 129 0 1
129
0.5606251538424851 0 0
0 130 0 1
130
0.5816765205847823 0 0
0 131 0 1
131
0.6027278873270794 0 0
0 132 0 1
132
0.6237792540693765 0 0
0 133 0 1
133
0.6448306208116736 0 0
0 134 0 1
134
0.6658819875539708 0 0
0 135 0 1
135
0.6869333542962679 0 0
0 136 0 1
136
0.707984721038565 0 0
0 137 0 1
137
0.7290360877808622 0 0
0 138 0 1
138
0.7500874545231593 0 0
0 139 0 1
139
0.7711388212654564 0 0
0 140 0 1
140
0.7921901880077535 0 0
0 141 0 1
141
0.8132415547500507 0 0
0 142 0 1
142
0.8342929214923478 0 0
0 143 0 1
143
0.8553442882346449 0 0
0 144 0 1
144
0.8763957491391455 0 0
0 145 0 1
145
0.8763958433013491 0 0
0 146 0 1
146
0.8763959374635526 0 0
0 147 0 1
147
0.8763960316257562 0 0
0 148 0 1
148
0.8763961257879597 0 0
0 149 0 1
149
0.8763962199501633 0 0
0 150 0 1
150
0.8763963141123667 0 0
0 151 0 1
151
0.8763964082745703 0 0
0 152 0 1
152
0.8901302243882434 0 0
0 153 0 1
153
0.903863946339713 0 0
0 154 0 1
154
0.9175976682911825 0 0
0 155 0 1
155
0.9313313902426521 0 0
0 156 0 1
156
0.9450651121941217 0 0
0 157 0 1
157
0.9587988341455913 0 0
0 158 0 1
158
0.9725325560970608 0 0
0 159 0 1
159
0.9862662780485304 0 0
0 160 0 1
160
1 0.02130124616114405 0
0 161 0 1
161
1 0.0426024923222881 0
0 162 0 1
162
1 0.06390373848343214 0
0 163 0 1
163
1 0.0852049846445762 0
0 164 0 1
164
1 0.1065062308057202 0
0 165 0 1
165
1 0.1278074769668643 0
0 166 0 1
166
1 0.1491087231280084 0
0 167 0 1
167
1 0.1704099692891524 0
0 168 0 1
168
1 0.1917112154502964 0
0 169 0 1
169
1 0.2130124616114405 0
0 170 0 1
170
1 0.2343137077725845 0
0 171 0 1
171
1 0.2556149539337286 0
0 172 0 1
172
1 0.2769162000948726 0
0 173 0 1
173
1 0.2982174462560167 0
0 174 0 1
174
1 0.3195186924171607 0
0 175 0 1
175
1 0.3408199385783048 0
0 176 0 1
176
1 0.3621211847394488 0
0 177 0 1
177
1 0.3834224309005929 0
0 178 0 1
178
1 0.404723677061737 0
0 179 0 1
179
1 0.426024923222881 0
0 180 0 1
180
1 0.447326169384025 0
0 181 0 1
181
1 0.4686274155451691 0
0 182 0 1
182
1 0.4899286617063131 0
0 183 0 1
183
1 0.5112299078674571 0
0 184 0 1
184
1 0.5325315650980312 0
0 185 0 1
185
1 0.5325319761674613 0
0 186 0 1
186
1 0.5325323872368912 0
0 187 0 1
187
1 0.5325327983063213 0
0 188 0 1
188
1 0.5325332093757513 0
0 189 0 1
189
1 0.5325336204451814 0
0 190 0 1
190
1 0.5325340315146113 0
0 191 0 1
191
1 0.5325344425840414 0
0 192 0 1
192
1 0.5564394642301713 0
0 193 0 1
193
1 0.5803440748068712 0
0 194 0 1
194
1 0.6042486853835711 0
0 195 0 1
195
1 0.6281532959602709 0
0 196 0 1
196
1 0.6520579065369708 0
0 197 0 1
197
1 0.6759625171136707 0
0 198 0 1
198
1 0.6998671276903706 0
0 199 0 1
199
1 0.7237717382670705 0
0 200 0 1
200
1 0.747676721163781 0
0 201 0 1
201
1 0.7476770934837916 0
0 202 0 1
202
1 0.7476774658038022 0
0 203 0 1
203
1 0.7476778381238128 0
0 204 0 1
204
1 0.7476782104438233 0
0 205 0 1
205
1 0.7476785827638339 0
0 206 0 1
206
1 0.7476789550838445 0
0 207 0 1
207
1 0.7476793274038551 0
0 208 0 1
208
1 0.7494663571916054 0
0 209 0 1
209
1 0.751253014659345 0
0 210 0 1
210
1 0.7530396721270847 0
0 211 0 1
211
1 0.7548263295948243 0
0 212 0 1
212
1 0.7566129870625639 0
0 213 0 1
213
1 0.7583996445303035 0
0 214 0 1
214
1 0.7601863019980432 0
0 215 0 1
215
1 0.7619729594657828 0
0 216 0 1
216
1 0.7637597313742663 0
0 217 0 1
217
1 0.7637598458150103 0
0 218 0 1
218
1 0.7637599602557542 0
0 219 0 1
219
1 0.7637600746964982 0
0 220 0 1
220
1 0.7637601891372421 0
0 221 0 1
221
1 0.7637603035779861 0
0 222 0 1
222
1 0.76376041801873 0
0 223 0 1
223
1 0.763760532459474 0
0 224 0 1
224
1 0.787384582210196 0
0 225 0 1
225
1 0.8110085175201742 0
0 226 0 1
226
1 0.8346324528301525 0
0 227 0 1
227
1 0.8582563881401307 0
0 228 0 1
228
1 0.8818803234501089 0
0 229 0 1
229
1 0.9055042587600871 0
0 230 0 1
230
1 0.9291281940700653 0
0 231 0 1
231
1 0.9527521293800436 0
0 232 0 1
232
1 0.9763760646900218 0
0 233 0 1
233
0 0.9790539881246785 0
0 234 0 1
234
0 0.9581079762493568 0
0 235 0 1
235
0 0.9371619643740353 0
0 236 0 1
236
0 0.9162159524987137 0
0 237 0 1
237
0 0.8952699406233922 0
0 238 0 1
238
0 0.8743239287480706 0
0 239 0 1
239
0 0.853377916872749 0
0 240 0 1
240
0 0.8324319049974275 0
0 241 0 1
241
0 0.8114858931221058 0
0 242 0 1
242
0 0.7905398812467843 0
0 243 0 1
243
0 0.7695938693714628 0
0 244 0 1
244
0 0.7486478574961412 0
0 245 0 1
245
0 0.7277018456208195 0
0 246 0 1
246
0 0.706755833745498 0
0 247 0 1
247
0 0.6858098218701765 0
0 248 0 1
248
0 0.6648638099948549 0
0 249 0 1
249
0 0.6439177981195333 0
0 250 0 1
250
0 0.6229717862442117 0
0 251 0 1
251
0 0.6020257743688902 0
0 252 0 1
252
0 0.5810797624935686 0
0 253 0 1
253
0 0.5601337506182471 0
0 254 0 1
254
0 0.5391877387429255 0
0 255 0 1
255
0 0.5182417268676038 0
0 256 0 1
256
0 0.4972957149922823 0
0 257 0 1
257
0 0.4763497031169608 0
0 258 0 1
258
0 0.4554036912416392 0
0 259 0 1
259
0 0.4344576793663176 0
0 260 0 1
260
0 0.4135116674909961 0
0 261 0 1
261
0 0.392565362923471 0
0 262 0 1
262
0 0.3925650702312675 0
0 263 0 1
263
0 0.392564777539064 0
0 264 0 1
264
0 0.3925644848468606 0
0 265 0 1
265
0 0.3925641921546571 0
0 266 0 1
266
0 0.3925638994624536 0
0 267 0 1
267
0 0.3925636067702502 0
0 268 0 1
268
0 0.3925633140780467 0
0 269 0 1
269
0 0.3704576987536179 0
0 270 0 1
270
0 0.3483523761213925 0
0 271 0 1
271
0 0.3262470534891672 0
0 272 0 1
272
0 0.3041417308569417 0
0 273 0 1
273
0 0.2820364082247164 0
0 274 0 1
274
0 0.259931085592491 0
0 275 0 1
275
0 0.2378257629602657 0
0 276 0 1
276
0 0.2157204403280404 0
0 277 0 1
277
0 0.193615117695815 0
0 278 0 1
278
0 0.1715088657842389 0
0 279 0 1
279
0 0.171507936504888 0
0 280 0 1
280
0 0.1715070072255371 0
0 281 0 1
281
0 0.1715060779461863 0
0 282 0 1
282
0 0.1715051486668355 0
0 283 0 1
283
0 0.1715042193874847 0
0 284 0 1
284
0 0.1715032901081338 0
0 285 0 1
285
0 0.171502360828783 0
0 286 0 1
286
0 0.1524457169328286 0
0 287 0 1
287
0 0.133390002316225 0
0 288 0 1
288
0 0.1143342876996215 0
0 289 0 1
289
0 0.0952785730830179 0
0 290 0 1
290
0 0.0762228584664143 0
0 291 0 1
291
0 0.0571671438498107 0
0 292 0 1
292
0 0.03811142923320721 0
0 293 0 1
293
0 0.0190557146166036 0
0 294 0 1
294
0.1649003326892853 0.3889136910438538 0
0 295 0 1
295
0.1649003326892853 0.3889136910438538 0
0 296 0 1
296
0.1649003326892853 0.3889136910438538 0
0 297 0 1
297
0.1649003326892853 0.3889136910438538 0
0 298 0 1
298
0.1649003326892853 0.3889136910438538 0
0 299 0 1
299
0.1649003326892853 0.3889136910438538 0
0 300 0 1
300
0.1649003326892853 0.3889136910438538 0
0 301 0 1
301
0.1649003326892853 0.3889136910438538 0
0 302 0 1
302
0.1649003326892853 0.3889136910438538 0
0 303 0 1
303
0.1649003326892853 0.3889136910438538 0
0 304 0 1
304
0.1649003326892853 0.3889136910438538 0
0 305 0 1
305
0.1649003326892853 0.3889136910438538 0
0 306 0 1
306
0.1649003326892853 0.3889136910438538 0
0 307 0 1
307
0.1649003326892853 0.3889136910438538 0
0 308 0 1
308
0.1649003326892853 0.3889136910438538 0
0 309 0 1
309
0.1649003326892853 0.3889136910438538 0
0 310 0 1
310
0.1649003326892853 0.3889136910438538 0
0 311 0 1
311
0.1649003326892853 0.3889136910438538 0
0 312 0 1
312
0.1649003326892853 0.3889136910438538 0
0 313 0 1
313
0.1649003326892853 0.3889136910438538 0
0 314 0 1
314
0.1649003326892853 0.3889136910438538 0
0 315 0 1
315
0.1649003326892853 0.3889136910438538 0
0 316 0 1
316
0.1649003326892853 0.3889136910438538 0
0 317 0 1
317
0.1649003326892853 0.3889136910438538 0
0 318 0 1
318
0.1649003326892853 0.3889136910438539 0
0 319 0 1
319
0.1649003326892853 0.3889136910438538 0
0 320 0 1
320
0.1649003326892853 0.3889136910438539 0
0 321 0 1
321
0.1649003326892853 0.3889136910438536 0
0 322 0 1
322
0.1649003326892853 0.3889136910438538 0
0 323 0 1
323
0.1649003326892853 0.3889136910438538 0
0 324 0 1
324
0.1649003326892853 0.3889136910438539 0
0 325 0 1
325
0.1649003326892853 0.3889136910438537 0
0 326 0 1
326
0.1649003326892853 0.3889136910438538 0
0 327 0 1
327
0.1649003326892853 0.3889136910438538 0
0 328 0 1
328
0.1649003326892853 0.3889136910438539 0
0 329 0 1
329
0.1649003326892853 0.3889136910438539 0
0 330 0 1
330
0.1649003326892853 0.3889136910438537 0
0 331 0 1
331
0.1649003326892853 0.3889136910438537 0
0 332 0 1
332
0.1649003326892853 0.3889136910438537 0
0 333 0 1
333
0.1649003326892853 0.3889136910438539 0
0 334 0 1
334
0.1624329336730377 0.382946366450232 0
0 335 0 1
335
0.1600830975676528 0.3769320925548752 0
0 336 0 1
336
0.1577922788920123 0.3708942168157951 0
0 337 0 1
337
0.1555019321649977 0.3648560866910037 0
0 338 0 1
338
0.1531535119196062 0.3588410496331466 0
0 339 0 1
339
0.1507066882305824 0.3528655643115356 0
0 340 0 1
340
0.148214056923004 0.3469089793334471 0
0 341 0 1
341
0.1457478623434221 0.3409414046895505 0
0 342 0 1
342
0.1416533481271873 0.3308570988341934 0
0 343 0 1
343
0.1400093837112058 0.3267468987855606 0
0 344 0 1
344
0.138377276883174 0.3226319757805502 0
0 345 0 1
345
0.1367566694206794 0.318512510280987 0
0 346 0 1
346
0.1351472268736932 0.3143886698667449 0
0 347 0 1
347
0.1335485940994505 0.3102606268760001 0
0 348 0 1
348
0.1319603504259024 0.306128575558279 0
0 349 0 1
349
0.1303823588038768 0.3019925981859791 0
0 350 0 1
350
0.1255126836310238 0.2889472090483124 0
0 351 0 1
351
0.1223248152979057 0.2800002357546637 0
0 352 0 1
352
0.1192521794712976 0.2710130354457935 0
0 353 0 1
353
0.1162937814862276 0.2619875839062477 0
0 354 0 1
354
0.1134481590444665 0.2529259411846593 0
0 355 0 1
355
0.1107192436549469 0.2438285019148458 0
0 356 0 1
356
0.1082736497373752 0.234651394022088 0
0 357 0 1
357
0.1061515678576102 0.2253937105975489 0
0 358 0 1
358
0.1041348375609675 0.2161123079000024 0
0 359 0 1
359
0.1021847825595758 0.2068166676762571 0
0 360 0 1
360
0.09953607881789914 0.1936219894368037 0
0 361 0 1
361
0.09878227640468733 0.1897344382612659 0
0 362 0 1
362
0.09804003084643981 0.1858446637333493 0
0 363 0 1
363
0.09730839567380224 0.1819528784729219 0
0 364 0 1
364
0.09655766134642985 0.1780647479190875 0
0 365 0 1
365
0.09574866818024377 0.1741883307399404 0
0 366 0 1
366
0.09487315526283009 0.1703263988122921 0
0 367 0 1
367
0.09392379939646182 0.1664819766674438 0
0 368 0 1
368
0.09294353724234859 0.1626451252414948 0
0 369 0 1
369
0.09294350398294809 0.1626449920004263 0
0 370 0 1
370
0.09294347072361793 0.1626448587593402 0
0 371 0 1
371
0.09294343746435813 0.1626447255182364 0
0 372 0 1
372
0.09294340420516865 0.1626445922771149 0
0 373 0 1
373
0.09294337094604957 0.1626444590359757 0
0 374 0 1
374
0.09294333768700082 0.1626443257948189 0
0 375 0 1
375
0.09294330442802241 0.1626441925536443 0
0 376 0 1
376
0.09097720554662089 0.1542643314972782 0
0 377 0 1
377
0.08923302650818295 0.1458355864114894 0
0 378 0 1
378
0.08769066352630323 0.1373675470382034 0
0 379 0 1
379
0.08633092091277872 0.1288682399835382 0
0 380 0 1
380
0.08513595147856601 0.1203441775780828 0
0 381 0 1
381
0.08419218553044451 0.111789197584569 0
0 382 0 1
382
0.08343797227122837 0.1032148095321735 0
0 383 0 1
383
0.08276618988032766 0.09463357162282567 0
0 384 0 1
384
0.08218917089775186 0.08604545726983484 0
0 385 0 1
385
0.08171544063748122 0.07745102626131524 0
0 386 0 1
386
0.08134443418564834 0.06885154762628311 0
0 387 0 1
387
0.08107506080479318 0.06024828427271672 0
0 388 0 1
388
0.08089764511556224 0.05164260981678293 0
0 389 0 1
389
0.080763475857301 0.04303613402738094 0
0 390 0 1
390
0.08065215004992422 0.03442933174483301 0
0 391 0 1
391
0.08056506751832003 0.02582225048772695 0
0 392 0 1
392
0.08050287066313061 0.01721495342864268 0
0 393 0 1
393
0.08046556151815373 0.008607512525850862 0
0 394 0 1
394
0.1533533781766892 0.1286070048809051 0
0 395 0 1
395
0.1533533781766892 0.1286070048809051 0
0 396 0 1
396
0.1533533781766892 0.1286070048809051 0
0 397 0 1
397
0.1533533781766892 0.1286070048809051 0
0 398 0 1
398
0.1533533781766892 0.1286070048809051 0
0 399 0 1
399
0.1533533781766892 0.1286070048809051 0
0 400 0 1
400
0.1533533781766892 0.1286070048809051 0
0 401 0 1
401
0.1533533781766892 0.1286070048809051 0
0 402 0 1
402
0.1533533781766892 0.1286070048809051 0
0 403 0 1
403
0.1533533781766892 0.1286070048809051 0
0 404 0 1
404
0.1533533781766892 0.1286070048809051 0
0 405 0 1
405
0.1533533781766892 0.1286070048809051 0
0 406 0 1
406
0.1533533781766892 0.1286070048809051 0
0 407 0 1
407
0.1533533781766892 0.1286070048809051 0
0 408 0 1
408
0.1533533781766892 0.1286070048809051 0
0 409 0 1
409
0.1533533781766892 0.1286070048809051 0
0 410 0 1
410
0.1533533781766892 0.1286070048809049 0
0 411 0 1
411
0.1533533781766892 0.1286070048809047 0
0 412 0 1
412
0.1533533781766892 0.1286070048809045 0
0 413 0 1
413
0.1533533781766892 0.1286070048809042 0
0 414 0 1
414
0.1533533781766893 0.1286070048809041 0
0 415 0 1
415
0.1533533781766892 0.1286070048809038 0
0 416 0 1
416
0.1533533781766893 0.1286070048809036 0
0 417 0 1
417
0.1533533781766892 0.1286070048809033 0
0 418 0 1
418
0.1533616644653984 0.1282503140591485 0
0 419 0 1
419
0.1533703176372431 0.1278935903208481 0
0 420 0 1
420
0.1533794649612663 0.1275368466296789 0
0 421 0 1
421
0.1533892337065108 0.1271800959493179 0
0 422 0 1
422
0.1533997511420195 0.1268233512434423 0
0 423 0 1
423
0.1534111445368353 0.126466625475729 0
0 424 0 1
424
0.153423541160001 0.1261099316098551 0
0 425 0 1
425
0.1534370682805595 0.1257532826094976 0
0 426 0 1
426
0.1536141775101231 0.122727500094932 0
0 427 0 1
427
0.1538429574679591 0.1200629298206554 0
0 428 0 1
428
0.1540879536825549 0.1173999163377061 0
0 429 0 1
429
0.1543447289543085 0.11473797696661 0
0 430 0 1
430
0.1546081592044389 0.1120766974699844 0
0 431 0 1
431
0.1548764575761327 0.1094159020230221 0
0 432 0 1
432
0.1551482508114973 0.106755461743293 0
0 433 0 1
433
0.1554228964245362 0.1040953143953244 0
0 434 0 1
434
0.1556976365172415 0.1014351767319803 0
0 435 0 1
435
0.1559692217176712 0.09877471518793454 0
0 436 0 1
436
0.1562372565935949 0.09611389360207011 0
0 437 0 1
437
0.1565017569077982 0.09345271833104257 0
0 438 0 1
438
0.1567626928240165 0.09079119120127239 0
0 439 0 1
439
0.1570200661088922 0.08812931719520037 0
0 440 0 1
440
0.1572738707856945 0.08546710056355179 0
0 441 0 1
441
0.1575240940838917 0.08280454492176827 0
0 442 0 1
442
0.1577707298074683 0.08014165457789856 0
0 443 0 1
443
0.1580137618720713 0.07747843287774625 0
0 444 0 1
444
0.1582531647614261 0.07481488264308019 0
0 445 0 1
445
0.1584887019179251 0.07215098752152008 0
0 446 0 1
446
0.1587151492220796 0.06948630441121699 0
0 447 0 1
447
0.1589257322853109 0.06682032196490743 0
0 448 0 1
448
0.1591196147277431 0.06415307200725899 0
0 449 0 1
449
0.1592970710583703 0.06148467912933166 0
0 450 0 1
450
0.1594582060874482 0.05881525091754072 0
0 451 0 1
451
0.1596031972011154 0.05614489704428387 0
0 452 0 1
452
0.1597321516332033 0.05347372114744272 0
0 453 0 1
453
0.1598457230460576 0.05080184645541314 0
0 454 0 1
454
0.1599478475921819 0.04812950939132828 0
0 455 0 1
455
0.1600416134319381 0.04545686635605064 0
0 456 0 1
456
0.1601271568424672 0.04278394730570165 0
0 457 0 1
457
0.1602044763677376 0.04011077779816819 0
0 458 0 1
458
0.1602735523660237 0.03743738252438934 0
0 459 0 1
459
0.16033435582608 0.03476378639752076 0
0 460 0 1
460
0.1603869101579902 0.03209001520900839 0
0 461 0 1
461
0.1604311114079895 0.02941609314829445 0
0 462 0 1
462
0.1604689895088188 0.02674207378681942 0
0 463 0 1
463
0.1605031108778202 0.02406800384249924 0
0 464 0 1
464
0.1605336535526855 0.02139389065216959 0
0 465 0 1
465
0.1605605981629536 0.01871973878751787 0
0 466 0 1
466
0.1605839441629176 0.01604555307975123 0
0 467 0 1
467
0.1606036916897315 0.01337133838458074 0
0 468 0 1
468
0.1606198474096202 0.01069709956514307 0
0 469 0 1
469
0.1606324127289264 0.008022841498544398 0
0 470 0 1
470
0.1606414044540126 0.005348568939953002 0
0 471 0 1
471
0.1606466924309509 0.002674286699260165 0
0 472 0 1
472
0.1276245266199112 0.1443622559309007 0
0 473 0 1
473
0.1276245266199112 0.1443622559309006 0
0 474 0 1
474
0.1276245266199112 0.1443622559309006 0
0 475 0 1
475
0.1276245266199112 0.1443622559309006 0
0 476 0 1
476
0.1276245266199112 0.1443622559309006 0
0 477 0 1
477
0.1276245266199112 0.1443622559309006 0
0 478 0 1
478
0.1276245266199112 0.1443622559309005 0
0 479 0 1
479
0.1276245266199112 0.1443622559309006 0
0 480 0 1
480
0.1276245266199103 0.1443622559308999 0
0 481 0 1
481
0.1276245266199094 0.1443622559308992 0
0 482 0 1
482
0.1276245266199084 0.1443622559308986 0
0 483 0 1
483
0.1276245266199075 0.144362255930898 0
0 484 0 1
484
0.1276245266199066 0.1443622559308973 0
0 485 0 1
485
0.1276245266199057 0.1443622559308966 0
0 486 0 1
486
0.1276245266199048 0.144362255930896 0
0 487 0 1
487
0.1276245266199038 0.1443622559308953 0
0 488 0 1
488
0.124970805842528 0.1422558660324268 0
0 489 0 1
489
0.1226127035642092 0.1399858463680174 0
0 490 0 1
490
0.1205312994437632 0.1375678265131335 0
0 491 0 1
491
0.1187076731400062 0.1350174360432422 0
0 492 0 1
492
0.1171229043117547 0.1323503045338107 0
0 493 0 1
493
0.1157580726178252 0.1295820615603062 0
0 494 0 1
494
0.114594257717034 0.1267283366981958 0
0 495 0 1
495
0.1136125392681976 0.1238047595229467 0
0 496 0 1
496
0.1121171324223412 0.1177977070068335 0
0 497 0 1
497
0.1115667497373276 0.1147429701229386 0
0 498 0 1
498
0.1111238177021897 0.1116707506115798 0
0 499 0 1
499
0.1107699438275295 0.1085869982370783 0
0 500 0 1
500
0.1104893212979665 0.1054957096984586 0
0 501 0 1
501
0.1102680054133674 0.1023996025967271 0
0 502 0 1
502
0.1100826881983644 0.09930111758589349 0
0 503 0 1
503
0.1099112120106566 0.09620183685796888 0
0 504 0 1
504
0.1097505170884676 0.0931019785207003 0
0 505 0 1
505
0.1096008404887826 0.09000156865908789 0
0 506 0 1
506
0.1094622150641816 0.08690064495990778 0
0 507 0 1
507
0.1093346440515459 0.08379924684403525 0
0 508 0 1
508
0.1092181437116298 0.08069741313751833 0
0 509 0 1
509
0.1091127219687009 0.07759518316250222 0
0 510 0 1
510
0.1090182988544801 0.07449259890735702 0
0 511 0 1
511
0.1089345479536672 0.07138970818025901 0
0 512 0 1
512
0.108861389513944 0.068286549664601 0
0 513 0 1
513
0.1087988710891295 0.06518315855574294 0
0 514 0 1
514
0.1087470325063621 0.06207957069854603 0
0 515 0 1
515
0.1087058969749187 0.05897582248919048 0
0 516 0 1
516
0.1086754873048354 0.05587195066843605 0
0 517 0 1
517
0.1086559612068676 0.05276799170924421 0
0 518 0 1
518
0.1086457095596108 0.04966398720371808 0
0 519 0 1
519
0.1086371088618301 0.04655997790524133 0
0 520 0 1
520
0.1086276121898401 0.04345597111893253 0
0 521 0 1
521
0.1086173859743107 0.04035196666200601 0
0 522 0 1
522
0.1086064233799974 0.03724796472191923 0
0 523 0 1
523
0.1085947187473005 0.03414396548882016 0
0 524 0 1
524
0.1085822715218749 0.03103996914565198 0
0 525 0 1
525
0.1085690772776333 0.02793597588796201 0
0 526 0 1
526
0.1085551374978347 0.02483198588777048 0
0 527 0 1
527
0.1085404462698336 0.02172799935713577 0
0 528 0 1
528
0.108525010556402 0.01862401643417215 0
0 529 0 1
529
0.1085089177536031 0.01552003683452946 0
0 530 0 1
530
0.108494381810027 0.01241604964594821 0
0 531 0 1
531
0.1084830702958355 0.009312048974350583 0
0 532 0 1
532
0.1084749840482476 0.006208038264429106 0
0 533 0 1
533
0.1084701528927994 0.003104020793775138 0
0 534 0 1
534
0.7394085534819709 0.6943933355732816 0
0 535 0 1
535
0.7394085543173043 0.6943933343736441 0
0 536 0 1
536
0.7394085551526379 0.6943933331740068 0
0 537 0 1
537
0.7394085559879713 0.6943933319743691 0
0 538 0 1
538
0.7394085568233051 0.694393330774732 0
0 539 0 1
539
0.7394085576586388 0.6943933295750948 0
0 540 0 1
540
0.7394085584939721 0.6943933283754573 0
0 541 0 1
541
0.7394085593293057 0.6943933271758199 0
0 542 0 1
542
0.7394085610604172 0.6943933246897402 0
0 543 0 1
543
0.7394085619561949 0.6943933234032977 0
0 544 0 1
544
0.7394085628519725 0.6943933221168553 0
0 545 0 1
545
0.7394085637477501 0.6943933208304129 0
0 546 0 1
546
0.7394085646435278 0.6943933195439704 0
0 547 0 1
547
0.7394085655393056 0.694393318257528 0
0 548 0 1
548
0.739408566435083 0.6943933169710854 0
0 549 0 1
549
0.7394085673308607 0.6943933156846431 0
0 550 0 1
550
0.746401995867456 0.6834164277593764 0
0 551 0 1
551
0.7526762584820132 0.6720391316794067 0
0 552 0 1
552
0.7585418688804028 0.6604435942668118 0
0 553 0 1
553
0.7641381020697932 0.6487154915725808 0
0 554 0 1
554
0.769533298554518 0.6368933697245411 0
0 555 0 1
555
0.7747782645517486 0.6250038346240734 0
0 556 0 1
556
0.7798208716944192 0.6130272048342943 0
0 557 0 1
557
0.7846311577988476 0.6009553647338561 0
0 558 0 1
558
0.7901565702924637 0.5863840750114575 0
0 559 0 1
559
0.7910530158453606 0.5839554749534706 0
0 560 0 1
560
0.7919433885985648 0.581524641908702 0
0 561 0 1
561
0.792827711949192 0.5790916016034853 0
0 562 0 1
562
0.7937060148997999 0.5766563815197144 0
0 563 0 1
563
0.7945783088936168 0.5742190025823803 0
0 564 0 1
564
0.7954446243518001 0.5717794922899117 0
0 565 0 1
565
0.7963050019835108 0.5693378814840125 0
0 566 0 1
566
0.7994286244650716 0.560306501372576 0
0 567 0 1
567
0.8016448759246195 0.5537008252371204 0
0 568 0 1
568
0.8038090716341186 0.5470779065337756 0
0 569 0 1
569
0.8059304491777134 0.5404411463742024 0
0 570 0 1
570
0.8080103228893279 0.5337912625043666 0
0 571 0 1
571
0.8100490481501227 0.5271286479077695 0
0 572 0 1
572
0.8120469474262617 0.5204536771438508 0
0 573 0 1
573
0.8140043997947806 0.5137667331921827 0
0 574 0 1
574
0.8159220563261287 0.5070674251671374 0
0 575 0 1
575
0.8159222769923771 0.5070666455267675 0
0 576 0 1
576
0.8159224976580898 0.5070658658862459 0
0 577 0 1
577
0.8159227183232662 0.5070650862455724 0
0 578 0 1
578
0.8159229389879068 0.5070643066047473 0
0 579 0 1
579
0.8159231596520116 0.5070635269637708 0
0 580 0 1
580
0.8159233803155802 0.5070627473226422 0
0 581 0 1
581
0.8159236009786129 0.507061967681362 0
0 582 0 1
582
0.8177704401600977 0.5004639488546577 0
0 583 0 1
583
0.8195769834939105 0.4938556236947201 0
0 584 0 1
584
0.8213465179905521 0.4872372911865158 0
0 585 0 1
585
0.8230798181217763 0.4806093767801793 0
0 586 0 1
586
0.8247772247976169 0.4739721792605592 0
0 587 0 1
587
0.8264389457523864 0.4673259573593828 0
0 588 0 1
588
0.8280652023021876 0.4606709687720227 0
0 589 0 1
589
0.8296562650013061 0.4540074783772642 0
0 590 0 1
590
0.8345098285597952 0.4326844456491982 0
0 591 0 1
591
0.8376513116648776 0.4179989243790164 0
0 592 0 1
592
0.8406365853881224 0.4032808516147243 0
0 593 0 1
593
0.8434683825401391 0.3885324775531593 0
0 594 0 1
594
0.8461631390413268 0.3737584291319765 0
0 595 0 1
595
0.8487212695011578 0.3589601225475429 0
0 596 0 1
596
0.8511402987826835 0.3441384404851637 0
0 597 0 1
597
0.8534227061296291 0.3292951035989288 0
0 598 0 1
598
0.855587581121772 0.3144341523141833 0
0 599 0 1
599
0.8576309713565016 0.2995560209573695 0
0 600 0 1
600
0.8595493353604456 0.2846612516349299 0
0 601 0 1
601
0.8613449463443502 0.2697511829420192 0
0 602 0 1
602
0.863037267240061 0.2548290259807185 0
0 603 0 1
603
0.8646199565557021 0.2398948501208941 0
0 604 0 1
604
0.8660907957444576 0.224949243280852 0
0 605 0 1
605
0.8674512628655751 0.2099931841688929 0
0 606 0 1
606
0.8687131718969114 0.1950284808506746 0
0 607 0 1
607
0.8698747455274121 0.1800556565122394 0
0 608 0 1
608
0.8709360047481945 0.1650753873890808 0
0 609 0 1
609
0.8718980194533252 0.1500884170724749 0
0 610 0 1
610
0.8727634206065438 0.1350955552833722 0
0 611 0 1
611
0.8735348148743256 0.1200975627775294 0
0 612 0 1
612
0.8742125484655191 0.1050950457718041 0
0 613 0 1
613
0.8747946964194508 0.09008852040594791 0
0 614 0 1
614
0.8752717882291858 0.07507828571760403 0
0 615 0 1
615
0.8756636826997481 0.06006557630348069 0
0 616 0 1
616
0.8759750752455115 0.04505098202149889 0
0 617 0 1
617
0.8762021661130242 0.03003487786443274 0
0 618 0 1
618
0.8763438846974207 0.01501772530925338 0
0 619 0 1
619
0.1624503546639326 0.3829396663030496 0
0 620 0 1
620
0.1601021182251963 0.3769247830477461 0
0 621 0 1
621
0.1578041679075552 0.3708896564236319 0
0 622 0 1
622
0.155505048245488 0.3648549015763954 0
0 623 0 1
623
0.1531533037734735 0.3588411336517256 0
0 624 0 1
624
0.1507066141612569 0.3528655966822756 0
0 625 0 1
625
0.1482143025954269 0.3469088793728969 0
0 626 0 1
626
0.1457482408903913 0.3409412501115887 0
0 627 0 1
627
0.1416537228404968 0.3308569481262633 0
0 628 0 1
628
0.1400097594049437 0.3267467488108404 0
0 629 0 1
629
0.1383776540086105 0.32263182640306 0
0 630 0 1
630
0.1367570454737354 0.318512362486344 0
0 631 0 1
631
0.1351476114606302 0.314388519943307 0
0 632 0 1
632
0.1335489734834648 0.3102604801945647 0
0 633 0 1
633
0.1319607361557346 0.3061284276653922 0
0 634 0 1
634
0.1303827549355911 0.3019924476070777 0
0 635 0 1
635
0.1255131005018163 0.2889470613979211 0
0 636 0 1
636
0.122325291479495 0.28000007543377 0
0 637 0 1
637
0.1192526926756683 0.2710128708222369 0
0 638 0 1
638
0.1162943425138674 0.2619874120993447 0
0 639 0 1
639
0.113448717684218 0.2529257780036017 0
0 640 0 1
640
0.1107195102702629 0.2438284265612259 0
0 641 0 1
641
0.1082737538370824 0.2346513379490293 0
0 642 0 1
642
0.1061515693257452 0.2253936761344365 0
0 643 0 1
643
0.1041347251248335 0.2161123092356348 0
0 644 0 1
644
0.1021846724289522 0.2068166790042933 0
0 645 0 1
645
0.09953597199531568 0.1936220394986777 0
0 646 0 1
646
0.09878214675863317 0.1897345214244207 0
0 647 0 1
647
0.09804011537853374 0.1858447355759044 0
0 648 0 1
648
0.09730721009811283 0.181953218534485 0
0 649 0 1
649
0.09655507820209659 0.1780653745037691 0
0 650 0 1
650
0.09574617858983327 0.1741889611202847 0
0 651 0 1
651
0.09487018844479067 0.1703271541923447 0
0 652 0 1
652
0.09392432714405045 0.1664818610346417 0
0 653 0 1
653
0.09295169149597524 0.1626430870040778 0
0 654 0 1
654
0.09295165822746655 0.1626429539053675 0
0 655 0 1
655
0.09295162495900755 0.1626428208066448 0
0 656 0 1
656
0.09295159169059823 0.1626426877079097 0
0 657 0 1
657
0.09295155842223868 0.1626425546091624 0
0 658 0 1
658
0.09295152515392882 0.1626424215104026 0
0 659 0 1
659
0.09295149188566867 0.1626422884116305 0
0 660 0 1
660
0.09295145861745824 0.1626421553128461 0
0 661 0 1
661
0.0909838831688228 0.1542626839818594 0
0 662 0 1
662
0.08923939366759003 0.1458340242975982 0
0 663 0 1
663
0.08769672919537895 0.1373660640543542 0
0 664 0 1
664
0.08633672974916778 0.1288668251827749 0
0 665 0 1
665
0.08514073333746616 0.1203429208883702 0
0 666 0 1
666
0.08418948701741236 0.111788738869903 0
0 667 0 1
667
0.08343523709844147 0.1032143875529665 0
0 668 0 1
668
0.08276341834412559 0.09463318632729409 0
0 669 0 1
669
0.08218636561724285 0.0860451071467543 0
0 670 0 1
670
0.08171266614209179 0.07745070708051151 0
0 671 0 1
671
0.08134168054359774 0.06885126016455981 0
0 672 0 1
672
0.08107234909719617 0.06024802825558783 0
0 673 0 1
673
0.0808946451120677 0.05164239473570462 0
0 674 0 1
674
0.08076044759153624 0.04303595519953213 0
0 675 0 1
675
0.08064911900781505 0.0344291887675116 0
0 676 0 1
676
0.08056203126871195 0.02582214328406626 0
0 677 0 1
677
0.0804998281785252 0.01721488200095033 0
0 678 0 1
678
0.08046251475442773 0.008607476831501176 0
0 679 0 1
679
0.1533533781766891 0.1286070048809052 0
0 680 0 1
680
0.1533533781766891 0.1286070048809052 0
0 681 0 1
681
0.1533533781766891 0.1286070048809052 0
0 682 0 1
682
0.1533533781766891 0.1286070048809052 0
0 683 0 1
683
0.1533533781766891 0.1286070048809052 0
0 684 0 1
684
0.1533533781766891 0.1286070048809052 0
0 685 0 1
685
0.1533533781766891 0.1286070048809052 0
0 686 0 1
686
0.1533533781766891 0.1286070048809052 0
0 687 0 1
687
0.1533533781766891 0.1286070048809049 0
0 688 0 1
688
0.1533533781766892 0.1286070048809047 0
0 689 0 1
689
0.1533533781766891 0.1286070048809045 0
0 690 0 1
690
0.1533533781766892 0.1286070048809043 0
0 691 0 1
691
0.1533533781766891 0.128607004880904 0
0 692 0 1
692
0.1533533781766891 0.1286070048809038 0
0 693 0 1
693
0.1533533781766892 0.1286070048809036 0
0 694 0 1
694
0.1533533781766892 0.1286070048809033 0
0 695 0 1
695
0.1533611789272536 0.1282502832951717 0
0 696 0 1
696
0.1533696155668812 0.1278935465103144 0
0 697 0 1
697
0.1533787520983045 0.1275368031929688 0
0 698 0 1
698
0.1533886525242554 0.1271800620097721 0
0 699 0 1
699
0.1533993808474662 0.1268233316273619 0
0 700 0 1
700
0.1534110010706693 0.1264666207123755 0
0 701 0 1
701
0.1534235771965967 0.1261099379314504 0
0 702 0 1
702
0.1534371732279808 0.125753291951224 0
0 703 0 1
703
0.153602799802237 0.1227267365524508 0
0 704 0 1
704
0.1538262816220786 0.1200618431610408 0
0 705 0 1
705
0.15407280301414 0.1173989282023515 0
0 706 0 1
706
0.1543277386932211 0.1147368910139815 0
0 707 0 1
707
0.1545910417227809 0.1120756255836597 0
0 708 0 1
708
0.1548588408208566 0.1094148232789939 0
0 709 0 1
709
0.1551303190373946 0.1067543912430097 0
0 710 0 1
710
0.1554043799222754 0.1040942238763124 0
0 711 0 1
711
0.1556784998266509 0.1014340628038676 0
0 712 0 1
712
0.1559500388766283 0.09877363717905815 0
0 713 0 1
713
0.156217785981217 0.09611282695260658 0
0 714 0 1
714
0.1564820418717223 0.09345166784369241 0
0 715 0 1
715
0.1567427442720469 0.09079015829264375 0
0 716 0 1
716
0.1569998768147786 0.08812830141491519 0
0 717 0 1
717
0.1572534302620698 0.08546610129388356 0
0 718 0 1
718
0.1575034024682838 0.08280356246174711 0
0 719 0 1
719
0.1577497913838105 0.08014068964980887 0
0 720 0 1
720
0.1579924905228422 0.07747747810314708 0
0 721 0 1
721
0.1582319517121396 0.07481397348975467 0
0 722 0 1
722
0.1584665736736132 0.07215003689932453 0
0 723 0 1
723
0.1586917409447258 0.06948528553636489 0
0 724 0 1
724
0.1589021662193111 0.06681932739023569 0
0 725 0 1
725
0.1590960352787735 0.06415211440994338 0
0 726 0 1
726
0.159273388208816 0.06148375201731779 0
0 727 0 1
727
0.159434484366446 0.0588143591499251 0
0 728 0 1
728
0.1595793777992971 0.0561440377394638 0
0 729 0 1
729
0.1597083011246913 0.05347289768878919 0
0 730 0 1
730
0.1598224106426231 0.050801085158466 0
0 731 0 1
731
0.1599248445791137 0.04812879903971001 0
0 732 0 1
732
0.1600183439466509 0.04545618604124566 0
0 733 0 1
733
0.1601038587842219 0.04278330597414226 0
0 734 0 1
734
0.1601810920892156 0.04011017358723803 0
0 735 0 1
735
0.1602500687284331 0.03743681550103618 0
0 736 0 1
736
0.1603108423700969 0.03476325805842366 0
0 737 0 1
737
0.1603631725329128 0.03208952261488835 0
0 738 0 1
738
0.1604075340856721 0.02941564270692116 0
0 739 0 1
739
0.1604457671095875 0.02674166857069797 0
0 740 0 1
740
0.1604799012408593 0.02406763898012276 0
0 741 0 1
741
0.1605104416726329 0.02139356605747907 0
0 742 0 1
742
0.160537383172768 0.01871945438016749 0
0 743 0 1
743
0.1605607295609681 0.01604530891735631 0
0 744 0 1
744
0.1605804787149875 0.0133711344673921 0
0 745 0 1
745
0.160596632294297 0.01069693592858284 0
0 746 0 1
746
0.1606092441161191 0.008022718143177395 0
0 747 0 1
747
0.1606180900173344 0.0053484856771964 0
0 748 0 1
748
0.1606237203220921 0.002674244019963227 0
0 749 0 1
749
0.1276245266199112 0.1443622559309006 0
0 750 0 1
750
0.1276245266199112 0.1443622559309006 0
0 751 0 1
751
0.1276245266199112 0.1443622559309006 0
0 752 0 1
752
0.1276245266199112 0.1443622559309006 0
0 753 0 1
753
0.1276245266199112 0.1443622559309006 0
0 754 0 1
754
0.1276245266199112 0.1443622559309006 0
0 755 0 1
755
0.1276245266199112 0.1443622559309006 0
0 756 0 1
756
0.1276245266199112 0.1443622559309006 0
0 757 0 1
757
0.1276245266199112 0.1443622559309006 0
0 758 0 1
758
0.1276245266199112 0.1443622559309006 0
0 759 0 1
759
0.1276245266199112 0.1443622559309006 0
0 760 0 1
760
0.1276245266199112 0.1443622559309006 0
0 761 0 1
761
0.1276245266199112 0.1443622559309006 0
0 762 0 1
762
0.1276245266199112 0.1443622559309006 0
0 763 0 1
763
0.1276245266199112 0.1443622559309006 0
0 764 0 1
764
0.1276245266199112 0.1443622559309006 0
0 765 0 1
765
0.1276245266199103 0.1443622559308999 0
0 766 0 1
766
0.1276245266199093 0.1443622559308992 0
0 767 0 1
767
0.1276245266199084 0.1443622559308986 0
0 768 0 1
768
0.1276245266199075 0.1443622559308979 0
0 769 0 1
769
0.1276245266199066 0.1443622559308973 0
0 770 0 1
770
0.1276245266199057 0.1443622559308966 0
0 771 0 1
771
0.1276245266199048 0.144362255930896 0
0 772 0 1
772
0.1276245266199038 0.1443622559308953 0
0 773 0 1
773
0.1249723276194706 0.1422514874023914 0
0 774 0 1
774
0.12261518995929 0.1399790225382062 0
0 775 0 1
775
0.1205342690329928 0.13756013143977 0
0 776 0 1
776
0.1187107202342106 0.1350100842085141 0
0 777 0 1
777
0.1171256989565751 0.1323441509458695 0
0 778 0 1
778
0.1157603605937179 0.1295776017532672 0
0 779 0 1
779
0.1145958605392707 0.1267257067321385 0
0 780 0 1
780
0.113613354186865 0.1238037359839144 0
0 781 0 1
781
0.1121163609543656 0.1177977891064761 0
0 782 0 1
782
0.1115651805849897 0.1147430154959708 0
0 783 0 1
783
0.1111214764941339 0.111670867481954 0
0 784 0 1
784
0.1107669176447517 0.1085871305407076 0
0 785 0 1
785
0.1104858837205125 0.1054958424644883 0
0 786 0 1
786
0.1102632498422603 0.1023998086814899 0
0 787 0 1
787
0.110076644328328 0.09930138571879611 0
0 788 0 1
788
0.1099057587210422 0.0962020644501097 0
0 789 0 1
789
0.1097448219141061 0.09310221102011693 0
0 790 0 1
790
0.1095951988310022 0.09000178979868551 0
0 791 0 1
791
0.1094565387428422 0.08690085952000265 0
0 792 0 1
792
0.1093289561786363 0.08379945350154278 0
0 793 0 1
793
0.1092124398330198 0.08069761209945833 0
0 794 0 1
794
0.1091069953473872 0.07759537456526806 0
0 795 0 1
795
0.1090125027164624 0.07449278414311936 0
0 796 0 1
796
0.108928726051288 0.07138988588622171 0
0 797 0 1
797
0.1088555581470383 0.06828671933438529 0
0 798 0 1
798
0.1087930244370259 0.0651833203148835 0
0 799 0 1
799
0.1087411581814698 0.06207972455087246 0
0 800 0 1
800
0.1087000386879806 0.05897596819378227 0
0 801 0 1
801
0.1086695140027731 0.05587208855816156 0
0 802 0 1
802
0.1086502253342755 0.05276812062268437 0
0 803 0 1
803
0.1086396061107194 0.04966410919957075 0
0 804 0 1
804
0.1086311901718457 0.04656009206861215 0
0 805 0 1
805
0.1086216009636124 0.04345607800171321 0
0 806 0 1
806
0.1086113896614302 0.04035206604282341 0
0 807 0 1
807
0.1086004056387539 0.03724805668499785 0
0 808 0 1
808
0.1085886852338563 0.03414405003035254 0
0 809 0 1
809
0.1085762206791404 0.03104004627246442 0
0 810 0 1
810
0.1085630135998207 0.02793604558519638 0
0 811 0 1
811
0.1085490554119937 0.0248320481861576 0
0 812 0 1
812
0.1085343575691156 0.0217280541958846 0
0 813 0 1
813
0.1085188651811562 0.01862406408296623 0
0 814 0 1
814
0.1085030972888336 0.0155200753359069 0
0 815 0 1
815
0.1084887598831509 0.01241607963445455 0
0 816 0 1
816
0.1084773959573243 0.009312071706152062 0
0 817 0 1
817
0.1084692982635607 0.006208053362391046 0
0 818 0 1
818
0.1084645320137961 0.003104028368128999 0
0 819 0 1
819
0.7394085610319641 0.6943933246877464 0
0 820 0 1
820
0.7394085619268514 0.694393323398009 0
0 821 0 1
821
0.7394085628217386 0.6943933221082713 0
0 822 0 1
822
0.7394085637166261 0.694393320818534 0
0 823 0 1
823
0.7394085646115134 0.6943933195287963 0
0 824 0 1
824
0.739408565506401 0.6943933182390591 0
0 825 0 1
825
0.7394085664012884 0.6943933169493218 0
0 826 0 1
826
0.7394085672961757 0.6943933156595841 0
0 827 0 1
827
0.746395631772075 0.6834128956873343 0
0 828 0 1
828
0.752675417116153 0.672038672235052 0
0 829 0 1
829
0.7585418456935842 0.6604435850589251 0
0 830 0 1
830
0.7641384480849733 0.6487156497817187 0
0 831 0 1
831
0.7695337583923109 0.6368935814265975 0
0 832 0 1
832
0.7747782637539925 0.6250038455340026 0
0 833 0 1
833
0.7798207344573094 0.6130271536932353 0
0 834 0 1
834
0.7846310611834609 0.6009553268108817 0
0 835 0 1
835
0.7901566183631532 0.5863840928462621 0
0 836 0 1
836
0.7910530647853969 0.5839554930143749 0
0 837 0 1
837
0.791943433051286 0.5815246582506775 0
0 838 0 1
838
0.7928277470990766 0.5790916144858648 0
0 839 0 1
839
0.7937060440309095 0.5766563921509564 0
0 840 0 1
840
0.7945783421486127 0.5742190146177463 0
0 841 0 1
841
0.7954446391084928 0.5717794976951237 0
0 842 0 1
842
0.7963049786869236 0.5693378734416548 0
0 843 0 1
843
0.7994281839140945 0.5603063518792355 0
0 844 0 1
844
0.801644388277549 0.5537006619496883 0
0 845 0 1
845
0.8038088039218729 0.5470778173890327 0
0 846 0 1
846
0.8059301199369258 0.5404410398948513 0
0 847 0 1
847
0.8080100356732524 0.5337911716177154 0
0 848 0 1
848
0.8100487394096338 0.5271285528939553 0
0 849 0 1
849
0.8120466152252188 0.5204535775988908 0
0 850 0 1
850
0.8140041047027569 0.5137666469485301 0
0 851 0 1
851
0.8159218013504029 0.507067352993971 0
0 852 0 1
852
0.8159220220194507 0.5070665733545817 0
0 853 0 1
853
0.8159222426879627 0.5070657937150408 0
0 854 0 1
854
0.8159224633559387 0.5070650140753481 0
0 855 0 1
855
0.8159226840233786 0.5070642344355036 0
0 856 0 1
856
0.8159229046902829 0.5070634547955077 0
0 857 0 1
857
0.8159231253566513 0.5070626751553601 0
0 858 0 1
858
0.815923346022484 0.5070618955150608 0
0 859 0 1
859
0.8177702289493369 0.50046389025448 0
0 860 0 1
860
0.8195767061873017 0.4938555483308112 0
0 861 0 1
861
0.8213462597941996 0.4872372223910812 0
0 862 0 1
862
0.823079572435128 0.4806093126328746 0
0 863 0 1
863
0.8247769779354699 0.4739721162681811 0
0 864 0 1
864
0.8264387058012769 0.467325897480696 0
0 865 0 1
865
0.8280649552462644 0.4606709085960294 0
0 866 0 1
866
0.8296560619832004 0.4540074300903303 0
0 867 0 1
867
0.8345095053292511 0.4326843742705973 0
0 868 0 1
868
0.8376508970905654 0.4179988360828712 0
0 869 0 1
869
0.8406362273540822 0.4032807774987917 0
0 870 0 1
870
0.8434680552167321 0.3885324124007276 0
0 871 0 1
871
0.8461628239908331 0.3737583692398632 0
0 872 0 1
872
0.8487209390863947 0.3589600629330059 0
0 873 0 1
873
0.851139993777199 0.3441383878594313 0
0 874 0 1
874
0.8534224443994448 0.329295060134096 0
0 875 0 1
875
0.8555873442352739 0.3144341159528877 0
0 876 0 1
876
0.8576306746206045 0.2995559793711841 0
0 877 0 1
877
0.8595490399612586 0.2846612131089132 0
0 878 0 1
878
0.8613445737338642 0.2697511385819897 0
0 879 0 1
879
0.8630368612701693 0.2548289812969126 0
0 880 0 1
880
0.8646194420687318 0.2398947972373605 0
0 881 0 1
881
0.8660902147031393 0.2249491869637446 0
0 882 0 1
882
0.867450742351536 0.2099931363447952 0
0 883 0 1
883
0.868712667969743 0.195028437815938 0
0 884 0 1
884
0.8698742113277598 0.1800556146647244 0
0 885 0 1
885
0.870935511610704 0.1650753517723878 0
0 886 0 1
886
0.8718974245616752 0.1500883783881022 0
0 887 0 1
887
0.8727628524244583 0.135095521710887 0
0 888 0 1
888
0.8735342353872029 0.120097532007529 0
0 889 0 1
889
0.8742119364375638 0.1050950171235977 0
0 890 0 1
890
0.8747940085760691 0.09008849228008967 0
0 891 0 1
891
0.8752712339746561 0.07507826521909454 0
0 892 0 1
892
0.8756631284672554 0.06006555947507121 0
0 893 0 1
893
0.8759745942949492 0.04505097031315196 0
0 894 0 1
894
0.8762016901725398 0.0300348698474757 0
0 895 0 1
895
0.8763434087290756 0.01501772082693608 0
0 896 0 1
896
0.9783594690770139 1 0
0 897 0 1
897
0.9567189381540278 1 0
0 898 0 1
898
0.9350784072310416 1 0
0 899 0 1
899
0.9134378763080555 1 0
0 900 0 1
900
0.8917973453850694 1 0
0 901 0 1
901
0.8701568144620833 1 0
0 902 0 1
902
0.8485162835390971 1 0
0 903 0 1
903
0.826875752616111 1 0
0 904 0 1
904
0.8052352216931249 1 0
0 905 0 1
905
0.7835946907701388 1 0
0 906 0 1
906
0.7619541598471525 1 0
0 907 0 1
907
0.7403136289241664 1 0
0 908 0 1
908
0.7186730980011803 1 0
0 909 0 1
909
0.6970325670781942 1 0
0 910 0 1
910
0.6753913532167197 1 0
0 911 0 1
911
0.6753906702782315 1 0
0 912 0 1
912
0.6753899873397432 1 0
0 913 0 1
913
0.6753893044012549 1 0
0 914 0 1
914
0.6753886214627667 1 0
0 915 0 1
915
0.6753879385242783 1 0
0 916 0 1
916
0.67538725558579 1 0
0 917 0 1
917
0.6753865726473017 1 0
0 918 0 1
918
0.6546702598786338 1 0
0 919 0 1
919
0.6339546300484542 1 0
0 920 0 1
920
0.6132390002182746 1 0
0 921 0 1
921
0.592523370388095 1 0
0 922 0 1
922
0.5718077405579154 1 0
0 923 0 1
923
0.5510921107277357 1 0
0 924 0 1
924
0.5303764808975561 1 0
0 925 0 1
925
0.5096608510673765 1 0
0 926 0 1
926
0.4889452212371967 1 0
0 927 0 1
927
0.4682295914070171 1 0
0 928 0 1
928
0.4475139615768375 1 0
0 929 0 1
929
0.4267983317466579 1 0
0 930 0 1
930
0.4060827019164783 1 0
0 931 0 1
931
0.3853670720862987 1 0
0 932 0 1
932
0.364651442256119 1 0
0 933 0 1
933
0.3439358124259394 1 0
0 934 0 1
934
0.3232201825957598 1 0
0 935 0 1
935
0.3025045527655801 1 0
0 936 0 1
936
0.2817889229354005 1 0
0 937 0 1
937
0.2610732931052209 1 0
0 938 0 1
938
0.2403576632750413 1 0
0 939 0 1
939
0.2196420334448617 1 0
0 940 0 1
940
0.1989264036146821 1 0
0 941 0 1
941
0.1782107737845025 1 0
0 942 0 1
942
0.1574951439543228 1 0
0 943 0 1
943
0.136779514124143 1 0
0 944 0 1
944
0.1160638842939634 1 0
0 945 0 1
945
0.09534797628350622 1 0
0 946 0 1
946
0.09534769810322863 1 0
0 947 0 1
947
0.09534741992295104 1 0
0 948 0 1
948
0.09534714174267345 1 0
0 949 0 1
949
0.09534686356239597 1 0
0 950 0 1
950
0.09534658538211838 1 0
0 951 0 1
951
0.09534630720184079 1 0
0 952 0 1
952
0.09534602902156319 1 0
0 953 0 1
953
0.08475177852558724 1 0
0 954 0 1
954
0.07415780620988877 1 0
0 955 0 1
955
0.0635638338941904 1 0
0 956 0 1
956
0.05296986157849204 1 0
0 957 0 1
957
0.04237588926279356 1 0
0 958 0 1
958
0.0317819169470952 1 0
0 959 0 1
959
0.02118794463139684 1 0
0 960 0 1
960
0.01059397231569836 1 0
0 961 0 1
961
0.1649003326892853 0.3889136910438537 0
0 962 0 1
962
0.1649003326892853 0.3889136910438537 0
0 963 0 1
963
0.1649003326892853 0.3889136910438537 0
0 964 0 1
964
0.1649003326892853 0.3889136910438537 0
0 965 0 1
965
0.1649003326892853 0.3889136910438537 0
0 966 0 1
966
0.1649003326892853 0.3889136910438537 0
0 967 0 1
967
0.1649003326892853 0.3889136910438537 0
0 968 0 1
968
0.1649003326892853 0.3889136910438537 0
0 969 0 1
969
0.1649003326892876 0.3889136910438553 0
0 970 0 1
970
0.1649003326892898 0.3889136910438569 0
0 971 0 1
971
0.1649003326892922 0.3889136910438586 0
0 972 0 1
972
0.1649003326892944 0.3889136910438602 0
0 973 0 1
973
0.1649003326892967 0.3889136910438618 0
0 974 0 1
974
0.164900332689299 0.3889136910438634 0
0 975 0 1
975
0.1649003326893012 0.3889136910438649 0
0 976 0 1
976
0.1649003326893035 0.3889136910438666 0
0 977 0 1
977
0.1831135533316422 0.4011605242901333 0
0 978 0 1
978
0.2011087010807645 0.4137246483699126 0
0 979 0 1
979
0.2191094602509283 0.4262815888811078 0
0 980 0 1
980
0.237198464428045 0.438711071502603 0
0 981 0 1
981
0.255390414481923 0.4509894334864621 0
0 982 0 1
982
0.2735993795458685 0.4632425920848043 0
0 983 0 1
983
0.2918137445947943 0.4754877216398629 0
0 984 0 1
984
0.3101119714189038 0.4876070185973166 0
0 985 0 1
985
0.3284818925332244 0.4996174939545219 0
0 986 0 1
986
0.3519598694106276 0.5148015024394015 0
0 987 0 1
987
0.3570229559915277 0.5180439987028647 0
0 988 0 1
988
0.3620921928774379 0.521276871300942 0
0 989 0 1
989
0.3671675019618008 0.5245002027144865 0
0 990 0 1
990
0.3722487999096564 0.5277140850192819 0
0 991 0 1
991
0.3773360671391707 0.5309185101436832 0
0 992 0 1
992
0.3824294289822782 0.534113238627801 0
0 993 0 1
993
0.3875316656167497 0.5372937722065307 0
0 994 0 1
994
0.3935996473704327 0.5410480596791727 0
0 995 0 1
995
0.3945559627497198 0.5416369882568091 0
0 996 0 1
996
0.395512608434102 0.5422253801468869 0
0 997 0 1
997
0.3964695809726057 0.5428132402841864 0
0 998 0 1
998
0.3974268762978787 0.5434005746232639 0
0 999 0 1
999
0.3983844879491013 0.5439873930452634 0
0 1000 0 1
1000
0.3993423940760548 0.5445737306658297 0
0 1001 0 1
1001
0.4003005666991346 0.5451596326639532 0
0 1002 0 1
1002
0.4187084335615662 0.5563182158914198 0
0 1003 0 1
1003
0.4362301864744546 0.5667710328228072 0
0 1004 0 1
1004
0.4538476718316308 0.5770615916629001 0
0 1005 0 1
1005
0.471558160201499 0.5871913213077571 0
0 1006 0 1
1006
0.4893490703798358 0.5971791133147593 0
0 1007 0 1
1007
0.5072363645586961 0.6069931939899283 0
0 1008 0 1
1008
0.5252153683769132 0.6166382874142116 0
0 1009 0 1
1009
0.5432792237751265 0.6261234817860277 0
0 1010 0 1
1010
0.5614373695873117 0.6354268832998331 0
0 1011 0 1
1011
0.5796833739703003 0.6445568031971209 0
0 1012 0 1
1012
0.5980151261351858 0.653513267006509 0
0 1013 0 1
1013
0.6164375728380475 0.662281673147793 0
0 1014 0 1
1014
0.6349464027932408 0.6708662438207854 0
0 1015 0 1
1015
0.6535676312835591 0.6792038097136366 0
0 1016 0 1
1016
0.67232089890348 0.6872401802060112 0
0 1017 0 1
1017
0.6911270806376103 0.6951522571890407 0
0 1018 0 1
1018
0.7097154801609517 0.7035601444856853 0
0 1019 0 1
1019
0.7280379014206054 0.712536776003454 0
0 1020 0 1
1020
0.728038390996301 0.7125370153175226 0
0 1021 0 1
1021
0.7280388805720585 0.7125372546314652 0
0 1022 0 1
1022
0.7280393701478773 0.7125374939452814 0
0 1023 0 1
1023
0.7280398597237582 0.712537733258972 0
0 1024 0 1
1024
0.7280403492997005 0.7125379725725359 0
0 1025 0 1
1025
0.7280408388757045 0.712538211885974 0
0 1026 0 1
1026
0.7280413284517701 0.7125384511992858 0
0 1027 0 1
1027
0.747467726170797 0.7216611505849391 0
0 1028 0 1
1028
0.7674625212388845 0.7294526411925766 0
0 1029 0 1
1029
0.787894752380999 0.7360200895748369 0
0 1030 0 1
1030
0.8085605288351917 0.7418125289776383 0
0 1031 0 1
1031
0.829446003162423 0.7467540619907072 0
0 1032 0 1
1032
0.8505022771446606 0.7509109801860773 0
0 1033 0 1
1033
0.8716771316700961 0.7544149483894688 0
0 1034 0 1
1034
0.8929413977843192 0.7573289513699205 0
0 1035 0 1
1035
0.9142742614715365 0.7596879004264488 0
0 1036 0 1
1036
0.9356637971376025 0.7614624287692461 0
0 1037 0 1
1037
0.9570890803182568 0.7627362260408662 0
0 1038 0 1
1038
0.9785384466879574 0.7635034446118847 0
0 1039 0 1
1039
0.1563217339405405 0.1299887536145541 0
0 1040 0 1
1040
0.1590128141763482 0.1311957183629949 0
0 1041 0 1
1041
0.1617164266507062 0.1323740841165645 0
0 1042 0 1
1042
0.1644294481430493 0.1335309829532543 0
0 1043 0 1
1043
0.167148755432812 0.1346735469510556 0
0 1044 0 1
1044
0.1698712252994291 0.1358089081879598 0
0 1045 0 1
1045
0.1725937345223351 0.1369441987419584 0
0 1046 0 1
1046
0.1753131598809648 0.1380865506910427 0
0 1047 0 1
1047
0.196124739989794 0.1477130371170346 0
0 1048 0 1
1048
0.2137168561800144 0.1571919388463085 0
0 1049 0 1
1049
0.2309150414260751 0.1673705852520305 0
0 1050 0 1
1050
0.2478379295362053 0.1780014551995958 0
0 1051 0 1
1051
0.2645126880364078 0.1890174128812621 0
0 1052 0 1
1052
0.2809664093587091 0.2003614452727487 0
0 1053 0 1
1053
0.2973557998584819 0.2117983662614692 0
0 1054 0 1
1054
0.3136724592106345 0.2233387991498058 0
0 1055 0 1
1055
0.3299249849549716 0.2349694289513117 0
0 1056 0 1
1056
0.3462031698831473 0.2465641067449401 0
0 1057 0 1
1057
0.3625284975765082 0.2580923192372132 0
0 1058 0 1
1058
0.3788525660338607 0.2696223280842934 0
0 1059 0 1
1059
0.3952174339537079 0.281094323524374 0
0 1060 0 1
1060
0.41165211023467 0.2924660705425094 0
0 1061 0 1
1061
0.4281448949646295 0.3037533951246424 0
0 1062 0 1
1062
0.4446934898105894 0.3149587324959761 0
0 1063 0 1
1063
0.4613048666235258 0.3260707695519603 0
0 1064 0 1
1064
0.4779850644082687 0.3370792250274482 0
0 1065 0 1
1065
0.4947347373764562 0.347981687781803 0
0 1066 0 1
1066
0.5115566762457843 0.3587722737989087 0
0 1067 0 1
1067
0.5284653779498618 0.3694263805691073 0
0 1068 0 1
1068
0.5454613598298534 0.379940696795911 0
0 1069 0 1
1069
0.5625481988277622 0.3903066605522013 0
0 1070 0 1
1070
0.5797411121749197 0.4004956977697895 0
0 1071 0 1
1071
0.5970441563183613 0.4104965439938529 0
0 1072 0 1
1072
0.6144613967679881 0.4202971304329642 0
0 1073 0 1
1073
0.6320030946544136 0.429873101436458 0
0 1074 0 1
1074
0.6496822606520678 0.4391927569136811 0
0 1075 0 1
1075
0.667502651745169 0.4482394200005685 0
0 1076 0 1
1076
0.6854718676853446 0.4569865406735906 0
0 1077 0 1
1077
0.7036053137996413 0.4653878918518048 0
0 1078 0 1
1078
0.7218974360763654 0.4734378709130436 0
0 1079 0 1
1079
0.7403516957795389 0.481108629829426 0
0 1080 0 1
1080
0.7589848242650952 0.4883337635178509 0
0 1081 0 1
1081
0.7777937039091767 0.4950881051404665 0
0 1082 0 1
1082
0.7967746080779945 0.5013425056834062 0
0 1083 0 1
1083
0.8159216090117567 0.5070681406525818 0
0 1084 0 1
1084
0.8159216373427032 0.5070681486719346 0
0 1085 0 1
1085
0.81592166567365 0.5070681566912862 0
0 1086 0 1
1086
0.8159216940045969 0.5070681647106366 0
0 1087 0 1
1087
0.8159217223355446 0.5070681727299859 0
0 1088 0 1
1088
0.8159217506664923 0.5070681807493338 0
0 1089 0 1
1089
0.8159217789974406 0.5070681887686803 0
0 1090 0 1
1090
0.8159218073283891 0.5070681967880257 0
0 1091 0 1
1091
0.8359380520984376 0.5123944811147708 0
0 1092 0 1
1092
0.8561080365173224 0.5171054243181391 0
0 1093 0 1
1093
0.8764114922383319 0.52120304467555 0
0 1094 0 1
1094
0.8968314576037514 0.5246734905082295 0
0 1095 0 1
1095
0.9173495232070633 0.5275070905004181 0
0 1096 0 1
1096
0.9379446237598281 0.5297118899339084 0
0 1097 0 1
1097
0.9585981499882478 0.5312778308076076 0
0 1098 0 1
1098
0.9792895692269612 0.5322192536210907 0
0 1099 0 1
1099
0.7795784598498129 0.7150573761386252 0
0 1100 0 1
1100
0.7851263722284957 0.7169716713846066 0
0 1101 0 1
1101
0.7907096189710835 0.7187805210690865 0
0 1102 0 1
1102
0.7963150198192558 0.7205195419209645 0
0 1103 0 1
1103
0.8019408264815019 0.7221913704286848 0
0 1104 0 1
1104
0.8075860633970675 0.7237963729170822 0
0 1105 0 1
1105
0.8132491750551646 0.7253371235836409 0
0 1106 0 1
1106
0.8189293416230303 0.7268137597717924 0
0 1107 0 1
1107
0.8246257969353062 0.7282262569397292 0
0 1108 0 1
1108
0.8303376966405789 0.7295749433594242 0
0 1109 0 1
1109
0.8360641926829332 0.7308602471055814 0
0 1110 0 1
1110
0.8418030557122584 0.7320892001068104 0
0 1111 0 1
1111
0.8475522268729129 0.73326899083677 0
0 1112 0 1
1112
0.8533112920755961 0.7343994968552606 0
0 1113 0 1
1113
0.8590798386992596 0.7354805821258668 0
0 1114 0 1
1114
0.8648574256164988 0.7365122636378079 0
0 1115 0 1
1115
0.870643593295882 0.7374946794384138 0
0 1116 0 1
1116
0.8764378750158246 0.738428049523315 0
0 1117 0 1
1117
0.8880890108381723 0.7401433939877263 0
0 1118 0 1
1118
0.8939442865648964 0.7409301050818092 0
0 1119 0 1
1119
0.899805438284933 0.7416717708057339 0
0 1120 0 1
1120
0.9056721548647201 0.7423680470784971 0
0 1121 0 1
1121
0.911544107082386 0.7430186935928634 0
0 1122 0 1
1122
0.9174209461089513 0.7436236136619917 0
0 1123 0 1
1123
0.9233022996584844 0.7441829395078086 0
0 1124 0 1
1124
0.929187801024596 0.7446967888457521 0
0 1125 0 1
1125
0.9350770647166042 0.7451655564960247 0
0 1126 0 1
1126
0.9409695777255025 0.7455915782430347 0
0 1127 0 1
1127
0.946864668798559 0.7459803119876138 0
0 1128 0 1
1128
0.9527621477376331 0.7463309526580634 0
0 1129 0 1
1129
0.9586617951869368 0.7466429885249324 0
0 1130 0 1
1130
0.9645633718899156 0.7469161060953358 0
0 1131 0 1
1131
0.9704667167164821 0.7471478483608233 0
0 1132 0 1
1132
0.9763715719465977 0.7473372446587359 0
0 1133 0 1
1133
0.9822776316518766 0.7474843674715326 0
0 1134 0 1
1134
0.9881845930947228 0.747589215538449 0
0 1135 0 1
1135
0.9940921522980037 0.74765196596655 0
0 1136 0 1
1136
0.7429171839301247 0.6971169578388927 0
0 1137 0 1
1137
0.7465439535434909 0.6996242286801587 0
0 1138 0 1
1138
0.7502748623984862 0.7019380296897424 0
0 1139 0 1
1139
0.7540959114068598 0.7040812412606683 0
0 1140 0 1
1140
0.7579931014803625 0.7060767437859621 0
0 1141 0 1
1141
0.7619524335307436 0.7079474176586482 0
0 1142 0 1
1142
0.7659599084697531 0.709716143271752 0
0 1143 0 1
1143
0.7700027187822789 0.7114035913465697 0
0 1144 0 1
1144
0.1649003326892852 0.3889136910438537 0
0 1145 0 1
1145
0.1649003326892852 0.3889136910438537 0
0 1146 0 1
1146
0.1649003326892853 0.3889136910438539 0
0 1147 0 1
1147
0.1649003326892853 0.3889136910438538 0
0 1148 0 1
1148
0.1649003326892853 0.3889136910438538 0
0 1149 0 1
1149
0.1649003326892853 0.3889136910438538 0
0 1150 0 1
1150
0.1649003326892853 0.3889136910438538 0
0 1151 0 1
1151
0.1649003326892853 0.3889136910438537 0
0 1152 0 1
1152
0.1649003326892876 0.3889136910438555 0
0 1153 0 1
1153
0.1649003326892899 0.388913691043857 0
0 1154 0 1
1154
0.1649003326892921 0.3889136910438586 0
0 1155 0 1
1155
0.1649003326892944 0.3889136910438601 0
0 1156 0 1
1156
0.1649003326892967 0.3889136910438618 0
0 1157 0 1
1157
0.164900332689299 0.3889136910438634 0
0 1158 0 1
1158
0.1649003326893013 0.388913691043865 0
0 1159 0 1
1159
0.1649003326893036 0.3889136910438666 0
0 1160 0 1
1160
0.1831135399830464 0.4011605362584485 0
0 1161 0 1
1161
0.2011095787066195 0.4137233989822784 0
0 1162 0 1
1162
0.2191101999978305 0.4262805297298963 0
0 1163 0 1
1163
0.2371991607510618 0.4387100681888 0
0 1164 0 1
1164
0.255390812861459 0.4509888646066404 0
0 1165 0 1
1165
0.2735997555199687 0.4632420481381647 0
0 1166 0 1
1166
0.2918141184380581 0.4754871726533646 0
0 1167 0 1
1167
0.3101121812803416 0.4876067100009086 0
0 1168 0 1
1168
0.3284820611153348 0.4996172403987147 0
0 1169 0 1
1169
0.3519600645470031 0.5148011974771914 0
0 1170 0 1
1170
0.3570231872008734 0.5180436353761063 0
0 1171 0 1
1171
0.3620924083895132 0.5212765304848442 0
0 1172 0 1
1172
0.3671677139939119 0.5244998653469745 0
0 1173 0 1
1173
0.3722490324926564 0.5277137130658041 0
0 1174 0 1
1174
0.3773362902372697 0.5309181511339796 0
0 1175 0 1
1175
0.3824297639028527 0.5341126992326407 0
0 1176 0 1
1176
0.3875320056918631 0.5372932228820311 0
0 1177 0 1
1177
0.3935999766584293 0.5410475254118318 0
0 1178 0 1
1178
0.3945562942733101 0.5416364497503217 0
0 1179 0 1
1179
0.3955129449232661 0.5422248329578612 0
0 1180 0 1
1180
0.3964699233422733 0.5428126829054942 0
0 1181 0 1
1181
0.3974272236779947 0.5434000084265911 0
0 1182 0 1
1182
0.3983848318886549 0.5439868318263711 0
0 1183 0 1
1183
0.3993427270749091 0.5445731866909425 0
0 1184 0 1
1184
0.4003008883622935 0.5451591065785736 0
0 1185 0 1
1185
0.4187087167431988 0.5563177470619306 0
0 1186 0 1
1186
0.4362305613691299 0.5667704036187293 0
0 1187 0 1
1187
0.4538480767733533 0.5770609053883133 0
0 1188 0 1
1188
0.4715585880508922 0.5871905886379852 0
0 1189 0 1
1189
0.4893494692122651 0.5971784270741722 0
0 1190 0 1
1190
0.5072367482148682 0.6069925298421741 0
0 1191 0 1
1191
0.5252157963793211 0.6166375345264482 0
0 1192 0 1
1192
0.5432796192025676 0.6261227853074318 0
0 1193 0 1
1193
0.5614377646059736 0.6354261817883085 0
0 1194 0 1
1194
0.579683722838121 0.6445561874239952 0
0 1195 0 1
1195
0.5980154852410958 0.6535126238669686 0
0 1196 0 1
1196
0.6164379001198964 0.6622810909133453 0
0 1197 0 1
1197
0.6349467433154913 0.670865626128469 0
0 1198 0 1
1198
0.6535681147169204 0.6792028743893288 0
0 1199 0 1
1199
0.6723212203881466 0.687239620228478 0
0 1200 0 1
1200
0.6911278100941182 0.6951507256079861 0
0 1201 0 1
1201
0.7097161235483864 0.7035588398096938 0
0 1202 0 1
1202
0.7280380669368302 0.7125364486933387 0
0 1203 0 1
1203
0.7280385565459743 0.7125366880173625 0
0 1204 0 1
1204
0.7280390461551843 0.7125369273412505 0
0 1205 0 1
1205
0.7280395357644607 0.7125371666650038 0
0 1206 0 1
1206
0.7280400253738032 0.7125374059886218 0
0 1207 0 1
1207
0.7280405149832117 0.7125376453121044 0
0 1208 0 1
1208
0.7280410045926863 0.7125378846354519 0
0 1209 0 1
1209
0.7280414942022271 0.7125381239586642 0
0 1210 0 1
1210
0.7474687304700847 0.7216589365213965 0
0 1211 0 1
1211
0.7674634058864385 0.7294505985465881 0
0 1212 0 1
1212
0.7878955270050423 0.7360181510485229 0
0 1213 0 1
1213
0.8085612879363071 0.7418103636989988 0
0 1214 0 1
1214
0.8294466727571627 0.7467519463786292 0
0 1215 0 1
1215
0.8505028613706686 0.7509088744678742 0
0 1216 0 1
1216
0.8716776373169004 0.7544128052693991 0
0 1217 0 1
1217
0.8929418212040325 0.7573267774541871 0
0 1218 0 1
1218
0.9142746080853859 0.7596856693839865 0
0 1219 0 1
1219
0.9356640620902726 0.7614601414429836 0
0 1220 0 1
1220
0.9570892575987746 0.7627339469244809 0
0 1221 0 1
1221
0.9785385353718966 0.7635012332235105 0
0 1222 0 1
1222
0.1533533781766892 0.1286070048809052 0
0 1223 0 1
1223
0.1533533781766892 0.1286070048809052 0
0 1224 0 1
1224
0.1533533781766892 0.1286070048809052 0
0 1225 0 1
1225
0.1533533781766892 0.1286070048809052 0
0 1226 0 1
1226
0.1533533781766892 0.1286070048809052 0
0 1227 0 1
1227
0.1533533781766892 0.1286070048809052 0
0 1228 0 1
1228
0.1533533781766892 0.1286070048809052 0
0 1229 0 1
1229
0.1533533781766892 0.1286070048809052 0
0 1230 0 1
1230
0.1533533781766892 0.1286070048809052 0
0 1231 0 1
1231
0.1533533781766892 0.1286070048809052 0
0 1232 0 1
1232
0.1533533781766892 0.1286070048809052 0
0 1233 0 1
1233
0.1533533781766892 0.1286070048809052 0
0 1234 0 1
1234
0.1533533781766892 0.1286070048809052 0
0 1235 0 1
1235
0.1533533781766892 0.1286070048809052 0
0 1236 0 1
1236
0.1533533781766892 0.1286070048809052 0
0 1237 0 1
1237
0.1533533781766892 0.1286070048809052 0
0 1238 0 1
1238
0.1533859748560921 0.1286224053518062 0
0 1239 0 1
1239
0.1534185742077733 0.1286377997654179 0
0 1240 0 1
1240
0.1534511762263728 0.1286531881339003 0
0 1241 0 1
1241
0.1534837809065311 0.1286685704694142 0
0 1242 0 1
1242
0.1535163882428882 0.1286839467841197 0
0 1243 0 1
1243
0.1535489982300843 0.1286993170901773 0
0 1244 0 1
1244
0.1535816108627595 0.1287146813997471 0
0 1245 0 1
1245
0.1536142261355543 0.1287300397249897 0
0 1246 0 1
1246
0.1563244120372701 0.1299825975544378 0
0 1247 0 1
1247
0.1590166502241006 0.1311865566441221 0
0 1248 0 1
1248
0.16172062164203 0.1323639327360296 0
0 1249 0 1
1249
0.164433389329488 0.1335213892190718 0
0 1250 0 1
1250
0.1671520163249045 0.13466558948216 0
0 1251 0 1
1251
0.1698735656667094 0.135803196914206 0
0 1252 0 1
1252
0.1725951003933325 0.136940874904121 0
0 1253 0 1
1253
0.1753136835432036 0.1380852868408165 0
0 1254 0 1
1254
0.1961250687311574 0.1477123078700564 0
0 1255 0 1
1255
0.2137175049851251 0.1571905639709847 0
0 1256 0 1
1256
0.2309156939376426 0.1673691168607356 0
0 1257 0 1
1257
0.2478387268716376 0.1779996717474166 0
0 1258 0 1
1258
0.2645136309045977 0.1890153279830976 0
0 1259 0 1
1259
0.2809673819847417 0.2003592319590221 0
0 1260 0 1
1260
0.2973568708427756 0.2117959243472652 0
0 1261 0 1
1261
0.3136735876655039 0.2233361896923311 0
0 1262 0 1
1262
0.3299261210753072 0.2349667221615198 0
0 1263 0 1
1263
0.3462043611064385 0.2465612361427167 0
0 1264 0 1
1264
0.3625294720973014 0.2580896693617839 0
0 1265 0 1
1265
0.3788537163759881 0.2696193423951629 0
0 1266 0 1
1266
0.3952186596316868 0.2810911429827248 0
0 1267 0 1
1267
0.4116533773699862 0.2924627421534798 0
0 1268 0 1
1268
0.4281461696808246 0.3037499668543534 0
0 1269 0 1
1269
0.4446948135044729 0.3149551425449398 0
0 1270 0 1
1270
0.4613062010721217 0.326067073665089 0
0 1271 0 1
1271
0.4779864413476726 0.3370753742645253 0
0 1272 0 1
1272
0.4947361564657999 0.3479776806388545 0
0 1273 0 1
1273
0.5115581750153242 0.3587680508217104 0
0 1274 0 1
1274
0.5284669325287771 0.3694219760766293 0
0 1275 0 1
1275
0.5454629404170175 0.3799361557864977 0
0 1276 0 1
1276
0.5625498416389002 0.3903019215020728 0
0 1277 0 1
1277
0.5797427900447085 0.4004908035098279 0
0 1278 0 1
1278
0.5970458629465171 0.4104915020953774 0
0 1279 0 1
1279
0.6144631542770981 0.4202918979072066 0
0 1280 0 1
1280
0.6320048652701846 0.4298677434959416 0
0 1281 0 1
1281
0.64968406600715 0.4391872306426646 0
0 1282 0 1
1282
0.667504497270913 0.4482337089705057 0
0 1283 0 1
1283
0.6854737781025693 0.4569805906627007 0
0 1284 0 1
1284
0.7036072442257373 0.4653817872310088 0
0 1285 0 1
1285
0.7218993719437963 0.473431637759239 0
0 1286 0 1
1286
0.7403536489126027 0.4811022373947472 0
0 1287 0 1
1287
0.7589867822017358 0.4883272369830864 0
0 1288 0 1
1288
0.7777956891317144 0.4950813727486817 0
0 1289 0 1
1289
0.7967765950453446 0.5013356327779511 0
0 1290 0 1
1290
0.8159235950159176 0.5070611238930043 0
0 1291 0 1
1291
0.8159236233440643 0.5070611319113765 0
0 1292 0 1
1292
0.8159236516722116 0.5070611399297473 0
0 1293 0 1
1293
0.8159236800003592 0.507061147948117 0
0 1294 0 1
1294
0.8159237083285074 0.5070611559664855 0
0 1295 0 1
1295
0.8159237366566556 0.5070611639848525 0
0 1296 0 1
1296
0.8159237649848043 0.5070611720032183 0
0 1297 0 1
1297
0.8159237933129535 0.507061180021583 0
0 1298 0 1
1298
0.8359398336180676 0.5123873263398355 0
0 1299 0 1
1299
0.8561096258880514 0.5170980658932878 0
0 1300 0 1
1300
0.8764128760755684 0.5211955284562788 0
0 1301 0 1
1301
0.8968326126876021 0.5246659363314208 0
0 1302 0 1
1302
0.9173504545879254 0.5274994511462882 0
0 1303 0 1
1303
0.9379453234575295 0.5297042356450669 0
0 1304 0 1
1304
0.9585986257577963 0.5312700501208142 0
0 1305 0 1
1305
0.9792898147207126 0.5322114124999554 0
0 1306 0 1
1306
0.7429215494764497 0.6971087403508942 0
0 1307 0 1
1307
0.7465500182442554 0.6996127993150363 0
0 1308 0 1
1308
0.7502806823284082 0.7019270407933079 0
0 1309 0 1
1309
0.7541002651072617 0.7040729919136725 0
0 1310 0 1
1310
0.7579954899591698 0.7060721798040929 0
0 1311 0 1
1311
0.7619530802624861 0.7079461315925322 0
0 1312 0 1
1312
0.7659597593955647 0.7097163744069535 0
0 1313 0 1
1313
0.7700027287682774 0.7114035547967308 0
0 1314 0 1
1314
0.7795784364456932 0.7150574730943093 0
0 1315 0 1
1315
0.7851264145823826 0.7169715997515695 0
0 1316 0 1
1316
0.7907098329429965 0.7187799321722973 0
0 1317 0 1
1317
0.7963151957344502 0.7205190677643639 0
0 1318 0 1
1318
0.8019410032588217 0.7221908900152956 0
0 1319 0 1
1319
0.8075861991705663 0.7237960321752314 0
0 1320 0 1
1320
0.8132492987680821 0.7253368217813766 0
0 1321 0 1
1321
0.8189294511709617 0.7268135068911913 0
0 1322 0 1
1322
0.8246259005974661 0.7282260217713159 0
0 1323 0 1
1323
0.8303378024745973 0.7295746933807726 0
0 1324 0 1
1324
0.8360642372307441 0.7308602648222977 0
0 1325 0 1
1325
0.8418030407590794 0.7320894773470378 0
0 1326 0 1
1326
0.8475521992011064 0.7332693130908682 0
0 1327 0 1
1327
0.8533112538186025 0.734399855393319 0
0 1328 0 1
1328
0.8590797966696274 0.7354809418439722 0
0 1329 0 1
1329
0.8648573853680389 0.7365125936520972 0
0 1330 0 1
1330
0.8706435546616309 0.7374949802660293 0
0 1331 0 1
1331
0.8764378349842472 0.73842833847922 0
0 1332 0 1
1332
0.8880889210256282 0.7401440571001765 0
0 1333 0 1
1333
0.8939442111853817 0.7409306985734063 0
0 1334 0 1
1334
0.8998053667395046 0.7416723717779649 0
0 1335 0 1
1335
0.9056720847815527 0.7423686776179248 0
0 1336 0 1
1336
0.9115440449741905 0.7430192972980307 0
0 1337 0 1
1337
0.9174208865899789 0.7436242394684122 0
0 1338 0 1
1338
0.9233022466950751 0.7441835490960715 0
0 1339 0 1
1339
0.9291877499758029 0.744697432648899 0
0 1340 0 1
1340
0.9350770214455959 0.7451661595652086 0
0 1341 0 1
1341
0.9409695429674328 0.7455921272231519 0
0 1342 0 1
1342
0.9468646401929434 0.7459808302045348 0
0 1343 0 1
1343
0.9527621207736983 0.7463315153999848 0
0 1344 0 1
1344
0.958661769967569 0.7466435990951702 0
0 1345 0 1
1345
0.9645633544738084 0.7469166435570164 0
0 1346 0 1
1346
0.9704667038228141 0.7471483889524836 0
0 1347 0 1
1347
0.9763715632529735 0.7473377970381745 0
0 1348 0 1
1348
0.9822776283304818 0.7474848871116502 0
0 1349 0 1
1349
0.9881845954612076 0.7475896581044619 0
0 1350 0 1
1350
0.9940921592935715 0.7476522800239319 0
0 1351 0 1
1351
0.1649003326892853 0.3889136910438538 0
0 1352 0 1
1352
0.1649003326892853 0.3889136910438538 0
0 1353 0 1
1353
0.1649003326892853 0.3889136910438538 0
0 1354 0 1
1354
0.1649003326892853 0.3889136910438538 0
0 1355 0 1
1355
0.1649003326892853 0.3889136910438538 0
0 1356 0 1
1356
0.1649003326892853 0.3889136910438538 0
0 1357 0 1
1357
0.1649003326892853 0.3889136910438538 0
0 1358 0 1
1358
0.1649003326892853 0.3889136910438538 0
0 1359 0 1
1359
0.1649003326892853 0.3889136910438539 0
0 1360 0 1
1360
0.1649003326892853 0.3889136910438539 0
0 1361 0 1
1361
0.1649003326892852 0.3889136910438538 0
0 1362 0 1
1362
0.1649003326892853 0.3889136910438539 0
0 1363 0 1
1363
0.1649003326892853 0.3889136910438538 0
0 1364 0 1
1364
0.1649003326892853 0.3889136910438539 0
0 1365 0 1
1365
0.1649003326892853 0.3889136910438539 0
0 1366 0 1
1366
0.1649003326892853 0.3889136910438539 0
0 1367 0 1
1367
0.1618987269775394 0.4014082867051318 0
0 1368 0 1
1368
0.1590611852736131 0.4139407302213531 0
0 1369 0 1
1369
0.1565119482929054 0.4265353569195218 0
0 1370 0 1
1370
0.1539387516124483 0.4391249254530195 0
0 1371 0 1
1371
0.1510610797133392 0.4516484297995261 0
0 1372 0 1
1372
0.1479598903073068 0.4641187005706933 0
0 1373 0 1
1373
0.1449968436534361 0.4766224148770249 0
0 1374 0 1
1374
0.1422337876153537 0.48917186663922 0
0 1375 0 1
1375
0.1395557712532586 0.501739859699988 0
0 1376 0 1
1376
0.136873594004332 0.5143069648816486 0
0 1377 0 1
1377
0.1342783119383751 0.5268922422062629 0
0 1378 0 1
1378
0.1318163222266835 0.5395042760862924 0
0 1379 0 1
1379
0.1294815883611381 0.5521404971830727 0
0 1380 0 1
1380
0.1272304280869676 0.5647919065314007 0
0 1381 0 1
1381
0.1250446442457606 0.5774547724509457 0
0 1382 0 1
1382
0.1229594464530524 0.590134561650135 0
0 1383 0 1
1383
0.1209897992703421 0.6028328151800075 0
0 1384 0 1
1384
0.119119908001871 0.6155461643535811 0
0 1385 0 1
1385
0.1173237437024459 0.6282701413025462 0
0 1386 0 1
1386
0.1156107087621233 0.6410055602080497 0
0 1387 0 1
1387
0.114001607567723 0.6537545265701568 0
0 1388 0 1
1388
0.1124876917374152 0.6665151612309198 0
0 1389 0 1
1389
0.1110435981970775 0.6792838906758155 0
0 1390 0 1
1390
0.1096699716777632 0.6920603870216478 0
0 1391 0 1
1391
0.108384461959573 0.7048460441501776 0
0 1392 0 1
1392
0.1071828327906174 0.7176398677757987 0
0 1393 0 1
1393
0.1060441653919494 0.730439452280321 0
0 1394 0 1
1394
0.1049681785120998 0.7432444552306186 0
0 1395 0 1
1395
0.1039667429505967 0.756055500531664 0
0 1396 0 1
1396
0.1030369901312881 0.7688719544654519 0
0 1397 0 1
1397
0.1021616500400696 0.7816922424194045 0
0 1398 0 1
1398
0.1013433127928508 0.7945162917477112 0
0 1399 0 1
1399
0.1005869338390393 0.8073441446824262 0
0 1400 0 1
1400
0.09989203420707345 0.8201754750882271 0
0 1401 0 1
1401
0.0992560144957602 0.8330098620495745 0
0 1402 0 1
1402
0.09866201436807848 0.8458462638219254 0
0 1403 0 1
1403
0.09812177519342186 0.8586850378566698 0
0 1404 0 1
1404
0.09763711939689053 0.8715260303581179 0
0 1405 0 1
1405
0.09720772339000404 0.8843689896394342 0
0 1406 0 1
1406
0.09682059738729343 0.8972132996097391 0
0 1407 0 1
1407
0.09646719175928802 0.9100585778806614 0
0 1408 0 1
1408
0.09615958102775671 0.9229050338730893 0
0 1409 0 1
1409
0.09589840428713664 0.9357525173164977 0
0 1410 0 1
1410
0.09568955972863638 0.9486009557856914 0
0 1411 0 1
1411
0.09553569557980805 0.9614501699770631 0
0 1412 0 1
1412
0.09543170612730155 0.9742998886709213 0
0 1413 0 1
1413
0.09536940420060393 0.9871498772555181 0
0 1414 0 1
1414
0.7379392473154605 0.6962970788257519 0
0 1415 0 1
1415
0.7365290108393195 0.698233468335073 0
0 1416 0 1
1416
0.7351745848120274 0.7002005277495429 0
0 1417 0 1
1417
0.7338727108273984 0.702196279517816 0
0 1418 0 1
1418
0.7326201304792483 0.7042187460885483 0
0 1419 0 1
1419
0.7314135853613928 0.706265949910395 0
0 1420 0 1
1420
0.7302498170676469 0.7083359134320121 0
0 1421 0 1
1421
0.729125567191826 0.7104266591020545 0
0 1422 0 1
1422
0.7280375589407315 0.7125362457380561 0
0 1423 0 1
1423
0.7280375405537266 0.7125362821069388 0
0 1424 0 1
1424
0.7280375221667318 0.7125363184758267 0
0 1425 0 1
1425
0.7280375037797463 0.7125363548447192 0
0 1426 0 1
1426
0.7280374853927708 0.712536391213617 0
0 1427 0 1
1427
0.728037467005805 0.7125364275825197 0
0 1428 0 1
1428
0.7280374486188489 0.7125364639514273 0
0 1429 0 1
1429
0.7280374302319025 0.7125365003203399 0
0 1430 0 1
1430
0.726896817686552 0.7148389241763973 0
0 1431 0 1
1431
0.725790758148765 0.7171585193578102 0
0 1432 0 1
1432
0.7247151005905841 0.7194928141024209 0
0 1433 0 1
1433
0.7236657123710084 0.7218393002791653 0
0 1434 0 1
1434
0.722639340104451 0.7241959465414834 0
0 1435 0 1
1435
0.7216359478666494 0.7265624689774398 0
0 1436 0 1
1436
0.7206554382946647 0.7289385630777966 0
0 1437 0 1
1437
0.7196976520950978 0.731323907692967 0
0 1438 0 1
1438
0.7187615320440582 0.7337202307361615 0
0 1439 0 1
1439
0.7187607308094547 0.7337223103101497 0
0 1440 0 1
1440
0.7187599295915341 0.7337243898905654 0
0 1441 0 1
1441
0.7187591283902965 0.7337264694774082 0
0 1442 0 1
1442
0.7187583272057417 0.7337285490706782 0
0 1443 0 1
1443
0.7187575260378695 0.7337306286703749 0
0 1444 0 1
1444
0.7187567248866795 0.7337327082764983 0
0 1445 0 1
1445
0.7187559237521717 0.7337347878890482 0
0 1446 0 1
1446
0.7164504910263024 0.7399350042816256 0
0 1447 0 1
1447
0.7142726831682013 0.746178910607168 0
0 1448 0 1
1448
0.7121667711562688 0.7524474581170857 0
0 1449 0 1
1449
0.7101270484720615 0.7587378547842569 0
0 1450 0 1
1450
0.7081537192458018 0.7650493941538421 0
0 1451 0 1
1451
0.7062478113857065 0.7713816181682505 0
0 1452 0 1
1452
0.7044103623551636 0.7777340444286843 0
0 1453 0 1
1453
0.7026420905421124 0.7841060732412923 0
0 1454 0 1
1454
0.7009433764665055 0.7904969969367799 0
0 1455 0 1
1455
0.6993106467412448 0.7969051026639471 0
0 1456 0 1
1456
0.6977374138600652 0.8033280753032787 0
0 1457 0 1
1457
0.6962235992874597 0.8097653111767104 0
0 1458 0 1
1458
0.6947693682362011 0.8162162686061678 0
0 1459 0 1
1459
0.6933744351865312 0.8226803087961549 0
0 1460 0 1
1460
0.6920347890162755 0.8291560355352192 0
0 1461 0 1
1461
0.6907493389946177 0.8356427377285858 0
0 1462 0 1
1462
0.6895184522421088 0.8421400143309828 0
0 1463 0 1
1463
0.6883421770556711 0.8486473999457899 0
0 1464 0 1
1464
0.6872195766224515 0.8551642597895178 0
0 1465 0 1
1465
0.6861508383194985 0.8616901689232078 0
0 1466 0 1
1466
0.6851361883362095 0.8682247062892687 0
0 1467 0 1
1467
0.6841756862890667 0.8747674219220025 0
0 1468 0 1
1468
0.6832692310496845 0.8813178445822828 0
0 1469 0 1
1469
0.6824139250153977 0.8878751443792483 0
0 1470 0 1
1470
0.6816081822906538 0.8944387186190843 0
0 1471 0 1
1471
0.6808521902611191 0.9010082089098466 0
0 1472 0 1
1472
0.6801456193001427 0.9075831987395163 0
0 1473 0 1
1473
0.6794879265445178 0.914163257433764 0
0 1474 0 1
1474
0.6788794333526978 0.9207480480764805 0
0 1475 0 1
1475
0.6783202366144817 0.9273372080579517 0
0 1476 0 1
1476
0.6778105161709581 0.9339303798540529 0
0 1477 0 1
1477
0.6773502335887632 0.9405271874765662 0
0 1478 0 1
1478
0.6769393652418034 0.9471272570893108 0
0 1479 0 1
1479
0.6765771908222041 0.9537301786018224 0
0 1480 0 1
1480
0.676262935183785 0.9603355539859849 0
0 1481 0 1
1481
0.6759969410693188 0.9669430487424223 0
0 1482 0 1
1482
0.6757793960172962 0.9735523159933045 0
0 1483 0 1
1483
0.6756103219879289 0.9801630006125998 0
0 1484 0 1
1484
0.6754896801505912 0.9867747465470244 0
0 1485 0 1
1485
0.6754174174951431 0.9933871981985227 0
0 1486 0 1
1486
0.1649003326892853 0.3889136910438538 0
0 1487 0 1
1487
0.1649003326892853 0.3889136910438538 0
0 1488 0 1
1488
0.1649003326892853 0.3889136910438538 0
0 1489 0 1
1489
0.1649003326892853 0.3889136910438538 0
0 1490 0 1
1490
0.1649003326892853 0.3889136910438538 0
0 1491 0 1
1491
0.1649003326892853 0.3889136910438538 0
0 1492 0 1
1492
0.1649003326892853 0.3889136910438538 0
0 1493 0 1
1493
0.1649003326892853 0.3889136910438538 0
0 1494 0 1
1494
0.1649003326892853 0.3889136910438538 0
0 1495 0 1
1495
0.1649003326892853 0.3889136910438538 0
0 1496 0 1
1496
0.1649003326892853 0.3889136910438538 0
0 1497 0 1
1497
0.1649003326892853 0.3889136910438538 0
0 1498 0 1
1498
0.1649003326892853 0.3889136910438538 0
0 1499 0 1
1499
0.1649003326892853 0.3889136910438538 0
0 1500 0 1
1500
0.1649003326892853 0.3889136910438538 0
0 1501 0 1
1501
0.1649003326892853 0.3889136910438538 0
0 1502 0 1
1502
0.1649003326892853 0.3889136910438538 0
0 1503 0 1
1503
0.1649003326892853 0.3889136910438538 0
0 1504 0 1
1504
0.1649003326892853 0.3889136910438538 0
0 1505 0 1
1505
0.1649003326892853 0.3889136910438538 0
0 1506 0 1
1506
0.1649003326892853 0.3889136910438538 0
0 1507 0 1
1507
0.1649003326892853 0.3889136910438538 0
0 1508 0 1
1508
0.1649003326892853 0.3889136910438538 0
0 1509 0 1
1509
0.1649003326892853 0.3889136910438538 0
0 1510 0 1
1510
0.1649003326892853 0.3889136910438538 0
0 1511 0 1
1511
0.1649003326892853 0.3889136910438538 0
0 1512 0 1
1512
0.1649003326892853 0.3889136910438538 0
0 1513 0 1
1513
0.1649003326892853 0.3889136910438539 0
0 1514 0 1
1514
0.1649003326892853 0.3889136910438539 0
0 1515 0 1
1515
0.1649003326892853 0.3889136910438539 0
0 1516 0 1
1516
0.1649003326892853 0.3889136910438539 0
0 1517 0 1
1517
0.1649003326892853 0.3889136910438538 0
0 1518 0 1
1518
0.1618970300345697 0.4014078743854341 0
0 1519 0 1
1519
0.1590607546482933 0.413940670126476 0
0 1520 0 1
1520
0.1565111184343785 0.4265352343002147 0
0 1521 0 1
1521
0.1539354101715265 0.4391243308456141 0
0 1522 0 1
1522
0.1510578867636514 0.4516478885786199 0
0 1523 0 1
1523
0.1479555814984468 0.4641178941074565 0
0 1524 0 1
1524
0.1449928536681528 0.4766217021874071 0
0 1525 0 1
1525
0.1422297334623024 0.4891711565207946 0
0 1526 0 1
1526
0.1395514471437306 0.5017391034293666 0
0 1527 0 1
1527
0.1368697836112934 0.5143063295644164 0
0 1528 0 1
1528
0.1342746313947543 0.5268916470423379 0
0 1529 0 1
1529
0.1318127387206311 0.5395037128950713 0
0 1530 0 1
1530
0.1294779023709979 0.5521399281361923 0
0 1531 0 1
1531
0.1272268610741019 0.5647913704488082 0
0 1532 0 1
1532
0.1250416687481163 0.5774543493790457 0
0 1533 0 1
1533
0.1229564828784309 0.5901341529723227 0
0 1534 0 1
1534
0.1209868649470432 0.6028324236432044 0
0 1535 0 1
1535
0.1191168834412559 0.6155457710190767 0
0 1536 0 1
1536
0.1173207515086962 0.6282697642649617 0
0 1537 0 1
1537
0.1156079285512646 0.6410052241931649 0
0 1538 0 1
1538
0.1139988616670743 0.6537542070801586 0
0 1539 0 1
1539
0.1124848980651674 0.6665148476953856 0
0 1540 0 1
1540
0.1110408411111471 0.6792835928637195 0
0 1541 0 1
1541
0.1096671526156627 0.6920600942793991 0
0 1542 0 1
1542
0.1083816864718797 0.7048457677108956 0
0 1543 0 1
1543
0.1071800431632498 0.7176396016230655 0
0 1544 0 1
1544
0.1060414007733191 0.7304391998228916 0
0 1545 0 1
1545
0.1049654903087989 0.7432442207687648 0
0 1546 0 1
1546
0.103964077721812 0.7560552795378839 0
0 1547 0 1
1547
0.1030342093711288 0.7688717364535257 0
0 1548 0 1
1548
0.1021588902484537 0.7816920372210123 0
0 1549 0 1
1549
0.1013405816653566 0.7945160998546926 0
0 1550 0 1
1550
0.100584223667266 0.8073439654757477 0
0 1551 0 1
1551
0.09988935253441056 0.8201753088505013 0
0 1552 0 1
1552
0.09925334302318042 0.8330097076260387 0
0 1553 0 1
1553
0.09865934746347292 0.8458461208840622 0
0 1554 0 1
1554
0.09811912492733374 0.8586849069821741 0
0 1555 0 1
1555
0.09763448880854371 0.8715259116043544 0
0 1556 0 1
1556
0.09720515912114723 0.8843688843571637 0
0 1557 0 1
1557
0.09681808807597644 0.8972132071859327 0
0 1558 0 1
1558
0.09646475703301972 0.9100584988206093 0
0 1559 0 1
1559
0.09615715461519088 0.9229049662887238 0
0 1560 0 1
1560
0.09589598691905232 0.9357524612065022 0
0 1561 0 1
1561
0.09568714440484979 0.9486009110796304 0
0 1562 0 1
1562
0.09553329419076396 0.9614501368020915 0
0 1563 0 1
1563
0.09542925346946811 0.9742998662421606 0
0 1564 0 1
1564
0.09536694243443458 0.9871498660199363 0
0 1565 0 1
1565
0.737943721999082 0.6962994766914544 0
0 1566 0 1
1566
0.736536527680467 0.6982374875905171 0
0 1567 0 1
1567
0.7351838982521155 0.7002054934218117 0
0 1568 0 1
1568
0.7338827622753544 0.7022016181370405 0
0 1569 0 1
1569
0.73263004831151 0.7042239856879045 0
0 1570 0 1
1570
0.7314226849219084 0.7062707200261047 0
0 1571 0 1
1571
0.7302576006678767 0.7083399451033432 0
0 1572 0 1
1572
0.7291317241107412 0.710429784871321 0
0 1573 0 1
1573
0.7280419653913521 0.7125383996406898 0
0 1574 0 1
1574
0.7280419469708854 0.7125384359996447 0
0 1575 0 1
1575
0.7280419285504287 0.7125384723586049 0
0 1576 0 1
1576
0.7280419101299817 0.7125385087175701 0
0 1577 0 1
1577
0.7280418917095444 0.71253854507654 0
0 1578 0 1
1578
0.7280418732891167 0.7125385814355151 0
0 1579 0 1
1579
0.728041854868699 0.7125386177944952 0
0 1580 0 1
1580
0.7280418364482909 0.7125386541534801 0
0 1581 0 1
1581
0.7268993884664146 0.7148401056390554 0
0 1582 0 1
1582
0.7257918057946209 0.7171588993766806 0
0 1583 0 1
1583
0.7247151743185274 0.719492692218265 0
0 1584 0 1
1584
0.7236655983441489 0.7218391046567273 0
0 1585 0 1
1585
0.7226394389883514 0.7241958965342208 0
0 1586 0 1
1586
0.7216359038615862 0.7265623725404066 0
0 1587 0 1
1587
0.7206553824986985 0.7289384916967896 0
0 1588 0 1
1588
0.7196975453156635 0.7313238419663332 0
0 1589 0 1
1589
0.7187614152407809 0.7337201857237371 0
0 1590 0 1
1590
0.7187606140058244 0.7337222652998646 0
0 1591 0 1
1591
0.7187598127874961 0.7337243448824013 0
0 1592 0 1
1592
0.7187590115857956 0.7337264244713471 0
0 1593 0 1
1593
0.7187582104007227 0.7337285040667014 0
0 1594 0 1
1594
0.7187574092322772 0.7337305836684641 0
0 1595 0 1
1595
0.7187566080804584 0.733732663276635 0
0 1596 0 1
1596
0.7187558069452661 0.7337347428912138 0
0 1597 0 1
1597
0.7164505710362993 0.7399350602079021 0
0 1598 0 1
1598
0.7142708854359373 0.7461783322053823 0
0 1599 0 1
1599
0.7121650911606026 0.7524469364735541 0
0 1600 0 1
1600
0.7101253446503987 0.7587373421099339 0
0 1601 0 1
1601
0.7081520213650657 0.7650488996704936 0
0 1602 0 1
1602
0.7062461763616781 0.7713811590287024 0
0 1603 0 1
1603
0.7044087163686047 0.7777335988632046 0
0 1604 0 1
1604
0.7026404144088693 0.7841056356949538 0
0 1605 0 1
1605
0.7009416695736053 0.7904965674193161 0
0 1606 0 1
1606
0.6993090172713797 0.7969047085680862 0
0 1607 0 1
1607
0.6977357553426758 0.8033276892401977 0
0 1608 0 1
1608
0.6962219484768588 0.8097649421847438 0
0 1609 0 1
1609
0.6947677240611719 0.8162159162997812 0
0 1610 0 1
1610
0.6933727354309571 0.8226799596553792 0
0 1611 0 1
1611
0.6920330960151777 0.8291557027311094 0
0 1612 0 1
1612
0.6907476771472213 0.8356424257576466 0
0 1613 0 1
1613
0.689516788575767 0.8421397165786842 0
0 1614 0 1
1614
0.6883404626474411 0.8486471076768521 0
0 1615 0 1
1615
0.6872178379095429 0.8551639779674548 0
0 1616 0 1
1616
0.6861490868919738 0.8616898996939896 0
0 1617 0 1
1617
0.6851343921745086 0.8682244444973389 0
0 1618 0 1
1618
0.6841738875869342 0.8747671742994941 0
0 1619 0 1
1619
0.6832674259881334 0.8813176104460814 0
0 1620 0 1
1620
0.6824121675349278 0.8878749306032367 0
0 1621 0 1
1621
0.681606470152241 0.8944385244543908 0
0 1622 0 1
1622
0.6808505004773597 0.9010080314788027 0
0 1623 0 1
1623
0.6801439016457234 0.9075830323052538 0
0 1624 0 1
1624
0.6794862218969318 0.9141631063384732 0
0 1625 0 1
1625
0.6788776912571781 0.9207479076242944 0
0 1626 0 1
1626
0.6783184969362661 0.9273370819592607 0
0 1627 0 1
1627
0.6778087522754319 0.9339302659952753 0
0 1628 0 1
1628
0.6773485003867258 0.9405270897566033 0
0 1629 0 1
1629
0.6769375597501039 0.9471271689032399 0
0 1630 0 1
1630
0.6765752519205427 0.9537300969594877 0
0 1631 0 1
1631
0.6762609750405502 0.9603354852481214 0
0 1632 0 1
1632
0.6759949708679014 0.9669429934676482 0
0 1633 0 1
1633
0.6757773519038545 0.9735522720728568 0
0 1634 0 1
1634
0.675608292682771 0.9801629710360495 0
0 1635 0 1
1635
0.6754876753976051 0.9867747312706291 0
0 1636 0 1
1636
0.6754154288534502 0.9933871971707025 0
0 1637 0 1
1637
0.1649003326892853 0.3889136910438538 0
0 1638 0 1
1638
0.1649003326892853 0.3889136910438538 0
0 1639 0 1
1639
0.1649003326892853 0.3889136910438538 0
0 1640 0 1
1640
0.1649003326892853 0.3889136910438538 0
0 1641 0 1
1641
0.1649003326892853 0.3889136910438538 0
0 1642 0 1
1642
0.1649003326892853 0.3889136910438538 0
0 1643 0 1
1643
0.1649003326892853 0.3889136910438538 0
0 1644 0 1
1644
0.1649003326892853 0.3889136910438538 0
0 1645 0 1
1645
0.1649003326892853 0.3889136910438538 0
0 1646 0 1
1646
0.1649003326892853 0.3889136910438538 0
0 1647 0 1
1647
0.1649003326892853 0.3889136910438538 0
0 1648 0 1
1648
0.1649003326892853 0.3889136910438538 0
0 1649 0 1
1649
0.1649003326892853 0.3889136910438538 0
0 1650 0 1
1650
0.1649003326892853 0.3889136910438538 0
0 1651 0 1
1651
0.1649003326892853 0.3889136910438538 0
0 1652 0 1
1652
0.1649003326892853 0.3889136910438538 0
0 1653 0 1
1653
0.1649003326892853 0.3889136910438539 0
0 1654 0 1
1654
0.1649003326892853 0.3889136910438536 0
0 1655 0 1
1655
0.1649003326892853 0.3889136910438537 0
0 1656 0 1
1656
0.1649003326892853 0.3889136910438538 0
0 1657 0 1
1657
0.1649003326892853 0.3889136910438539 0
0 1658 0 1
1658
0.1649003326892853 0.3889136910438537 0
0 1659 0 1
1659
0.1649003326892853 0.3889136910438538 0
0 1660 0 1
1660
0.1649003326892853 0.3889136910438538 0
0 1661 0 1
1661
0.1649003326892853 0.3889136910438539 0
0 1662 0 1
1662
0.1649003326892853 0.3889136910438538 0
0 1663 0 1
1663
0.1649003326892853 0.388913691043854 0
0 1664 0 1
1664
0.1649003326892853 0.3889136910438539 0
0 1665 0 1
1665
0.1649003326892852 0.3889136910438538 0
0 1666 0 1
1666
0.1649003326892853 0.388913691043854 0
0 1667 0 1
1667
0.1649003326892852 0.3889136910438538 0
0 1668 0 1
1668
0.1649003326892852 0.3889136910438538 0
0 1669 0 1
1669
0.1617516129932502 0.3889901845799933 0
0 1670 0 1
1670
0.1586044614532305 0.3891092319623783 0
0 1671 0 1
1671
0.1554583996240964 0.3892580039097967 0
0 1672 0 1
1672
0.1523129490607186 0.389423671141036 0
0 1673 0 1
1673
0.1491676313179676 0.3895934043748835 0
0 1674 0 1
1674
0.1460219679507139 0.3897543743301273 0
0 1675 0 1
1675
0.1428754805138281 0.3898937517255548 0
0 1676 0 1
1676
0.1397277700194847 0.3900001238015771 0
0 1677 0 1
1677
0.1331642627568228 0.3901256773041473 0
0 1678 0 1
1678
0.1297490872284975 0.3901493249001667 0
0 1679 0 1
1679
0.1263338287250404 0.3901498267922782 0
0 1680 0 1
1680
0.1229185736447439 0.3901436208994201 0
0 1681 0 1
1681
0.1195033232498357 0.3901511272898566 0
0 1682 0 1
1682
0.1160881488457343 0.3901751867420935 0
0 1683 0 1
1683
0.1126731280088209 0.390215544434186 0
0 1684 0 1
1684
0.1092583353873506 0.3902719983393835 0
0 1685 0 1
1685
0.105843842404109 0.3903443432685619 0
0 1686 0 1
1686
0.1024297179242478 0.3904323785176978 0
0 1687 0 1
1687
0.09901602817898472 0.3905359094596934 0
0 1688 0 1
1688
0.09560283403999974 0.3906546710950586 0
0 1689 0 1
1689
0.09219020348059592 0.3907886434416584 0
0 1690 0 1
1690
0.08877788604156758 0.390930404144378 0
0 1691 0 1
1691
0.08536528297602279 0.3910650913901368 0
0 1692 0 1
1692
0.08195227656017272 0.3911891447730962 0
0 1693 0 1
1693
0.07853891217688443 0.3913029221329148 0
0 1694 0 1
1694
0.07512522498695792 0.3914065634153714 0
0 1695 0 1
1695
0.07171125036601916 0.3915002612225 0
0 1696 0 1
1696
0.06829702269118311 0.3915842339191594 0
0 1697 0 1
1697
0.06488257368262232 0.3916586674359515 0
0 1698 0 1
1698
0.06146793360055126 0.3917237501018626 0
0 1699 0 1
1699
0.05805312897829051 0.3917795235481021 0
0 1700 0 1
1700
0.0546382221164373 0.39182868860059 0
0 1701 0 1
1701
0.0512233595331536 0.3918808161175172 0
0 1702 0 1
1702
0.04780861676977122 0.3919402783427807 0
0 1703 0 1
1703
0.04439398831831599 0.3920059852224798 0
0 1704 0 1
1704
0.0409793920759572 0.3920733507545547 0
0 1705 0 1
1705
0.03756478088039576 0.3921399550631401 0
0 1706 0 1
1706
0.03415015610596753 0.392205858954745 0
0 1707 0 1
1707
0.03073551336965752 0.3922708264354128 0
0 1708 0 1
1708
0.0273207962908218 0.3923317469100932 0
0 1709 0 1
1709
0.02390596144641337 0.3923856600221404 0
0 1710 0 1
1710
0.02049102085953676 0.3924323982795623 0
0 1711 0 1
1711
0.01707598917446726 0.3924719238173786 0
0 1712 0 1
1712
0.01366088191185229 0.3925042674075758 0
0 1713 0 1
1713
0.01024571408069387 0.3925294152414663 0
0 1714 0 1
1714
0.006830500835782288 0.3925473673285956 0
0 1715 0 1
1715
0.003415257350428568 0.3925580608138712 0
0 1716 0 1
1716
0.1276245266199112 0.1443622559309006 0
0 1717 0 1
1717
0.1276245266199112 0.1443622559309006 0
0 1718 0 1
1718
0.1276245266199112 0.1443622559309006 0
0 1719 0 1
1719
0.1276245266199112 0.1443622559309006 0
0 1720 0 1
1720
0.1276245266199112 0.1443622559309006 0
0 1721 0 1
1721
0.1276245266199112 0.1443622559309006 0
0 1722 0 1
1722
0.1276245266199112 0.1443622559309006 0
0 1723 0 1
1723
0.1276245266199112 0.1443622559309006 0
0 1724 0 1
1724
0.1276245250586092 0.1443622575612115 0
0 1725 0 1
1725
0.1276245234973071 0.1443622591915223 0
0 1726 0 1
1726
0.1276245219360051 0.144362260821833 0
0 1727 0 1
1727
0.1276245203747029 0.1443622624521437 0
0 1728 0 1
1728
0.1276245188134007 0.1443622640824542 0
0 1729 0 1
1729
0.1276245172520984 0.1443622657127646 0
0 1730 0 1
1730
0.1276245156907961 0.144362267343075 0
0 1731 0 1
1731
0.1276245141294937 0.1443622689733853 0
0 1732 0 1
1732
0.1253424133457729 0.1466020371501776 0
0 1733 0 1
1733
0.1229583475352026 0.1486733246778418 0
0 1734 0 1
1734
0.1204803438020273 0.1505849172435468 0
0 1735 0 1
1735
0.1179164308117937 0.1523455989041513 0
0 1736 0 1
1736
0.1152746372300488 0.1539641537165144 0
0 1737 0 1
1737
0.1125629917223391 0.1554493657374948 0
0 1738 0 1
1738
0.1097895229542117 0.1568100190239515 0
0 1739 0 1
1739
0.1069622595912132 0.1580548976327433 0
0 1740 0 1
1740
0.1028727093839473 0.1596402347421448 0
0 1741 0 1
1741
0.1016501440331332 0.1600710609237022 0
0 1742 0 1
1742
0.1004220404028923 0.1604857601984637 0
0 1743 0 1
1743
0.09918862691271568 0.1608843381913949 0
0 1744 0 1
1744
0.09795011546711012 0.1612668047162957 0
0 1745 0 1
1745
0.09670682174211025 0.1616334406212873 0
0 1746 0 1
1746
0.09545907049879342 0.1619845901136307 0
0 1747 0 1
1747
0.09420716985442606 0.1623206395559004 0
0 1748 0 1
1748
0.09295051933660003 0.162642248587671 0
0 1749 0 1
1749
0.0929496133220851 0.1626424749539779 0
0 1750 0 1
1750
0.0929487073057334 0.1626427013129353 0
0 1751 0 1
1751
0.09294780128754514 0.1626429276645433 0
0 1752 0 1
1752
0.09294689526752038 0.1626431540088024 0
0 1753 0 1
1753
0.09294598924565922 0.1626433803457125 0
0 1754 0 1
1754
0.09294508322196182 0.1626436066752739 0
0 1755 0 1
1755
0.09294417719642828 0.1626438329974869 0
0 1756 0 1
1756
0.09018520726711302 0.1632980342611821 0
0 1757 0 1
1757
0.08741313574907589 0.1638898306635057 0
0 1758 0 1
1758
0.08462963177521092 0.1644252928509675 0
0 1759 0 1
1759
0.0818370492946606 0.1649112318336677 0
0 1760 0 1
1760
0.07903988911546334 0.1653701095859012 0
0 1761 0 1
1761
0.076240844218257 0.1658173403209183 0
0 1762 0 1
1762
0.07343987666495122 0.1662523768772394 0
0 1763 0 1
1763
0.07063665673909308 0.1666726471485296 0
0 1764 0 1
1764
0.06783076430421967 0.1670746858563527 0
0 1765 0 1
1765
0.06502224071890923 0.1674579147112567 0
0 1766 0 1
1766
0.06221121034323654 0.1678223005539637 0
0 1767 0 1
1767
0.0593977973534439 0.1681678087382162 0
0 1768 0 1
1768
0.05658212467101781 0.1684943913155247 0
0 1769 0 1
1769
0.05376432424238207 0.1688020753044289 0
0 1770 0 1
1770
0.05094452717935884 0.1690908889713505 0
0 1771 0 1
1771
0.04812286683806517 0.1693608921397681 0
0 1772 0 1
1772
0.04529947642563311 0.1696121603164512 0
0 1773 0 1
1773
0.04247452827458193 0.1698452648925856 0
0 1774 0 1
1774
0.0396482929099694 0.1700622097445645 0
0 1775 0 1
1775
0.0368209465015165 0.1702641577845572 0
0 1776 0 1
1776
0.03399255791252515 0.1704509447458099 0
0 1777 0 1
1777
0.03116320585918202 0.1706225199660939 0
0 1778 0 1
1778
0.02833296753527238 0.170778795411421 0
0 1779 0 1
1779
0.02550192389203944 0.1709197316152845 0
0 1780 0 1
1780
0.02267015586043122 0.1710452737298806 0
0 1781 0 1
1781
0.01983774691543728 0.1711554126880051 0
0 1782 0 1
1782
0.01700478032341713 0.1712501296634713 0
0 1783 0 1
1783
0.01417134029997547 0.1713294311796056 0
0 1784 0 1
1784
0.01133751129922073 0.1713933375479966 0
0 1785 0 1
1785
0.008503377456830691 0.1714418886303254 0
0 1786 0 1
1786
0.00566902527004053 0.1714753164741588 0
0 1787 0 1
1787
0.002834542447441317 0.1714948298316287 0
0 1788 0 1
1788
0.1649003326892853 0.3889136910438538 0
0 1789 0 1
1789
0.1649003326892853 0.3889136910438538 0
0 1790 0 1
1790
0.1649003326892853 0.3889136910438538 0
0 1791 0 1
1791
0.1649003326892853 0.3889136910438538 0
0 1792 0 1
1792
0.1649003326892853 0.3889136910438538 0
0 1793 0 1
1793
0.1649003326892853 0.3889136910438538 0
0 1794 0 1
1794
0.1649003326892853 0.3889136910438538 0
0 1795 0 1
1795
0.1649003326892853 0.3889136910438538 0
0 1796 0 1
1796
0.1649003326892853 0.3889136910438538 0
0 1797 0 1
1797
0.1649003326892853 0.3889136910438538 0
0 1798 0 1
1798
0.1649003326892853 0.3889136910438538 0
0 1799 0 1
1799
0.1649003326892853 0.3889136910438538 0
0 1800 0 1
1800
0.1649003326892853 0.3889136910438538 0
0 1801 0 1
1801
0.1649003326892853 0.3889136910438538 0
0 1802 0 1
1802
0.1649003326892853 0.3889136910438538 0
0 1803 0 1
1803
0.1649003326892853 0.3889136910438538 0
0 1804 0 1
1804
0.1649003326892853 0.3889136910438538 0
0 1805 0 1
1805
0.1649003326892853 0.3889136910438538 0
0 1806 0 1
1806
0.1649003326892853 0.3889136910438538 0
0 1807 0 1
1807
0.1649003326892853 0.3889136910438538 0
0 1808 0 1
1808
0.1649003326892853 0.3889136910438538 0
0 1809 0 1
1809
0.1649003326892853 0.3889136910438538 0
0 1810 0 1
1810
0.1649003326892853 0.3889136910438538 0
0 1811 0 1
1811
0.1649003326892853 0.3889136910438538 0
0 1812 0 1
1812
0.1649003326892853 0.3889136910438539 0
0 1813 0 1
1813
0.1649003326892853 0.3889136910438537 0
0 1814 0 1
1814
0.1649003326892853 0.3889136910438538 0
0 1815 0 1
1815
0.1649003326892853 0.3889136910438538 0
0 1816 0 1
1816
0.1649003326892853 0.3889136910438538 0
0 1817 0 1
1817
0.1649003326892853 0.3889136910438539 0
0 1818 0 1
1818
0.1649003326892853 0.3889136910438538 0
0 1819 0 1
1819
0.1649003326892853 0.3889136910438539 0
0 1820 0 1
1820
0.1617521309568743 0.388998749015349 0
0 1821 0 1
1821
0.1586051811800657 0.3891210779327731 0
0 1822 0 1
1822
0.1554590905223161 0.3892692935898889 0
0 1823 0 1
1823
0.152313466147082 0.3894320117804587 0
0 1824 0 1
1824
0.14916791521782 0.389597848298245 0
0 1825 0 1
1825
0.1460220448979866 0.3897554189370104 0
0 1826 0 1
1826
0.1428754623510385 0.3898933394905172 0
0 1827 0 1
1827
0.1397277917191177 0.3900005440028257 0
0 1828 0 1
1828
0.1330767025582084 0.3901270752728613 0
0 1829 0 1
1829
0.1295739471278399 0.3901501417653423 0
0 1830 0 1
1830
0.1260711166088361 0.3901505961190063 0
0 1831 0 1
1831
0.1225682857906273 0.3901460291252548 0
0 1832 0 1
1832
0.1190654688711867 0.3901553324042936 0
0 1833 0 1
1833
0.1155627414835102 0.3901824859498821 0
0 1834 0 1
1834
0.1120601882753062 0.3902266095766376 0
0 1835 0 1
1835
0.1085578882957458 0.3902876404838324 0
0 1836 0 1
1836
0.1050559191348546 0.3903653586485475 0
0 1837 0 1
1837
0.1015543534962822 0.390459528825677 0
0 1838 0 1
1838
0.09805326386359488 0.3905699767458461 0
0 1839 0 1
1839
0.09455271265156245 0.390696355399562 0
0 1840 0 1
1840
0.09105276335298722 0.3908384304372926 0
0 1841 0 1
1841
0.08755291570574643 0.3909829804761075 0
0 1842 0 1
1842
0.08405264442569596 0.3911168975122197 0
0 1843 0 1
1843
0.08055197440108913 0.3912399334598207 0
0 1844 0 1
1844
0.07705094050559168 0.3913521498855772 0
0 1845 0 1
1845
0.07354958487597912 0.3914538285870932 0
0 1846 0 1
1846
0.07004794410023231 0.3915451650399471 0
0 1847 0 1
1847
0.06654605325226212 0.3916263451311739 0
0 1848 0 1
1848
0.06304394642034825 0.3916976122557612 0
0 1849 0 1
1849
0.05954165284498057 0.3917590015763254 0
0 1850 0 1
1850
0.05603922119202344 0.3918119417134672 0
0 1851 0 1
1851
0.05253676963095941 0.3918635751265543 0
0 1852 0 1
1852
0.04903441856331528 0.391921585949321 0
0 1853 0 1
1853
0.04553219681476656 0.3919869594975965 0
0 1854 0 1
1854
0.04203004263286633 0.3920558620423252 0
0 1855 0 1
1855
0.03852788353129952 0.3921245093364228 0
0 1856 0 1
1856
0.03502570710527624 0.392192268905185 0
0 1857 0 1
1857
0.03152351879654011 0.3922594099291564 0
0 1858 0 1
1858
0.02802126712713209 0.3923231618777097 0
0 1859 0 1
1859
0.02451889463690966 0.3923798832439719 0
0 1860 0 1
1860
0.02101640763871823 0.3924290297172032 0
0 1861 0 1
1861
0.01751382259252787 0.3924706059225515 0
0 1862 0 1
1862
0.01401115588536649 0.392504613806395 0
0 1863 0 1
1863
0.01050842389358024 0.3925310507260359 0
0 1864 0 1
1864
0.007005643117259489 0.3925499812346123 0
0 1865 0 1
1865
0.003502829617416209 0.3925611843118182 0
0 1866 0 1
1866
0.1276245266199112 0.1443622559309005 0
0 1867 0 1
1867
0.1276245266199112 0.1443622559309005 0
0 1868 0 1
1868
0.1276245266199112 0.1443622559309005 0
0 1869 0 1
1869
0.1276245266199112 0.1443622559309005 0
0 1870 0 1
1870
0.1276245266199112 0.1443622559309005 0
0 1871 0 1
1871
0.1276245266199112 0.1443622559309005 0
0 1872 0 1
1872
0.1276245266199112 0.1443622559309005 0
0 1873 0 1
1873
0.1276245266199112 0.1443622559309005 0
0 1874 0 1
1874
0.1276245266199112 0.1443622559309006 0
0 1875 0 1
1875
0.1276245266199112 0.1443622559309005 0
0 1876 0 1
1876
0.1276245266199112 0.1443622559309005 0
0 1877 0 1
1877
0.1276245266199112 0.1443622559309006 0
0 1878 0 1
1878
0.1276245266199112 0.1443622559309005 0
0 1879 0 1
1879
0.1276245266199112 0.1443622559309006 0
0 1880 0 1
1880
0.1276245266199112 0.1443622559309005 0
0 1881 0 1
1881
0.1276245266199112 0.1443622559309005 0
0 1882 0 1
1882
0.1276245266199112 0.1443622559309006 0
0 1883 0 1
1883
0.1276245266199112 0.1443622559309006 0
0 1884 0 1
1884
0.1276245266199112 0.1443622559309006 0
0 1885 0 1
1885
0.1276245266199112 0.1443622559309006 0
0 1886 0 1
1886
0.1276245266199112 0.1443622559309006 0
0 1887 0 1
1887
0.1276245266199112 0.1443622559309006 0
0 1888 0 1
1888
0.1276245266199112 0.1443622559309006 0
0 1889 0 1
1889
0.1276245266199112 0.1443622559309006 0
0 1890 0 1
1890
0.1276245250042132 0.1443622576090119 0
0 1891 0 1
1891
0.1276245233885152 0.144362259287123 0
0 1892 0 1
1892
0.1276245217728172 0.1443622609652341 0
0 1893 0 1
1893
0.1276245201571191 0.1443622626433451 0
0 1894 0 1
1894
0.127624518541421 0.144362264321456 0
0 1895 0 1
1895
0.1276245169257227 0.1443622659995669 0
0 1896 0 1
1896
0.1276245153100245 0.1443622676776776 0
0 1897 0 1
1897
0.1276245136943261 0.1443622693557882 0
0 1898 0 1
1898
0.1253390322370914 0.1465955909777085 0
0 1899 0 1
1899
0.122953080845922 0.148663251473673 0
0 1900 0 1
1900
0.120474408054892 0.1505735188933991 0
0 1901 0 1
1901
0.1179107640137737 0.1523346596084936 0
0 1902 0 1
1902
0.1152698988723395 0.1539549399905632 0
0 1903 0 1
1903
0.1125595627803617 0.1554426264112147 0
0 1904 0 1
1904
0.1097875058876128 0.156805985242055 0
0 1905 0 1
1905
0.1069614783438649 0.1580532828546908 0
0 1906 0 1
1906
0.1028728526546666 0.1596405419153321 0
0 1907 0 1
1907
0.1016502813104392 0.1600714051472379 0
0 1908 0 1
1908
0.1004220829399474 0.1604859770889763 0
0 1909 0 1
1909
0.09918866329420276 0.1608846003382772 0
0 1910 0 1
1910
0.09795023407009218 0.1612673049581546 0
0 1911 0 1
1911
0.09670700983890074 0.1616341465815088 0
0 1912 0 1
1912
0.09545929440341498 0.1619854539690629 0
0 1913 0 1
1913
0.09420742543574377 0.1623216603466098 0
0 1914 0 1
1914
0.09295081874266668 0.162643446618768 0
0 1915 0 1
1915
0.09294991271898083 0.1626436731274439 0
0 1916 0 1
1916
0.09294900669345862 0.1626438996287723 0
0 1917 0 1
1917
0.09294810066610022 0.1626441261227533 0
0 1918 0 1
1918
0.09294719463690573 0.1626443526093871 0
0 1919 0 1
1919
0.09294628860587519 0.1626445790886739 0
0 1920 0 1
1920
0.09294538257300881 0.1626448055606138 0
0 1921 0 1
1921
0.09294447653830662 0.1626450320252072 0
0 1922 0 1
1922
0.09018554159772008 0.1632996406575563 0
0 1923 0 1
1923
0.08741349969528753 0.1638918794021042 0
0 1924 0 1
1924
0.08463002510841544 0.1644277568775918 0
0 1925 0 1
1925
0.08183782093676709 0.1649160784288514 0
0 1926 0 1
1926
0.07904077708548911 0.1653758460832662 0
0 1927 0 1
1927
0.07624159513563378 0.1658223964968805 0
0 1928 0 1
1928
0.0734406064255972 0.1662574616023528 0
0 1929 0 1
1929
0.07063728296980155 0.1666772309698708 0
0 1930 0 1
1930
0.06783137408276566 0.1670793525046793 0
0 1931 0 1
1931
0.06502282068396034 0.1674625736944551 0
0 1932 0 1
1932
0.06221176381259832 0.1678269758903692 0
0 1933 0 1
1933
0.05939832403696163 0.1681724982295127 0
0 1934 0 1
1934
0.05658262575677801 0.168499106653828 0
0 1935 0 1
1935
0.05376479896929415 0.1688068099437605 0
0 1936 0 1
1936
0.0509449758807241 0.1690956482474051 0
0 1937 0 1
1937
0.04812328741978537 0.169365654344379 0
0 1938 0 1
1938
0.04529987167325586 0.1696169563548271 0
0 1939 0 1
1939
0.04247491827779843 0.1698503327424775 0
0 1940 0 1
1940
0.03964866726612693 0.1700674314488198 0
0 1941 0 1
1941
0.03682128897720782 0.1702693173417711 0
0 1942 0 1
1942
0.03399287510555889 0.1704561318679773 0
0 1943 0 1
1943
0.03116349563258093 0.1706277052377934 0
0 1944 0 1
1944
0.02833323048157911 0.1707839889849236 0
0 1945 0 1
1945
0.02550216010599408 0.1709249360088068 0
0 1946 0 1
1946
0.02267036515236898 0.1710504859212836 0
0 1947 0 1
1947
0.01983792905903573 0.1711606293710653 0
0 1948 0 1
1948
0.01700493545212818 0.1712553511680096 0
0 1949 0 1
1949
0.01417146847517879 0.1713346700907765 0
0 1950 0 1
1950
0.01133761242726939 0.1713985748209123 0
0 1951 0 1
1951
0.008503451754316533 0.171447150715554 0
0 1952 0 1
1952
0.005669073465897015 0.1714807395819118 0
0 1953 0 1
1953
0.002834563524881547 0.1714997866704368 0
0 1954 0 1
1954
0.1276245125137954 0.1443622706514959 0
0 1955 0 1
1955
0.1276245124593994 0.1443622706992962 0
0 1956 0 1
1956
0.1276245124050034 0.1443622707470966 0
0 1957 0 1
1957
0.1276245123506075 0.144362270794897 0
0 1958 0 1
1958
0.1276245122962116 0.1443622708426973 0
0 1959 0 1
1959
0.1276245122418156 0.1443622708904977 0
0 1960 0 1
1960
0.1276245121874197 0.1443622709382981 0
0 1961 0 1
1961
0.1276245121330237 0.1443622709860984 0
0 1962 0 1
1962
0.1200206581762153 0.1605798245888119 0
0 1963 0 1
1963
0.1214332933995094 0.1785249770792281 0
0 1964 0 1
1964
0.1258081507947703 0.1959889722728411 0
0 1965 0 1
1965
0.1318013896374985 0.2129707196511803 0
0 1966 0 1
1966
0.1389005164328062 0.2295222627742684 0
0 1967 0 1
1967
0.146850893098017 0.2456828442376917 0
0 1968 0 1
1968
0.1555034624353458 0.2614789577156347 0
0 1969 0 1
1969
0.1647609964193866 0.2769285183273669 0
0 1970 0 1
1970
0.174554964732815 0.2920438549084068 0
0 1971 0 1
1971
0.1848341458574308 0.3068336039550429 0
0 1972 0 1
1972
0.1955584507876157 0.3213039093432715 0
0 1973 0 1
1973
0.2066953200846469 0.3354592010124438 0
0 1974 0 1
1974
0.2182174986030255 0.34930271466016 0
0 1975 0 1
1975
0.2301015965018247 0.3628368478355891 0
0 1976 0 1
1976
0.242327122987183 0.3760634096764118 0
0 1977 0 1
1977
0.2548758168041425 0.3889837995544436 0
0 1978 0 1
1978
0.267731170098266 0.4015991367275345 0
0 1979 0 1
1979
0.2808780851008009 0.413910352013352 0
0 1980 0 1
1980
0.2943026627386263 0.4259182039273244 0
0 1981 0 1
1981
0.3079926243715193 0.4376225930263348 0
0 1982 0 1
1982
0.3218899548214331 0.4490802994277937 0
0 1983 0 1
1983
0.3359365155218081 0.4603545674508721 0
0 1984 0 1
1984
0.3501247902607325 0.4714499747839918 0
0 1985 0 1
1985
0.3644483318170096 0.4823702105182254 0
0 1986 0 1
1986
0.3789012770529349 0.4931186024845917 0
0 1987 0 1
1987
0.3934782722266225 0.5036981541103558 0
0 1988 0 1
1988
0.4081744198146428 0.5141115625168473 0
0 1989 0 1
1989
0.4229852334825811 0.5243612327194205 0
0 1990 0 1
1990
0.4379065993612178 0.5344492889943521 0
0 1991 0 1
1991
0.4529347424084764 0.5443775839860884 0
0 1992 0 1
1992
0.4680661968980764 0.5541477060109217 0
0 1993 0 1
1993
0.4832977802804451 0.5637609849132187 0
0 1994 0 1
1994
0.4986265697751766 0.5732184967966367 0
0 1995 0 1
1995
0.5140498812338942 0.5825210678412902 0
0 1996 0 1
1996
0.529565249874923 0.5916692773948014 0
0 1997 0 1
1997
0.5451704125536585 0.6006634605015488 0
0 1998 0 1
1998
0.5608632912963586 0.6095037100014618 0
0 1999 0 1
1999
0.5766419778698986 0.6181898783089885 0
0 2000 0 1
2000
0.5925047191962378 0.6267215789661885 0
0 2001 0 1
2001
0.6084499034530449 0.6350981880437324 0
0 2002 0 1
2002
0.6244760467120494 0.6433188454775168 0
0 2003 0 1
2003
0.6405817800074073 0.6513824563796354 0
0 2004 0 1
2004
0.6567658368511988 0.659287691991255 0
0 2005 0 1
2005
0.6730270426299362 0.6670329851760742 0
0 2006 0 1
2006
0.6893643237760227 0.6746164597488611 0
0 2007 0 1
2007
0.7057768894855148 0.6820352769465886 0
0 2008 0 1
2008
0.7222645433829213 0.6892845429288564 0
0 2009 0 1
2009
0.7394085601402509 0.6943933259779246 0
0 2010 0 1
2010
0.739408560143322 0.6943933259778134 0
0 2011 0 1
2011
0.739408560146393 0.6943933259777026 0
0 2012 0 1
2012
0.7394085601494641 0.6943933259775917 0
0 2013 0 1
2013
0.7394085601525352 0.6943933259774808 0
0 2014 0 1
2014
0.7394085601556062 0.6943933259773698 0
0 2015 0 1
2015
0.7394085601586772 0.6943933259772588 0
0 2016 0 1
2016
0.7394085601617482 0.694393325977148 0
0 2017 0 1
2017
0.7394085625652437 0.6943933258903225 0
0 2018 0 1
2018
0.7394085649656682 0.694393325803608 0
0 2019 0 1
2019
0.7394085673660927 0.6943933257168932 0
0 2020 0 1
2020
0.7394085697665176 0.694393325630178 0
0 2021 0 1
2021
0.7394085721669422 0.6943933255434624 0
0 2022 0 1
2022
0.7394085745673673 0.6943933254567466 0
0 2023 0 1
2023
0.7394085769677922 0.6943933253700305 0
0 2024 0 1
2024
0.7394085793682172 0.694393325283314 0
0 2025 0 1
2025
0.1293986463698141 0.1437459657897489 0
0 2026 0 1
2026
0.1293986463698141 0.1437459657897489 0
0 2027 0 1
2027
0.1293986463698141 0.1437459657897489 0
0 2028 0 1
2028
0.1293986463698141 0.1437459657897489 0
0 2029 0 1
2029
0.1293986463698141 0.1437459657897489 0
0 2030 0 1
2030
0.1293986463698141 0.1437459657897489 0
0 2031 0 1
2031
0.1293986463698141 0.1437459657897489 0
0 2032 0 1
2032
0.1293986463698141 0.1437459657897489 0
0 2033 0 1
2033
0.1463488361496005 0.1452116638420736 0
0 2034 0 1
2034
0.161241992248557 0.1538724644199276 0
0 2035 0 1
2035
0.1748531730992443 0.1644222105222709 0
0 2036 0 1
2036
0.187748717128275 0.175839346474283 0
0 2037 0 1
2037
0.2002007050865811 0.187739830598022 0
0 2038 0 1
2038
0.2123625809622999 0.1999370385959509 0
0 2039 0 1
2039
0.2243314415468342 0.2123238645609972 0
0 2040 0 1
2040
0.2361740222107326 0.2248315484202831 0
0 2041 0 1
2041
0.2479390868909422 0.2374122056140956 0
0 2042 0 1
2042
0.2596639585542408 0.2500303430532786 0
0 2043 0 1
2043
0.271378234482984 0.2626583206185825 0
0 2044 0 1
2044
0.283106029223672 0.2752737412342445 0
0 2045 0 1
2045
0.2948673941607665 0.2878578641992621 0
0 2046 0 1
2046
0.3066792513226665 0.3003945978617589 0
0 2047 0 1
2047
0.3185560278713617 0.3128698381274519 0
0 2048 0 1
2048
0.3305100998740292 0.3252710224161869 0
0 2049 0 1
2049
0.3425521102670849 0.3375868237036844 0
0 2050 0 1
2050
0.3546911913716857 0.3498069491902713 0
0 2051 0 1
2051
0.3669350671002653 0.3619220672111224 0
0 2052 0 1
2052
0.3792745478441051 0.3739398442605312 0
0 2053 0 1
2053
0.3916334804903489 0.3859376290837773 0
0 2054 0 1
2054
0.4040076985508321 0.3979196474078549 0
0 2055 0 1
2055
0.4164021383779661 0.4098807456685872 0
0 2056 0 1
2056
0.4288212116243381 0.4218162641784278 0
0 2057 0 1
2057
0.4412688539506633 0.4337219835552509 0
0 2058 0 1
2058
0.4537485601525335 0.4455940877187252 0
0 2059 0 1
2059
0.4662634153908513 0.457429132879124 0
0 2060 0 1
2060
0.4788161226943924 0.4692240219272123 0
0 2061 0 1
2061
0.4914090273851178 0.480975983221904 0
0 2062 0 1
2062
0.5040441390129049 0.4926825529021743 0
0 2063 0 1
2063
0.5167231512595415 0.5043415600277017 0
0 2064 0 1
2064
0.5294474601770219 0.5159511139869555 0
0 2065 0 1
2065
0.5422181810502091 0.5275095937156716 0
0 2066 0 1
2066
0.5550361640905842 0.5390156383742168 0
0 2067 0 1
2067
0.5679020091415912 0.550468139178736 0
0 2068 0 1
2068
0.5808160795343154 0.561866232137327 0
0 2069 0 1
2069
0.5937785152021385 0.5732092914850452 0
0 2070 0 1
2070
0.6067892451400243 0.5844969236451694 0
0 2071 0 1
2071
0.6198479992759331 0.5957289615716026 0
0 2072 0 1
2072
0.6329543198074632 0.606905459349865 0
0 2073 0 1
2073
0.6461075720454784 0.61802668695292 0
0 2074 0 1
2074
0.6593069547975913 0.6290931250638028 0
0 2075 0 1
2075
0.6725515103174435 0.6401054598903358 0
0 2076 0 1
2076
0.6858401338404627 0.6510645779085221 0
0 2077 0 1
2077
0.6991715827228056 0.6619715604809653 0
0 2078 0 1
2078
0.7125444851973255 0.6728276783051825 0
0 2079 0 1
2079
0.7259573487582901 0.683634385654315 0
0 2080 0 1
2080
0.7394085681950154 0.6943933143729971 0
0 2081 0 1
2081
0.7394085681989681 0.6943933143761475 0
0 2082 0 1
2082
0.7394085682029208 0.694393314379298 0
0 2083 0 1
2083
0.7394085682068735 0.6943933143824483 0
0 2084 0 1
2084
0.7394085682108262 0.6943933143855987 0
0 2085 0 1
2085
0.7394085682147791 0.6943933143887492 0
0 2086 0 1
2086
0.739408568218732 0.6943933143918997 0
0 2087 0 1
2087
0.7394085682226846 0.6943933143950499 0
0 2088 0 1
2088
0.7394085697314906 0.6943933155975864 0
0 2089 0 1
2089
0.7394085712363437 0.6943933167969726 0
0 2090 0 1
2090
0.7394085727411969 0.6943933179963585 0
0 2091 0 1
2091
0.73940857424605 0.6943933191957447 0
0 2092 0 1
2092
0.7394085757509031 0.6943933203951307 0
0 2093 0 1
2093
0.7394085772557563 0.6943933215945167 0
0 2094 0 1
2094
0.7394085787606094 0.6943933227939026 0
0 2095 0 1
2095
0.7394085802654626 0.6943933239932888 0
0 2096 0 1
2096
0.1278228565190779 0.1442853835477772 0
0 2097 0 1
2097
0.1280208820676687 0.1442106403607551 0
0 2098 0 1
2098
0.1282186058977688 0.1441380137558346 0
0 2099 0 1
2099
0.1284160286090165 0.1440674905801463 0
0 2100 0 1
2100
0.1286131508010504 0.1439990576808204 0
0 2101 0 1
2101
0.1288099730735087 0.1439327019049874 0
0 2102 0 1
2102
0.1290064960260299 0.1438684100997775 0
0 2103 0 1
2103
0.1292027202582522 0.1438061691123212 0
0 2104 0 1
2104
0.1533533781766891 0.1286070048809052 0
0 2105 0 1
2105
0.1533533781766891 0.1286070048809052 0
0 2106 0 1
2106
0.1533533781766891 0.1286070048809052 0
0 2107 0 1
2107
0.1533533781766891 0.1286070048809052 0
0 2108 0 1
2108
0.1533533781766891 0.1286070048809052 0
0 2109 0 1
2109
0.1533533781766891 0.1286070048809052 0
0 2110 0 1
2110
0.1533533781766891 0.1286070048809052 0
0 2111 0 1
2111
0.1533533781766891 0.1286070048809052 0
0 2112 0 1
2112
0.1533533781766891 0.1286070048809052 0
0 2113 0 1
2113
0.1533533781766891 0.1286070048809052 0
0 2114 0 1
2114
0.1533533781766891 0.1286070048809052 0
0 2115 0 1
2115
0.1533533781766891 0.1286070048809052 0
0 2116 0 1
2116
0.1533533781766891 0.1286070048809052 0
0 2117 0 1
2117
0.1533533781766891 0.1286070048809052 0
0 2118 0 1
2118
0.1533533781766891 0.1286070048809052 0
0 2119 0 1
2119
0.1533533781766891 0.1286070048809052 0
0 2120 0 1
2120
0.1533533781766891 0.1286070048809052 0
0 2121 0 1
2121
0.1533533781766891 0.1286070048809052 0
0 2122 0 1
2122
0.1533533781766891 0.1286070048809052 0
0 2123 0 1
2123
0.1533533781766891 0.1286070048809052 0
0 2124 0 1
2124
0.1533533781766891 0.1286070048809052 0
0 2125 0 1
2125
0.1533533781766891 0.1286070048809052 0
0 2126 0 1
2126
0.1533533781766891 0.1286070048809052 0
0 2127 0 1
2127
0.1533533781766891 0.1286070048809052 0
0 2128 0 1
2128
0.1531897922800741 0.1287103882338919 0
0 2129 0 1
2129
0.153026206383459 0.1288137715868787 0
0 2130 0 1
2130
0.152862620486844 0.1289171549398654 0
0 2131 0 1
2131
0.1526990345902289 0.1290205382928522 0
0 2132 0 1
2132
0.1525354486936139 0.129123921645839 0
0 2133 0 1
2133
0.1523718627969989 0.1292273049988257 0
0 2134 0 1
2134
0.1522082769003838 0.1293306883518125 0
0 2135 0 1
2135
0.1520446910037687 0.1294340717047993 0
0 2136 0 1
2136
0.1513496343125287 0.1298733350688371 0
0 2137 0 1
2137
0.1508181635179037 0.1302092150798883 0
0 2138 0 1
2138
0.1502866927232787 0.1305450950909394 0
0 2139 0 1
2139
0.1497552219286537 0.1308809751019905 0
0 2140 0 1
2140
0.1492237511340287 0.1312168551130417 0
0 2141 0 1
2141
0.1486922803394037 0.1315527351240928 0
0 2142 0 1
2142
0.1481608095447787 0.1318886151351439 0
0 2143 0 1
2143
0.1476293387501537 0.1322244951461951 0
0 2144 0 1
2144
0.1470978679555287 0.1325603751572462 0
0 2145 0 1
2145
0.1465663971609037 0.1328962551682973 0
0 2146 0 1
2146
0.1460349263662787 0.1332321351793485 0
0 2147 0 1
2147
0.1455034555716537 0.1335680151903996 0
0 2148 0 1
2148
0.1449719847770287 0.1339038952014507 0
0 2149 0 1
2149
0.1444405139824037 0.1342397752125019 0
0 2150 0 1
2150
0.1439090431877787 0.134575655223553 0
0 2151 0 1
2151
0.1433775723931537 0.1349115352346041 0
0 2152 0 1
2152
0.1428461015985287 0.1352474152456553 0
0 2153 0 1
2153
0.1423146308039037 0.1355832952567064 0
0 2154 0 1
2154
0.1417831600092787 0.1359191752677575 0
0 2155 0 1
2155
0.1412516892146537 0.1362550552788087 0
0 2156 0 1
2156
0.1404161694602718 0.1367830887797525 0
0 2157 0 1
2157
0.1401121205005149 0.1369752422696452 0
0 2158 0 1
2158
0.1398080715407579 0.1371673957595378 0
0 2159 0 1
2159
0.139504022581001 0.1373595492494306 0
0 2160 0 1
2160
0.1391999736212441 0.1375517027393233 0
0 2161 0 1
2161
0.1388959246614872 0.1377438562292159 0
0 2162 0 1
2162
0.1385918757017303 0.1379360097191087 0
0 2163 0 1
2163
0.1382878267419733 0.1381281632090013 0
0 2164 0 1
2164
0.1374114356880562 0.1386820266382844 0
0 2165 0 1
2165
0.1368390935938961 0.1390437365776747 0
0 2166 0 1
2166
0.1362667514997359 0.139405446517065 0
0 2167 0 1
2167
0.1356944094055758 0.1397671564564553 0
0 2168 0 1
2168
0.1351220673114157 0.1401288663958457 0
0 2169 0 1
2169
0.1345497252172555 0.140490576335236 0
0 2170 0 1
2170
0.1339773831230954 0.1408522862746263 0
0 2171 0 1
2171
0.1334050410289352 0.1412139962140167 0
0 2172 0 1
2172
0.1328326989347751 0.141575706153407 0
0 2173 0 1
2173
0.1322603568406149 0.1419374160927973 0
0 2174 0 1
2174
0.1316880147464548 0.1422991260321877 0
0 2175 0 1
2175
0.1311156726522946 0.142660835971578 0
0 2176 0 1
2176
0.1305433305581345 0.1430225459109683 0
0 2177 0 1
2177
0.1299709884639743 0.1433842558503586 0
0 2178 0 1
2178
0.1533533781766891 0.1286070048809052 0
0 2179 0 1
2179
0.1533533781766891 0.1286070048809052 0
0 2180 0 1
2180
0.1533533781766891 0.1286070048809052 0
0 2181 0 1
2181
0.1533533781766891 0.1286070048809052 0
0 2182 0 1
2182
0.1533533781766891 0.1286070048809052 0
0 2183 0 1
2183
0.1533533781766891 0.1286070048809052 0
0 2184 0 1
2184
0.1533533781766891 0.1286070048809052 0
0 2185 0 1
2185
0.1533533781766891 0.1286070048809052 0
0 2186 0 1
2186
0.1533533781766891 0.1286070048809052 0
0 2187 0 1
2187
0.1533533781766891 0.1286070048809052 0
0 2188 0 1
2188
0.1533533781766891 0.1286070048809052 0
0 2189 0 1
2189
0.1533533781766891 0.1286070048809052 0
0 2190 0 1
2190
0.1533533781766891 0.1286070048809052 0
0 2191 0 1
2191
0.1533533781766891 0.1286070048809052 0
0 2192 0 1
2192
0.1533533781766891 0.1286070048809052 0
0 2193 0 1
2193
0.1533533781766891 0.1286070048809052 0
0 2194 0 1
2194
0.1533533781766891 0.1286070048809052 0
0 2195 0 1
2195
0.1533533781766891 0.1286070048809052 0
0 2196 0 1
2196
0.1533533781766891 0.1286070048809052 0
0 2197 0 1
2197
0.1533533781766891 0.1286070048809052 0
0 2198 0 1
2198
0.1533533781766891 0.1286070048809052 0
0 2199 0 1
2199
0.1533533781766891 0.1286070048809052 0
0 2200 0 1
2200
0.1533533781766891 0.1286070048809052 0
0 2201 0 1
2201
0.1533533781766891 0.1286070048809052 0
0 2202 0 1
2202
0.1531897922800741 0.1287103882338919 0
0 2203 0 1
2203
0.153026206383459 0.1288137715868787 0
0 2204 0 1
2204
0.152862620486844 0.1289171549398654 0
0 2205 0 1
2205
0.1526990345902289 0.1290205382928522 0
0 2206 0 1
2206
0.1525354486936139 0.129123921645839 0
0 2207 0 1
2207
0.1523718627969988 0.1292273049988257 0
0 2208 0 1
2208
0.1522082769003838 0.1293306883518125 0
0 2209 0 1
2209
0.1520446910037688 0.1294340717047993 0
0 2210 0 1
2210
0.1513496343125287 0.1298733350688371 0
0 2211 0 1
2211
0.1508181635179037 0.1302092150798883 0
0 2212 0 1
2212
0.1502866927232787 0.1305450950909394 0
0 2213 0 1
2213
0.1497552219286537 0.1308809751019905 0
0 2214 0 1
2214
0.1492237511340287 0.1312168551130417 0
0 2215 0 1
2215
0.1486922803394037 0.1315527351240928 0
0 2216 0 1
2216
0.1481608095447787 0.1318886151351439 0
0 2217 0 1
2217
0.1476293387501537 0.1322244951461951 0
0 2218 0 1
2218
0.1470978679555287 0.1325603751572462 0
0 2219 0 1
2219
0.1465663971609037 0.1328962551682973 0
0 2220 0 1
2220
0.1460349263662787 0.1332321351793485 0
0 2221 0 1
2221
0.1455034555716537 0.1335680151903996 0
0 2222 0 1
2222
0.1449719847770287 0.1339038952014507 0
0 2223 0 1
2223
0.1444405139824037 0.1342397752125019 0
0 2224 0 1
2224
0.1439090431877787 0.134575655223553 0
0 2225 0 1
2225
0.1433775723931537 0.1349115352346041 0
0 2226 0 1
2226
0.1428461015985287 0.1352474152456553 0
0 2227 0 1
2227
0.1423146308039037 0.1355832952567064 0
0 2228 0 1
2228
0.1417831600092787 0.1359191752677575 0
0 2229 0 1
2229
0.1412516892146537 0.1362550552788087 0
0 2230 0 1
2230
0.1404161694602718 0.1367830887797525 0
0 2231 0 1
2231
0.1401121205005149 0.1369752422696452 0
0 2232 0 1
2232
0.1398080715407579 0.1371673957595378 0
0 2233 0 1
2233
0.139504022581001 0.1373595492494306 0
0 2234 0 1
2234
0.1391999736212441 0.1375517027393233 0
0 2235 0 1
2235
0.1388959246614872 0.1377438562292159 0
0 2236 0 1
2236
0.1385918757017303 0.1379360097191087 0
0 2237 0 1
2237
0.1382878267419733 0.1381281632090013 0
0 2238 0 1
2238
0.1374114356880562 0.1386820266382844 0
0 2239 0 1
2239
0.1368390935938961 0.1390437365776747 0
0 2240 0 1
2240
0.1362667514997359 0.139405446517065 0
0 2241 0 1
2241
0.1356944094055758 0.1397671564564553 0
0 2242 0 1
2242
0.1351220673114157 0.1401288663958457 0
0 2243 0 1
2243
0.1345497252172555 0.140490576335236 0
0 2244 0 1
2244
0.1339773831230954 0.1408522862746263 0
0 2245 0 1
2245
0.1334050410289352 0.1412139962140167 0
0 2246 0 1
2246
0.1328326989347751 0.141575706153407 0
0 2247 0 1
2247
0.1322603568406149 0.1419374160927973 0
0 2248 0 1
2248
0.1316880147464548 0.1422991260321877 0
0 2249 0 1
2249
0.1311156726522946 0.142660835971578 0
0 2250 0 1
2250
0.1305433305581345 0.1430225459109683 0
0 2251 0 1
2251
0.1299709884639743 0.1433842558503586 0
0 2252 0 1
2252
0.1649003326892853 0.3889136910438537 0
0 2253 0 1
2253
0.1649003326892853 0.3889136910438537 0
0 2254 0 1
2254
0.1649003326892853 0.3889136910438537 0
0 2255 0 1
2255
0.1649003326892853 0.3889136910438537 0
0 2256 0 1
2256
0.1649003326892853 0.3889136910438537 0
0 2257 0 1
2257
0.1649003326892853 0.3889136910438537 0
0 2258 0 1
2258
0.1649003326892853 0.3889136910438537 0
0 2259 0 1
2259
0.1649003326892853 0.3889136910438537 0
0 2260 0 1
2260
0.1649003326892853 0.3889136910438538 0
0 2261 0 1
2261
0.1649003326892853 0.3889136910438536 0
0 2262 0 1
2262
0.1649003326892853 0.3889136910438538 0
0 2263 0 1
2263
0.1649003326892853 0.3889136910438536 0
0 2264 0 1
2264
0.1649003326892853 0.3889136910438537 0
0 2265 0 1
2265
0.1649003326892853 0.3889136910438536 0
0 2266 0 1
2266
0.1649003326892853 0.3889136910438537 0
0 2267 0 1
2267
0.1649003326892853 0.3889136910438536 0
0 2268 0 1
2268
0.1661116621788593 0.3879003236913554 0
0 2269 0 1
2269
0.1673228749015766 0.3868868168561079 0
0 2270 0 1
2270
0.1685339714216338 0.3858731712356164 0
0 2271 0 1
2271
0.1697449523032276 0.3848593875273862 0
0 2272 0 1
2272
0.1709558181105547 0.3838454664289225 0
0 2273 0 1
2273
0.1721665694078119 0.3828314086377306 0
0 2274 0 1
2274
0.1733772067591956 0.3818172148513156 0
0 2275 0 1
2275
0.1745877307289029 0.3808028857671828 0
0 2276 0 1
2276
0.1757981418811301 0.3797884220828374 0
0 2277 0 1
2277
0.1770084407800741 0.3787738244957847 0
0 2278 0 1
2278
0.1782559778887984 0.3777277725621543 0
0 2279 0 1
2279
0.1782933276818233 0.3776964512945714 0
0 2280 0 1
2280
0.1783306773690228 0.3776651299008014 0
0 2281 0 1
2281
0.1783680269504134 0.3776338083808647 0
0 2282 0 1
2282
0.1784053764260117 0.3776024867347819 0
0 2283 0 1
2283
0.1784427257958343 0.3775711649625737 0
0 2284 0 1
2284
0.1784800750598978 0.3775398430642602 0
0 2285 0 1
2285
0.1785174242182188 0.3775085210398625 0
0 2286 0 1
2286
0.1649003326892853 0.3889136910438538 0
0 2287 0 1
2287
0.1649003326892853 0.3889136910438538 0
0 2288 0 1
2288
0.1649003326892853 0.3889136910438538 0
0 2289 0 1
2289
0.1649003326892853 0.3889136910438538 0
0 2290 0 1
2290
0.1649003326892853 0.3889136910438538 0
0 2291 0 1
2291
0.1649003326892853 0.3889136910438538 0
0 2292 0 1
2292
0.1649003326892853 0.3889136910438538 0
0 2293 0 1
2293
0.1649003326892853 0.3889136910438538 0
0 2294 0 1
2294
0.1649003326892853 0.3889136910438538 0
0 2295 0 1
2295
0.1649003326892853 0.3889136910438538 0
0 2296 0 1
2296
0.1649003326892853 0.3889136910438538 0
0 2297 0 1
2297
0.1649003326892853 0.3889136910438539 0
0 2298 0 1
2298
0.1649003326892853 0.3889136910438537 0
0 2299 0 1
2299
0.1649003326892853 0.3889136910438538 0
0 2300 0 1
2300
0.1649003326892853 0.3889136910438538 0
0 2301 0 1
2301
0.1649003326892853 0.3889136910438538 0
0 2302 0 1
2302
0.1649003326892853 0.3889136910438538 0
0 2303 0 1
2303
0.1649003326892853 0.3889136910438538 0
0 2304 0 1
2304
0.1649003326892853 0.3889136910438538 0
0 2305 0 1
2305
0.1649003326892853 0.3889136910438539 0
0 2306 0 1
2306
0.1649003326892853 0.3889136910438539 0
0 2307 0 1
2307
0.1649003326892853 0.3889136910438539 0
0 2308 0 1
2308
0.1649003326892853 0.3889136910438539 0
0 2309 0 1
2309
0.1649003326892853 0.3889136910438539 0
0 2310 0 1
2310
0.1661116660496479 0.3879003283185313 0
0 2311 0 1
2311
0.1673228811907481 0.3868868243749259 0
0 2312 0 1
2312
0.1685339789028654 0.385873180180576 0
0 2313 0 1
2313
0.1697449599762788 0.3848593967030192 0
0 2314 0 1
2314
0.1709558252012679 0.3838454749097938 0
0 2315 0 1
2315
0.1721665753681119 0.3828314157684377 0
0 2316 0 1
2316
0.1733772112670901 0.3818172202464891 0
0 2317 0 1
2317
0.1745877336884818 0.3808028893114858 0
0 2318 0 1
2318
0.1757981434225664 0.3797884239309662 0
0 2319 0 1
2319
0.1770084412596232 0.3787738250724682 0
0 2320 0 1
2320
0.1782559778856294 0.3777277725583722 0
0 2321 0 1
2321
0.1782933276762619 0.377696451287934 0
0 2322 0 1
2322
0.1783306773618525 0.3776651298922438 0
0 2323 0 1
2323
0.1783680269424242 0.3776338083713298 0
0 2324 0 1
2324
0.1784053764180004 0.3776024867252207 0
0 2325 0 1
2325
0.1784427257886042 0.3775711649539447 0
0 2326 0 1
2326
0.1784800750542589 0.3775398430575304 0
0 2327 0 1
2327
0.1785174242149877 0.3775085210360062 0
0 2328 0 1
2328
0.1276245266199112 0.1443622559309006 0
0 2329 0 1
2329
0.1276245266199112 0.1443622559309006 0
0 2330 0 1
2330
0.1276245266199112 0.1443622559309006 0
0 2331 0 1
2331
0.1276245266199112 0.1443622559309006 0
0 2332 0 1
2332
0.1276245266199112 0.1443622559309006 0
0 2333 0 1
2333
0.1276245266199112 0.1443622559309006 0
0 2334 0 1
2334
0.1276245266199112 0.1443622559309006 0
0 2335 0 1
2335
0.1276245266199112 0.1443622559309006 0
0 2336 0 1
2336
0.1276245266199112 0.1443622559309006 0
0 2337 0 1
2337
0.1276245266199112 0.1443622559309006 0
0 2338 0 1
2338
0.1276245266199112 0.1443622559309006 0
0 2339 0 1
2339
0.1276245266199112 0.1443622559309006 0
0 2340 0 1
2340
0.1276245266199112 0.1443622559309006 0
0 2341 0 1
2341
0.1276245266199112 0.1443622559309006 0
0 2342 0 1
2342
0.1276245266199112 0.1443622559309006 0
0 2343 0 1
2343
0.1276245266199112 0.1443622559309006 0
0 2344 0 1
2344
0.1248848792497811 0.1394714011377481 0
0 2345 0 1
2345
0.1226092294919558 0.1351492370887059 0
0 2346 0 1
2346
0.1207740815430456 0.1313673205249642 0
0 2347 0 1
2347
0.1193559395996611 0.1280972081877138 0
0 2348 0 1
2348
0.1183313078584129 0.1253104568181451 0
0 2349 0 1
2349
0.1176766905159112 0.1229786231574488 0
0 2350 0 1
2350
0.1173685917687668 0.1210732639468152 0
0 2351 0 1
2351
0.11738351581359 0.1195659359274349 0
0 2352 0 1
2352
0.1176979668469913 0.1184281958404984 0
0 2353 0 1
2353
0.1182884490655813 0.1176316004271964 0
0 2354 0 1
2354
0.1191314666659704 0.1171477064287192 0
0 2355 0 1
2355
0.1202035238447691 0.1169480705862575 0
0 2356 0 1
2356
0.121481124798588 0.1170042496410017 0
0 2357 0 1
2357
0.1229407737240374 0.1172878003341424 0
0 2358 0 1
2358
0.124558974817728 0.1177702794068701 0
0 2359 0 1
2359
0.1263122322762701 0.1184232436003753 0
0 2360 0 1
2360
0.1281770502962744 0.1192182496558486 0
0 2361 0 1
2361
0.1301299330743512 0.1201268543144805 0
0 2362 0 1
2362
0.132147384807111 0.1211206143174615 0
0 2363 0 1
2363
0.1342059096911645 0.1221710864059822 0
0 2364 0 1
2364
0.1362820119231219 0.123249827321233 0
0 2365 0 1
2365
0.1383521956995939 0.1243283938044045 0
0 2366 0 1
2366
0.140392965217191 0.1253783425966873 0
0 2367 0 1
2367
0.1423808246725236 0.1263712304392717 0
0 2368 0 1
2368
0.1442922782622022 0.1272786140733485 0
0 2369 0 1
2369
0.1461038301828373 0.1280720502401081 0
0 2370 0 1
2370
0.1477919846310394 0.128723095680741 0
0 2371 0 1
2371
0.1493332458034191 0.1292033071364377 0
0 2372 0 1
2372
0.1507041178965867 0.1294842413483889 0
0 2373 0 1
2373
0.1518811051071528 0.129537455057785 0
0 2374 0 1
2374
0.1518811051071528 0.129537455057785 0
0 2375 0 1
2375
0.1518811051071528 0.129537455057785 0
0 2376 0 1
2376
0.1518811051071527 0.1295374550577849 0
0 2377 0 1
2377
0.1518811051071527 0.1295374550577849 0
0 2378 0 1
2378
0.1518811051071528 0.129537455057785 0
0 2379 0 1
2379
0.1518811051071528 0.129537455057785 0
0 2380 0 1
2380
0.1518811051071527 0.1295374550577849 0
0 2381 0 1
2381
0.1521312427297914 0.129513295428992 0
0 2382 0 1
2382
0.1523686276864089 0.1294740975874798 0
0 2383 0 1
2383
0.1525929386581866 0.1294194725550905 0
0 2384 0 1
2384
0.1528038543263062 0.1293490313536666 0
0 2385 0 1
2385
0.153001053371949 0.1292623850050502 0
0 2386 0 1
2386
0.1531842144762964 0.1291591445310837 0
0 2387 0 1
2387
0.15335301632053 0.1290389209536093 0
0 2388 0 1
2388
0.1535071375858311 0.1289013252944694 0
0 2389 0 1
2389
0.1536463686066671 0.1287459838385012 0
0 2390 0 1
2390
0.1536464280465378 0.1287459098803501 0
0 2391 0 1
2391
0.1536464874834612 0.1287458359187975 0
0 2392 0 1
2392
0.1536465469174372 0.1287457619538436 0
0 2393 0 1
2393
0.1536466063484658 0.1287456879854885 0
0 2394 0 1
2394
0.1536466657765474 0.1287456140137326 0
0 2395 0 1
2395
0.1536467252016818 0.1287455400385758 0
0 2396 0 1
2396
0.1536467846238692 0.1287454660600185 0
0 2397 0 1
2397
0.1540936340578636 0.1279107720865609 0
0 2398 0 1
2398
0.1543561605485852 0.1269229178146955 0
0 2399 0 1
2399
0.1545167619942495 0.1259313377389201 0
0 2400 0 1
2400
0.1546306883473303 0.1249747473221045 0
0 2401 0 1
2401
0.1547311469149731 0.1240017070510297 0
0 2402 0 1
2402
0.154841539764073 0.1229863970672596 0
0 2403 0 1
2403
0.1549502120841312 0.1220110107049618 0
0 2404 0 1
2404
0.1550371282632942 0.1211835632533141 0
0 2405 0 1
2405
0.1550822526897088 0.120612070001494 0
0 2406 0 1
2406
0.1550655497515215 0.1204045462386793 0
0 2407 0 1
2407
0.154966983836879 0.1206690072540477 0
0 2408 0 1
2408
0.1547665193339278 0.1215134683367767 0
0 2409 0 1
2409
0.1544441206308147 0.1230459447760442 0
0 2410 0 1
2410
0.1539797521156863 0.1253744518610278 0
0 2411 0 1
2411
0.1276245266199112 0.1443622559309006 0
0 2412 0 1
2412
0.1276245266199112 0.1443622559309006 0
0 2413 0 1
2413
0.1276245266199112 0.1443622559309006 0
0 2414 0 1
2414
0.1276245266199112 0.1443622559309006 0
0 2415 0 1
2415
0.1276245266199112 0.1443622559309006 0
0 2416 0 1
2416
0.1276245266199112 0.1443622559309006 0
0 2417 0 1
2417
0.1276245266199112 0.1443622559309006 0
0 2418 0 1
2418
0.1276245266199112 0.1443622559309006 0
1 1 0 1
2419
0.0402247020224711 0 0
1 2 0 8
2420
2421
2422
2423
2424
2425
2426
2427
0.08044974796098432 9.92425767441264e-21 0
0.08045009212810472 0 0
0.08045043627890863 0 0
0.08045078043936643 0 0
0.08045112460452077 0 0
0.08045146876224021 0 0
0.08045181293009288 0 0
0.08045215709366668 -1.075964937748097e-19 0
1 3 0 1
2428
0.09445753587829767 0 0
1 4 0 1
2429
0.1084654239203656 0 0
1 5 0 1
2430
0.1345480761147564 0 0
1 6 0 1
2431
0.1606385302613001 0 0
1 7 0 1
2432
0.5185224213770411 0 0
1 8 0 1
2433
0.8763964083915446 1.785312304968178e-19 0
1 9 0 1
2434
0.9381978283226355 0 0
1 10 0 1
2435
0.9999999999999999 0.266265577670662 0
1 11 0 8
2436
2437
2438
2439
2440
2441
2442
2443
1 0.5325315651219306 0
1 0.5325319762315736 0
0.9999999999999999 0.5325323872800006 0
1 0.532532798311225 0
1 0.5325332093415667 0
0.9999999999999998 0.532533620347835 0
0.9999999999999999 0.5325340314345441 0
1 0.5325344425279126 0
1 12 0 1
2444
0.9999999999999999 0.640105601747354 0
1 13 0 1
2445
0.9999999999999999 0.7476780245664758 0
1 14 0 1
2446
0.9999999999999999 0.7557196582419579 0
1 15 0 1
2447
1 0.763760132092831 0
1 16 0 1
2448
1 0.8818803238187377 0
1 17 0 1
2449
0 0.6962828262682702 0
1 18 0 1
2450
0 0.3925643385440622 0
1 19 0 1
2451
0 0.2820364079102978 0
1 20 0 8
2452
2453
2454
2455
2456
2457
2458
2459
-3.01875912269474e-22 0.1715088657851996 0
1.753666058939362e-25 0.1715079365276627 0
0 0.1715070072335617 0
0 0.1715060779664688 0
0 0.1715051487112434 0
0 0.1715042193619618 0
2.475999622358043e-26 0.1715032901045887 0
-2.461232515592462e-20 0.1715023608153396 0
1 21 0 1
2460
0 0.08575071560659932 0
1 22 0 1
2461
0.1649003326892853 0.3889136910438538 0
1 23 0 1
2462
0.1649003326892853 0.3889136910438538 0
1 24 0 1
2463
0.1649003326892853 0.3889136910438538 0
1 25 0 1
2464
0.1649003326892853 0.3889136910438537 0
1 26 0 1
2465
0.1649003326892853 0.3889136910438539 0
1 27 0 1
2466
0.1543378698918783 0.361845597879657 0
1 28 0 1
2467
0.1359505747869293 0.3164511263150638 0
1 29 0 1
2468
0.1120587892563349 0.2483847346783414 0
1 30 0 1
2469
0.09693786586099105 0.1800078656033409 0
1 31 0 8
2470
2471
2472
2473
2474
2475
2476
2477
0.09294353724449174 0.1626451252500805 0
0.09294350399446333 0.1626449920465577 0
0.09294347073441064 0.1626448588025773 0
0.09294343747194858 0.1626447255486448 0
0.09294340421363577 0.1626445923110354 0
0.0929433709442422 0.1626444590287351 0
0.09294333768721452 0.162644325795675 0
0.09294330442449275 0.1626441925395039 0
1 32 0 8
2478
2479
2480
2481
2482
2483
2484
2485
0.08905176237235757 0.1448964351613744 0
0.08604947047407548 0.126976246798158 0
0.08392364912873662 0.1089323348159115 0
0.08249755779713279 0.09081727008751711 0
0.08149671298459189 0.07267393771006883 0
0.08095017220245641 0.05451120000851263 0
0.08067482009831152 0.03634191339982801 0
0.08050855221758671 0.01817129519890203 0
1 33 0 1
2486
0.1533533781766891 0.1286070048809051 0
1 34 0 1
2487
0.1533533781766891 0.1286070048809051 0
1 35 0 1
2488
0.1533533781766892 0.1286070048809043 0
1 36 0 1
2489
0.1533943947370557 0.1270015911381134 0
1 37 0 1
2490
0.1592103911245583 0.06281898887884618 0
1 38 0 1
2491
0.1276245266199112 0.1443622559309006 0
1 39 0 1
2492
0.1276245266199071 0.1443622559308977 0
1 40 0 1
2493
0.1180546653743784 0.1339781614944656 0
1 41 0 1
2494
0.1087251276920156 0.06052788473042101 0
1 42 0 1
2495
0.7394085540662745 0.6943933345694494 0
1 43 0 1
2496
0.7394085631906886 0.694393321630419 0
1 44 0 1
2497
0.7668535040047815 0.64282362803472 0
1 45 0 1
2498
0.7932676152271406 0.5778742628152645 0
1 46 0 1
2499
0.8069755519550141 0.5371178198497876 0
1 47 0 8
2500
2501
2502
2503
2504
2505
2506
2507
0.8159220563261997 0.5070674251668863 0
0.8159222769936786 0.5070666455221693 0
0.8159224976653314 0.5070658658606596 0
0.8159227183386835 0.5070650861911015 0
0.815922939004487 0.5070643065461673 0
0.8159231596819339 0.5070635268580505 0
0.8159233803254441 0.5070627472877913 0
0.8159236009845455 0.5070619676604013 0
1 48 0 1
2508
0.8239329952604989 0.4772919218388775 0
1 49 0 1
2509
0.8660907965545922 0.2249492347249524 0
1 50 0 1
2510
0.1543386669562769 0.3618450031571704 0
1 51 0 1
2511
0.1359509553891016 0.3164509774138679 0
1 52 0 1
2512
0.1120592067902749 0.2483845978385912 0
1 53 0 1
2513
0.09693589042830404 0.1800083350197011 0
1 54 0 8
2514
2515
2516
2517
2518
2519
2520
2521
0.09295169149825457 0.1626430870131967 0
0.09295165823164284 0.1626429539220758 0
0.0929516249602215 0.1626428208115014 0
0.09295159168831424 0.162642687698772 0
0.09295155841753756 0.1626425545903543 0
0.09295152514615214 0.1626424214792899 0
0.0929514918799146 0.1626422883886098 0
0.09295145861634944 0.1626421553084101 0
1 55 0 8
2522
2523
2524
2525
2526
2527
2528
2529
0.08905809496518952 0.1448948799677482 0
0.08605522690144818 0.1269748495416744 0
0.08392039269953196 0.1089320083984824 0
0.08249477183762359 0.09081696396975449 0
0.08149395150639033 0.07267369106095065 0
0.08094726211135081 0.05451101628143727 0
0.08067178971044096 0.03634179230586011 0
0.08050551043621851 0.01817123466109607 0
1 56 0 1
2530
0.1533533781766891 0.1286070048809052 0
1 57 0 1
2531
0.1533533781766892 0.1286070048809041 0
1 58 0 1
2532
0.1533939126943 0.1270015786025144 0
1 59 0 1
2533
0.1591867579084675 0.06281810168543749 0
1 60 0 1
2534
0.1276245266199112 0.1443622559309006 0
1 61 0 1
2535
0.1276245266199112 0.1443622559309006 0
1 62 0 1
2536
0.127624526619907 0.1443622559308976 0
1 63 0 1
2537
0.1180596187481215 0.1339744529580737 0
1 64 0 1
2538
0.1087192694596882 0.06052823210825563 0
1 65 0 1
2539
0.7394085631165331 0.694393321683405 0
1 66 0 1
2540
0.766854068543795 0.64282359487047 0
1 67 0 1
2541
0.7932676465914837 0.57787427409337 0
1 68 0 1
2542
0.8069752410482168 0.5371177209107901 0
1 69 0 1
2543
0.8159225736009854 0.5070646245689731 0
1 70 0 1
2544
0.8239327491945038 0.4772918589182983 0
1 71 0 1
2545
0.8660902151424201 0.224949182324452 0
1 72 0 1
2546
0.8376960178824476 1 0
1 73 0 1
2547
0.6753889626064923 1 0
1 74 0 1
2548
0.3853670711023852 1 0
1 75 0 1
2549
0.09534700267090473 1 0
1 76 0 1
2550
0.04767287533037269 1 0
1 77 0 1
2551
0.1649003326892853 0.3889136910438537 0
1 78 0 1
2552
0.1649003326892947 0.3889136910438604 0
1 79 0 1
2553
0.255390542454169 0.4509895197302756 0
1 80 0 1
2554
0.3697074034437617 0.5261083254417129 0
1 81 0 1
2555
0.3969481889397356 0.5431069727137248 0
1 82 0 1
2556
0.561437233168549 0.6354268142238871 0
1 83 0 1
2557
0.728039615040559 0.7125376136533458 0
1 84 0 1
2558
0.8610771680741927 0.7527407229483598 0
1 85 0 1
2559
0.1657887793667151 0.1341037235957935 0
1 86 0 1
2560
0.4863518649710002 0.3425446089211042 0
1 87 0 1
2561
0.8159216094279236 0.5070681407703846 0
1 88 0 8
2562
2563
2564
2565
2566
2567
2568
2569
0.8359384655661121 0.5123945843855477 0
0.8561083303186218 0.517105488260436 0
0.8764116706195952 0.5212030778260116 0
0.8968315415614093 0.5246735034368605 0
0.9173494855879165 0.5275070858902081 0
0.9379444909771139 0.5297118777955725 0
0.9585979075061982 0.5312778161022449 0
0.9792892174271017 0.5322192429398237 0
1 89 0 1
2570
0.8274798772658167 0.728908551632827 0
1 90 0 1
2571
0.9409695802993461 0.7455915784209379 0
1 91 0 1
2572
0.7559904211829394 0.7050727899822679 0
1 92 0 1
2573
0.1649003326892853 0.3889136910438538 0
1 93 0 1
2574
0.1649003326892954 0.3889136910438608 0
1 94 0 1
2575
0.2553909359282733 0.4509889475468392 0
1 95 0 1
2576
0.3697076265893591 0.5261079704804397 0
1 96 0 1
2577
0.3969485341235892 0.5431064098102115 0
1 97 0 1
2578
0.5614376406588624 0.6354261190270566 0
1 98 0 1
2579
0.7280397771951412 0.7125372846776094 0
1 99 0 1
2580
0.8610776613192442 0.7527385925710726 0
1 100 0 1
2581
0.1533533781766892 0.1286070048809052 0
1 101 0 1
2582
0.1533533781766892 0.1286070048809052 0
1 102 0 1
2583
0.1534999968451352 0.1286762181652426 0
1 103 0 1
2584
0.1657926486302248 0.1340949379246501 0
1 104 0 1
2585
0.4863532480781638 0.3425406755786771 0
1 105 0 1
2586
0.8159235951717223 0.5070611239371081 0
1 106 0 8
2587
2588
2589
2590
2591
2592
2593
2594
0.8359402517164867 0.5123874307646963 0
0.8561099294710606 0.5170981319623912 0
0.8764130689469233 0.521195564299039 0
0.8968327148948421 0.5246659520701681 0
0.9173504403480323 0.5274994494012112 0
0.9379452180104026 0.5297042260058715 0
0.9585984152246984 0.5312700373538166 0
0.9792895048676992 0.5322114030616282 0
1 107 0 1
2595
0.7559945907416433 0.7050666931341967 0
1 108 0 1
2596
0.8274799644523697 0.7289082884715893 0
1 109 0 1
2597
0.9409695430358207 0.7455921272278785 0
1 110 0 1
2598
0.1649003326892853 0.3889136910438539 0
1 111 0 1
2599
0.1649003326892853 0.388913691043854 0
1 112 0 1
2600
0.109669940970325 0.6920606822110678 0
1 113 0 8
2601
2602
2603
2604
2605
2606
2607
2608
0.7379521987103745 0.6962798160531476 0
0.7365485872457912 0.6982058385701637 0
0.7351962540226763 0.7001682138060046 0
0.7338933806821172 0.7021637780670309 0
0.7326378328747458 0.704189459637977 0
0.7314271996095931 0.7062423082500625 0
0.7302588368847431 0.7083195137342567 0
0.7291299082745839 0.7104184174390595 0
1 114 0 1
2609
0.7280375588703341 0.7125362458772578 0
1 115 0 8
2610
2611
2612
2613
2614
2615
2616
2617
0.7268964612463089 0.7148396574767075 0
0.7257902315323282 0.7171596427106205 0
0.724714577214371 0.7194939669386793 0
0.7236652867350114 0.7218402646647087 0
0.7226390076015092 0.7241967202639727 0
0.7216357048328278 0.7265630499639001 0
0.7206552807104525 0.7289389501855211 0
0.7196975761671256 0.7313240993845662 0
1 116 0 1
2618
0.7187587277482493 0.7337275093970118 0
1 117 0 1
2619
0.6856367458789949 0.8649564044782663 0
1 118 0 1
2620
0.1649003326892853 0.3889136910438538 0
1 119 0 1
2621
0.1649003326892853 0.3889136910438538 0
1 120 0 1
2622
0.1649003326892853 0.3889136910438538 0
1 121 0 1
2623
0.1649003326892853 0.3889136910438539 0
1 122 0 1
2624
0.1096671269945759 0.6920603405723887 0
1 123 0 8
2625
2626
2627
2628
2629
2630
2631
2632
0.7379562604568043 0.6962827025947903 0
0.7365555376809549 0.6982105920582323 0
0.7352050056595987 0.700173976165114 0
0.7339029583050874 0.7021698515895345 0
0.7326473969004066 0.7041952993751914 0
0.7314360649951442 0.7062475125786314 0
0.7302664878808873 0.7083238135846329 0
0.7291360099569408 0.7104216641028069 0
1 124 0 1
2633
0.728041965309506 0.7125383998021991 0
1 125 0 8
2634
2635
2636
2637
2638
2639
2640
2641
0.726899008377792 0.7148408861244012 0
0.7257912289524878 0.7171601281187793 0
0.7247145838793076 0.7194939919050761 0
0.7236651126220505 0.7218402052138277 0
0.7226390679079697 0.7241967600732431 0
0.7216356291031031 0.7265630293126664 0
0.7206552053433963 0.7289389268699822 0
0.7196974601929057 0.731324056881158 0
1 126 0 1
2642
0.7187586109202648 0.7337274644522958 0
1 127 0 1
2643
0.6856349740181191 0.8649561223202364 0
1 128 0 1
2644
0.1649003326892853 0.3889136910438538 0
1 129 0 1
2645
0.1649003326892853 0.3889136910438538 0
1 130 0 1
2646
0.1649003326892854 0.3889136910438539 0
1 131 0 1
2647
0.1649003326892853 0.3889136910438539 0
1 132 0 1
2648
0.1507403387893342 0.3895088294147671 0
1 133 0 1
2649
0.06829703068425819 0.3915842337337423 0
1 134 0 1
2650
0.1276245266199112 0.1443622559309006 0
1 135 0 1
2651
0.1276245250466228 0.1443622575737279 0
1 136 0 1
2652
0.1167062852266542 0.1531098261927821 0
1 137 0 1
2653
0.09856999792197293 0.1610775649882593 0
1 138 0 8
2654
2655
2656
2657
2658
2659
2660
2661
0.09295051933871902 0.1626422485871416 0
0.09294961332738376 0.162642474952654 0
0.09294870731077376 0.162642701311676 0
0.09294780129096041 0.1626429276636902 0
0.09294689527348293 0.1626431540073128 0
0.09294598924040492 0.162643380347025 0
0.09294508321806391 0.1626436066762476 0
0.09294417719101887 0.1626438329988381 0
1 139 0 8
2662
2663
2664
2665
2666
2667
2668
2669
0.08276865190348726 0.1647530795402953 0
0.07250580531199526 0.1663942255182386 0
0.06221127268832791 0.1678222926850189 0
0.05188472906600482 0.1689967041892702 0
0.04153263342887122 0.1699193286391929 0
0.03116324339975714 0.1706225177914294 0
0.02078197539047506 0.1711204115285544 0
0.01039284408891007 0.1714112185491236 0
1 140 0 1
2670
0.1649003326892853 0.3889136910438538 0
1 141 0 1
2671
0.1649003326892853 0.3889136910438538 0
1 142 0 1
2672
0.1649003326892853 0.3889136910438538 0
1 143 0 1
2673
0.1649003326892853 0.3889136910438537 0
1 144 0 1
2674
0.1507405286117505 0.3895152611966846 0
1 145 0 1
2675
0.06829704421413881 0.3915870090383214 0
1 146 0 1
2676
0.1276245266199112 0.1443622559309005 0
1 147 0 1
2677
0.1276245266199112 0.1443622559309006 0
1 148 0 1
2678
0.1276245266199112 0.1443622559309006 0
1 149 0 1
2679
0.1276245249130742 0.1443622576992663 0
1 150 0 1
2680
0.1166996977385894 0.1531003455999193 0
1 151 0 1
2681
0.09857009502421611 0.1610779286307888 0
1 152 0 8
2682
2683
2684
2685
2686
2687
2688
2689
0.09295081875177709 0.1626434466164903 0
0.09294991274321494 0.1626436731213854 0
0.09294900670571921 0.1626438996257073 0
0.09294810068160325 0.1626441261188778 0
0.09294719464950932 0.1626443526062365 0
0.09294628860807587 0.1626445790881238 0
0.09294538257714388 0.1626448055595803 0
0.0929444765411316 0.1626450320245011 0
1 153 0 8
2690
2691
2692
2693
2694
2695
2696
2697
0.08276938893777069 0.1647571549666821 0
0.07250657830450294 0.1663991495991595 0
0.06221189306270956 0.1678269595763869 0
0.05188524536127911 0.1690014507087367 0
0.04153306881944047 0.1699244606822143 0
0.0311635701682052 0.1706277009200196 0
0.02078219123426924 0.1711256258761319 0
0.01039294827990246 0.1714164568715341 0
1 154 0 1
2698
0.1276245122251193 0.1443622709051696 0
1 155 0 2
2699
2700
0.2548167965761291 0.3889244669685774 0
0.4832137985919674 0.5637085740415864 0
1 156 0 1
2701
0.7394085601505056 0.6943933259775541 0
1 157 0 1
2702
0.7394085623110486 0.6943933258996312 0
1 158 0 1
2703
0.1293986463698141 0.1437459657897489 0
1 159 0 2
2704
2705
0.3305492533966535 0.3253113513775683 0
0.5294682601873183 0.5159700154062001 0
1 160 0 1
2706
0.7394085682086877 0.6943933143838943 0
1 161 0 1
2707
0.7394085696327759 0.6943933155187449 0
1 162 0 1
2708
0.1285053683610368 0.1440362300839533 0
1 163 0 1
2709
0.1533533781766891 0.1286070048809052 0
1 164 0 1
2710
0.1533533781766891 0.1286070048809052 0
1 165 0 1
2711
0.1533533781766891 0.1286070048809052 0
1 166 0 1
2712
0.1526172415952194 0.1290722299988604 0
1 167 0 1
2713
0.146300661754821 0.1330641951793655 0
1 168 0 1
2714
0.1393519981041605 0.137455625992457 0
1 169 0 1
2715
0.133691212047473 0.1410331412623597 0
1 170 0 1
2716
0.1533533781766891 0.1286070048809052 0
1 171 0 1
2717
0.1533533781766891 0.1286070048809052 0
1 172 0 1
2718
0.1533533781766891 0.1286070048809052 0
1 173 0 1
2719
0.1526172415970481 0.1290722299977047 0
1 174 0 1
2720
0.1463006617688906 0.1330641951704737 0
1 175 0 1
2721
0.1393519981041605 0.137455625992457 0
1 176 0 1
2722
0.133691212047473 0.1410331412623597 0
1 177 0 1
2723
0.1649003326892853 0.3889136910438537 0
1 178 0 1
2724
0.1649003326892853 0.3889136910438536 0
1 179 0 1
2725
0.1715612076985879 0.383338454860328 0
1 180 0 1
2726
0.1783867017506498 0.3776181475323188 0
1 181 0 1
2727
0.1649003326892853 0.3889136910438537 0
1 182 0 1
2728
0.1649003326892853 0.3889136910438538 0
1 183 0 1
2729
0.1649003326892853 0.3889136910438539 0
1 184 0 1
2730
0.1715612142060937 0.3833384627917877 0
1 185 0 1
2731
0.1783867016928549 0.3776181475643257 0
1 186 0 1
2732
0.1276245266199112 0.1443622559309005 0
1 187 0 1
2733
0.1276245266199112 0.1443622559309005 0
1 188 0 1
2734
0.1217026331547201 0.1170346360437223 0
1 189 0 1
2735
0.1518811051071527 0.1295374550577849 0
1 190 0 1
2736
0.1528517614973571 0.1293300008836061 0
1 191 0 1
2737
0.15364678455886 0.1287454661530312 0
1 192 0 1
2738
0.1550837747896383 0.1204745249651783 0
1 193 0 1
2739
0.1276245266199112 0.1443622559309005 0
2 1 0 64
2740
2741
2742
2743
2744
2745
2746
2747
2748
2749
2750
2751
2752
2753
2754
2755
2756
2757
2758
2759
2760
2761
2762
2763
2764
2765
2766
2767
2768
2769
2770
2771
2772
2773
2774
2775
2776
2777
2778
2779
2780
2781
2782
2783
2784
2785
2786
2787
2788
2789
2790
2791
2792
2793
2794
2795
2796
2797
2798
2799
2800
2801
2802
2803
0.08050584842731122 0.01817124139054423 0
0.0806721264363551 0.03634180576679599 0
0.08094758547160513 0.05451103670463486 0
0.08149425835471635 0.07267371847851412 0
0.08249508140689948 0.09081699799796913 0
0.08392075454450722 0.1089320446851971 0
0.08605458730890765 0.126975004814628 0
0.08905739135441704 0.144895052792404 0
0.08050618640401765 0.01817124811936963 0
0.08067246314772832 0.03634181922648682 0
0.08094790881730952 0.05451105712596231 0
0.08149456518852144 0.07267374589358197 0
0.08249539096145175 0.09081703202306736 0
0.08392111637395952 0.1089320809682269 0
0.08605394771273253 0.1269751600819228 0
0.08905668774061093 0.1448952256106485 0
0.08050652436430809 0.01817125484765798 0
0.08067279984253685 0.0363418326851035 0
0.08094823214642149 0.0545110775456762 0
0.08149487200573774 0.07267377330649662 0
0.08249570049922669 0.09081706604547651 0
0.08392147818595069 0.1089321172480752 0
0.08605330810894291 0.1269753153443773 0
0.08905598411966872 0.1448953984234074 0
0.08050686233397275 0.01817126157500815 0
0.08067313654648244 0.03634184614184386 0
0.08094855548432868 0.05451109796257767 0
0.08149517883138017 0.07267380071566294 0
0.08249601004522515 0.09081710006319814 0
0.08392184000639177 0.1089321535222592 0
0.08605266850470836 0.1269754706012011 0
0.0890552804975013 0.1448955712296912 0
0.08050720030811276 0.01817126830142018 0
0.08067347325468381 0.03634185959670793 0
0.08094887882626824 0.05451111837666474 0
0.08149548566083062 0.07267382812107682 0
0.08249631959481329 0.09081713407622921 0
0.08392220183021953 0.1089321897908131 0
0.08605202890333072 0.1269756258514917 0
0.08905457687795175 0.1448957440285071 0
0.08050753827461188 0.01817127502730035 0
0.08067380995506419 0.03634187305050829 0
0.08094920216014288 0.05451113878915748 0
0.08149579248195561 0.07267385552436596 0
0.08249662913591697 0.09081716808660302 0
0.08392256364566567 0.1089322260561543 0
0.08605138928810689 0.1269757810986309 0
0.08905387324404437 0.144895916823697 0
0.08050787625101777 0.01817128175205569 0
0.08067414666511417 0.036341886502059 0
0.08094952550347653 0.05451115919827522 0
0.08149609931233603 0.07267388292315467 0
0.08249693868602999 0.0908172020913519 0
0.0839229254697655 0.1089322623147557 0
0.08605074968351104 0.1269759363376573 0
0.08905316962066652 0.1448960896096255 0
0.08050821422296024 0.01817128847609316 0
0.08067448337051099 0.03634189995217395 0
0.08094984884197996 0.0545111796052391 0
0.08149640613771227 0.07267391031907143 0
0.08249724823094513 0.09081723609251108 0
0.08392328728842237 0.108932298569054 0
0.08605011007431745 0.126976091571547 0
0.08905246599256617 0.1448962623896882 0
2 2 0 64
2804
2805
2806
2807
2808
2809
2810
2811
2812
2813
2814
2815
2816
2817
2818
2819
2820
2821
2822
2823
2824
2825
2826
2827
2828
2829
2830
2831
2832
2833
2834
2835
2836
2837
2838
2839
2840
2841
2842
2843
2844
2845
2846
2847
2848
2849
2850
2851
2852
2853
2854
2855
2856
2857
2858
2859
2860
2861
2862
2863
2864
2865
2866
2867
0.01039293670340893 0.171415874835141 0
0.02078216725219901 0.1711250465052625 0
0.03116353386146285 0.1706271250195723 0
0.04153302044386059 0.1699238904595668 0
0.05188518799654614 0.1690009233233215 0
0.06221182413391371 0.1678264410401343 0
0.07250649241846981 0.1663986024882321 0
0.08276930704723426 0.1647567021515088 0
0.01039292512809737 0.1714152928082038 0
0.02078214327253267 0.1711244671488166 0
0.03116349755834247 0.1706265491384782 0
0.04153297207310862 0.169923320261097 0
0.05188513063770075 0.169000395965144 0
0.06221175521218739 0.1678259225357934 0
0.07250640654094424 0.1663980554156675 0
0.08276922516564855 0.1647562493753148 0
0.0103929135510938 0.1714147107632548 0
0.02078211928942153 0.1711238877676329 0
0.0311634612500304 0.1706259732259793 0
0.04153292369543687 0.1699227500247176 0
0.05188507327043337 0.1689998685652781 0
0.06221168628034804 0.1678254039834917 0
0.07250632065121895 0.1663975082861247 0
0.08276914327131342 0.1647557965421386 0
0.01039290197394643 0.1714141287371383 0
0.02078209530603579 0.1711233084025238 0
0.0311634249413117 0.1706253973267844 0
0.04153287531722238 0.1699221797988367 0
0.05188501590243882 0.168999341172521 0
0.06221161734763749 0.1678248854354438 0
0.07250623476056323 0.1663969611585686 0
0.08276906137565929 0.1647553437067504 0
0.01039289039747224 0.1714135467164186 0
0.02078207132401873 0.1711227290456156 0
0.03116338863465499 0.1706248214385727 0
0.04153282694175632 0.1699216095866622 0
0.05188495853779621 0.1689988137951932 0
0.06221154841895171 0.1678243669054629 0
0.07250614887475029 0.1663964140527246 0
0.0827689794851019 0.1647548908934121 0
0.01039287881873161 0.1714129646411205 0
0.02078204733735989 0.1711221496283461 0
0.03116335232099178 0.1706242454843225 0
0.04153277855695268 0.1699210393030617 0
0.05188490116188944 0.168998286345933 0
0.06221147947673699 0.1678238482985787 0
0.0725060629724352 0.1663958668600908 0
0.08276889757782141 0.1647544379995368 0
0.01039286724241926 0.1714123826183719 0
0.0207820233556685 0.1711215702703603 0
0.0311633160148244 0.1706236695959829 0
0.04153273018213899 0.1699204690917034 0
0.05188484379805478 0.1689977589702757 0
0.06221141054902098 0.1678233297712048 0
0.07250597708776686 0.1663953197578806 0
0.08276881568853285 0.1647539851905624 0
0.01039285566506281 0.1714118005782305 0
0.02078199937184565 0.1711209908914776 0
0.03116327970544238 0.1706230936832839 0
0.04153268180304085 0.1699198988526387 0
0.05188478642902665 0.1689972315655049 0
0.06221134161506804 0.1678228112115357 0
0.07250589119553665 0.1663947726182405 0
0.08276873379145119 0.1647535323454369 0
2 3 0 64
2868
2869
2870
2871
2872
2873
2874
2875
2876
2877
2878
2879
2880
2881
2882
2883
2884
2885
2886
2887
2888
2889
2890
2891
2892
2893
2894
2895
2896
2897
2898
2899
2900
2901
2902
2903
2904
2905
2906
2907
2908
2909
2910
2911
2912
2913
2914
2915
2916
2917
2918
2919
2920
2921
2922
2923
2924
2925
2926
2927
2928
2929
2930
2931
0.09295055260526226 0.162642381696072 0
0.09295058586951052 0.1626425147956292 0
0.09295061913550147 0.1626426479019344 0
0.09295065240744249 0.1626427810318302 0
0.09295068567761108 0.1626429141544076 0
0.09295071894924575 0.1626430472826313 0
0.09295075222018073 0.1626431804078337 0
0.09295078548572651 0.162643313511249 0
0.09294964659395892 0.1626426080759991 0
0.09294967985944036 0.1626427411947762 0
0.09294971312573495 0.1626428743165691 0
0.09294974639878192 0.1626430074651585 0
0.0929497796688927 0.1626431406017581 0
0.09294981294080502 0.1626432737453387 0
0.09294984621180388 0.1626434068850316 0
0.09294987947683384 0.1626435400006035 0
0.09294874057475219 0.1626428344500933 0
0.09294877383883823 0.1626429675887478 0
0.0929488071028078 0.1626431007266857 0
0.09294884037433146 0.1626432338946265 0
0.09294887364175557 0.1626433670459058 0
0.09294890691131652 0.1626435002055007 0
0.09294894017975038 0.1626436333603415 0
0.09294897344163623 0.1626437664887275 0
0.09294783455418459 0.1626430608167191 0
0.09294786781871771 0.1626431939747908 0
0.09294790108220476 0.1626433271284133 0
0.092947934354048 0.162643460315245 0
0.09294796762062804 0.1626435934807436 0
0.09294800088968043 0.1626437266558923 0
0.09294803415739195 0.1626438598254207 0
0.09294806741797593 0.1626439929661605 0
0.09294692853480693 0.1626432871752402 0
0.09294696179864122 0.1626434203530155 0
0.09294699506049979 0.1626435535226093 0
0.09294702833151641 0.1626436867286185 0
0.09294706159610644 0.1626438199086231 0
0.0929470948635041 0.1626439530996123 0
0.09294712812934722 0.1626440862841148 0
0.09294716138748357 0.1626442194374951 0
0.09294602250052439 0.1626435135296774 0
0.09294605576435545 0.162643646726983 0
0.09294608902528122 0.1626437799123746 0
0.09294612229616703 0.1626439131373878 0
0.09294615555946269 0.1626440463317249 0
0.09294618882590139 0.1626441795383812 0
0.09294622209057186 0.1626443127376845 0
0.09294625534695607 0.1626444459035317 0
0.09294511647695265 0.1626437398736314 0
0.09294514974075432 0.1626438730904738 0
0.09294518300072109 0.1626440062916698 0
0.09294521627144998 0.1626441395356936 0
0.09294524953342505 0.1626442727443697 0
0.09294528279887865 0.1626444059666997 0
0.09294531606235024 0.1626445391808103 0
0.09294534931695621 0.1626446723591308 0
0.0929442104486351 0.1626439662109641 0
0.09294424371236557 0.1626440994473539 0
0.09294427697133154 0.1626442326643651 0
0.0929443102418616 0.1626443659274102 0
0.09294434350247435 0.1626444991504361 0
0.09294437676690101 0.1626446323884503 0
0.09294441002913194 0.1626447656173789 0
0.09294444328191782 0.1626448988081838 0
2 4 0 64
2932
2933
2934
2935
2936
2937
2938
2939
2940
2941
2942
2943
2944
2945
2946
2947
2948
2949
2950
2951
2952
2953
2954
2955
2956
2957
2958
2959
2960
2961
2962
2963
2964
2965
2966
2967
2968
2969
2970
2971
2972
2973
2974
2975
2976
2977
2978
2979
2980
2981
2982
2983
2984
2985
2986
2987
2988
2989
2990
2991
2992
2993
2994
2995
0.9792894729307395 0.5322122741789116 0
0.958598358813314 0.5312709016739031 0
0.9379451372316066 0.5297050762144194 0
0.9173503342671517 0.5275002979046892 0
0.8968325845289358 0.5246667911106073 0
0.8764129135825923 0.5211963991300692 0
0.8561097517937299 0.5170989493185213 0
0.8359400532625116 0.5123882255961109 0
0.9792894409933544 0.5322131453195855 0
0.9585983024012229 0.5312717660154123 0
0.9379450564518244 0.5297059264422804 0
0.9173502281849872 0.5275011464256111 0
0.8968324541614674 0.5246676301664704 0
0.8764127582164076 0.5211972339746049 0
0.8561095741143059 0.5170997666859826 0
0.835939854806234 0.5123890204365833 0
0.9792894090584331 0.5322140163581734 0
0.9585982459933235 0.531272630259997 0
0.9379449756779508 0.5297067765791005 0
0.9173501221105426 0.5275019948601514 0
0.896832323803428 0.524668469141377 0
0.8764126028614314 0.5211980687430908 0
0.8561093964476056 0.5171005839836086 0
0.8359396563640429 0.5123898152139333 0
0.9792893771191007 0.5322148874307457 0
0.9585981895772459 0.5312734945494513 0
0.9379448948921422 0.529707626771043 0
0.9173500160203225 0.5275028433611386 0
0.8968321934258636 0.5246693081933848 0
0.8764124474831181 0.5211989035997862 0
0.8561092187539878 0.517101401379407 0
0.8359394578914867 0.5123906100989827 0
0.9792893451813387 0.5322157584820874 0
0.9585981331640311 0.5312743588147574 0
0.9379448141104839 0.5297084769361929 0
0.9173499099355769 0.5275036918322262 0
0.8968320630550574 0.5246701472126752 0
0.876412292112875 0.5211997384207507 0
0.8561090410696515 0.5171022187369554 0
0.8359392594293661 0.5123914049434523 0
0.9792893132427278 0.5322166295153417 0
0.9585980767491283 0.5312752230673213 0
0.9379447333262995 0.5297093270939361 0
0.9173498038474652 0.5275045403012592 0
0.8968319326800476 0.524670986235253 0
0.8764121367375886 0.5212005732503506 0
0.8561088633794358 0.5171030361084706 0
0.8359390609605325 0.5123921998072121 0
0.9792892813038671 0.5322175006439895 0
0.9585980203341679 0.5312760874026232 0
0.9379446525422543 0.5297101773213291 0
0.9173496977596347 0.5275053888275869 0
0.8968318023055214 0.5246718253023118 0
0.8764119813629461 0.5212014081119292 0
0.8561086856901838 0.5171038534986769 0
0.8359388624930728 0.5123929946760772 0
0.9792892493655351 0.5322183717730422 0
0.9585979639201985 0.5312769517361395 0
0.9379445717596635 0.5297110275448098 0
0.9173495916737295 0.5275062373477682 0
0.8968316719333822 0.5246726643610573 0
0.8764118259911585 0.5212022429629823 0
0.856108508004231 0.5171046708762606 0
0.8359386640293434 0.5123937895302664 0
2 5 0 64
2996
2997
2998
2999
3000
3001
3002
3003
3004
3005
3006
3007
3008
3009
3010
3011
3012
3013
3014
3015
3016
3017
3018
3019
3020
3021
3022
3023
3024
3025
3026
3027
3028
3029
3030
3031
3032
3033
3034
3035
3036
3037
3038
3039
3040
3041
3042
3043
3044
3045
3046
3047
3048
3049
3050
3051
3052
3053
3054
3055
3056
3057
3058
3059
0.7365434931453945 0.6982238701407302 0
0.7351845107179624 0.7002040308977076 0
0.7338735395741859 0.7022173356824916 0
0.7326085952384191 0.7042608520380111 0
0.7313875285669245 0.7063317835943941 0
0.7302083299388866 0.7084276037603376 0
0.7290687887573952 0.710545898703921 0
0.7279665268111157 0.7126843764366699 0
0.7351815260588488 0.7002020708761502 0
0.7338623126527394 0.7022320045119065 0
0.7325889310794145 0.7042927315804852 0
0.7313591184786941 0.7063813904932463 0
0.7301705752832719 0.7084953074672009 0
0.7290215386994063 0.710632236260371 0
0.7279100622385857 0.7127900268210012 0
0.7268340450766297 0.7149666334609267 0
0.7338685990173077 0.7022142097950809 0
0.7325869164557027 0.7042915017945548 0
0.7313488862653388 0.7063972366203553 0
0.7301519672011769 0.7085286235528354 0
0.7289937092736209 0.7106831113979706 0
0.7278725965169204 0.7128587342641283 0
0.7267869465514725 0.7150536058802195 0
0.7257349359419905 0.7172659268601353 0
0.7326026556399359 0.7042572222500535 0
0.7313560277269635 0.7063795571436553 0
0.7301508727127903 0.7085279842461762 0
0.7289843709672741 0.7106997837074978 0
0.7278539220800091 0.7128925269245487 0
0.7267582569141419 0.7151045283570046 0
0.7256959571994376 0.7173341655149111 0
0.7246654768913119 0.7195798853158748 0
0.7313813823581712 0.7063281547152725 0
0.730167153681743 0.708493335222927 0
0.7289922184215476 0.7106822573127582 0
0.7278534785622806 0.7128922720046518 0
0.7267481832744186 0.7151210732883262 0
0.7256753102508029 0.7173672559755567 0
0.724633705330869 0.7196294613578518 0
0.7236220998624725 0.7219063826580034 0
0.7302025448857016 0.7084243150426637 0
0.7290182367369641 0.7106304020028397 0
0.7278710425127655 0.7128578799103489 0
0.7267575858126226 0.7151041706554986 0
0.7256749653894985 0.7173670908224064 0
0.7246224057666364 0.7196455155756327 0
0.723599016893383 0.7219383499884231 0
0.7226038075116193 0.7242445335900363 0
0.7290638384590096 0.710543195742481 0
0.727907311363912 0.7127885526697545 0
0.7267857186934293 0.7150529499022334 0
0.7256954056618401 0.7173338802010125 0
0.7246333206059531 0.7196292827459926 0
0.7235989348800643 0.7219383130551483 0
0.722591622543684 0.7242601399837433 0
0.7216106697341291 0.7265939493686338 0
0.7279627044261358 0.7126823895811127 0
0.7268320966821212 0.7149656314063131 0
0.7257342438562158 0.7172655628889719 0
0.7246652127774826 0.719579747661264 0
0.7236218013678 0.7219062475000158 0
0.7226037278130163 0.7242444982770834 0
0.7216106302829542 0.7265939326299278 0
0.720642072311521 0.7289539827038987 0
$EndNodes
$Elements
2616 3337 1 3337
0 1 15 1
1 1 
0 2 15 1
2 2 
0 3 15 1
3 3 
0 4 15 1
4 4 
0 5 15 1
5 5 
0 6 15 1
6 6 
0 7 15 1
7 7 
0 8 15 1
8 8 
0 9 15 1
9 9 
0 10 15 1
10 10 
0 11 15 1
11 11 
0 12 15 1
12 12 
0 13 15 1
13 13 
0 14 15 1
14 14 
0 15 15 1
15 15 
0 16 15 1
16 16 
0 17 15 1
17 17 
0 18 15 1
18 18 
0 19 15 1
19 19 
0 20 15 1
20 20 
0 21 15 1
21 21 
0 22 15 1
22 22 
0 23 15 1
23 23 
0 24 15 1
24 24 
0 25 15 1
25 25 
0 26 15 1
26 26 
0 27 15 1
27 27 
0 28 15 1
28 28 
0 29 15 1
29 29 
0 30 15 1
30 30 
0 31 15 1
31 31 
0 32 15 1
32 32 
0 33 15 1
33 33 
0 34 15 1
34 34 
0 35 15 1
35 35 
0 36 15 1
36 36 
0 37 15 1
37 37 
0 38 15 1
38 38 
0 39 15 1
39 39 
0 40 15 1
40 40 
0 41 15 1
41 41 
0 42 15 1
42 42 
0 43 15 1
43 43 
0 44 15 1
44 44 
0 45 15 1
45 45 
0 46 15 1
46 46 
0 47 15 1
47 47 
0 48 15 1
48 48 
0 49 15 1
49 49 
0 50 15 1
50 50 
0 51 15 1
51 51 
0 52 15 1
52 52 
0 53 15 1
53 53 
0 54 15 1
54 54 
0 55 15 1
55 55 
0 56 15 1
56 56 
0 57 15 1
57 57 
0 58 15 1
58 58 
0 59 15 1
59 59 
0 60 15 1
60 60 
0 61 15 1
61 61 
0 62 15 1
62 62 
0 63 15 1
63 63 
0 64 15 1
64 64 
0 65 15 1
65 65 
0 66 15 1
66 66 
0 67 15 1
67 67 
0 68 15 1
68 68 
0 69 15 1
69 69 
0 70 15 1
70 70 
0 71 15 1
71 71 
0 72 15 1
72 72 
0 73 15 1
73 73 
0 74 15 1
74 74 
0 75 15 1
75 75 
0 76 15 1
76 76 
0 77 15 1
77 77 
0 78 15 1
78 78 
0 79 15 1
79 79 
0 80 15 1
80 80 
0 81 15 1
81 81 
0 82 15 1
82 82 
0 83 15 1
83 83 
0 84 15 1
84 84 
0 85 15 1
85 85 
0 86 15 1
86 86 
0 87 15 1
87 87 
0 88 15 1
88 88 
0 89 15 1
89 89 
0 90 15 1
90 90 
0 91 15 1
91 91 
0 92 15 1
92 92 
0 93 15 1
93 93 
0 94 15 1
94 94 
0 95 15 1
95 95 
0 96 15 1
96 96 
0 97 15 1
97 97 
0 98 15 1
98 98 
0 99 15 1
99 99 
0 100 15 1
100 100 
0 101 15 1
101 101 
0 102 15 1
102 102 
0 103 15 1
103 103 
0 104 15 1
104 104 
0 105 15 1
105 105 
0 106 15 1
106 106 
0 107 15 1
107 107 
0 108 15 1
108 108 
0 109 15 1
109 109 
0 110 15 1
110 110 
0 111 15 1
111 111 
0 112 15 1
112 112 
0 113 15 1
113 113 
0 114 15 1
114 114 
0 115 15 1
115 115 
0 116 15 1
116 116 
0 117 15 1
117 117 
0 118 15 1
118 118 
0 119 15 1
119 119 
0 120 15 1
120 120 
0 121 15 1
121 121 
0 122 15 1
122 122 
0 123 15 1
123 123 
0 124 15 1
124 124 
0 125 15 1
125 125 
0 126 15 1
126 126 
0 127 15 1
127 127 
0 128 15 1
128 128 
0 129 15 1
129 129 
0 130 15 1
130 130 
0 131 15 1
131 131 
0 132 15 1
132 132 
0 133 15 1
133 133 
0 134 15 1
134 134 
0 135 15 1
135 135 
0 136 15 1
136 136 
0 137 15 1
137 137 
0 138 15 1
138 138 
0 139 15 1
139 139 
0 140 15 1
140 140 
0 141 15 1
141 141 
0 142 15 1
142 142 
0 143 15 1
143 143 
0 144 15 1
144 144 
0 145 15 1
145 145 
0 146 15 1
146 146 
0 147 15 1
147 147 
0 148 15 1
148 148 
0 149 15 1
149 149 
0 150 15 1
150 150 
0 151 15 1
151 151 
0 152 15 1
152 152 
0 153 15 1
153 153 
0 154 15 1
154 154 
0 155 15 1
155 155 
0 156 15 1
156 156 
0 157 15 1
157 157 
0 158 15 1
158 158 
0 159 15 1
159 159 
0 160 15 1
160 160 
0 161 15 1
161 161 
0 162 15 1
162 162 
0 163 15 1
163 163 
0 164 15 1
164 164 
0 165 15 1
165 165 
0 166 15 1
166 166 
0 167 15 1
167 167 
0 168 15 1
168 168 
0 169 15 1
169 169 
0 170 15 1
170 170 
0 171 15 1
171 171 
0 172 15 1
172 172 
0 173 15 1
173 173 
0 174 15 1
174 174 
0 175 15 1
175 175 
0 176 15 1
176 176 
0 177 15 1
177 177 
0 178 15 1
178 178 
0 179 15 1
179 179 
0 180 15 1
180 180 
0 181 15 1
181 181 
0 182 15 1
182 182 
0 183 15 1
183 183 
0 184 15 1
184 184 
0 185 15 1
185 185 
0 186 15 1
186 186 
0 187 15 1
187 187 
0 188 15 1
188 188 
0 189 15 1
189 189 
0 190 15 1
190 190 
0 191 15 1
191 191 
0 192 15 1
192 192 
0 193 15 1
193 193 
0 194 15 1
194 194 
0 195 15 1
195 195 
0 196 15 1
196 196 
0 197 15 1
197 197 
0 198 15 1
198 198 
0 199 15 1
199 199 
0 200 15 1
200 200 
0 201 15 1
201 201 
0 202 15 1
202 202 
0 203 15 1
203 203 
0 204 15 1
204 204 
0 205 15 1
205 205 
0 206 15 1
206 206 
0 207 15 1
207 207 
0 208 15 1
208 208 
0 209 15 1
209 209 
0 210 15 1
210 210 
0 211 15 1
211 211 
0 212 15 1
212 212 
0 213 15 1
213 213 
0 214 15 1
214 214 
0 215 15 1
215 215 
0 216 15 1
216 216 
0 217 15 1
217 217 
0 218 15 1
218 218 
0 219 15 1
219 219 
0 220 15 1
220 220 
0 221 15 1
221 221 
0 222 15 1
222 222 
0 223 15 1
223 223 
0 224 15 1
224 224 
0 225 15 1
225 225 
0 226 15 1
226 226 
0 227 15 1
227 227 
0 228 15 1
228 228 
0 229 15 1
229 229 
0 230 15 1
230 230 
0 231 15 1
231 231 
0 232 15 1
232 232 
0 233 15 1
233 233 
0 234 15 1
234 234 
0 235 15 1
235 235 
0 236 15 1
236 236 
0 237 15 1
237 237 
0 238 15 1
238 238 
0 239 15 1
239 239 
0 240 15 1
240 240 
0 241 15 1
241 241 
0 242 15 1
242 242 
0 243 15 1
243 243 
0 244 15 1
244 244 
0 245 15 1
245 245 
0 246 15 1
246 246 
0 247 15 1
247 247 
0 248 15 1
248 248 
0 249 15 1
249 249 
0 250 15 1
250 250 
0 251 15 1
251 251 
0 252 15 1
252 252 
0 253 15 1
253 253 
0 254 15 1
254 254 
0 255 15 1
255 255 
0 256 15 1
256 256 
0 257 15 1
257 257 
0 258 15 1
258 258 
0 259 15 1
259 259 
0 260 15 1
260 260 
0 261 15 1
261 261 
0 262 15 1
262 262 
0 263 15 1
263 263 
0 264 15 1
264 264 
0 265 15 1
265 265 
0 266 15 1
266 266 
0 267 15 1
267 267 
0 268 15 1
268 268 
0 269 15 1
269 269 
0 270 15 1
270 270 
0 271 15 1
271 271 
0 272 15 1
272 272 
0 273 15 1
273 273 
0 274 15 1
274 274 
0 275 15 1
275 275 
0 276 15 1
276 276 
0 277 15 1
277 277 
0 278 15 1
278 278 
0 279 15 1
279 279 
0 280 15 1
280 280 
0 281 15 1
281 281 
0 282 15 1
282 282 
0 283 15 1
283 283 
0 284 15 1
284 284 
0 285 15 1
285 285 
0 286 15 1
286 286 
0 287 15 1
287 287 
0 288 15 1
288 288 
0 289 15 1
289 289 
0 290 15 1
290 290 
0 291 15 1
291 291 
0 292 15 1
292 292 
0 293 15 1
293 293 
0 294 15 1
294 294 
0 295 15 1
295 295 
0 296 15 1
296 296 
0 297 15 1
297 297 
0 298 15 1
298 298 
0 299 15 1
299 299 
0 300 15 1
300 300 
0 301 15 1
301 301 
0 302 15 1
302 302 
0 303 15 1
303 303 
0 304 15 1
304 304 
0 305 15 1
305 305 
0 306 15 1
306 306 
0 307 15 1
307 307 
0 308 15 1
308 308 
0 309 15 1
309 309 
0 310 15 1
310 310 
0 311 15 1
311 311 
0 312 15 1
312 312 
0 313 15 1
313 313 
0 314 15 1
314 314 
0 315 15 1
315 315 
0 316 15 1
316 316 
0 317 15 1
317 317 
0 318 15 1
318 318 
0 319 15 1
319 319 
0 320 15 1
320 320 
0 321 15 1
321 321 
0 322 15 1
322 322 
0 323 15 1
323 323 
0 324 15 1
324 324 
0 325 15 1
325 325 
0 326 15 1
326 326 
0 327 15 1
327 327 
0 328 15 1
328 328 
0 329 15 1
329 329 
0 330 15 1
330 330 
0 331 15 1
331 331 
0 332 15 1
332 332 
0 333 15 1
333 333 
0 334 15 1
334 334 
0 335 15 1
335 335 
0 336 15 1
336 336 
0 337 15 1
337 337 
0 338 15 1
338 338 
0 339 15 1
339 339 
0 340 15 1
340 340 
0 341 15 1
341 341 
0 342 15 1
342 342 
0 343 15 1
343 343 
0 344 15 1
344 344 
0 345 15 1
345 345 
0 346 15 1
346 346 
0 347 15 1
347 347 
0 348 15 1
348 348 
0 349 15 1
349 349 
0 350 15 1
350 350 
0 351 15 1
351 351 
0 352 15 1
352 352 
0 353 15 1
353 353 
0 354 15 1
354 354 
0 355 15 1
355 355 
0 356 15 1
356 356 
0 357 15 1
357 357 
0 358 15 1
358 358 
0 359 15 1
359 359 
0 360 15 1
360 360 
0 361 15 1
361 361 
0 362 15 1
362 362 
0 363 15 1
363 363 
0 364 15 1
364 364 
0 365 15 1
365 365 
0 366 15 1
366 366 
0 367 15 1
367 367 
0 368 15 1
368 368 
0 369 15 1
369 369 
0 370 15 1
370 370 
0 371 15 1
371 371 
0 372 15 1
372 372 
0 373 15 1
373 373 
0 374 15 1
374 374 
0 375 15 1
375 375 
0 376 15 1
376 376 
0 377 15 1
377 377 
0 378 15 1
378 378 
0 379 15 1
379 379 
0 380 15 1
380 380 
0 381 15 1
381 381 
0 382 15 1
382 382 
0 383 15 1
383 383 
0 384 15 1
384 384 
0 385 15 1
385 385 
0 386 15 1
386 386 
0 387 15 1
387 387 
0 388 15 1
388 388 
0 389 15 1
389 389 
0 390 15 1
390 390 
0 391 15 1
391 391 
0 392 15 1
392 392 
0 393 15 1
393 393 
0 394 15 1
394 394 
0 395 15 1
395 395 
0 396 15 1
396 396 
0 397 15 1
397 397 
0 398 15 1
398 398 
0 399 15 1
399 399 
0 400 15 1
400 400 
0 401 15 1
401 401 
0 402 15 1
402 402 
0 403 15 1
403 403 
0 404 15 1
404 404 
0 405 15 1
405 405 
0 406 15 1
406 406 
0 407 15 1
407 407 
0 408 15 1
408 408 
0 409 15 1
409 409 
0 410 15 1
410 410 
0 411 15 1
411 411 
0 412 15 1
412 412 
0 413 15 1
413 413 
0 414 15 1
414 414 
0 415 15 1
415 415 
0 416 15 1
416 416 
0 417 15 1
417 417 
0 418 15 1
418 418 
0 419 15 1
419 419 
0 420 15 1
420 420 
0 421 15 1
421 421 
0 422 15 1
422 422 
0 423 15 1
423 423 
0 424 15 1
424 424 
0 425 15 1
425 425 
0 426 15 1
426 426 
0 427 15 1
427 427 
0 428 15 1
428 428 
0 429 15 1
429 429 
0 430 15 1
430 430 
0 431 15 1
431 431 
0 432 15 1
432 432 
0 433 15 1
433 433 
0 434 15 1
434 434 
0 435 15 1
435 435 
0 436 15 1
436 436 
0 437 15 1
437 437 
0 438 15 1
438 438 
0 439 15 1
439 439 
0 440 15 1
440 440 
0 441 15 1
441 441 
0 442 15 1
442 442 
0 443 15 1
443 443 
0 444 15 1
444 444 
0 445 15 1
445 445 
0 446 15 1
446 446 
0 447 15 1
447 447 
0 448 15 1
448 448 
0 449 15 1
449 449 
0 450 15 1
450 450 
0 451 15 1
451 451 
0 452 15 1
452 452 
0 453 15 1
453 453 
0 454 15 1
454 454 
0 455 15 1
455 455 
0 456 15 1
456 456 
0 457 15 1
457 457 
0 458 15 1
458 458 
0 459 15 1
459 459 
0 460 15 1
460 460 
0 461 15 1
461 461 
0 462 15 1
462 462 
0 463 15 1
463 463 
0 464 15 1
464 464 
0 465 15 1
465 465 
0 466 15 1
466 466 
0 467 15 1
467 467 
0 468 15 1
468 468 
0 469 15 1
469 469 
0 470 15 1
470 470 
0 471 15 1
471 471 
0 472 15 1
472 472 
0 473 15 1
473 473 
0 474 15 1
474 474 
0 475 15 1
475 475 
0 476 15 1
476 476 
0 477 15 1
477 477 
0 478 15 1
478 478 
0 479 15 1
479 479 
0 480 15 1
480 480 
0 481 15 1
481 481 
0 482 15 1
482 482 
0 483 15 1
483 483 
0 484 15 1
484 484 
0 485 15 1
485 485 
0 486 15 1
486 486 
0 487 15 1
487 487 
0 488 15 1
488 488 
0 489 15 1
489 489 
0 490 15 1
490 490 
0 491 15 1
491 491 
0 492 15 1
492 492 
0 493 15 1
493 493 
0 494 15 1
494 494 
0 495 15 1
495 495 
0 496 15 1
496 496 
0 497 15 1
497 497 
0 498 15 1
498 498 
0 499 15 1
499 499 
0 500 15 1
500 500 
0 501 15 1
501 501 
0 502 15 1
502 502 
0 503 15 1
503 503 
0 504 15 1
504 504 
0 505 15 1
505 505 
0 506 15 1
506 506 
0 507 15 1
507 507 
0 508 15 1
508 508 
0 509 15 1
509 509 
0 510 15 1
510 510 
0 511 15 1
511 511 
0 512 15 1
512 512 
0 513 15 1
513 513 
0 514 15 1
514 514 
0 515 15 1
515 515 
0 516 15 1
516 516 
0 517 15 1
517 517 
0 518 15 1
518 518 
0 519 15 1
519 519 
0 520 15 1
520 520 
0 521 15 1
521 521 
0 522 15 1
522 522 
0 523 15 1
523 523 
0 524 15 1
524 524 
0 525 15 1
525 525 
0 526 15 1
526 526 
0 527 15 1
527 527 
0 528 15 1
528 528 
0 529 15 1
529 529 
0 530 15 1
530 530 
0 531 15 1
531 531 
0 532 15 1
532 532 
0 533 15 1
533 533 
0 534 15 1
534 534 
0 535 15 1
535 535 
0 536 15 1
536 536 
0 537 15 1
537 537 
0 538 15 1
538 538 
0 539 15 1
539 539 
0 540 15 1
540 540 
0 541 15 1
541 541 
0 542 15 1
542 542 
0 543 15 1
543 543 
0 544 15 1
544 544 
0 545 15 1
545 545 
0 546 15 1
546 546 
0 547 15 1
547 547 
0 548 15 1
548 548 
0 549 15 1
549 549 
0 550 15 1
550 550 
0 551 15 1
551 551 
0 552 15 1
552 552 
0 553 15 1
553 553 
0 554 15 1
554 554 
0 555 15 1
555 555 
0 556 15 1
556 556 
0 557 15 1
557 557 
0 558 15 1
558 558 
0 559 15 1
559 559 
0 560 15 1
560 560 
0 561 15 1
561 561 
0 562 15 1
562 562 
0 563 15 1
563 563 
0 564 15 1
564 564 
0 565 15 1
565 565 
0 566 15 1
566 566 
0 567 15 1
567 567 
0 568 15 1
568 568 
0 569 15 1
569 569 
0 570 15 1
570 570 
0 571 15 1
571 571 
0 572 15 1
572 572 
0 573 15 1
573 573 
0 574 15 1
574 574 
0 575 15 1
575 575 
0 576 15 1
576 576 
0 577 15 1
577 577 
0 578 15 1
578 578 
0 579 15 1
579 579 
0 580 15 1
580 580 
0 581 15 1
581 581 
0 582 15 1
582 582 
0 583 15 1
583 583 
0 584 15 1
584 584 
0 585 15 1
585 585 
0 586 15 1
586 586 
0 587 15 1
587 587 
0 588 15 1
588 588 
0 589 15 1
589 589 
0 590 15 1
590 590 
0 591 15 1
591 591 
0 592 15 1
592 592 
0 593 15 1
593 593 
0 594 15 1
594 594 
0 595 15 1
595 595 
0 596 15 1
596 596 
0 597 15 1
597 597 
0 598 15 1
598 598 
0 599 15 1
599 599 
0 600 15 1
600 600 
0 601 15 1
601 601 
0 602 15 1
602 602 
0 603 15 1
603 603 
0 604 15 1
604 604 
0 605 15 1
605 605 
0 606 15 1
606 606 
0 607 15 1
607 607 
0 608 15 1
608 608 
0 609 15 1
609 609 
0 610 15 1
610 610 
0 611 15 1
611 611 
0 612 15 1
612 612 
0 613 15 1
613 613 
0 614 15 1
614 614 
0 615 15 1
615 615 
0 616 15 1
616 616 
0 617 15 1
617 617 
0 618 15 1
618 618 
0 619 15 1
619 619 
0 620 15 1
620 620 
0 621 15 1
621 621 
0 622 15 1
622 622 
0 623 15 1
623 623 
0 624 15 1
624 624 
0 625 15 1
625 625 
0 626 15 1
626 626 
0 627 15 1
627 627 
0 628 15 1
628 628 
0 629 15 1
629 629 
0 630 15 1
630 630 
0 631 15 1
631 631 
0 632 15 1
632 632 
0 633 15 1
633 633 
0 634 15 1
634 634 
0 635 15 1
635 635 
0 636 15 1
636 636 
0 637 15 1
637 637 
0 638 15 1
638 638 
0 639 15 1
639 639 
0 640 15 1
640 640 
0 641 15 1
641 641 
0 642 15 1
642 642 
0 643 15 1
643 643 
0 644 15 1
644 644 
0 645 15 1
645 645 
0 646 15 1
646 646 
0 647 15 1
647 647 
0 648 15 1
648 648 
0 649 15 1
649 649 
0 650 15 1
650 650 
0 651 15 1
651 651 
0 652 15 1
652 652 
0 653 15 1
653 653 
0 654 15 1
654 654 
0 655 15 1
655 655 
0 656 15 1
656 656 
0 657 15 1
657 657 
0 658 15 1
658 658 
0 659 15 1
659 659 
0 660 15 1
660 660 
0 661 15 1
661 661 
0 662 15 1
662 662 
0 663 15 1
663 663 
0 664 15 1
664 664 
0 665 15 1
665 665 
0 666 15 1
666 666 
0 667 15 1
667 667 
0 668 15 1
668 668 
0 669 15 1
669 669 
0 670 15 1
670 670 
0 671 15 1
671 671 
0 672 15 1
672 672 
0 673 15 1
673 673 
0 674 15 1
674 674 
0 675 15 1
675 675 
0 676 15 1
676 676 
0 677 15 1
677 677 
0 678 15 1
678 678 
0 679 15 1
679 679 
0 680 15 1
680 680 
0 681 15 1
681 681 
0 682 15 1
682 682 
0 683 15 1
683 683 
0 684 15 1
684 684 
0 685 15 1
685 685 
0 686 15 1
686 686 
0 687 15 1
687 687 
0 688 15 1
688 688 
0 689 15 1
689 689 
0 690 15 1
690 690 
0 691 15 1
691 691 
0 692 15 1
692 692 
0 693 15 1
693 693 
0 694 15 1
694 694 
0 695 15 1
695 695 
0 696 15 1
696 696 
0 697 15 1
697 697 
0 698 15 1
698 698 
0 699 15 1
699 699 
0 700 15 1
700 700 
0 701 15 1
701 701 
0 702 15 1
702 702 
0 703 15 1
703 703 
0 704 15 1
704 704 
0 705 15 1
705 705 
0 706 15 1
706 706 
0 707 15 1
707 707 
0 708 15 1
708 708 
0 709 15 1
709 709 
0 710 15 1
710 710 
0 711 15 1
711 711 
0 712 15 1
712 712 
0 713 15 1
713 713 
0 714 15 1
714 714 
0 715 15 1
715 715 
0 716 15 1
716 716 
0 717 15 1
717 717 
0 718 15 1
718 718 
0 719 15 1
719 719 
0 720 15 1
720 720 
0 721 15 1
721 721 
0 722 15 1
722 722 
0 723 15 1
723 723 
0 724 15 1
724 724 
0 725 15 1
725 725 
0 726 15 1
726 726 
0 727 15 1
727 727 
0 728 15 1
728 728 
0 729 15 1
729 729 
0 730 15 1
730 730 
0 731 15 1
731 731 
0 732 15 1
732 732 
0 733 15 1
733 733 
0 734 15 1
734 734 
0 735 15 1
735 735 
0 736 15 1
736 736 
0 737 15 1
737 737 
0 738 15 1
738 738 
0 739 15 1
739 739 
0 740 15 1
740 740 
0 741 15 1
741 741 
0 742 15 1
742 742 
0 743 15 1
743 743 
0 744 15 1
744 744 
0 745 15 1
745 745 
0 746 15 1
746 746 
0 747 15 1
747 747 
0 748 15 1
748 748 
0 749 15 1
749 749 
0 750 15 1
750 750 
0 751 15 1
751 751 
0 752 15 1
752 752 
0 753 15 1
753 753 
0 754 15 1
754 754 
0 755 15 1
755 755 
0 756 15 1
756 756 
0 757 15 1
757 757 
0 758 15 1
758 758 
0 759 15 1
759 759 
0 760 15 1
760 760 
0 761 15 1
761 761 
0 762 15 1
762 762 
0 763 15 1
763 763 
0 764 15 1
764 764 
0 765 15 1
765 765 
0 766 15 1
766 766 
0 767 15 1
767 767 
0 768 15 1
768 768 
0 769 15 1
769 769 
0 770 15 1
770 770 
0 771 15 1
771 771 
0 772 15 1
772 772 
0 773 15 1
773 773 
0 774 15 1
774 774 
0 775 15 1
775 775 
0 776 15 1
776 776 
0 777 15 1
777 777 
0 778 15 1
778 778 
0 779 15 1
779 779 
0 780 15 1
780 780 
0 781 15 1
781 781 
0 782 15 1
782 782 
0 783 15 1
783 783 
0 784 15 1
784 784 
0 785 15 1
785 785 
0 786 15 1
786 786 
0 787 15 1
787 787 
0 788 15 1
788 788 
0 789 15 1
789 789 
0 790 15 1
790 790 
0 791 15 1
791 791 
0 792 15 1
792 792 
0 793 15 1
793 793 
0 794 15 1
794 794 
0 795 15 1
795 795 
0 796 15 1
796 796 
0 797 15 1
797 797 
0 798 15 1
798 798 
0 799 15 1
799 799 
0 800 15 1
800 800 
0 801 15 1
801 801 
0 802 15 1
802 802 
0 803 15 1
803 803 
0 804 15 1
804 804 
0 805 15 1
805 805 
0 806 15 1
806 806 
0 807 15 1
807 807 
0 808 15 1
808 808 
0 809 15 1
809 809 
0 810 15 1
810 810 
0 811 15 1
811 811 
0 812 15 1
812 812 
0 813 15 1
813 813 
0 814 15 1
814 814 
0 815 15 1
815 815 
0 816 15 1
816 816 
0 817 15 1
817 817 
0 818 15 1
818 818 
0 819 15 1
819 819 
0 820 15 1
820 820 
0 821 15 1
821 821 
0 822 15 1
822 822 
0 823 15 1
823 823 
0 824 15 1
824 824 
0 825 15 1
825 825 
0 826 15 1
826 826 
0 827 15 1
827 827 
0 828 15 1
828 828 
0 829 15 1
829 829 
0 830 15 1
830 830 
0 831 15 1
831 831 
0 832 15 1
832 832 
0 833 15 1
833 833 
0 834 15 1
834 834 
0 835 15 1
835 835 
0 836 15 1
836 836 
0 837 15 1
837 837 
0 838 15 1
838 838 
0 839 15 1
839 839 
0 840 15 1
840 840 
0 841 15 1
841 841 
0 842 15 1
842 842 
0 843 15 1
843 843 
0 844 15 1
844 844 
0 845 15 1
845 845 
0 846 15 1
846 846 
0 847 15 1
847 847 
0 848 15 1
848 848 
0 849 15 1
849 849 
0 850 15 1
850 850 
0 851 15 1
851 851 
0 852 15 1
852 852 
0 853 15 1
853 853 
0 854 15 1
854 854 
0 855 15 1
855 855 
0 856 15 1
856 856 
0 857 15 1
857 857 
0 858 15 1
858 858 
0 859 15 1
859 859 
0 860 15 1
860 860 
0 861 15 1
861 861 
0 862 15 1
862 862 
0 863 15 1
863 863 
0 864 15 1
864 864 
0 865 15 1
865 865 
0 866 15 1
866 866 
0 867 15 1
867 867 
0 868 15 1
868 868 
0 869 15 1
869 869 
0 870 15 1
870 870 
0 871 15 1
871 871 
0 872 15 1
872 872 
0 873 15 1
873 873 
0 874 15 1
874 874 
0 875 15 1
875 875 
0 876 15 1
876 876 
0 877 15 1
877 877 
0 878 15 1
878 878 
0 879 15 1
879 879 
0 880 15 1
880 880 
0 881 15 1
881 881 
0 882 15 1
882 882 
0 883 15 1
883 883 
0 884 15 1
884 884 
0 885 15 1
885 885 
0 886 15 1
886 886 
0 887 15 1
887 887 
0 888 15 1
888 888 
0 889 15 1
889 889 
0 890 15 1
890 890 
0 891 15 1
891 891 
0 892 15 1
892 892 
0 893 15 1
893 893 
0 894 15 1
894 894 
0 895 15 1
895 895 
0 896 15 1
896 896 
0 897 15 1
897 897 
0 898 15 1
898 898 
0 899 15 1
899 899 
0 900 15 1
900 900 
0 901 15 1
901 901 
0 902 15 1
902 902 
0 903 15 1
903 903 
0 904 15 1
904 904 
0 905 15 1
905 905 
0 906 15 1
906 906 
0 907 15 1
907 907 
0 908 15 1
908 908 
0 909 15 1
909 909 
0 910 15 1
910 910 
0 911 15 1
911 911 
0 912 15 1
912 912 
0 913 15 1
913 913 
0 914 15 1
914 914 
0 915 15 1
915 915 
0 916 15 1
916 916 
0 917 15 1
917 917 
0 918 15 1
918 918 
0 919 15 1
919 919 
0 920 15 1
920 920 
0 921 15 1
921 921 
0 922 15 1
922 922 
0 923 15 1
923 923 
0 924 15 1
924 924 
0 925 15 1
925 925 
0 926 15 1
926 926 
0 927 15 1
927 927 
0 928 15 1
928 928 
0 929 15 1
929 929 
0 930 15 1
930 930 
0 931 15 1
931 931 
0 932 15 1
932 932 
0 933 15 1
933 933 
0 934 15 1
934 934 
0 935 15 1
935 935 
0 936 15 1
936 936 
0 937 15 1
937 937 
0 938 15 1
938 938 
0 939 15 1
939 939 
0 940 15 1
940 940 
0 941 15 1
941 941 
0 942 15 1
942 942 
0 943 15 1
943 943 
0 944 15 1
944 944 
0 945 15 1
945 945 
0 946 15 1
946 946 
0 947 15 1
947 947 
0 948 15 1
948 948 
0 949 15 1
949 949 
0 950 15 1
950 950 
0 951 15 1
951 951 
0 952 15 1
952 952 
0 953 15 1
953 953 
0 954 15 1
954 954 
0 955 15 1
955 955 
0 956 15 1
956 956 
0 957 15 1
957 957 
0 958 15 1
958 958 
0 959 15 1
959 959 
0 960 15 1
960 960 
0 961 15 1
961 961 
0 962 15 1
962 962 
0 963 15 1
963 963 
0 964 15 1
964 964 
0 965 15 1
965 965 
0 966 15 1
966 966 
0 967 15 1
967 967 
0 968 15 1
968 968 
0 969 15 1
969 969 
0 970 15 1
970 970 
0 971 15 1
971 971 
0 972 15 1
972 972 
0 973 15 1
973 973 
0 974 15 1
974 974 
0 975 15 1
975 975 
0 976 15 1
976 976 
0 977 15 1
977 977 
0 978 15 1
978 978 
0 979 15 1
979 979 
0 980 15 1
980 980 
0 981 15 1
981 981 
0 982 15 1
982 982 
0 983 15 1
983 983 
0 984 15 1
984 984 
0 985 15 1
985 985 
0 986 15 1
986 986 
0 987 15 1
987 987 
0 988 15 1
988 988 
0 989 15 1
989 989 
0 990 15 1
990 990 
0 991 15 1
991 991 
0 992 15 1
992 992 
0 993 15 1
993 993 
0 994 15 1
994 994 
0 995 15 1
995 995 
0 996 15 1
996 996 
0 997 15 1
997 997 
0 998 15 1
998 998 
0 999 15 1
999 999 
0 1000 15 1
1000 1000 
0 1001 15 1
1001 1001 
0 1002 15 1
1002 1002 
0 1003 15 1
1003 1003 
0 1004 15 1
1004 1004 
0 1005 15 1
1005 1005 
0 1006 15 1
1006 1006 
0 1007 15 1
1007 1007 
0 1008 15 1
1008 1008 
0 1009 15 1
1009 1009 
0 1010 15 1
1010 1010 
0 1011 15 1
1011 1011 
0 1012 15 1
1012 1012 
0 1013 15 1
1013 1013 
0 1014 15 1
1014 1014 
0 1015 15 1
1015 1015 
0 1016 15 1
1016 1016 
0 1017 15 1
1017 1017 
0 1018 15 1
1018 1018 
0 1019 15 1
1019 1019 
0 1020 15 1
1020 1020 
0 1021 15 1
1021 1021 
0 1022 15 1
1022 1022 
0 1023 15 1
1023 1023 
0 1024 15 1
1024 1024 
0 1025 15 1
1025 1025 
0 1026 15 1
1026 1026 
0 1027 15 1
1027 1027 
0 1028 15 1
1028 1028 
0 1029 15 1
1029 1029 
0 1030 15 1
1030 1030 
0 1031 15 1
1031 1031 
0 1032 15 1
1032 1032 
0 1033 15 1
1033 1033 
0 1034 15 1
1034 1034 
0 1035 15 1
1035 1035 
0 1036 15 1
1036 1036 
0 1037 15 1
1037 1037 
0 1038 15 1
1038 1038 
0 1039 15 1
1039 1039 
0 1040 15 1
1040 1040 
0 1041 15 1
1041 1041 
0 1042 15 1
1042 1042 
0 1043 15 1
1043 1043 
0 1044 15 1
1044 1044 
0 1045 15 1
1045 1045 
0 1046 15 1
1046 1046 
0 1047 15 1
1047 1047 
0 1048 15 1
1048 1048 
0 1049 15 1
1049 1049 
0 1050 15 1
1050 1050 
0 1051 15 1
1051 1051 
0 1052 15 1
1052 1052 
0 1053 15 1
1053 1053 
0 1054 15 1
1054 1054 
0 1055 15 1
1055 1055 
0 1056 15 1
1056 1056 
0 1057 15 1
1057 1057 
0 1058 15 1
1058 1058 
0 1059 15 1
1059 1059 
0 1060 15 1
1060 1060 
0 1061 15 1
1061 1061 
0 1062 15 1
1062 1062 
0 1063 15 1
1063 1063 
0 1064 15 1
1064 1064 
0 1065 15 1
1065 1065 
0 1066 15 1
1066 1066 
0 1067 15 1
1067 1067 
0 1068 15 1
1068 1068 
0 1069 15 1
1069 1069 
0 1070 15 1
1070 1070 
0 1071 15 1
1071 1071 
0 1072 15 1
1072 1072 
0 1073 15 1
1073 1073 
0 1074 15 1
1074 1074 
0 1075 15 1
1075 1075 
0 1076 15 1
1076 1076 
0 1077 15 1
1077 1077 
0 1078 15 1
1078 1078 
0 1079 15 1
1079 1079 
0 1080 15 1
1080 1080 
0 1081 15 1
1081 1081 
0 1082 15 1
1082 1082 
0 1083 15 1
1083 1083 
0 1084 15 1
1084 1084 
0 1085 15 1
1085 1085 
0 1086 15 1
1086 1086 
0 1087 15 1
1087 1087 
0 1088 15 1
1088 1088 
0 1089 15 1
1089 1089 
0 1090 15 1
1090 1090 
0 1091 15 1
1091 1091 
0 1092 15 1
1092 1092 
0 1093 15 1
1093 1093 
0 1094 15 1
1094 1094 
0 1095 15 1
1095 1095 
0 1096 15 1
1096 1096 
0 1097 15 1
1097 1097 
0 1098 15 1
1098 1098 
0 1099 15 1
1099 1099 
0 1100 15 1
1100 1100 
0 1101 15 1
1101 1101 
0 1102 15 1
1102 1102 
0 1103 15 1
1103 1103 
0 1104 15 1
1104 1104 
0 1105 15 1
1105 1105 
0 1106 15 1
1106 1106 
0 1107 15 1
1107 1107 
0 1108 15 1
1108 1108 
0 1109 15 1
1109 1109 
0 1110 15 1
1110 1110 
0 1111 15 1
1111 1111 
0 1112 15 1
1112 1112 
0 1113 15 1
1113 1113 
0 1114 15 1
1114 1114 
0 1115 15 1
1115 1115 
0 1116 15 1
1116 1116 
0 1117 15 1
1117 1117 
0 1118 15 1
1118 1118 
0 1119 15 1
1119 1119 
0 1120 15 1
1120 1120 
0 1121 15 1
1121 1121 
0 1122 15 1
1122 1122 
0 1123 15 1
1123 1123 
0 1124 15 1
1124 1124 
0 1125 15 1
1125 1125 
0 1126 15 1
1126 1126 
0 1127 15 1
1127 1127 
0 1128 15 1
1128 1128 
0 1129 15 1
1129 1129 
0 1130 15 1
1130 1130 
0 1131 15 1
1131 1131 
0 1132 15 1
1132 1132 
0 1133 15 1
1133 1133 
0 1134 15 1
1134 1134 
0 1135 15 1
1135 1135 
0 1136 15 1
1136 1136 
0 1137 15 1
1137 1137 
0 1138 15 1
1138 1138 
0 1139 15 1
1139 1139 
0 1140 15 1
1140 1140 
0 1141 15 1
1141 1141 
0 1142 15 1
1142 1142 
0 1143 15 1
1143 1143 
0 1144 15 1
1144 1144 
0 1145 15 1
1145 1145 
0 1146 15 1
1146 1146 
0 1147 15 1
1147 1147 
0 1148 15 1
1148 1148 
0 1149 15 1
1149 1149 
0 1150 15 1
1150 1150 
0 1151 15 1
1151 1151 
0 1152 15 1
1152 1152 
0 1153 15 1
1153 1153 
0 1154 15 1
1154 1154 
0 1155 15 1
1155 1155 
0 1156 15 1
1156 1156 
0 1157 15 1
1157 1157 
0 1158 15 1
1158 1158 
0 1159 15 1
1159 1159 
0 1160 15 1
1160 1160 
0 1161 15 1
1161 1161 
0 1162 15 1
1162 1162 
0 1163 15 1
1163 1163 
0 1164 15 1
1164 1164 
0 1165 15 1
1165 1165 
0 1166 15 1
1166 1166 
0 1167 15 1
1167 1167 
0 1168 15 1
1168 1168 
0 1169 15 1
1169 1169 
0 1170 15 1
1170 1170 
0 1171 15 1
1171 1171 
0 1172 15 1
1172 1172 
0 1173 15 1
1173 1173 
0 1174 15 1
1174 1174 
0 1175 15 1
1175 1175 
0 1176 15 1
1176 1176 
0 1177 15 1
1177 1177 
0 1178 15 1
1178 1178 
0 1179 15 1
1179 1179 
0 1180 15 1
1180 1180 
0 1181 15 1
1181 1181 
0 1182 15 1
1182 1182 
0 1183 15 1
1183 1183 
0 1184 15 1
1184 1184 
0 1185 15 1
1185 1185 
0 1186 15 1
1186 1186 
0 1187 15 1
1187 1187 
0 1188 15 1
1188 1188 
0 1189 15 1
1189 1189 
0 1190 15 1
1190 1190 
0 1191 15 1
1191 1191 
0 1192 15 1
1192 1192 
0 1193 15 1
1193 1193 
0 1194 15 1
1194 1194 
0 1195 15 1
1195 1195 
0 1196 15 1
1196 1196 
0 1197 15 1
1197 1197 
0 1198 15 1
1198 1198 
0 1199 15 1
1199 1199 
0 1200 15 1
1200 1200 
0 1201 15 1
1201 1201 
0 1202 15 1
1202 1202 
0 1203 15 1
1203 1203 
0 1204 15 1
1204 1204 
0 1205 15 1
1205 1205 
0 1206 15 1
1206 1206 
0 1207 15 1
1207 1207 
0 1208 15 1
1208 1208 
0 1209 15 1
1209 1209 
0 1210 15 1
1210 1210 
0 1211 15 1
1211 1211 
0 1212 15 1
1212 1212 
0 1213 15 1
1213 1213 
0 1214 15 1
1214 1214 
0 1215 15 1
1215 1215 
0 1216 15 1
1216 1216 
0 1217 15 1
1217 1217 
0 1218 15 1
1218 1218 
0 1219 15 1
1219 1219 
0 1220 15 1
1220 1220 
0 1221 15 1
1221 1221 
0 1222 15 1
1222 1222 
0 1223 15 1
1223 1223 
0 1224 15 1
1224 1224 
0 1225 15 1
1225 1225 
0 1226 15 1
1226 1226 
0 1227 15 1
1227 1227 
0 1228 15 1
1228 1228 
0 1229 15 1
1229 1229 
0 1230 15 1
1230 1230 
0 1231 15 1
1231 1231 
0 1232 15 1
1232 1232 
0 1233 15 1
1233 1233 
0 1234 15 1
1234 1234 
0 1235 15 1
1235 1235 
0 1236 15 1
1236 1236 
0 1237 15 1
1237 1237 
0 1238 15 1
1238 1238 
0 1239 15 1
1239 1239 
0 1240 15 1
1240 1240 
0 1241 15 1
1241 1241 
0 1242 15 1
1242 1242 
0 1243 15 1
1243 1243 
0 1244 15 1
1244 1244 
0 1245 15 1
1245 1245 
0 1246 15 1
1246 1246 
0 1247 15 1
1247 1247 
0 1248 15 1
1248 1248 
0 1249 15 1
1249 1249 
0 1250 15 1
1250 1250 
0 1251 15 1
1251 1251 
0 1252 15 1
1252 1252 
0 1253 15 1
1253 1253 
0 1254 15 1
1254 1254 
0 1255 15 1
1255 1255 
0 1256 15 1
1256 1256 
0 1257 15 1
1257 1257 
0 1258 15 1
1258 1258 
0 1259 15 1
1259 1259 
0 1260 15 1
1260 1260 
0 1261 15 1
1261 1261 
0 1262 15 1
1262 1262 
0 1263 15 1
1263 1263 
0 1264 15 1
1264 1264 
0 1265 15 1
1265 1265 
0 1266 15 1
1266 1266 
0 1267 15 1
1267 1267 
0 1268 15 1
1268 1268 
0 1269 15 1
1269 1269 
0 1270 15 1
1270 1270 
0 1271 15 1
1271 1271 
0 1272 15 1
1272 1272 
0 1273 15 1
1273 1273 
0 1274 15 1
1274 1274 
0 1275 15 1
1275 1275 
0 1276 15 1
1276 1276 
0 1277 15 1
1277 1277 
0 1278 15 1
1278 1278 
0 1279 15 1
1279 1279 
0 1280 15 1
1280 1280 
0 1281 15 1
1281 1281 
0 1282 15 1
1282 1282 
0 1283 15 1
1283 1283 
0 1284 15 1
1284 1284 
0 1285 15 1
1285 1285 
0 1286 15 1
1286 1286 
0 1287 15 1
1287 1287 
0 1288 15 1
1288 1288 
0 1289 15 1
1289 1289 
0 1290 15 1
1290 1290 
0 1291 15 1
1291 1291 
0 1292 15 1
1292 1292 
0 1293 15 1
1293 1293 
0 1294 15 1
1294 1294 
0 1295 15 1
1295 1295 
0 1296 15 1
1296 1296 
0 1297 15 1
1297 1297 
0 1298 15 1
1298 1298 
0 1299 15 1
1299 1299 
0 1300 15 1
1300 1300 
0 1301 15 1
1301 1301 
0 1302 15 1
1302 1302 
0 1303 15 1
1303 1303 
0 1304 15 1
1304 1304 
0 1305 15 1
1305 1305 
0 1306 15 1
1306 1306 
0 1307 15 1
1307 1307 
0 1308 15 1
1308 1308 
0 1309 15 1
1309 1309 
0 1310 15 1
1310 1310 
0 1311 15 1
1311 1311 
0 1312 15 1
1312 1312 
0 1313 15 1
1313 1313 
0 1314 15 1
1314 1314 
0 1315 15 1
1315 1315 
0 1316 15 1
1316 1316 
0 1317 15 1
1317 1317 
0 1318 15 1
1318 1318 
0 1319 15 1
1319 1319 
0 1320 15 1
1320 1320 
0 1321 15 1
1321 1321 
0 1322 15 1
1322 1322 
0 1323 15 1
1323 1323 
0 1324 15 1
1324 1324 
0 1325 15 1
1325 1325 
0 1326 15 1
1326 1326 
0 1327 15 1
1327 1327 
0 1328 15 1
1328 1328 
0 1329 15 1
1329 1329 
0 1330 15 1
1330 1330 
0 1331 15 1
1331 1331 
0 1332 15 1
1332 1332 
0 1333 15 1
1333 1333 
0 1334 15 1
1334 1334 
0 1335 15 1
1335 1335 
0 1336 15 1
1336 1336 
0 1337 15 1
1337 1337 
0 1338 15 1
1338 1338 
0 1339 15 1
1339 1339 
0 1340 15 1
1340 1340 
0 1341 15 1
1341 1341 
0 1342 15 1
1342 1342 
0 1343 15 1
1343 1343 
0 1344 15 1
1344 1344 
0 1345 15 1
1345 1345 
0 1346 15 1
1346 1346 
0 1347 15 1
1347 1347 
0 1348 15 1
1348 1348 
0 1349 15 1
1349 1349 
0 1350 15 1
1350 1350 
0 1351 15 1
1351 1351 
0 1352 15 1
1352 1352 
0 1353 15 1
1353 1353 
0 1354 15 1
1354 1354 
0 1355 15 1
1355 1355 
0 1356 15 1
1356 1356 
0 1357 15 1
1357 1357 
0 1358 15 1
1358 1358 
0 1359 15 1
1359 1359 
0 1360 15 1
1360 1360 
0 1361 15 1
1361 1361 
0 1362 15 1
1362 1362 
0 1363 15 1
1363 1363 
0 1364 15 1
1364 1364 
0 1365 15 1
1365 1365 
0 1366 15 1
1366 1366 
0 1367 15 1
1367 1367 
0 1368 15 1
1368 1368 
0 1369 15 1
1369 1369 
0 1370 15 1
1370 1370 
0 1371 15 1
1371 1371 
0 1372 15 1
1372 1372 
0 1373 15 1
1373 1373 
0 1374 15 1
1374 1374 
0 1375 15 1
1375 1375 
0 1376 15 1
1376 1376 
0 1377 15 1
1377 1377 
0 1378 15 1
1378 1378 
0 1379 15 1
1379 1379 
0 1380 15 1
1380 1380 
0 1381 15 1
1381 1381 
0 1382 15 1
1382 1382 
0 1383 15 1
1383 1383 
0 1384 15 1
1384 1384 
0 1385 15 1
1385 1385 
0 1386 15 1
1386 1386 
0 1387 15 1
1387 1387 
0 1388 15 1
1388 1388 
0 1389 15 1
1389 1389 
0 1390 15 1
1390 1390 
0 1391 15 1
1391 1391 
0 1392 15 1
1392 1392 
0 1393 15 1
1393 1393 
0 1394 15 1
1394 1394 
0 1395 15 1
1395 1395 
0 1396 15 1
1396 1396 
0 1397 15 1
1397 1397 
0 1398 15 1
1398 1398 
0 1399 15 1
1399 1399 
0 1400 15 1
1400 1400 
0 1401 15 1
1401 1401 
0 1402 15 1
1402 1402 
0 1403 15 1
1403 1403 
0 1404 15 1
1404 1404 
0 1405 15 1
1405 1405 
0 1406 15 1
1406 1406 
0 1407 15 1
1407 1407 
0 1408 15 1
1408 1408 
0 1409 15 1
1409 1409 
0 1410 15 1
1410 1410 
0 1411 15 1
1411 1411 
0 1412 15 1
1412 1412 
0 1413 15 1
1413 1413 
0 1414 15 1
1414 1414 
0 1415 15 1
1415 1415 
0 1416 15 1
1416 1416 
0 1417 15 1
1417 1417 
0 1418 15 1
1418 1418 
0 1419 15 1
1419 1419 
0 1420 15 1
1420 1420 
0 1421 15 1
1421 1421 
0 1422 15 1
1422 1422 
0 1423 15 1
1423 1423 
0 1424 15 1
1424 1424 
0 1425 15 1
1425 1425 
0 1426 15 1
1426 1426 
0 1427 15 1
1427 1427 
0 1428 15 1
1428 1428 
0 1429 15 1
1429 1429 
0 1430 15 1
1430 1430 
0 1431 15 1
1431 1431 
0 1432 15 1
1432 1432 
0 1433 15 1
1433 1433 
0 1434 15 1
1434 1434 
0 1435 15 1
1435 1435 
0 1436 15 1
1436 1436 
0 1437 15 1
1437 1437 
0 1438 15 1
1438 1438 
0 1439 15 1
1439 1439 
0 1440 15 1
1440 1440 
0 1441 15 1
1441 1441 
0 1442 15 1
1442 1442 
0 1443 15 1
1443 1443 
0 1444 15 1
1444 1444 
0 1445 15 1
1445 1445 
0 1446 15 1
1446 1446 
0 1447 15 1
1447 1447 
0 1448 15 1
1448 1448 
0 1449 15 1
1449 1449 
0 1450 15 1
1450 1450 
0 1451 15 1
1451 1451 
0 1452 15 1
1452 1452 
0 1453 15 1
1453 1453 
0 1454 15 1
1454 1454 
0 1455 15 1
1455 1455 
0 1456 15 1
1456 1456 
0 1457 15 1
1457 1457 
0 1458 15 1
1458 1458 
0 1459 15 1
1459 1459 
0 1460 15 1
1460 1460 
0 1461 15 1
1461 1461 
0 1462 15 1
1462 1462 
0 1463 15 1
1463 1463 
0 1464 15 1
1464 1464 
0 1465 15 1
1465 1465 
0 1466 15 1
1466 1466 
0 1467 15 1
1467 1467 
0 1468 15 1
1468 1468 
0 1469 15 1
1469 1469 
0 1470 15 1
1470 1470 
0 1471 15 1
1471 1471 
0 1472 15 1
1472 1472 
0 1473 15 1
1473 1473 
0 1474 15 1
1474 1474 
0 1475 15 1
1475 1475 
0 1476 15 1
1476 1476 
0 1477 15 1
1477 1477 
0 1478 15 1
1478 1478 
0 1479 15 1
1479 1479 
0 1480 15 1
1480 1480 
0 1481 15 1
1481 1481 
0 1482 15 1
1482 1482 
0 1483 15 1
1483 1483 
0 1484 15 1
1484 1484 
0 1485 15 1
1485 1485 
0 1486 15 1
1486 1486 
0 1487 15 1
1487 1487 
0 1488 15 1
1488 1488 
0 1489 15 1
1489 1489 
0 1490 15 1
1490 1490 
0 1491 15 1
1491 1491 
0 1492 15 1
1492 1492 
0 1493 15 1
1493 1493 
0 1494 15 1
1494 1494 
0 1495 15 1
1495 1495 
0 1496 15 1
1496 1496 
0 1497 15 1
1497 1497 
0 1498 15 1
1498 1498 
0 1499 15 1
1499 1499 
0 1500 15 1
1500 1500 
0 1501 15 1
1501 1501 
0 1502 15 1
1502 1502 
0 1503 15 1
1503 1503 
0 1504 15 1
1504 1504 
0 1505 15 1
1505 1505 
0 1506 15 1
1506 1506 
0 1507 15 1
1507 1507 
0 1508 15 1
1508 1508 
0 1509 15 1
1509 1509 
0 1510 15 1
1510 1510 
0 1511 15 1
1511 1511 
0 1512 15 1
1512 1512 
0 1513 15 1
1513 1513 
0 1514 15 1
1514 1514 
0 1515 15 1
1515 1515 
0 1516 15 1
1516 1516 
0 1517 15 1
1517 1517 
0 1518 15 1
1518 1518 
0 1519 15 1
1519 1519 
0 1520 15 1
1520 1520 
0 1521 15 1
1521 1521 
0 1522 15 1
1522 1522 
0 1523 15 1
1523 1523 
0 1524 15 1
1524 1524 
0 1525 15 1
1525 1525 
0 1526 15 1
1526 1526 
0 1527 15 1
1527 1527 
0 1528 15 1
1528 1528 
0 1529 15 1
1529 1529 
0 1530 15 1
1530 1530 
0 1531 15 1
1531 1531 
0 1532 15 1
1532 1532 
0 1533 15 1
1533 1533 
0 1534 15 1
1534 1534 
0 1535 15 1
1535 1535 
0 1536 15 1
1536 1536 
0 1537 15 1
1537 1537 
0 1538 15 1
1538 1538 
0 1539 15 1
1539 1539 
0 1540 15 1
1540 1540 
0 1541 15 1
1541 1541 
0 1542 15 1
1542 1542 
0 1543 15 1
1543 1543 
0 1544 15 1
1544 1544 
0 1545 15 1
1545 1545 
0 1546 15 1
1546 1546 
0 1547 15 1
1547 1547 
0 1548 15 1
1548 1548 
0 1549 15 1
1549 1549 
0 1550 15 1
1550 1550 
0 1551 15 1
1551 1551 
0 1552 15 1
1552 1552 
0 1553 15 1
1553 1553 
0 1554 15 1
1554 1554 
0 1555 15 1
1555 1555 
0 1556 15 1
1556 1556 
0 1557 15 1
1557 1557 
0 1558 15 1
1558 1558 
0 1559 15 1
1559 1559 
0 1560 15 1
1560 1560 
0 1561 15 1
1561 1561 
0 1562 15 1
1562 1562 
0 1563 15 1
1563 1563 
0 1564 15 1
1564 1564 
0 1565 15 1
1565 1565 
0 1566 15 1
1566 1566 
0 1567 15 1
1567 1567 
0 1568 15 1
1568 1568 
0 1569 15 1
1569 1569 
0 1570 15 1
1570 1570 
0 1571 15 1
1571 1571 
0 1572 15 1
1572 1572 
0 1573 15 1
1573 1573 
0 1574 15 1
1574 1574 
0 1575 15 1
1575 1575 
0 1576 15 1
1576 1576 
0 1577 15 1
1577 1577 
0 1578 15 1
1578 1578 
0 1579 15 1
1579 1579 
0 1580 15 1
1580 1580 
0 1581 15 1
1581 1581 
0 1582 15 1
1582 1582 
0 1583 15 1
1583 1583 
0 1584 15 1
1584 1584 
0 1585 15 1
1585 1585 
0 1586 15 1
1586 1586 
0 1587 15 1
1587 1587 
0 1588 15 1
1588 1588 
0 1589 15 1
1589 1589 
0 1590 15 1
1590 1590 
0 1591 15 1
1591 1591 
0 1592 15 1
1592 1592 
0 1593 15 1
1593 1593 
0 1594 15 1
1594 1594 
0 1595 15 1
1595 1595 
0 1596 15 1
1596 1596 
0 1597 15 1
1597 1597 
0 1598 15 1
1598 1598 
0 1599 15 1
1599 1599 
0 1600 15 1
1600 1600 
0 1601 15 1
1601 1601 
0 1602 15 1
1602 1602 
0 1603 15 1
1603 1603 
0 1604 15 1
1604 1604 
0 1605 15 1
1605 1605 
0 1606 15 1
1606 1606 
0 1607 15 1
1607 1607 
0 1608 15 1
1608 1608 
0 1609 15 1
1609 1609 
0 1610 15 1
1610 1610 
0 1611 15 1
1611 1611 
0 1612 15 1
1612 1612 
0 1613 15 1
1613 1613 
0 1614 15 1
1614 1614 
0 1615 15 1
1615 1615 
0 1616 15 1
1616 1616 
0 1617 15 1
1617 1617 
0 1618 15 1
1618 1618 
0 1619 15 1
1619 1619 
0 1620 15 1
1620 1620 
0 1621 15 1
1621 1621 
0 1622 15 1
1622 1622 
0 1623 15 1
1623 1623 
0 1624 15 1
1624 1624 
0 1625 15 1
1625 1625 
0 1626 15 1
1626 1626 
0 1627 15 1
1627 1627 
0 1628 15 1
1628 1628 
0 1629 15 1
1629 1629 
0 1630 15 1
1630 1630 
0 1631 15 1
1631 1631 
0 1632 15 1
1632 1632 
0 1633 15 1
1633 1633 
0 1634 15 1
1634 1634 
0 1635 15 1
1635 1635 
0 1636 15 1
1636 1636 
0 1637 15 1
1637 1637 
0 1638 15 1
1638 1638 
0 1639 15 1
1639 1639 
0 1640 15 1
1640 1640 
0 1641 15 1
1641 1641 
0 1642 15 1
1642 1642 
0 1643 15 1
1643 1643 
0 1644 15 1
1644 1644 
0 1645 15 1
1645 1645 
0 1646 15 1
1646 1646 
0 1647 15 1
1647 1647 
0 1648 15 1
1648 1648 
0 1649 15 1
1649 1649 
0 1650 15 1
1650 1650 
0 1651 15 1
1651 1651 
0 1652 15 1
1652 1652 
0 1653 15 1
1653 1653 
0 1654 15 1
1654 1654 
0 1655 15 1
1655 1655 
0 1656 15 1
1656 1656 
0 1657 15 1
1657 1657 
0 1658 15 1
1658 1658 
0 1659 15 1
1659 1659 
0 1660 15 1
1660 1660 
0 1661 15 1
1661 1661 
0 1662 15 1
1662 1662 
0 1663 15 1
1663 1663 
0 1664 15 1
1664 1664 
0 1665 15 1
1665 1665 
0 1666 15 1
1666 1666 
0 1667 15 1
1667 1667 
0 1668 15 1
1668 1668 
0 1669 15 1
1669 1669 
0 1670 15 1
1670 1670 
0 1671 15 1
1671 1671 
0 1672 15 1
1672 1672 
0 1673 15 1
1673 1673 
0 1674 15 1
1674 1674 
0 1675 15 1
1675 1675 
0 1676 15 1
1676 1676 
0 1677 15 1
1677 1677 
0 1678 15 1
1678 1678 
0 1679 15 1
1679 1679 
0 1680 15 1
1680 1680 
0 1681 15 1
1681 1681 
0 1682 15 1
1682 1682 
0 1683 15 1
1683 1683 
0 1684 15 1
1684 1684 
0 1685 15 1
1685 1685 
0 1686 15 1
1686 1686 
0 1687 15 1
1687 1687 
0 1688 15 1
1688 1688 
0 1689 15 1
1689 1689 
0 1690 15 1
1690 1690 
0 1691 15 1
1691 1691 
0 1692 15 1
1692 1692 
0 1693 15 1
1693 1693 
0 1694 15 1
1694 1694 
0 1695 15 1
1695 1695 
0 1696 15 1
1696 1696 
0 1697 15 1
1697 1697 
0 1698 15 1
1698 1698 
0 1699 15 1
1699 1699 
0 1700 15 1
1700 1700 
0 1701 15 1
1701 1701 
0 1702 15 1
1702 1702 
0 1703 15 1
1703 1703 
0 1704 15 1
1704 1704 
0 1705 15 1
1705 1705 
0 1706 15 1
1706 1706 
0 1707 15 1
1707 1707 
0 1708 15 1
1708 1708 
0 1709 15 1
1709 1709 
0 1710 15 1
1710 1710 
0 1711 15 1
1711 1711 
0 1712 15 1
1712 1712 
0 1713 15 1
1713 1713 
0 1714 15 1
1714 1714 
0 1715 15 1
1715 1715 
0 1716 15 1
1716 1716 
0 1717 15 1
1717 1717 
0 1718 15 1
1718 1718 
0 1719 15 1
1719 1719 
0 1720 15 1
1720 1720 
0 1721 15 1
1721 1721 
0 1722 15 1
1722 1722 
0 1723 15 1
1723 1723 
0 1724 15 1
1724 1724 
0 1725 15 1
1725 1725 
0 1726 15 1
1726 1726 
0 1727 15 1
1727 1727 
0 1728 15 1
1728 1728 
0 1729 15 1
1729 1729 
0 1730 15 1
1730 1730 
0 1731 15 1
1731 1731 
0 1732 15 1
1732 1732 
0 1733 15 1
1733 1733 
0 1734 15 1
1734 1734 
0 1735 15 1
1735 1735 
0 1736 15 1
1736 1736 
0 1737 15 1
1737 1737 
0 1738 15 1
1738 1738 
0 1739 15 1
1739 1739 
0 1740 15 1
1740 1740 
0 1741 15 1
1741 1741 
0 1742 15 1
1742 1742 
0 1743 15 1
1743 1743 
0 1744 15 1
1744 1744 
0 1745 15 1
1745 1745 
0 1746 15 1
1746 1746 
0 1747 15 1
1747 1747 
0 1748 15 1
1748 1748 
0 1749 15 1
1749 1749 
0 1750 15 1
1750 1750 
0 1751 15 1
1751 1751 
0 1752 15 1
1752 1752 
0 1753 15 1
1753 1753 
0 1754 15 1
1754 1754 
0 1755 15 1
1755 1755 
0 1756 15 1
1756 1756 
0 1757 15 1
1757 1757 
0 1758 15 1
1758 1758 
0 1759 15 1
1759 1759 
0 1760 15 1
1760 1760 
0 1761 15 1
1761 1761 
0 1762 15 1
1762 1762 
0 1763 15 1
1763 1763 
0 1764 15 1
1764 1764 
0 1765 15 1
1765 1765 
0 1766 15 1
1766 1766 
0 1767 15 1
1767 1767 
0 1768 15 1
1768 1768 
0 1769 15 1
1769 1769 
0 1770 15 1
1770 1770 
0 1771 15 1
1771 1771 
0 1772 15 1
1772 1772 
0 1773 15 1
1773 1773 
0 1774 15 1
1774 1774 
0 1775 15 1
1775 1775 
0 1776 15 1
1776 1776 
0 1777 15 1
1777 1777 
0 1778 15 1
1778 1778 
0 1779 15 1
1779 1779 
0 1780 15 1
1780 1780 
0 1781 15 1
1781 1781 
0 1782 15 1
1782 1782 
0 1783 15 1
1783 1783 
0 1784 15 1
1784 1784 
0 1785 15 1
1785 1785 
0 1786 15 1
1786 1786 
0 1787 15 1
1787 1787 
0 1788 15 1
1788 1788 
0 1789 15 1
1789 1789 
0 1790 15 1
1790 1790 
0 1791 15 1
1791 1791 
0 1792 15 1
1792 1792 
0 1793 15 1
1793 1793 
0 1794 15 1
1794 1794 
0 1795 15 1
1795 1795 
0 1796 15 1
1796 1796 
0 1797 15 1
1797 1797 
0 1798 15 1
1798 1798 
0 1799 15 1
1799 1799 
0 1800 15 1
1800 1800 
0 1801 15 1
1801 1801 
0 1802 15 1
1802 1802 
0 1803 15 1
1803 1803 
0 1804 15 1
1804 1804 
0 1805 15 1
1805 1805 
0 1806 15 1
1806 1806 
0 1807 15 1
1807 1807 
0 1808 15 1
1808 1808 
0 1809 15 1
1809 1809 
0 1810 15 1
1810 1810 
0 1811 15 1
1811 1811 
0 1812 15 1
1812 1812 
0 1813 15 1
1813 1813 
0 1814 15 1
1814 1814 
0 1815 15 1
1815 1815 
0 1816 15 1
1816 1816 
0 1817 15 1
1817 1817 
0 1818 15 1
1818 1818 
0 1819 15 1
1819 1819 
0 1820 15 1
1820 1820 
0 1821 15 1
1821 1821 
0 1822 15 1
1822 1822 
0 1823 15 1
1823 1823 
0 1824 15 1
1824 1824 
0 1825 15 1
1825 1825 
0 1826 15 1
1826 1826 
0 1827 15 1
1827 1827 
0 1828 15 1
1828 1828 
0 1829 15 1
1829 1829 
0 1830 15 1
1830 1830 
0 1831 15 1
1831 1831 
0 1832 15 1
1832 1832 
0 1833 15 1
1833 1833 
0 1834 15 1
1834 1834 
0 1835 15 1
1835 1835 
0 1836 15 1
1836 1836 
0 1837 15 1
1837 1837 
0 1838 15 1
1838 1838 
0 1839 15 1
1839 1839 
0 1840 15 1
1840 1840 
0 1841 15 1
1841 1841 
0 1842 15 1
1842 1842 
0 1843 15 1
1843 1843 
0 1844 15 1
1844 1844 
0 1845 15 1
1845 1845 
0 1846 15 1
1846 1846 
0 1847 15 1
1847 1847 
0 1848 15 1
1848 1848 
0 1849 15 1
1849 1849 
0 1850 15 1
1850 1850 
0 1851 15 1
1851 1851 
0 1852 15 1
1852 1852 
0 1853 15 1
1853 1853 
0 1854 15 1
1854 1854 
0 1855 15 1
1855 1855 
0 1856 15 1
1856 1856 
0 1857 15 1
1857 1857 
0 1858 15 1
1858 1858 
0 1859 15 1
1859 1859 
0 1860 15 1
1860 1860 
0 1861 15 1
1861 1861 
0 1862 15 1
1862 1862 
0 1863 15 1
1863 1863 
0 1864 15 1
1864 1864 
0 1865 15 1
1865 1865 
0 1866 15 1
1866 1866 
0 1867 15 1
1867 1867 
0 1868 15 1
1868 1868 
0 1869 15 1
1869 1869 
0 1870 15 1
1870 1870 
0 1871 15 1
1871 1871 
0 1872 15 1
1872 1872 
0 1873 15 1
1873 1873 
0 1874 15 1
1874 1874 
0 1875 15 1
1875 1875 
0 1876 15 1
1876 1876 
0 1877 15 1
1877 1877 
0 1878 15 1
1878 1878 
0 1879 15 1
1879 1879 
0 1880 15 1
1880 1880 
0 1881 15 1
1881 1881 
0 1882 15 1
1882 1882 
0 1883 15 1
1883 1883 
0 1884 15 1
1884 1884 
0 1885 15 1
1885 1885 
0 1886 15 1
1886 1886 
0 1887 15 1
1887 1887 
0 1888 15 1
1888 1888 
0 1889 15 1
1889 1889 
0 1890 15 1
1890 1890 
0 1891 15 1
1891 1891 
0 1892 15 1
1892 1892 
0 1893 15 1
1893 1893 
0 1894 15 1
1894 1894 
0 1895 15 1
1895 1895 
0 1896 15 1
1896 1896 
0 1897 15 1
1897 1897 
0 1898 15 1
1898 1898 
0 1899 15 1
1899 1899 
0 1900 15 1
1900 1900 
0 1901 15 1
1901 1901 
0 1902 15 1
1902 1902 
0 1903 15 1
1903 1903 
0 1904 15 1
1904 1904 
0 1905 15 1
1905 1905 
0 1906 15 1
1906 1906 
0 1907 15 1
1907 1907 
0 1908 15 1
1908 1908 
0 1909 15 1
1909 1909 
0 1910 15 1
1910 1910 
0 1911 15 1
1911 1911 
0 1912 15 1
1912 1912 
0 1913 15 1
1913 1913 
0 1914 15 1
1914 1914 
0 1915 15 1
1915 1915 
0 1916 15 1
1916 1916 
0 1917 15 1
1917 1917 
0 1918 15 1
1918 1918 
0 1919 15 1
1919 1919 
0 1920 15 1
1920 1920 
0 1921 15 1
1921 1921 
0 1922 15 1
1922 1922 
0 1923 15 1
1923 1923 
0 1924 15 1
1924 1924 
0 1925 15 1
1925 1925 
0 1926 15 1
1926 1926 
0 1927 15 1
1927 1927 
0 1928 15 1
1928 1928 
0 1929 15 1
1929 1929 
0 1930 15 1
1930 1930 
0 1931 15 1
1931 1931 
0 1932 15 1
1932 1932 
0 1933 15 1
1933 1933 
0 1934 15 1
1934 1934 
0 1935 15 1
1935 1935 
0 1936 15 1
1936 1936 
0 1937 15 1
1937 1937 
0 1938 15 1
1938 1938 
0 1939 15 1
1939 1939 
0 1940 15 1
1940 1940 
0 1941 15 1
1941 1941 
0 1942 15 1
1942 1942 
0 1943 15 1
1943 1943 
0 1944 15 1
1944 1944 
0 1945 15 1
1945 1945 
0 1946 15 1
1946 1946 
0 1947 15 1
1947 1947 
0 1948 15 1
1948 1948 
0 1949 15 1
1949 1949 
0 1950 15 1
1950 1950 
0 1951 15 1
1951 1951 
0 1952 15 1
1952 1952 
0 1953 15 1
1953 1953 
0 1954 15 1
1954 1954 
0 1955 15 1
1955 1955 
0 1956 15 1
1956 1956 
0 1957 15 1
1957 1957 
0 1958 15 1
1958 1958 
0 1959 15 1
1959 1959 
0 1960 15 1
1960 1960 
0 1961 15 1
1961 1961 
0 1962 15 1
1962 1962 
0 1963 15 1
1963 1963 
0 1964 15 1
1964 1964 
0 1965 15 1
1965 1965 
0 1966 15 1
1966 1966 
0 1967 15 1
1967 1967 
0 1968 15 1
1968 1968 
0 1969 15 1
1969 1969 
0 1970 15 1
1970 1970 
0 1971 15 1
1971 1971 
0 1972 15 1
1972 1972 
0 1973 15 1
1973 1973 
0 1974 15 1
1974 1974 
0 1975 15 1
1975 1975 
0 1976 15 1
1976 1976 
0 1977 15 1
1977 1977 
0 1978 15 1
1978 1978 
0 1979 15 1
1979 1979 
0 1980 15 1
1980 1980 
0 1981 15 1
1981 1981 
0 1982 15 1
1982 1982 
0 1983 15 1
1983 1983 
0 1984 15 1
1984 1984 
0 1985 15 1
1985 1985 
0 1986 15 1
1986 1986 
0 1987 15 1
1987 1987 
0 1988 15 1
1988 1988 
0 1989 15 1
1989 1989 
0 1990 15 1
1990 1990 
0 1991 15 1
1991 1991 
0 1992 15 1
1992 1992 
0 1993 15 1
1993 1993 
0 1994 15 1
1994 1994 
0 1995 15 1
1995 1995 
0 1996 15 1
1996 1996 
0 1997 15 1
1997 1997 
0 1998 15 1
1998 1998 
0 1999 15 1
1999 1999 
0 2000 15 1
2000 2000 
0 2001 15 1
2001 2001 
0 2002 15 1
2002 2002 
0 2003 15 1
2003 2003 
0 2004 15 1
2004 2004 
0 2005 15 1
2005 2005 
0 2006 15 1
2006 2006 
0 2007 15 1
2007 2007 
0 2008 15 1
2008 2008 
0 2009 15 1
2009 2009 
0 2010 15 1
2010 2010 
0 2011 15 1
2011 2011 
0 2012 15 1
2012 2012 
0 2013 15 1
2013 2013 
0 2014 15 1
2014 2014 
0 2015 15 1
2015 2015 
0 2016 15 1
2016 2016 
0 2017 15 1
2017 2017 
0 2018 15 1
2018 2018 
0 2019 15 1
2019 2019 
0 2020 15 1
2020 2020 
0 2021 15 1
2021 2021 
0 2022 15 1
2022 2022 
0 2023 15 1
2023 2023 
0 2024 15 1
2024 2024 
0 2025 15 1
2025 2025 
0 2026 15 1
2026 2026 
0 2027 15 1
2027 2027 
0 2028 15 1
2028 2028 
0 2029 15 1
2029 2029 
0 2030 15 1
2030 2030 
0 2031 15 1
2031 2031 
0 2032 15 1
2032 2032 
0 2033 15 1
2033 2033 
0 2034 15 1
2034 2034 
0 2035 15 1
2035 2035 
0 2036 15 1
2036 2036 
0 2037 15 1
2037 2037 
0 2038 15 1
2038 2038 
0 2039 15 1
2039 2039 
0 2040 15 1
2040 2040 
0 2041 15 1
2041 2041 
0 2042 15 1
2042 2042 
0 2043 15 1
2043 2043 
0 2044 15 1
2044 2044 
0 2045 15 1
2045 2045 
0 2046 15 1
2046 2046 
0 2047 15 1
2047 2047 
0 2048 15 1
2048 2048 
0 2049 15 1
2049 2049 
0 2050 15 1
2050 2050 
0 2051 15 1
2051 2051 
0 2052 15 1
2052 2052 
0 2053 15 1
2053 2053 
0 2054 15 1
2054 2054 
0 2055 15 1
2055 2055 
0 2056 15 1
2056 2056 
0 2057 15 1
2057 2057 
0 2058 15 1
2058 2058 
0 2059 15 1
2059 2059 
0 2060 15 1
2060 2060 
0 2061 15 1
2061 2061 
0 2062 15 1
2062 2062 
0 2063 15 1
2063 2063 
0 2064 15 1
2064 2064 
0 2065 15 1
2065 2065 
0 2066 15 1
2066 2066 
0 2067 15 1
2067 2067 
0 2068 15 1
2068 2068 
0 2069 15 1
2069 2069 
0 2070 15 1
2070 2070 
0 2071 15 1
2071 2071 
0 2072 15 1
2072 2072 
0 2073 15 1
2073 2073 
0 2074 15 1
2074 2074 
0 2075 15 1
2075 2075 
0 2076 15 1
2076 2076 
0 2077 15 1
2077 2077 
0 2078 15 1
2078 2078 
0 2079 15 1
2079 2079 
0 2080 15 1
2080 2080 
0 2081 15 1
2081 2081 
0 2082 15 1
2082 2082 
0 2083 15 1
2083 2083 
0 2084 15 1
2084 2084 
0 2085 15 1
2085 2085 
0 2086 15 1
2086 2086 
0 2087 15 1
2087 2087 
0 2088 15 1
2088 2088 
0 2089 15 1
2089 2089 
0 2090 15 1
2090 2090 
0 2091 15 1
2091 2091 
0 2092 15 1
2092 2092 
0 2093 15 1
2093 2093 
0 2094 15 1
2094 2094 
0 2095 15 1
2095 2095 
0 2096 15 1
2096 2096 
0 2097 15 1
2097 2097 
0 2098 15 1
2098 2098 
0 2099 15 1
2099 2099 
0 2100 15 1
2100 2100 
0 2101 15 1
2101 2101 
0 2102 15 1
2102 2102 
0 2103 15 1
2103 2103 
0 2104 15 1
2104 2104 
0 2105 15 1
2105 2105 
0 2106 15 1
2106 2106 
0 2107 15 1
2107 2107 
0 2108 15 1
2108 2108 
0 2109 15 1
2109 2109 
0 2110 15 1
2110 2110 
0 2111 15 1
2111 2111 
0 2112 15 1
2112 2112 
0 2113 15 1
2113 2113 
0 2114 15 1
2114 2114 
0 2115 15 1
2115 2115 
0 2116 15 1
2116 2116 
0 2117 15 1
2117 2117 
0 2118 15 1
2118 2118 
0 2119 15 1
2119 2119 
0 2120 15 1
2120 2120 
0 2121 15 1
2121 2121 
0 2122 15 1
2122 2122 
0 2123 15 1
2123 2123 
0 2124 15 1
2124 2124 
0 2125 15 1
2125 2125 
0 2126 15 1
2126 2126 
0 2127 15 1
2127 2127 
0 2128 15 1
2128 2128 
0 2129 15 1
2129 2129 
0 2130 15 1
2130 2130 
0 2131 15 1
2131 2131 
0 2132 15 1
2132 2132 
0 2133 15 1
2133 2133 
0 2134 15 1
2134 2134 
0 2135 15 1
2135 2135 
0 2136 15 1
2136 2136 
0 2137 15 1
2137 2137 
0 2138 15 1
2138 2138 
0 2139 15 1
2139 2139 
0 2140 15 1
2140 2140 
0 2141 15 1
2141 2141 
0 2142 15 1
2142 2142 
0 2143 15 1
2143 2143 
0 2144 15 1
2144 2144 
0 2145 15 1
2145 2145 
0 2146 15 1
2146 2146 
0 2147 15 1
2147 2147 
0 2148 15 1
2148 2148 
0 2149 15 1
2149 2149 
0 2150 15 1
2150 2150 
0 2151 15 1
2151 2151 
0 2152 15 1
2152 2152 
0 2153 15 1
2153 2153 
0 2154 15 1
2154 2154 
0 2155 15 1
2155 2155 
0 2156 15 1
2156 2156 
0 2157 15 1
2157 2157 
0 2158 15 1
2158 2158 
0 2159 15 1
2159 2159 
0 2160 15 1
2160 2160 
0 2161 15 1
2161 2161 
0 2162 15 1
2162 2162 
0 2163 15 1
2163 2163 
0 2164 15 1
2164 2164 
0 2165 15 1
2165 2165 
0 2166 15 1
2166 2166 
0 2167 15 1
2167 2167 
0 2168 15 1
2168 2168 
0 2169 15 1
2169 2169 
0 2170 15 1
2170 2170 
0 2171 15 1
2171 2171 
0 2172 15 1
2172 2172 
0 2173 15 1
2173 2173 
0 2174 15 1
2174 2174 
0 2175 15 1
2175 2175 
0 2176 15 1
2176 2176 
0 2177 15 1
2177 2177 
0 2178 15 1
2178 2178 
0 2179 15 1
2179 2179 
0 2180 15 1
2180 2180 
0 2181 15 1
2181 2181 
0 2182 15 1
2182 2182 
0 2183 15 1
2183 2183 
0 2184 15 1
2184 2184 
0 2185 15 1
2185 2185 
0 2186 15 1
2186 2186 
0 2187 15 1
2187 2187 
0 2188 15 1
2188 2188 
0 2189 15 1
2189 2189 
0 2190 15 1
2190 2190 
0 2191 15 1
2191 2191 
0 2192 15 1
2192 2192 
0 2193 15 1
2193 2193 
0 2194 15 1
2194 2194 
0 2195 15 1
2195 2195 
0 2196 15 1
2196 2196 
0 2197 15 1
2197 2197 
0 2198 15 1
2198 2198 
0 2199 15 1
2199 2199 
0 2200 15 1
2200 2200 
0 2201 15 1
2201 2201 
0 2202 15 1
2202 2202 
0 2203 15 1
2203 2203 
0 2204 15 1
2204 2204 
0 2205 15 1
2205 2205 
0 2206 15 1
2206 2206 
0 2207 15 1
2207 2207 
0 2208 15 1
2208 2208 
0 2209 15 1
2209 2209 
0 2210 15 1
2210 2210 
0 2211 15 1
2211 2211 
0 2212 15 1
2212 2212 
0 2213 15 1
2213 2213 
0 2214 15 1
2214 2214 
0 2215 15 1
2215 2215 
0 2216 15 1
2216 2216 
0 2217 15 1
2217 2217 
0 2218 15 1
2218 2218 
0 2219 15 1
2219 2219 
0 2220 15 1
2220 2220 
0 2221 15 1
2221 2221 
0 2222 15 1
2222 2222 
0 2223 15 1
2223 2223 
0 2224 15 1
2224 2224 
0 2225 15 1
2225 2225 
0 2226 15 1
2226 2226 
0 2227 15 1
2227 2227 
0 2228 15 1
2228 2228 
0 2229 15 1
2229 2229 
0 2230 15 1
2230 2230 
0 2231 15 1
2231 2231 
0 2232 15 1
2232 2232 
0 2233 15 1
2233 2233 
0 2234 15 1
2234 2234 
0 2235 15 1
2235 2235 
0 2236 15 1
2236 2236 
0 2237 15 1
2237 2237 
0 2238 15 1
2238 2238 
0 2239 15 1
2239 2239 
0 2240 15 1
2240 2240 
0 2241 15 1
2241 2241 
0 2242 15 1
2242 2242 
0 2243 15 1
2243 2243 
0 2244 15 1
2244 2244 
0 2245 15 1
2245 2245 
0 2246 15 1
2246 2246 
0 2247 15 1
2247 2247 
0 2248 15 1
2248 2248 
0 2249 15 1
2249 2249 
0 2250 15 1
2250 2250 
0 2251 15 1
2251 2251 
0 2252 15 1
2252 2252 
0 2253 15 1
2253 2253 
0 2254 15 1
2254 2254 
0 2255 15 1
2255 2255 
0 2256 15 1
2256 2256 
0 2257 15 1
2257 2257 
0 2258 15 1
2258 2258 
0 2259 15 1
2259 2259 
0 2260 15 1
2260 2260 
0 2261 15 1
2261 2261 
0 2262 15 1
2262 2262 
0 2263 15 1
2263 2263 
0 2264 15 1
2264 2264 
0 2265 15 1
2265 2265 
0 2266 15 1
2266 2266 
0 2267 15 1
2267 2267 
0 2268 15 1
2268 2268 
0 2269 15 1
2269 2269 
0 2270 15 1
2270 2270 
0 2271 15 1
2271 2271 
0 2272 15 1
2272 2272 
0 2273 15 1
2273 2273 
0 2274 15 1
2274 2274 
0 2275 15 1
2275 2275 
0 2276 15 1
2276 2276 
0 2277 15 1
2277 2277 
0 2278 15 1
2278 2278 
0 2279 15 1
2279 2279 
0 2280 15 1
2280 2280 
0 2281 15 1
2281 2281 
0 2282 15 1
2282 2282 
0 2283 15 1
2283 2283 
0 2284 15 1
2284 2284 
0 2285 15 1
2285 2285 
0 2286 15 1
2286 2286 
0 2287 15 1
2287 2287 
0 2288 15 1
2288 2288 
0 2289 15 1
2289 2289 
0 2290 15 1
2290 2290 
0 2291 15 1
2291 2291 
0 2292 15 1
2292 2292 
0 2293 15 1
2293 2293 
0 2294 15 1
2294 2294 
0 2295 15 1
2295 2295 
0 2296 15 1
2296 2296 
0 2297 15 1
2297 2297 
0 2298 15 1
2298 2298 
0 2299 15 1
2299 2299 
0 2300 15 1
2300 2300 
0 2301 15 1
2301 2301 
0 2302 15 1
2302 2302 
0 2303 15 1
2303 2303 
0 2304 15 1
2304 2304 
0 2305 15 1
2305 2305 
0 2306 15 1
2306 2306 
0 2307 15 1
2307 2307 
0 2308 15 1
2308 2308 
0 2309 15 1
2309 2309 
0 2310 15 1
2310 2310 
0 2311 15 1
2311 2311 
0 2312 15 1
2312 2312 
0 2313 15 1
2313 2313 
0 2314 15 1
2314 2314 
0 2315 15 1
2315 2315 
0 2316 15 1
2316 2316 
0 2317 15 1
2317 2317 
0 2318 15 1
2318 2318 
0 2319 15 1
2319 2319 
0 2320 15 1
2320 2320 
0 2321 15 1
2321 2321 
0 2322 15 1
2322 2322 
0 2323 15 1
2323 2323 
0 2324 15 1
2324 2324 
0 2325 15 1
2325 2325 
0 2326 15 1
2326 2326 
0 2327 15 1
2327 2327 
0 2328 15 1
2328 2328 
0 2329 15 1
2329 2329 
0 2330 15 1
2330 2330 
0 2331 15 1
2331 2331 
0 2332 15 1
2332 2332 
0 2333 15 1
2333 2333 
0 2334 15 1
2334 2334 
0 2335 15 1
2335 2335 
0 2336 15 1
2336 2336 
0 2337 15 1
2337 2337 
0 2338 15 1
2338 2338 
0 2339 15 1
2339 2339 
0 2340 15 1
2340 2340 
0 2341 15 1
2341 2341 
0 2342 15 1
2342 2342 
0 2343 15 1
2343 2343 
0 2344 15 1
2344 2344 
0 2345 15 1
2345 2345 
0 2346 15 1
2346 2346 
0 2347 15 1
2347 2347 
0 2348 15 1
2348 2348 
0 2349 15 1
2349 2349 
0 2350 15 1
2350 2350 
0 2351 15 1
2351 2351 
0 2352 15 1
2352 2352 
0 2353 15 1
2353 2353 
0 2354 15 1
2354 2354 
0 2355 15 1
2355 2355 
0 2356 15 1
2356 2356 
0 2357 15 1
2357 2357 
0 2358 15 1
2358 2358 
0 2359 15 1
2359 2359 
0 2360 15 1
2360 2360 
0 2361 15 1
2361 2361 
0 2362 15 1
2362 2362 
0 2363 15 1
2363 2363 
0 2364 15 1
2364 2364 
0 2365 15 1
2365 2365 
0 2366 15 1
2366 2366 
0 2367 15 1
2367 2367 
0 2368 15 1
2368 2368 
0 2369 15 1
2369 2369 
0 2370 15 1
2370 2370 
0 2371 15 1
2371 2371 
0 2372 15 1
2372 2372 
0 2373 15 1
2373 2373 
0 2374 15 1
2374 2374 
0 2375 15 1
2375 2375 
0 2376 15 1
2376 2376 
0 2377 15 1
2377 2377 
0 2378 15 1
2378 2378 
0 2379 15 1
2379 2379 
0 2380 15 1
2380 2380 
0 2381 15 1
2381 2381 
0 2382 15 1
2382 2382 
0 2383 15 1
2383 2383 
0 2384 15 1
2384 2384 
0 2385 15 1
2385 2385 
0 2386 15 1
2386 2386 
0 2387 15 1
2387 2387 
0 2388 15 1
2388 2388 
0 2389 15 1
2389 2389 
0 2390 15 1
2390 2390 
0 2391 15 1
2391 2391 
0 2392 15 1
2392 2392 
0 2393 15 1
2393 2393 
0 2394 15 1
2394 2394 
0 2395 15 1
2395 2395 
0 2396 15 1
2396 2396 
0 2397 15 1
2397 2397 
0 2398 15 1
2398 2398 
0 2399 15 1
2399 2399 
0 2400 15 1
2400 2400 
0 2401 15 1
2401 2401 
0 2402 15 1
2402 2402 
0 2403 15 1
2403 2403 
0 2404 15 1
2404 2404 
0 2405 15 1
2405 2405 
0 2406 15 1
2406 2406 
0 2407 15 1
2407 2407 
0 2408 15 1
2408 2408 
0 2409 15 1
2409 2409 
0 2410 15 1
2410 2410 
0 2411 15 1
2411 2411 
0 2412 15 1
2412 2412 
0 2413 15 1
2413 2413 
0 2414 15 1
2414 2414 
0 2415 15 1
2415 2415 
0 2416 15 1
2416 2416 
0 2417 15 1
2417 2417 
0 2418 15 1
2418 2418 
1 1 1 2
2419 2 2419 
2420 2419 7 
1 2 1 9
2421 7 2420 
2422 2420 2421 
2423 2421 2422 
2424 2422 2423 
2425 2423 2424 
2426 2424 2425 
2427 2425 2426 
2428 2426 2427 
2429 2427 3 
1 3 1 2
2430 3 2428 
2431 2428 9 
1 4 1 2
2432 9 2429 
2433 2429 5 
1 5 1 2
2434 5 2430 
2435 2430 8 
1 6 1 2
2436 8 2431 
2437 2431 4 
1 7 1 2
2438 4 2432 
2439 2432 6 
1 8 1 2
2440 6 2433 
2441 2433 6 
1 9 1 2
2442 6 2434 
2443 2434 1 
1 10 1 2
2444 1 2435 
2445 2435 15 
1 11 1 9
2446 15 2436 
2447 2436 2437 
2448 2437 2438 
2449 2438 2439 
2450 2439 2440 
2451 2440 2441 
2452 2441 2442 
2453 2442 2443 
2454 2443 12 
1 12 1 2
2455 12 2444 
2456 2444 13 
1 13 1 2
2457 13 2445 
2458 2445 16 
1 14 1 2
2459 16 2446 
2460 2446 14 
1 15 1 2
2461 14 2447 
2462 2447 11 
1 16 1 2
2463 11 2448 
2464 2448 10 
1 17 1 2
2465 17 2449 
2466 2449 24 
1 18 1 2
2467 24 2450 
2468 2450 22 
1 19 1 2
2469 22 2451 
2470 2451 25 
1 20 1 9
2471 25 2452 
2472 2452 2453 
2473 2453 2454 
2474 2454 2455 
2475 2455 2456 
2476 2456 2457 
2477 2457 2458 
2478 2458 2459 
2479 2459 23 
1 21 1 2
2480 23 2460 
2481 2460 2 
1 22 1 2
2482 29 2461 
2483 2461 29 
1 23 1 2
2484 29 2462 
2485 2462 29 
1 24 1 2
2486 29 2463 
2487 2463 29 
1 25 1 2
2488 29 2464 
2489 2464 29 
1 26 1 2
2490 29 2465 
2491 2465 29 
1 27 1 2
2492 29 2466 
2493 2466 38 
1 28 1 2
2494 38 2467 
2495 2467 37 
1 29 1 2
2496 37 2468 
2497 2468 39 
1 30 1 2
2498 39 2469 
2499 2469 40 
1 31 1 9
2500 40 2470 
2501 2470 2471 
2502 2471 2472 
2503 2472 2473 
2504 2473 2474 
2505 2474 2475 
2506 2475 2476 
2507 2476 2477 
2508 2477 36 
1 32 1 9
2509 36 2478 
2510 2478 2479 
2511 2479 2480 
2512 2480 2481 
2513 2481 2482 
2514 2482 2483 
2515 2483 2484 
2516 2484 2485 
2517 2485 3 
1 33 1 2
2518 43 2486 
2519 2486 43 
1 34 1 2
2520 43 2487 
2521 2487 43 
1 35 1 2
2522 43 2488 
2523 2488 43 
1 36 1 2
2524 43 2489 
2525 2489 44 
1 37 1 2
2526 44 2490 
2527 2490 4 
1 38 1 2
2528 27 2491 
2529 2491 27 
1 39 1 2
2530 27 2492 
2531 2492 27 
1 40 1 2
2532 27 2493 
2533 2493 53 
1 41 1 2
2534 53 2494 
2535 2494 5 
1 42 1 2
2536 26 2495 
2537 2495 26 
1 43 1 2
2538 26 2496 
2539 2496 26 
1 44 1 2
2540 26 2497 
2541 2497 59 
1 45 1 2
2542 59 2498 
2543 2498 60 
1 46 1 2
2544 60 2499 
2545 2499 46 
1 47 1 9
2546 46 2500 
2547 2500 2501 
2548 2501 2502 
2549 2502 2503 
2550 2503 2504 
2551 2504 2505 
2552 2505 2506 
2553 2506 2507 
2554 2507 58 
1 48 1 2
2555 58 2508 
2556 2508 61 
1 49 1 2
2557 61 2509 
2558 2509 6 
1 50 1 2
2559 29 2510 
2560 2510 38 
1 51 1 2
2561 38 2511 
2562 2511 37 
1 52 1 2
2563 37 2512 
2564 2512 39 
1 53 1 2
2565 39 2513 
2566 2513 62 
1 54 1 9
2567 62 2514 
2568 2514 2515 
2569 2515 2516 
2570 2516 2517 
2571 2517 2518 
2572 2518 2519 
2573 2519 2520 
2574 2520 2521 
2575 2521 51 
1 55 1 9
2576 51 2522 
2577 2522 2523 
2578 2523 2524 
2579 2524 2525 
2580 2525 2526 
2581 2526 2527 
2582 2527 2528 
2583 2528 2529 
2584 2529 7 
1 56 1 2
2585 43 2530 
2586 2530 43 
1 57 1 2
2587 43 2531 
2588 2531 43 
1 58 1 2
2589 43 2532 
2590 2532 44 
1 59 1 2
2591 44 2533 
2592 2533 8 
1 60 1 2
2593 27 2534 
2594 2534 27 
1 61 1 2
2595 27 2535 
2596 2535 27 
1 62 1 2
2597 27 2536 
2598 2536 27 
1 63 1 2
2599 27 2537 
2600 2537 53 
1 64 1 2
2601 53 2538 
2602 2538 9 
1 65 1 2
2603 26 2539 
2604 2539 26 
1 66 1 2
2605 26 2540 
2606 2540 59 
1 67 1 2
2607 59 2541 
2608 2541 60 
1 68 1 2
2609 60 2542 
2610 2542 46 
1 69 1 2
2611 46 2543 
2612 2543 58 
1 70 1 2
2613 58 2544 
2614 2544 61 
1 71 1 2
2615 61 2545 
2616 2545 6 
1 72 1 2
2617 10 2546 
2618 2546 19 
1 73 1 2
2619 19 2547 
2620 2547 21 
1 74 1 2
2621 21 2548 
2622 2548 18 
1 75 1 2
2623 18 2549 
2624 2549 20 
1 76 1 2
2625 20 2550 
2626 2550 17 
1 77 1 2
2627 29 2551 
2628 2551 29 
1 78 1 2
2629 29 2552 
2630 2552 29 
1 79 1 2
2631 29 2553 
2632 2553 33 
1 80 1 2
2633 33 2554 
2634 2554 31 
1 81 1 2
2635 31 2555 
2636 2555 32 
1 82 1 2
2637 32 2556 
2638 2556 30 
1 83 1 2
2639 30 2557 
2640 2557 34 
1 84 1 2
2641 34 2558 
2642 2558 11 
1 85 1 2
2643 45 2559 
2644 2559 47 
1 86 1 2
2645 47 2560 
2646 2560 46 
1 87 1 2
2647 46 2561 
2648 2561 46 
1 88 1 9
2649 46 2562 
2650 2562 2563 
2651 2563 2564 
2652 2564 2565 
2653 2565 2566 
2654 2566 2567 
2655 2567 2568 
2656 2568 2569 
2657 2569 12 
1 89 1 2
2658 54 2570 
2659 2570 55 
1 90 1 2
2660 55 2571 
2661 2571 13 
1 91 1 2
2662 26 2572 
2663 2572 54 
1 92 1 2
2664 29 2573 
2665 2573 29 
1 93 1 2
2666 29 2574 
2667 2574 29 
1 94 1 2
2668 29 2575 
2669 2575 33 
1 95 1 2
2670 33 2576 
2671 2576 31 
1 96 1 2
2672 31 2577 
2673 2577 32 
1 97 1 2
2674 32 2578 
2675 2578 30 
1 98 1 2
2676 30 2579 
2677 2579 34 
1 99 1 2
2678 34 2580 
2679 2580 14 
1 100 1 2
2680 43 2581 
2681 2581 43 
1 101 1 2
2682 43 2582 
2683 2582 43 
1 102 1 2
2684 43 2583 
2685 2583 45 
1 103 1 2
2686 45 2584 
2687 2584 47 
1 104 1 2
2688 47 2585 
2689 2585 58 
1 105 1 2
2690 58 2586 
2691 2586 58 
1 106 1 9
2692 58 2587 
2693 2587 2588 
2694 2588 2589 
2695 2589 2590 
2696 2590 2591 
2697 2591 2592 
2698 2592 2593 
2699 2593 2594 
2700 2594 15 
1 107 1 2
2701 26 2595 
2702 2595 54 
1 108 1 2
2703 54 2596 
2704 2596 55 
1 109 1 2
2705 55 2597 
2706 2597 16 
1 110 1 2
2707 29 2598 
2708 2598 29 
1 111 1 2
2709 29 2599 
2710 2599 29 
1 112 1 2
2711 29 2600 
2712 2600 18 
1 113 1 9
2713 26 2601 
2714 2601 2602 
2715 2602 2603 
2716 2603 2604 
2717 2604 2605 
2718 2605 2606 
2719 2606 2607 
2720 2607 2608 
2721 2608 30 
1 114 1 2
2722 30 2609 
2723 2609 30 
1 115 1 9
2724 30 2610 
2725 2610 2611 
2726 2611 2612 
2727 2612 2613 
2728 2613 2614 
2729 2614 2615 
2730 2615 2616 
2731 2616 2617 
2732 2617 57 
1 116 1 2
2733 57 2618 
2734 2618 56 
1 117 1 2
2735 56 2619 
2736 2619 19 
1 118 1 2
2737 29 2620 
2738 2620 29 
1 119 1 2
2739 29 2621 
2740 2621 29 
1 120 1 2
2741 29 2622 
2742 2622 29 
1 121 1 2
2743 29 2623 
2744 2623 29 
1 122 1 2
2745 29 2624 
2746 2624 20 
1 123 1 9
2747 26 2625 
2748 2625 2626 
2749 2626 2627 
2750 2627 2628 
2751 2628 2629 
2752 2629 2630 
2753 2630 2631 
2754 2631 2632 
2755 2632 34 
1 124 1 2
2756 34 2633 
2757 2633 34 
1 125 1 9
2758 34 2634 
2759 2634 2635 
2760 2635 2636 
2761 2636 2637 
2762 2637 2638 
2763 2638 2639 
2764 2639 2640 
2765 2640 2641 
2766 2641 57 
1 126 1 2
2767 57 2642 
2768 2642 56 
1 127 1 2
2769 56 2643 
2770 2643 21 
1 128 1 2
2771 29 2644 
2772 2644 29 
1 129 1 2
2773 29 2645 
2774 2645 29 
1 130 1 2
2775 29 2646 
2776 2646 29 
1 131 1 2
2777 29 2647 
2778 2647 29 
1 132 1 2
2779 29 2648 
2780 2648 35 
1 133 1 2
2781 35 2649 
2782 2649 22 
1 134 1 2
2783 27 2650 
2784 2650 27 
1 135 1 2
2785 27 2651 
2786 2651 27 
1 136 1 2
2787 27 2652 
2788 2652 52 
1 137 1 2
2789 52 2653 
2790 2653 51 
1 138 1 9
2791 51 2654 
2792 2654 2655 
2793 2655 2656 
2794 2656 2657 
2795 2657 2658 
2796 2658 2659 
2797 2659 2660 
2798 2660 2661 
2799 2661 36 
1 139 1 9
2800 36 2662 
2801 2662 2663 
2802 2663 2664 
2803 2664 2665 
2804 2665 2666 
2805 2666 2667 
2806 2667 2668 
2807 2668 2669 
2808 2669 23 
1 140 1 2
2809 29 2670 
2810 2670 29 
1 141 1 2
2811 29 2671 
2812 2671 29 
1 142 1 2
2813 29 2672 
2814 2672 29 
1 143 1 2
2815 29 2673 
2816 2673 29 
1 144 1 2
2817 29 2674 
2818 2674 35 
1 145 1 2
2819 35 2675 
2820 2675 24 
1 146 1 2
2821 27 2676 
2822 2676 27 
1 147 1 2
2823 27 2677 
2824 2677 27 
1 148 1 2
2825 27 2678 
2826 2678 27 
1 149 1 2
2827 27 2679 
2828 2679 27 
1 150 1 2
2829 27 2680 
2830 2680 52 
1 151 1 2
2831 52 2681 
2832 2681 62 
1 152 1 9
2833 62 2682 
2834 2682 2683 
2835 2683 2684 
2836 2684 2685 
2837 2685 2686 
2838 2686 2687 
2839 2687 2688 
2840 2688 2689 
2841 2689 40 
1 153 1 9
2842 40 2690 
2843 2690 2691 
2844 2691 2692 
2845 2692 2693 
2846 2693 2694 
2847 2694 2695 
2848 2695 2696 
2849 2696 2697 
2850 2697 25 
1 154 1 2
2851 27 2698 
2852 2698 27 
1 155 1 3
2853 27 2699 
2854 2699 2700 
2855 2700 26 
1 156 1 2
2856 26 2701 
2857 2701 26 
1 157 1 2
2858 26 2702 
2859 2702 26 
1 158 1 2
2860 28 2703 
2861 2703 28 
1 159 1 3
2862 28 2704 
2863 2704 2705 
2864 2705 26 
1 160 1 2
2865 26 2706 
2866 2706 26 
1 161 1 2
2867 26 2707 
2868 2707 26 
1 162 1 2
2869 27 2708 
2870 2708 28 
1 163 1 2
2871 43 2709 
2872 2709 43 
1 164 1 2
2873 43 2710 
2874 2710 43 
1 165 1 2
2875 43 2711 
2876 2711 43 
1 166 1 2
2877 43 2712 
2878 2712 48 
1 167 1 2
2879 48 2713 
2880 2713 50 
1 168 1 2
2881 50 2714 
2882 2714 49 
1 169 1 2
2883 49 2715 
2884 2715 28 
1 170 1 2
2885 43 2716 
2886 2716 43 
1 171 1 2
2887 43 2717 
2888 2717 43 
1 172 1 2
2889 43 2718 
2890 2718 43 
1 173 1 2
2891 43 2719 
2892 2719 48 
1 174 1 2
2893 48 2720 
2894 2720 50 
1 175 1 2
2895 50 2721 
2896 2721 49 
1 176 1 2
2897 49 2722 
2898 2722 28 
1 177 1 2
2899 29 2723 
2900 2723 29 
1 178 1 2
2901 29 2724 
2902 2724 29 
1 179 1 2
2903 29 2725 
2904 2725 41 
1 180 1 2
2905 41 2726 
2906 2726 42 
1 181 1 2
2907 29 2727 
2908 2727 29 
1 182 1 2
2909 29 2728 
2910 2728 29 
1 183 1 2
2911 29 2729 
2912 2729 29 
1 184 1 2
2913 29 2730 
2914 2730 41 
1 185 1 2
2915 41 2731 
2916 2731 42 
1 186 1 2
2917 27 2732 
2918 2732 27 
1 187 1 2
2919 27 2733 
2920 2733 27 
1 188 1 2
2921 27 2734 
2922 2734 48 
1 189 1 2
2923 48 2735 
2924 2735 48 
1 190 1 2
2925 48 2736 
2926 2736 45 
1 191 1 2
2927 45 2737 
2928 2737 45 
1 192 1 2
2929 45 2738 
2930 2738 43 
1 193 1 2
2931 27 2739 
2932 2739 27 
2 1 3 81
2933 7 2420 2740 2529 
2934 2529 2740 2741 2528 
2935 2528 2741 2742 2527 
2936 2527 2742 2743 2526 
2937 2526 2743 2744 2525 
2938 2525 2744 2745 2524 
2939 2524 2745 2746 2523 
2940 2523 2746 2747 2522 
2941 2522 2747 2654 51 
2942 2420 2421 2748 2740 
2943 2740 2748 2749 2741 
2944 2741 2749 2750 2742 
2945 2742 2750 2751 2743 
2946 2743 2751 2752 2744 
2947 2744 2752 2753 2745 
2948 2745 2753 2754 2746 
2949 2746 2754 2755 2747 
2950 2747 2755 2655 2654 
2951 2421 2422 2756 2748 
2952 2748 2756 2757 2749 
2953 2749 2757 2758 2750 
2954 2750 2758 2759 2751 
2955 2751 2759 2760 2752 
2956 2752 2760 2761 2753 
2957 2753 2761 2762 2754 
2958 2754 2762 2763 2755 
2959 2755 2763 2656 2655 
2960 2422 2423 2764 2756 
2961 2756 2764 2765 2757 
2962 2757 2765 2766 2758 
2963 2758 2766 2767 2759 
2964 2759 2767 2768 2760 
2965 2760 2768 2769 2761 
2966 2761 2769 2770 2762 
2967 2762 2770 2771 2763 
2968 2763 2771 2657 2656 
2969 2423 2424 2772 2764 
2970 2764 2772 2773 2765 
2971 2765 2773 2774 2766 
2972 2766 2774 2775 2767 
2973 2767 2775 2776 2768 
2974 2768 2776 2777 2769 
2975 2769 2777 2778 2770 
2976 2770 2778 2779 2771 
2977 2771 2779 2658 2657 
2978 2424 2425 2780 2772 
2979 2772 2780 2781 2773 
2980 2773 2781 2782 2774 
2981 2774 2782 2783 2775 
2982 2775 2783 2784 2776 
2983 2776 2784 2785 2777 
2984 2777 2785 2786 2778 
2985 2778 2786 2787 2779 
2986 2779 2787 2659 2658 
2987 2425 2426 2788 2780 
2988 2780 2788 2789 2781 
2989 2781 2789 2790 2782 
2990 2782 2790 2791 2783 
2991 2783 2791 2792 2784 
2992 2784 2792 2793 2785 
2993 2785 2793 2794 2786 
2994 2786 2794 2795 2787 
2995 2787 2795 2660 2659 
2996 2426 2427 2796 2788 
2997 2788 2796 2797 2789 
2998 2789 2797 2798 2790 
2999 2790 2798 2799 2791 
3000 2791 2799 2800 2792 
3001 2792 2800 2801 2793 
3002 2793 2801 2802 2794 
3003 2794 2802 2803 2795 
3004 2795 2803 2661 2660 
3005 2427 3 2485 2796 
3006 2796 2485 2484 2797 
3007 2797 2484 2483 2798 
3008 2798 2483 2482 2799 
3009 2799 2482 2481 2800 
3010 2800 2481 2480 2801 
3011 2801 2480 2479 2802 
3012 2802 2479 2478 2803 
3013 2803 2478 36 2661 
2 2 3 81
3014 25 2697 2804 2452 
3015 2697 2696 2805 2804 
3016 2696 2695 2806 2805 
3017 2695 2694 2807 2806 
3018 2694 2693 2808 2807 
3019 2693 2692 2809 2808 
3020 2692 2691 2810 2809 
3021 2691 2690 2811 2810 
3022 2690 40 2470 2811 
3023 2452 2804 2812 2453 
3024 2804 2805 2813 2812 
3025 2805 2806 2814 2813 
3026 2806 2807 2815 2814 
3027 2807 2808 2816 2815 
3028 2808 2809 2817 2816 
3029 2809 2810 2818 2817 
3030 2810 2811 2819 2818 
3031 2811 2470 2471 2819 
3032 2453 2812 2820 2454 
3033 2812 2813 2821 2820 
3034 2813 2814 2822 2821 
3035 2814 2815 2823 2822 
3036 2815 2816 2824 2823 
3037 2816 2817 2825 2824 
3038 2817 2818 2826 2825 
3039 2818 2819 2827 2826 
3040 2819 2471 2472 2827 
3041 2454 2820 2828 2455 
3042 2820 2821 2829 2828 
3043 2821 2822 2830 2829 
3044 2822 2823 2831 2830 
3045 2823 2824 2832 2831 
3046 2824 2825 2833 2832 
3047 2825 2826 2834 2833 
3048 2826 2827 2835 2834 
3049 2827 2472 2473 2835 
3050 2455 2828 2836 2456 
3051 2828 2829 2837 2836 
3052 2829 2830 2838 2837 
3053 2830 2831 2839 2838 
3054 2831 2832 2840 2839 
3055 2832 2833 2841 2840 
3056 2833 2834 2842 2841 
3057 2834 2835 2843 2842 
3058 2835 2473 2474 2843 
3059 2456 2836 2844 2457 
3060 2836 2837 2845 2844 
3061 2837 2838 2846 2845 
3062 2838 2839 2847 2846 
3063 2839 2840 2848 2847 
3064 2840 2841 2849 2848 
3065 2841 2842 2850 2849 
3066 2842 2843 2851 2850 
3067 2843 2474 2475 2851 
3068 2457 2844 2852 2458 
3069 2844 2845 2853 2852 
3070 2845 2846 2854 2853 
3071 2846 2847 2855 2854 
3072 2847 2848 2856 2855 
3073 2848 2849 2857 2856 
3074 2849 2850 2858 2857 
3075 2850 2851 2859 2858 
3076 2851 2475 2476 2859 
3077 2458 2852 2860 2459 
3078 2852 2853 2861 2860 
3079 2853 2854 2862 2861 
3080 2854 2855 2863 2862 
3081 2855 2856 2864 2863 
3082 2856 2857 2865 2864 
3083 2857 2858 2866 2865 
3084 2858 2859 2867 2866 
3085 2859 2476 2477 2867 
3086 2459 2860 2669 23 
3087 2860 2861 2668 2669 
3088 2861 2862 2667 2668 
3089 2862 2863 2666 2667 
3090 2863 2864 2665 2666 
3091 2864 2865 2664 2665 
3092 2865 2866 2663 2664 
3093 2866 2867 2662 2663 
3094 2867 2477 36 2662 
2 3 3 81
3095 51 2654 2868 2521 
3096 2521 2868 2869 2520 
3097 2520 2869 2870 2519 
3098 2519 2870 2871 2518 
3099 2518 2871 2872 2517 
3100 2517 2872 2873 2516 
3101 2516 2873 2874 2515 
3102 2515 2874 2875 2514 
3103 2514 2875 2682 62 
3104 2654 2655 2876 2868 
3105 2868 2876 2877 2869 
3106 2869 2877 2878 2870 
3107 2870 2878 2879 2871 
3108 2871 2879 2880 2872 
3109 2872 2880 2881 2873 
3110 2873 2881 2882 2874 
3111 2874 2882 2883 2875 
3112 2875 2883 2683 2682 
3113 2655 2656 2884 2876 
3114 2876 2884 2885 2877 
3115 2877 2885 2886 2878 
3116 2878 2886 2887 2879 
3117 2879 2887 2888 2880 
3118 2880 2888 2889 2881 
3119 2881 2889 2890 2882 
3120 2882 2890 2891 2883 
3121 2883 2891 2684 2683 
3122 2656 2657 2892 2884 
3123 2884 2892 2893 2885 
3124 2885 2893 2894 2886 
3125 2886 2894 2895 2887 
3126 2887 2895 2896 2888 
3127 2888 2896 2897 2889 
3128 2889 2897 2898 2890 
3129 2890 2898 2899 2891 
3130 2891 2899 2685 2684 
3131 2657 2658 2900 2892 
3132 2892 2900 2901 2893 
3133 2893 2901 2902 2894 
3134 2894 2902 2903 2895 
3135 2895 2903 2904 2896 
3136 2896 2904 2905 2897 
3137 2897 2905 2906 2898 
3138 2898 2906 2907 2899 
3139 2899 2907 2686 2685 
3140 2658 2659 2908 2900 
3141 2900 2908 2909 2901 
3142 2901 2909 2910 2902 
3143 2902 2910 2911 2903 
3144 2903 2911 2912 2904 
3145 2904 2912 2913 2905 
3146 2905 2913 2914 2906 
3147 2906 2914 2915 2907 
3148 2907 2915 2687 2686 
3149 2659 2660 2916 2908 
3150 2908 2916 2917 2909 
3151 2909 2917 2918 2910 
3152 2910 2918 2919 2911 
3153 2911 2919 2920 2912 
3154 2912 2920 2921 2913 
3155 2913 2921 2922 2914 
3156 2914 2922 2923 2915 
3157 2915 2923 2688 2687 
3158 2660 2661 2924 2916 
3159 2916 2924 2925 2917 
3160 2917 2925 2926 2918 
3161 2918 2926 2927 2919 
3162 2919 2927 2928 2920 
3163 2920 2928 2929 2921 
3164 2921 2929 2930 2922 
3165 2922 2930 2931 2923 
3166 2923 2931 2689 2688 
3167 2661 36 2477 2924 
3168 2924 2477 2476 2925 
3169 2925 2476 2475 2926 
3170 2926 2475 2474 2927 
3171 2927 2474 2473 2928 
3172 2928 2473 2472 2929 
3173 2929 2472 2471 2930 
3174 2930 2471 2470 2931 
3175 2931 2470 40 2689 
2 4 3 81
3176 15 2436 2932 2594 
3177 2594 2932 2933 2593 
3178 2593 2933 2934 2592 
3179 2592 2934 2935 2591 
3180 2591 2935 2936 2590 
3181 2590 2936 2937 2589 
3182 2589 2937 2938 2588 
3183 2588 2938 2939 2587 
3184 2587 2939 2507 58 
3185 2436 2437 2940 2932 
3186 2932 2940 2941 2933 
3187 2933 2941 2942 2934 
3188 2934 2942 2943 2935 
3189 2935 2943 2944 2936 
3190 2936 2944 2945 2937 
3191 2937 2945 2946 2938 
3192 2938 2946 2947 2939 
3193 2939 2947 2506 2507 
3194 2437 2438 2948 2940 
3195 2940 2948 2949 2941 
3196 2941 2949 2950 2942 
3197 2942 2950 2951 2943 
3198 2943 2951 2952 2944 
3199 2944 2952 2953 2945 
3200 2945 2953 2954 2946 
3201 2946 2954 2955 2947 
3202 2947 2955 2505 2506 
3203 2438 2439 2956 2948 
3204 2948 2956 2957 2949 
3205 2949 2957 2958 2950 
3206 2950 2958 2959 2951 
3207 2951 2959 2960 2952 
3208 2952 2960 2961 2953 
3209 2953 2961 2962 2954 
3210 2954 2962 2963 2955 
3211 2955 2963 2504 2505 
3212 2439 2440 2964 2956 
3213 2956 2964 2965 2957 
3214 2957 2965 2966 2958 
3215 2958 2966 2967 2959 
3216 2959 2967 2968 2960 
3217 2960 2968 2969 2961 
3218 2961 2969 2970 2962 
3219 2962 2970 2971 2963 
3220 2963 2971 2503 2504 
3221 2440 2441 2972 2964 
3222 2964 2972 2973 2965 
3223 2965 2973 2974 2966 
3224 2966 2974 2975 2967 
3225 2967 2975 2976 2968 
3226 2968 2976 2977 2969 
3227 2969 2977 2978 2970 
3228 2970 2978 2979 2971 
3229 2971 2979 2502 2503 
3230 2441 2442 2980 2972 
3231 2972 2980 2981 2973 
3232 2973 2981 2982 2974 
3233 2974 2982 2983 2975 
3234 2975 2983 2984 2976 
3235 2976 2984 2985 2977 
3236 2977 2985 2986 2978 
3237 2978 2986 2987 2979 
3238 2979 2987 2501 2502 
3239 2442 2443 2988 2980 
3240 2980 2988 2989 2981 
3241 2981 2989 2990 2982 
3242 2982 2990 2991 2983 
3243 2983 2991 2992 2984 
3244 2984 2992 2993 2985 
3245 2985 2993 2994 2986 
3246 2986 2994 2995 2987 
3247 2987 2995 2500 2501 
3248 2443 12 2569 2988 
3249 2988 2569 2568 2989 
3250 2989 2568 2567 2990 
3251 2990 2567 2566 2991 
3252 2991 2566 2565 2992 
3253 2992 2565 2564 2993 
3254 2993 2564 2563 2994 
3255 2994 2563 2562 2995 
3256 2995 2562 46 2500 
2 5 3 81
3257 26 2601 2996 2625 
3258 2625 2996 2997 2626 
3259 2626 2997 2998 2627 
3260 2627 2998 2999 2628 
3261 2628 2999 3000 2629 
3262 2629 3000 3001 2630 
3263 2630 3001 3002 2631 
3264 2631 3002 3003 2632 
3265 2632 3003 2634 34 
3266 2601 2602 3004 2996 
3267 2996 3004 3005 2997 
3268 2997 3005 3006 2998 
3269 2998 3006 3007 2999 
3270 2999 3007 3008 3000 
3271 3000 3008 3009 3001 
3272 3001 3009 3010 3002 
3273 3002 3010 3011 3003 
3274 3003 3011 2635 2634 
3275 2602 2603 3012 3004 
3276 3004 3012 3013 3005 
3277 3005 3013 3014 3006 
3278 3006 3014 3015 3007 
3279 3007 3015 3016 3008 
3280 3008 3016 3017 3009 
3281 3009 3017 3018 3010 
3282 3010 3018 3019 3011 
3283 3011 3019 2636 2635 
3284 2603 2604 3020 3012 
3285 3012 3020 3021 3013 
3286 3013 3021 3022 3014 
3287 3014 3022 3023 3015 
3288 3015 3023 3024 3016 
3289 3016 3024 3025 3017 
3290 3017 3025 3026 3018 
3291 3018 3026 3027 3019 
3292 3019 3027 2637 2636 
3293 2604 2605 3028 3020 
3294 3020 3028 3029 3021 
3295 3021 3029 3030 3022 
3296 3022 3030 3031 3023 
3297 3023 3031 3032 3024 
3298 3024 3032 3033 3025 
3299 3025 3033 3034 3026 
3300 3026 3034 3035 3027 
3301 3027 3035 2638 2637 
3302 2605 2606 3036 3028 
3303 3028 3036 3037 3029 
3304 3029 3037 3038 3030 
3305 3030 3038 3039 3031 
3306 3031 3039 3040 3032 
3307 3032 3040 3041 3033 
3308 3033 3041 3042 3034 
3309 3034 3042 3043 3035 
3310 3035 3043 2639 2638 
3311 2606 2607 3044 3036 
3312 3036 3044 3045 3037 
3313 3037 3045 3046 3038 
3314 3038 3046 3047 3039 
3315 3039 3047 3048 3040 
3316 3040 3048 3049 3041 
3317 3041 3049 3050 3042 
3318 3042 3050 3051 3043 
3319 3043 3051 2640 2639 
3320 2607 2608 3052 3044 
3321 3044 3052 3053 3045 
3322 3045 3053 3054 3046 
3323 3046 3054 3055 3047 
3324 3047 3055 3056 3048 
3325 3048 3056 3057 3049 
3326 3049 3057 3058 3050 
3327 3050 3058 3059 3051 
3328 3051 3059 2641 2640 
3329 2608 30 2610 3052 
3330 3052 2610 2611 3053 
3331 3053 2611 2612 3054 
3332 3054 2612 2613 3055 
3333 3055 2613 2614 3056 
3334 3056 2614 2615 3057 
3335 3057 2615 2616 3058 
3336 3058 2616 2617 3059 
3337 3059 2617 57 2641 
$EndElements
